g Body
v -0.00435363874 -0.0524723232 0.0131699452
v -0.00471805688 -0.0525431521 0.0113361347
v -0.00442760997 -0.0525431521 0.0131699452
v -0.00464770617 -0.0524723232 0.0113132764
v -0.00556096714 -0.0525431521 0.00968183018
v -0.00550112221 -0.0524723232 0.00963835139
v -0.00687383022 -0.0525431521 0.00836896617
v -0.00683035143 -0.0524723232 0.00830912217
v -0.00852813479 -0.0525431521 0.00752605591
v -0.0085052764 -0.0524723232 0.00745570473
v -0.0103619453 -0.0525431521 0.00723560899
v -0.0103619462 -0.0524723232 0.0071616373
v -0.0121957557 -0.0525431521 0.00752605591
v -0.012218616 -0.0524723232 0.00745570473
v -0.0138500603 -0.0525431521 0.00836896617
v -0.0138935409 -0.0524723232 0.00830912217
v -0.0151629252 -0.0525431521 0.00968182925
v -0.0152227683 -0.0524723232 0.00963834953
v -0.0160058346 -0.0525431521 0.0113361347
v -0.0160761867 -0.0524723232 0.0113132764
v -0.0162962824 -0.0525431521 0.0131699452
v -0.0163702536 -0.0524723232 0.0131699452
v -0.00687383115 -0.0518875346 0.00836896617
v -0.00852813479 -0.0518875346 0.00752605638
v -0.0103619453 -0.0518875346 0.00723560899
v -0.0121957557 -0.0518875346 0.00752605591
v -0.0138500612 -0.0518875346 0.00836896617
v -0.0151629252 -0.0518875346 0.00968183018
v -0.0160058346 -0.0518875346 0.0113361347
v -0.00556096761 -0.0518875346 0.00968183018
v -0.0162962824 -0.0518875346 0.0131699461
v -0.0160761885 -0.0524723232 0.0150266159
v -0.00471805781 -0.0518875346 0.0113361347
v -0.0160058346 -0.0518875346 0.0150037576
v -0.0152227692 -0.0524723232 0.01670154
v -0.00442761136 -0.0518875346 0.0131699452
v -0.0151629252 -0.0518875346 0.0166580621
v -0.0138935409 -0.0524723232 0.0180307701
v -0.00471805781 -0.0518875346 0.0150037548
v -0.00464770617 -0.0524723232 0.0150266141
v -0.0138500612 -0.0518875346 0.0179709252
v -0.0122186141 -0.0524723232 0.0188841857
v -0.00556096761 -0.0518875346 0.0166580584
v -0.00550112361 -0.0524723232 0.01670154
v -0.0121957557 -0.0518875346 0.0188138355
v -0.0103619453 -0.0524723232 0.0191782527
v -0.00687383115 -0.0518875346 0.0179709233
v -0.00683035143 -0.0524723232 0.0180307664
v -0.0103619453 -0.0518875346 0.0191042796
v -0.0085052764 -0.0524723232 0.0188841838
v -0.00852813479 -0.0518875346 0.0188138317
v -0.0149848647 -0.0517130159 0.0165286921
v -0.0137206931 -0.0517130159 0.0177928638
v -0.012127744 -0.0517130159 0.0186045114
v -0.0103619453 -0.0517130159 0.0188841876
v -0.00859614834 -0.0517130159 0.0186045095
v -0.00700319977 -0.0517130159 0.0177928619
v -0.0157965124 -0.0517130159 0.0149357421
v -0.00573902903 -0.0517130159 0.0165286902
v -0.0160761885 -0.0517130159 0.0131699452
v -0.00492738094 -0.0517130159 0.0149357421
v -0.0157965124 -0.0517130159 0.0114041464
v -0.00464770617 -0.0517130159 0.0131699452
v -0.0149848629 -0.0517130159 0.00981119834
v -0.00492738048 -0.0517130159 0.0114041483
v -0.0137206912 -0.0517130159 0.00854702666
v -0.0057390281 -0.0517130159 0.00981119927
v -0.0121277422 -0.0517130159 0.00773537904
v -0.00700319884 -0.0517130159 0.00854702853
v -0.0103619453 -0.0517130159 0.00745570473
v -0.00859614741 -0.0517130159 0.00773537997
v -0.0135086197 -0.0515472069 0.00883891899
v -0.0120162498 -0.0515472069 0.00807851925
v -0.0103619453 -0.0515472069 0.00781650376
v -0.00870764162 -0.0515472069 0.00807852019
v -0.00721527217 -0.0515472069 0.00883892085
v -0.00603092043 -0.0515472069 0.0100232717
v -0.0146929715 -0.0515472069 0.0100232707
v -0.00527052116 -0.0515472069 0.0115156407
v -0.0154533712 -0.0515472069 0.0115156407
v -0.00500850473 -0.0515472069 0.0131699452
v -0.0157153886 -0.0515472069 0.0131699452
v -0.00527052116 -0.0515472069 0.0148242498
v -0.0154533712 -0.0515472069 0.0148242507
v -0.00603092136 -0.0515472069 0.0163166188
v -0.0146929715 -0.0515472069 0.0163166206
v -0.00721527217 -0.0515472069 0.0175009686
v -0.0135086197 -0.0515472069 0.0175009705
v -0.00870764162 -0.0515472069 0.0182613693
v -0.0120162508 -0.0515472069 0.0182613712
v -0.0103619453 -0.0515472069 0.0185233876
v -0.0149848638 -0.0513941795 0.0146720223
v -0.0142944343 -0.0513941795 0.0160270669
v -0.0132190669 -0.0513941795 0.0171024352
v -0.0118640233 -0.0513941795 0.0177928638
v -0.0103619453 -0.0513941795 0.0180307664
v -0.00885986909 -0.0513941795 0.0177928619
v -0.0152227692 -0.0513941795 0.0131699461
v -0.00750482595 -0.0513941795 0.0171024334
v -0.0149848638 -0.0513941795 0.0116678691
v -0.00642945757 -0.0513941795 0.0160270631
v -0.0142944343 -0.0513941795 0.0103128254
v -0.0057390281 -0.0513941795 0.0146720214
v -0.013219065 -0.0513941795 0.00923745614
v -0.00550112361 -0.0513941795 0.0131699452
v -0.0118640233 -0.0513941795 0.0085470276
v -0.0057390281 -0.0513941795 0.0116678691
v -0.0103619453 -0.0513941795 0.00830912217
v -0.00642945757 -0.0513941795 0.0103128254
v -0.00885986909 -0.0513941795 0.00854702853
v -0.00750482548 -0.0513941795 0.00923745707
v -0.0116748093 -0.0512577035 0.00912936777
v -0.0103619453 -0.0512577035 0.00892143138
v -0.00904908311 -0.0512577035 0.00912936777
v -0.0078647323 -0.0512577035 0.00973282475
v -0.00692482572 -0.0512577035 0.0106727313
v -0.00632136874 -0.0512577035 0.0118570821
v -0.012859161 -0.0512577035 0.00973282475
v -0.00611343142 -0.0512577035 0.0131699452
v -0.0137990667 -0.0512577035 0.0106727313
v -0.00632136874 -0.0512577035 0.0144828074
v -0.0144025236 -0.0512577035 0.0118570821
v -0.00692482572 -0.0512577035 0.0156671591
v -0.014610461 -0.0512577035 0.0131699452
v -0.00786473136 -0.0512577035 0.0166070648
v -0.0144025236 -0.0512577035 0.0144828092
v -0.00904908217 -0.0512577035 0.0172105208
v -0.0137990667 -0.0512577035 0.015667161
v -0.0103619453 -0.0512577035 0.0174184591
v -0.012859161 -0.0512577035 0.0166070666
v -0.0116748093 -0.0512577035 0.0172105245
v -0.01389354 -0.0511411428 0.0131699452
v -0.0137206912 -0.0511411428 0.0142612681
v -0.013219065 -0.0511411428 0.0152457654
v -0.0124377655 -0.0511411428 0.0160270669
v -0.0114532681 -0.0511411428 0.0165286921
v -0.0103619453 -0.0511411428 0.0167015381
v -0.0137206912 -0.0511411428 0.0120786224
v -0.00927062333 -0.0511411428 0.0165286902
v -0.013219065 -0.0511411428 0.0110941269
v -0.00828612689 -0.0511411428 0.0160270631
v -0.0124377646 -0.0511411428 0.0103128254
v -0.00750482641 -0.0511411428 0.0152457636
v -0.0114532681 -0.0511411428 0.00981119927
v -0.00700320071 -0.0511411428 0.0142612681
v -0.0103619453 -0.0511411428 0.00963835139
v -0.00683035189 -0.0511411428 0.0131699452
v -0.00927062239 -0.0511411428 0.0098112002
v -0.00700319977 -0.0511411428 0.0120786233
v -0.00828612689 -0.0511411428 0.0103128264
v -0.00750482548 -0.0511411428 0.0110941269
v -0.0103619453 -0.0510473661 0.0104422318
v -0.009519035 -0.0510473661 0.010575735
v -0.00875863526 -0.0510473661 0.0109631782
v -0.00815517828 -0.0510473661 0.0115666352
v -0.00776773551 -0.0510473661 0.012327035
v -0.00763423182 -0.0510473661 0.0131699452
v -0.0112048555 -0.0510473661 0.010575735
v -0.00776773551 -0.0510473661 0.0140128545
v -0.0119652553 -0.0510473661 0.0109631782
v -0.00815517921 -0.0510473661 0.0147732552
v -0.0125687122 -0.0510473661 0.0115666352
v -0.00875863526 -0.0510473661 0.0153767122
v -0.0129561555 -0.0510473661 0.012327035
v -0.00951903593 -0.0510473661 0.0157641545
v -0.0130896606 -0.0510473661 0.0131699452
v -0.0103619453 -0.0510473661 0.0158976614
v -0.0129561564 -0.0510473661 0.0140128545
v -0.0112048564 -0.0510473661 0.0157641564
v -0.0125687132 -0.0510473661 0.0147732552
v -0.0119652571 -0.0510473661 0.0153767131
v -0.0121277422 -0.0509786867 0.012596203
v -0.0122186141 -0.0509786867 0.0131699452
v -0.0121277422 -0.0509786867 0.0137436874
v -0.0118640214 -0.0509786867 0.0142612681
v -0.0114532681 -0.0509786867 0.0146720223
v -0.0109356875 -0.0509786867 0.0149357421
v -0.0118640214 -0.0509786867 0.0120786233
v -0.0103619453 -0.0509786867 0.0150266131
v -0.0114532681 -0.0509786867 0.0116678691
v -0.00978820305 -0.0509786867 0.0149357421
v -0.0109356875 -0.0509786867 0.0114041492
v -0.00927062333 -0.0509786867 0.0146720214
v -0.0103619453 -0.0509786867 0.0113132773
v -0.00885986909 -0.0509786867 0.0142612681
v -0.00978820305 -0.0509786867 0.0114041492
v -0.00859614927 -0.0509786867 0.0137436874
v -0.00927062333 -0.0509786867 0.0116678691
v -0.0085052764 -0.0509786867 0.0131699452
v -0.00885986909 -0.0509786867 0.0120786233
v -0.00859614927 -0.0509786867 0.012596203
v -0.0100714993 -0.0509367883 0.0122760413
v -0.00980948284 -0.0509367883 0.0124095445
v -0.00960154552 -0.0509367883 0.0126174828
v -0.00946804136 -0.0509367883 0.0128794992
v -0.0103619453 -0.0509227067 0.0131699452
v -0.0103619453 -0.0509367883 0.0122300396
v -0.00942203961 -0.0509367883 0.0131699452
v -0.00946804136 -0.0509367883 0.0134603931
v -0.0106523931 -0.0509367883 0.0122760413
v -0.00960154552 -0.0509367883 0.0137224086
v -0.0109144086 -0.0509367883 0.0124095445
v -0.00980948284 -0.0509367883 0.0139303459
v -0.0111223459 -0.0509367883 0.0126174828
v -0.0100714983 -0.0509367883 0.0140638491
v -0.0112558492 -0.0509367883 0.0128794992
v -0.0103619453 -0.0509367883 0.0141098509
v -0.0113018518 -0.0509367883 0.0131699452
v -0.0106523931 -0.0509367883 0.0140638491
v -0.0112558492 -0.0509367883 0.0134603931
v -0.0109144086 -0.0509367883 0.0139303459
v -0.0111223459 -0.0509367883 0.0137224086
v -0.00840828009 0.0101494258 0.00350976945
v -0.00840828009 0.0101494258 0.0100362534
v 0.00811804552 0.0101494258 0.0100362534
v 0.00811804552 0.0101494258 0.00350976945
v 0.064388752 -0.0524723232 0.0131699452
v 0.0640243366 -0.0525431521 0.0113361347
v 0.0643147826 -0.0525431521 0.0131699452
v 0.0640946925 -0.0524723232 0.0113132764
v 0.0631814301 -0.0525431521 0.00968183018
v 0.0632412732 -0.0524723232 0.00963835139
v 0.061868567 -0.0525431521 0.00836896617
v 0.0619120449 -0.0524723232 0.00830912217
v 0.0602142625 -0.0525431521 0.00752605591
v 0.0602371208 -0.0524723232 0.00745570473
v 0.0583804511 -0.0525431521 0.00723560899
v 0.0583804511 -0.0524723232 0.0071616373
v 0.0565466397 -0.0525431521 0.00752605591
v 0.0565237813 -0.0524723232 0.00745570473
v 0.0548923351 -0.0525431521 0.00836896617
v 0.0548488572 -0.0524723232 0.00830912217
v 0.053579472 -0.0525431521 0.00968182925
v 0.0535196252 -0.0524723232 0.00963834953
v 0.052736558 -0.0525431521 0.0113361347
v 0.0526662096 -0.0524723232 0.0113132764
v 0.052446112 -0.0525431521 0.0131699452
v 0.0523721389 -0.0524723232 0.0131699452
v 0.061868567 -0.0518875346 0.00836896617
v 0.0602142625 -0.0518875346 0.00752605638
v 0.0583804511 -0.0518875346 0.00723560899
v 0.0565466397 -0.0518875346 0.00752605591
v 0.0548923351 -0.0518875346 0.00836896617
v 0.053579472 -0.0518875346 0.00968183018
v 0.052736558 -0.0518875346 0.0113361347
v 0.0631814301 -0.0518875346 0.00968183018
v 0.052446112 -0.0518875346 0.0131699461
v 0.0526662096 -0.0524723232 0.0150266159
v 0.0640243366 -0.0518875346 0.0113361347
v 0.052736558 -0.0518875346 0.0150037576
v 0.0535196252 -0.0524723232 0.01670154
v 0.0643147826 -0.0518875346 0.0131699452
v 0.053579472 -0.0518875346 0.0166580621
v 0.0548488572 -0.0524723232 0.0180307701
v 0.0640243366 -0.0518875346 0.0150037548
v 0.0640946925 -0.0524723232 0.0150266141
v 0.0548923351 -0.0518875346 0.0179709252
v 0.0565237813 -0.0524723232 0.0188841857
v 0.0631814301 -0.0518875346 0.0166580584
v 0.0632412732 -0.0524723232 0.01670154
v 0.0565466397 -0.0518875346 0.0188138355
v 0.0583804511 -0.0524723232 0.0191782527
v 0.061868567 -0.0518875346 0.0179709233
v 0.0619120449 -0.0524723232 0.0180307664
v 0.0583804511 -0.0518875346 0.0191042796
v 0.0602371208 -0.0524723232 0.0188841838
v 0.0602142625 -0.0518875346 0.0188138317
v 0.0537575334 -0.0517130159 0.0165286921
v 0.0550217032 -0.0517130159 0.0177928638
v 0.0566146523 -0.0517130159 0.0186045114
v 0.0583804511 -0.0517130159 0.0188841876
v 0.0601462461 -0.0517130159 0.0186045095
v 0.0617391951 -0.0517130159 0.0177928619
v 0.0529458858 -0.0517130159 0.0149357421
v 0.0630033687 -0.0517130159 0.0165286902
v 0.0526662096 -0.0517130159 0.0131699452
v 0.0638150126 -0.0517130159 0.0149357421
v 0.0529458858 -0.0517130159 0.0114041464
v 0.0640946925 -0.0517130159 0.0131699452
v 0.0537575334 -0.0517130159 0.00981119834
v 0.0638150126 -0.0517130159 0.0114041483
v 0.0550217032 -0.0517130159 0.00854702666
v 0.0630033687 -0.0517130159 0.00981119927
v 0.0566146523 -0.0517130159 0.00773537904
v 0.0617391951 -0.0517130159 0.00854702853
v 0.0583804511 -0.0517130159 0.00745570473
v 0.0601462498 -0.0517130159 0.00773537997
v 0.0552337728 -0.0515472069 0.00883891899
v 0.0567261428 -0.0515472069 0.00807851925
v 0.0583804511 -0.0515472069 0.00781650376
v 0.0600347556 -0.0515472069 0.00807852019
v 0.0615271218 -0.0515472069 0.00883892085
v 0.0627114773 -0.0515472069 0.0100232717
v 0.0540494248 -0.0515472069 0.0100232707
v 0.0634718761 -0.0515472069 0.0115156407
v 0.0532890223 -0.0515472069 0.0115156407
v 0.0637338907 -0.0515472069 0.0131699452
v 0.0530270077 -0.0515472069 0.0131699452
v 0.0634718761 -0.0515472069 0.0148242498
v 0.0532890223 -0.0515472069 0.0148242507
v 0.0627114773 -0.0515472069 0.0163166188
v 0.0540494248 -0.0515472069 0.0163166206
v 0.0615271218 -0.0515472069 0.0175009686
v 0.0552337728 -0.0515472069 0.0175009705
v 0.0600347556 -0.0515472069 0.0182613693
v 0.0567261428 -0.0515472069 0.0182613712
v 0.0583804511 -0.0515472069 0.0185233876
v 0.0537575334 -0.0513941795 0.0146720223
v 0.0544479601 -0.0513941795 0.0160270669
v 0.0555233285 -0.0513941795 0.0171024352
v 0.056878373 -0.0513941795 0.0177928638
v 0.0583804511 -0.0513941795 0.0180307664
v 0.0598825254 -0.0513941795 0.0177928619
v 0.0535196252 -0.0513941795 0.0131699461
v 0.0612375662 -0.0513941795 0.0171024334
v 0.0537575334 -0.0513941795 0.0116678691
v 0.0623129345 -0.0513941795 0.0160270631
v 0.0544479601 -0.0513941795 0.0103128254
v 0.0630033687 -0.0513941795 0.0146720214
v 0.0555233285 -0.0513941795 0.00923745614
v 0.0632412732 -0.0513941795 0.0131699452
v 0.056878373 -0.0513941795 0.0085470276
v 0.0630033687 -0.0513941795 0.0116678691
v 0.0583804511 -0.0513941795 0.00830912217
v 0.0623129345 -0.0513941795 0.0103128254
v 0.0598825254 -0.0513941795 0.00854702853
v 0.0612375662 -0.0513941795 0.00923745707
v 0.057067588 -0.0512577035 0.00912936777
v 0.0583804511 -0.0512577035 0.00892143138
v 0.0596933104 -0.0512577035 0.00912936777
v 0.0608776659 -0.0512577035 0.00973282475
v 0.0618175678 -0.0512577035 0.0106727313
v 0.0624210238 -0.0512577035 0.0118570821
v 0.0558832362 -0.0512577035 0.00973282475
v 0.0626289621 -0.0512577035 0.0131699452
v 0.0549433269 -0.0512577035 0.0106727313
v 0.0624210238 -0.0512577035 0.0144828074
v 0.0543398708 -0.0512577035 0.0118570821
v 0.0618175678 -0.0512577035 0.0156671591
v 0.0541319363 -0.0512577035 0.0131699452
v 0.0608776659 -0.0512577035 0.0166070648
v 0.0543398708 -0.0512577035 0.0144828092
v 0.0596933104 -0.0512577035 0.0172105208
v 0.0549433269 -0.0512577035 0.015667161
v 0.0583804511 -0.0512577035 0.0174184591
v 0.0558832362 -0.0512577035 0.0166070666
v 0.057067588 -0.0512577035 0.0172105245
v 0.0548488572 -0.0511411428 0.0131699452
v 0.0550217032 -0.0511411428 0.0142612681
v 0.0555233285 -0.0511411428 0.0152457654
v 0.0563046299 -0.0511411428 0.0160270669
v 0.0572891273 -0.0511411428 0.0165286921
v 0.0583804511 -0.0511411428 0.0167015381
v 0.0550217032 -0.0511411428 0.0120786224
v 0.0594717711 -0.0511411428 0.0165286902
v 0.0555233322 -0.0511411428 0.0110941269
v 0.0604562685 -0.0511411428 0.0160270631
v 0.0563046299 -0.0511411428 0.0103128254
v 0.0612375662 -0.0511411428 0.0152457636
v 0.0572891273 -0.0511411428 0.00981119927
v 0.0617391951 -0.0511411428 0.0142612681
v 0.0583804511 -0.0511411428 0.00963835139
v 0.0619120449 -0.0511411428 0.0131699452
v 0.0594717711 -0.0511411428 0.0098112002
v 0.0617391951 -0.0511411428 0.0120786233
v 0.0604562685 -0.0511411428 0.0103128264
v 0.0612375662 -0.0511411428 0.0110941269
v 0.0583804511 -0.0510473661 0.0104422318
v 0.0592233613 -0.0510473661 0.010575735
v 0.0599837638 -0.0510473661 0.0109631782
v 0.0605872199 -0.0510473661 0.0115666352
v 0.0609746575 -0.0510473661 0.012327035
v 0.0611081645 -0.0510473661 0.0131699452
v 0.0575375408 -0.0510473661 0.010575735
v 0.0609746575 -0.0510473661 0.0140128545
v 0.056777142 -0.0510473661 0.0109631782
v 0.0605872199 -0.0510473661 0.0147732552
v 0.0561736822 -0.0510473661 0.0115666352
v 0.0599837564 -0.0510473661 0.0153767122
v 0.0557862408 -0.0510473661 0.012327035
v 0.0592233613 -0.0510473661 0.0157641545
v 0.0556527376 -0.0510473661 0.0131699452
v 0.0583804511 -0.0510473661 0.0158976614
v 0.0557862408 -0.0510473661 0.0140128545
v 0.0575375408 -0.0510473661 0.0157641564
v 0.0561736822 -0.0510473661 0.0147732552
v 0.0567771383 -0.0510473661 0.0153767131
v 0.056614656 -0.0509786867 0.012596203
v 0.0565237813 -0.0509786867 0.0131699452
v 0.056614656 -0.0509786867 0.0137436874
v 0.056878373 -0.0509786867 0.0142612681
v 0.0572891273 -0.0509786867 0.0146720223
v 0.0578067116 -0.0509786867 0.0149357421
v 0.056878373 -0.0509786867 0.0120786233
v 0.0583804511 -0.0509786867 0.0150266131
v 0.0572891273 -0.0509786867 0.0116678691
v 0.0589541905 -0.0509786867 0.0149357421
v 0.0578067116 -0.0509786867 0.0114041492
v 0.0594717711 -0.0509786867 0.0146720214
v 0.0583804511 -0.0509786867 0.0113132773
v 0.0598825254 -0.0509786867 0.0142612681
v 0.0589541905 -0.0509786867 0.0114041492
v 0.0601462461 -0.0509786867 0.0137436874
v 0.0594717711 -0.0509786867 0.0116678691
v 0.0602371208 -0.0509786867 0.0131699452
v 0.0598825254 -0.0509786867 0.0120786233
v 0.0601462461 -0.0509786867 0.012596203
v 0.058670897 -0.0509367883 0.0122760413
v 0.0589329116 -0.0509367883 0.0124095445
v 0.0591408461 -0.0509367883 0.0126174828
v 0.0592743531 -0.0509367883 0.0128794992
v 0.0583804511 -0.0509227067 0.0131699452
v 0.0583804511 -0.0509367883 0.0122300396
v 0.0593203567 -0.0509367883 0.0131699452
v 0.0592743531 -0.0509367883 0.0134603931
v 0.0580900051 -0.0509367883 0.0122760413
v 0.0591408461 -0.0509367883 0.0137224086
v 0.0578279868 -0.0509367883 0.0124095445
v 0.0589329116 -0.0509367883 0.0139303459
v 0.0576200522 -0.0509367883 0.0126174828
v 0.058670897 -0.0509367883 0.0140638491
v 0.0574865453 -0.0509367883 0.0128794992
v 0.0583804511 -0.0509367883 0.0141098509
v 0.0574405417 -0.0509367883 0.0131699452
v 0.0580900051 -0.0509367883 0.0140638491
v 0.0574865453 -0.0509367883 0.0134603931
v 0.0578279868 -0.0509367883 0.0139303459
v 0.0576200522 -0.0509367883 0.0137224086
v 0.0394017845 0.0101494258 0.00350976945
v 0.0394017845 0.0101494258 0.0100362534
v 0.0559281111 0.0101494258 0.0100362534
v 0.0559281111 0.0101494258 0.00350976945
v 0.023742184 -0.0422813967 0.0419769958
v 0.023742184 -0.0402397476 0.0419769958
v 0.0337421894 -0.0397867672 0.0419769958
v 0.0337421894 -0.0422813967 0.0419769958
v 0.023742184 -0.0514034443 0.0419769958
v 0.0337421782 -0.051403448 0.0419769958
v 0.0389408953 -0.0512699746 0.0419769958
v 0.0424197763 -0.0416994765 0.0419769958
v 0.0424197763 -0.0392048508 0.0419769958
v 0.0401108973 -0.0512470379 0.0418613441
v 0.0436104611 -0.0416196287 0.0418613441
v 0.0436104611 -0.0391249992 0.0418613441
v 0.0412359387 -0.0512249842 0.0415188335
v 0.0447553918 -0.0415428504 0.0415188335
v 0.0447553918 -0.039048221 0.0415188335
v 0.0422727801 -0.0512046553 0.040962629
v 0.0458105691 -0.0414720923 0.040962629
v 0.0431815796 -0.0511868373 0.0402141027
v 0.0458105691 -0.0389774591 0.040962629
v 0.0467354394 -0.0414100699 0.0402141027
v 0.0467354394 -0.0389154404 0.0402141027
v 0.0467354394 -0.0414100699 0.0402141027
v 0.0439274125 -0.0511722155 0.0393020213
v 0.0431815796 -0.0511868373 0.0402141027
v 0.0474944599 -0.0413591675 0.0393020213
v 0.0467354394 -0.0389154404 0.0402141027
v 0.0444816202 -0.0511613563 0.0382614359
v 0.0474944599 -0.0388645418 0.0393020213
v 0.0480584614 -0.0413213447 0.0382614359
v 0.0448228903 -0.0511546656 0.037132334
v 0.0480584614 -0.0388787314 0.0382614359
v 0.0484057702 -0.0412980542 0.037132334
v 0.0449381284 -0.0511524044 0.0359581076
v 0.0484057702 -0.0388554409 0.037132334
v 0.0485230498 -0.0412901901 0.0359581076
v 0.0449381284 -0.0511524044 0.0206372235
v 0.0485230498 -0.0388475768 0.0359581076
v 0.0485230498 -0.0412901901 0.0206372216
v 0.0449381284 -0.0511524044 0.00769892428
v 0.0485230498 -0.0412901901 0.00769892428
v 0.0485230498 -0.0388475768 0.0206372216
v 0.0485230498 -0.0388475768 0.00769892428
v 0.0485230498 -0.0412901901 -0.00230220798
v 0.0485230498 -0.0388475768 -0.00230220798
v 0.0485230498 -0.0318583846 0.00769892428
v 0.0485230498 -0.0318583846 0.0206372216
v 0.0485230498 -0.0318583846 0.0359581076
v 0.0485230498 -0.0318583846 0.0431659035
v 0.0485230498 -0.0385897495 0.0430174135
v 0.0485230498 -0.0297150314 0.00769892428
v 0.0485230498 -0.0297150314 0.0206372216
v 0.0485230498 -0.0297150314 -0.00230220798
v 0.0485230498 -0.0318583846 -0.00230220798
v 0.0485230498 -0.0324335769 0.0455548763
v 0.0485230498 -0.0379196517 0.0454338528
v 0.0485230498 -0.0378553756 0.0631244108
v 0.0485230498 -0.0324335769 0.0612964891
v 0.0485230498 -0.0373593569 0.0607745647
v 0.0485230498 -0.0318583846 0.0637598336
v 0.0483282022 -0.0318583846 0.0647395477
v 0.0483282022 -0.0378194526 0.0641079247
v 0.0477733314 -0.0318583846 0.0655701086
v 0.0477733314 -0.0377890021 0.0649417117
v 0.0477733314 -0.0297150314 0.0655701086
v 0.0483282022 -0.0297150314 0.0647395477
v 0.0485230498 -0.0297150314 0.0637598336
v 0.0485230498 -0.0297150314 0.0431659035
v 0.0485230498 -0.0297150314 0.0359581076
v 0.0485230498 -0.0240188949 0.0206372216
v 0.0485230498 -0.0240188949 0.00769892428
v 0.0485230498 -0.0240188949 -0.00230220798
v 0.0485230498 -0.0240188949 -0.00530927163
v 0.0485230498 -0.0297150314 -0.00530927163
v 0.0485230498 -0.0180606656 -0.00530927163
v 0.0485230498 -0.0180606656 -0.00230220798
v 0.0485230498 -0.0172276739 -0.00530927163
v 0.0485230498 -0.0172276739 -0.00230220798
v 0.0485230498 -0.0180606656 0.00769892428
v 0.0485230498 -0.0172276739 0.00769892428
v 0.0485230498 -0.0180606656 0.0206372216
v 0.0485230498 -0.0172276739 0.0206372216
v 0.0485230498 -0.0180606656 0.0359581076
v 0.0485230498 -0.0172276739 0.0359581076
v 0.0485230498 -0.0172276739 0.0540939905
v 0.0485230498 -0.0180606656 0.0540939905
v 0.0485230498 -0.0172276739 0.0663357079
v 0.0485230498 -0.0180606656 0.0663357079
v 0.0485230498 -0.0240188949 0.0540939905
v 0.0480677597 -0.0172276739 0.068034865
v 0.0480677597 -0.0180606656 0.068034865
v 0.0485230498 -0.0240188949 0.0663357079
v 0.0480677597 -0.0240188949 0.068034865
v 0.0485230498 -0.0297150314 0.0663357079
v 0.0480677597 -0.0297150314 0.068034865
v 0.0485230498 -0.0297150314 0.0540939905
v 0.0485230498 -0.0240188949 0.0359581076
v 0.0466373228 -0.0180606656 0.0540939905
v 0.0466373228 -0.0240188949 0.0540939905
v 0.0466373228 -0.0240188949 0.0359581076
v 0.0466373228 -0.0180606656 0.0359581076
v 0.0466373228 -0.0180606656 0.0206372216
v 0.0466373228 -0.0240188949 0.0206372216
v 0.0337436832 -0.0377615057 0.0656944662
v 0.023742184 -0.0377615057 0.0656944662
v 0.023742184 -0.0318583846 0.0663199425
v 0.0337436832 -0.0318583846 0.0663199425
v 0.023742184 -0.0297150314 0.0663199425
v 0.0459633544 -0.0377615057 0.0656944662
v 0.0337436832 -0.0297150314 0.0663199425
v 0.0459633544 -0.0318583846 0.0663199425
v 0.0469429046 -0.0377686545 0.0654988289
v 0.0459633544 -0.0297150314 0.0663199425
v 0.0469429046 -0.0318583846 0.0661250651
v 0.0477733314 -0.0377890021 0.0649417117
v 0.0469429046 -0.0297150314 0.0661250651
v 0.0477733314 -0.0318583846 0.0655701086
v 0.0477733314 -0.0297150314 0.0655701086
v 0.0485230498 -0.0172276739 0.0663357079
v 0.0451247245 -0.0172276739 0.0697340295
v 0.023742184 -0.0172276739 0.0697340295
v 0.0485230498 -0.0172276739 0.0540939905
v 0.0485230498 -0.0172276739 0.0359581076
v 0.023742184 -0.0172276739 0.0359581076
v 0.023742184 -0.0172276739 0.0206372216
v 0.0485230498 -0.0172276739 0.0206372216
v 0.023742184 -0.0172276739 0.00769892428
v 0.0485230498 -0.0172276739 0.00769892428
v 0.0485230498 -0.0388475768 0.0359581076
v 0.023742184 -0.0404007323 0.0359581076
v 0.023742184 -0.0397741869 0.0430174135
v 0.0485230498 -0.0385897495 0.0430174135
v 0.045527976 -0.0384849906 0.0458324701
v 0.0485230498 -0.0378553756 0.0631244108
v 0.026738612 -0.0395172499 0.0459761433
v 0.023742184 -0.0377615057 0.0656944662
v 0.0266804788 -0.0378763899 0.0627393872
v 0.045586288 -0.0380078033 0.0628828928
v 0.0467305444 -0.0379118398 0.0639783666
v 0.0483282022 -0.0378194526 0.0641079247
v 0.0459633544 -0.0377615057 0.0656944662
v 0.0477733314 -0.0377890021 0.0649417117
v 0.0469429046 -0.0377686545 0.0654988289
v 0.0485230498 -0.0379196517 0.0454338528
v 0.0473017097 -0.0379196517 0.0454338528
v 0.0473017097 -0.0324335769 0.0455548763
v 0.0485230498 -0.0324335769 0.0455548763
v 0.0485230498 -0.0324335769 0.0455548763
v 0.0473017097 -0.0324335769 0.0455548763
v 0.0473017097 -0.0324335769 0.0612964891
v 0.0485230498 -0.0324335769 0.0612964891
v 0.0451247245 -0.0297150314 0.0697340295
v 0.0451247245 -0.0297150314 0.066224955
v 0.0237540342 -0.0297150314 0.066224955
v 0.0237540342 -0.0297150314 0.0697340295
v 0.0485230498 -0.0297150314 0.0663357079
v 0.0485230498 -0.0297150314 0.0628101602
v 0.0480677597 -0.0297150314 0.0645093247
v 0.0480677597 -0.0297150314 0.068034865
v 0.0468238853 -0.0297150314 0.0657531992
v 0.0468238853 -0.0297150314 0.0692787394
v 0.0451247245 -0.0297150314 0.0662084818
v 0.0451247245 -0.0297150314 0.0697340295
v 0.0485230498 -0.0172276739 -0.00230220798
v 0.0362126455 -0.0172276739 -0.00530927163
v 0.0485230498 -0.0172276739 -0.00530927163
v 0.0362126455 -0.0172276739 -0.00230220798
v 0.0485230498 -0.0172276739 0.00769892428
v 0.0362126455 -0.0172276739 0.00769892428
v 0.0451247245 -0.0297150314 0.0697340295
v 0.0237540342 -0.0297150314 0.0697340295
v 0.0237540342 -0.0240188949 0.0697340295
v 0.0451247245 -0.0240188949 0.0697340295
v 0.0468238853 -0.0297150314 0.0692787394
v 0.0237540342 -0.0180606656 0.0697340295
v 0.0468238853 -0.0240188949 0.0692787394
v 0.0480677597 -0.0297150314 0.068034865
v 0.0480677597 -0.0240188949 0.068034865
v 0.0451247245 -0.0180606656 0.0697340295
v 0.0237540342 -0.0172276739 0.0697340295
v 0.0451247245 -0.0172276739 0.0697340295
v 0.0468238853 -0.0180606656 0.0692787394
v 0.0480677597 -0.0180606656 0.068034865
v 0.0468238853 -0.0172276739 0.0692787394
v 0.0480677597 -0.0172276739 0.068034865
v 0.023742184 -0.0422813967 0.0419769958
v 0.0137421796 -0.0397867672 0.0419769958
v 0.023742184 -0.0402397476 0.0419769958
v 0.0137421796 -0.0422813967 0.0419769958
v 0.023742184 -0.0514034443 0.0419769958
v 0.0137421889 -0.051403448 0.0419769958
v 0.00854347367 -0.0512699746 0.0419769958
v 0.00506459456 -0.0416994765 0.0419769958
v 0.00506459456 -0.0392048508 0.0419769958
v 0.00737347221 -0.0512470379 0.0418613441
v 0.00387390726 -0.0416196287 0.0418613441
v 0.00387390726 -0.0391249992 0.0418613441
v 0.00624843128 -0.0512249842 0.0415188335
v 0.00272897468 -0.0415428504 0.0415188335
v 0.00272897468 -0.039048221 0.0415188335
v 0.00521158706 -0.0512046553 0.040962629
v 0.00167379854 -0.0414720923 0.040962629
v 0.00430278759 -0.0511868373 0.0402141027
v 0.00167379854 -0.0389774591 0.040962629
v 0.000748929975 -0.0414100699 0.0402141027
v 0.000748929975 -0.0389154404 0.0402141027
v 0.000748929975 -0.0414100699 0.0402141027
v 0.00430278759 -0.0511868373 0.0402141027
v 0.00355695467 -0.0511722155 0.0393020213
v -1.00898742E-05 -0.0413591675 0.0393020213
v 0.000748929975 -0.0389154404 0.0402141027
v 0.00300275092 -0.0511613563 0.0382614359
v -1.00898742E-05 -0.0388645418 0.0393020213
v -0.000574092846 -0.0413213447 0.0382614359
v 0.00266147358 -0.0511546656 0.037132334
v -0.000574092846 -0.0388787314 0.0382614359
v -0.000921404338 -0.0412980542 0.037132334
v 0.00254623895 -0.0511524044 0.0359581076
v -0.000921404338 -0.0388554409 0.037132334
v -0.00103868009 -0.0412901901 0.0359581076
v 0.00254623895 -0.0511524044 0.0206372235
v -0.00103868009 -0.0388475768 0.0359581076
v -0.00103868009 -0.0412901901 0.0206372216
v 0.00254623895 -0.0511524044 0.00769892428
v -0.00103868009 -0.0412901901 0.00769892428
v -0.00103868009 -0.0388475768 0.0206372216
v -0.00103868009 -0.0388475768 0.00769892428
v -0.00103868009 -0.0412901901 -0.00230220798
v -0.00103868009 -0.0388475768 -0.00230220798
v -0.00103868009 -0.0318583846 0.00769892428
v -0.00103868009 -0.0318583846 0.0206372216
v -0.00103868009 -0.0318583846 0.0359581076
v -0.00103868009 -0.0318583846 0.0431659035
v -0.00103868009 -0.0385897495 0.0430174135
v -0.00103868009 -0.0297150314 0.00769892428
v -0.00103868009 -0.0297150314 0.0206372216
v -0.00103868009 -0.0297150314 -0.00230220798
v -0.00103868009 -0.0318583846 -0.00230220798
v -0.00103868009 -0.0297150314 0.0431659035
v -0.00103868009 -0.0297150314 0.0359581076
v -0.00103868009 -0.0240188949 0.0206372216
v -0.00103868009 -0.0297150314 0.0637598336
v -0.00103868009 -0.0240188949 0.00769892428
v -0.00103868009 -0.0240188949 -0.00230220798
v -0.00103868009 -0.0240188949 -0.00530927163
v -0.00103868009 -0.0297150314 -0.00530927163
v -0.00103868009 -0.0180606656 -0.00530927163
v -0.00103868009 -0.0180606656 -0.00230220798
v -0.00103868009 -0.0172276739 -0.00530927163
v -0.00103868009 -0.0172276739 -0.00230220798
v -0.00103868009 -0.0180606656 0.00769892428
v -0.00103868009 -0.0172276739 0.00769892428
v -0.00103868009 -0.0180606656 0.0206372216
v -0.00103868009 -0.0172276739 0.0206372216
v -0.00103868009 -0.0180606656 0.0359581076
v -0.00103868009 -0.0172276739 0.0359581076
v -0.00103868009 -0.0172276739 0.0540939905
v -0.00103868009 -0.0180606656 0.0540939905
v -0.00103868009 -0.0172276739 0.0663357079
v -0.00103868009 -0.0180606656 0.0663357079
v -0.00103868009 -0.0240188949 0.0540939905
v -0.000583391171 -0.0172276739 0.068034865
v -0.000583391171 -0.0180606656 0.068034865
v -0.00103868009 -0.0240188949 0.0663357079
v -0.000583391171 -0.0240188949 0.068034865
v -0.00103868009 -0.0297150314 0.0663357079
v -0.000583391171 -0.0297150314 0.068034865
v -0.00103868009 -0.0297150314 0.0540939905
v -0.00103868009 -0.0240188949 0.0359581076
v 0.000847043993 -0.0180606656 0.0540939905
v 0.000847043993 -0.0240188949 0.0540939905
v 0.000847043993 -0.0240188949 0.0359581076
v 0.000847043993 -0.0180606656 0.0359581076
v 0.000847043993 -0.0180606656 0.0206372216
v 0.000847043993 -0.0240188949 0.0206372216
v 0.0137406848 -0.0377615057 0.0656944662
v 0.023742184 -0.0318583846 0.0663199425
v 0.023742184 -0.0377615057 0.0656944662
v 0.0137406848 -0.0318583846 0.0663199425
v 0.023742184 -0.0297150314 0.0663199425
v 0.00152101519 -0.0377615057 0.0656944662
v 0.0137406848 -0.0297150314 0.0663199425
v 0.00152101519 -0.0318583846 0.0663199425
v 0.000541462912 -0.0377686545 0.0654988289
v 0.00152101519 -0.0297150314 0.0663199425
v 0.000541462912 -0.0318583846 0.0661250651
v -0.000288963318 -0.0377890021 0.0649417117
v 0.000541462912 -0.0297150314 0.0661250651
v -0.000288963318 -0.0318583846 0.0655701086
v -0.000288963318 -0.0297150314 0.0655701086
v 0.023742184 -0.0172276739 0.0697340295
v 0.00235964288 -0.0172276739 0.0697340295
v -0.00103868009 -0.0172276739 0.0663357079
v -0.00103868009 -0.0172276739 0.0540939905
v 0.023742184 -0.0172276739 0.0359581076
v -0.00103868009 -0.0172276739 0.0359581076
v 0.023742184 -0.0172276739 0.0206372216
v -0.00103868009 -0.0172276739 0.0206372216
v 0.023742184 -0.0172276739 0.00769892428
v -0.00103868009 -0.0172276739 0.00769892428
v -0.00103868009 -0.0388475768 0.0359581076
v 0.023742184 -0.0397741869 0.0430174135
v 0.023742184 -0.0404007323 0.0359581076
v -0.00103868009 -0.0385897495 0.0430174135
v 0.00195639138 -0.0384849906 0.0458324701
v -0.00103868009 -0.0378553756 0.0631244108
v 0.0207457561 -0.0395172499 0.0459761433
v 0.023742184 -0.0377615057 0.0656944662
v 0.0208038893 -0.0378763899 0.0627393872
v 0.0018980765 -0.0380078033 0.0628828928
v 0.000753822329 -0.0379118398 0.0639783666
v -0.00084383483 -0.0378194526 0.0641079247
v 0.00152101519 -0.0377615057 0.0656944662
v -0.000288963318 -0.0377890021 0.0649417117
v 0.000541462912 -0.0377686545 0.0654988289
v -0.000288963318 -0.0318583846 0.0655701086
v -0.000288963318 -0.0377890021 0.0649417117
v -0.00084383483 -0.0378194526 0.0641079247
v -0.00084383483 -0.0318583846 0.0647395477
v -0.000288963318 -0.0297150314 0.0655701086
v -0.00084383483 -0.0297150314 0.0647395477
v -0.00103868009 -0.0378553756 0.0631244108
v -0.00103868009 -0.0318583846 0.0637598336
v -0.00103868009 -0.0373593569 0.0607745647
v -0.00103868009 -0.0324335769 0.0612964891
v -0.00103868009 -0.0379196517 0.0454338528
v -0.00103868009 -0.0324335769 0.0455548763
v -0.00103868009 -0.0379196517 0.0454338528
v -0.00103868009 -0.0324335769 0.0455548763
v 0.000182659627 -0.0324335769 0.0455548763
v 0.000182659627 -0.0379196517 0.0454338528
v -0.00103868009 -0.0324335769 0.0455548763
v -0.00103868009 -0.0324335769 0.0612964891
v 0.000182659627 -0.0324335769 0.0612964891
v 0.000182659627 -0.0324335769 0.0455548763
v 0.00235964288 -0.0297150314 0.0697340295
v 0.0237303339 -0.0297150314 0.0697340295
v 0.0237303339 -0.0297150314 0.066224955
v 0.00235964288 -0.0297150314 0.066224955
v -0.00103868009 -0.0297150314 0.0663357079
v -0.000583391171 -0.0297150314 0.0645093247
v -0.00103868009 -0.0297150314 0.0628101602
v -0.000583391171 -0.0297150314 0.068034865
v 0.000660481455 -0.0297150314 0.0657531992
v 0.000660481455 -0.0297150314 0.0692787394
v 0.00235964288 -0.0297150314 0.0662084818
v 0.00235964288 -0.0297150314 0.0697340295
v -0.00103868009 -0.0172276739 -0.00230220798
v -0.00103868009 -0.0172276739 -0.00530927163
v 0.0112717217 -0.0172276739 -0.00530927163
v 0.0112717217 -0.0172276739 -0.00230220798
v -0.00103868009 -0.0172276739 0.00769892428
v 0.0112717217 -0.0172276739 0.00769892428
v 0.00235964288 -0.0297150314 0.0697340295
v 0.0237303339 -0.0240188949 0.0697340295
v 0.0237303339 -0.0297150314 0.0697340295
v 0.00235964288 -0.0240188949 0.0697340295
v 0.000660481455 -0.0297150314 0.0692787394
v 0.0237303339 -0.0180606656 0.0697340295
v 0.000660481455 -0.0240188949 0.0692787394
v -0.000583391171 -0.0297150314 0.068034865
v -0.000583391171 -0.0240188949 0.068034865
v 0.00235964288 -0.0180606656 0.0697340295
v 0.0237303339 -0.0172276739 0.0697340295
v 0.00235964288 -0.0172276739 0.0697340295
v 0.000660481455 -0.0180606656 0.0692787394
v -0.000583391171 -0.0180606656 0.068034865
v 0.000660481455 -0.0172276739 0.0692787394
v -0.000583391171 -0.0172276739 0.068034865
v 0.0362249836 0.0100000007 0.00922852568
v 0.0362249836 0.0100000007 0.00931261946
v 0.0362249836 0.00992689095 0.0106847379
v 0.0562249832 0.0100000007 0.00931261852
v 0.0562249832 0.0100000007 0.00922852568
v 0.0362249836 0.0100000007 0.00555248372
v 0.0562249832 0.00992689095 0.0106847379
v 0.0362249836 0.00971471425 0.0119225429
v 0.0562249832 0.00971471425 0.0119225429
v 0.0362249836 0.00938424189 0.0129048703
v 0.0562249832 0.00938424189 0.0129048703
v 0.0362249836 0.00896782242 0.0135355638
v 0.0562249832 0.00896782242 0.0135355638
v 0.0362249836 0.00850621704 0.0137528842
v 0.0562249832 0.00850621704 0.0137528842
v 0.0362249836 0.00798190758 0.00273782061
v 0.0362249836 0.00737437373 0.00544958003
v 0.0362249836 0.00656401785 0.00802911166
v 0.0362249836 0.00831896439 0.000469110906
v 0.0362249836 0.00747384829 0.0137528842
v 0.0362249836 0.00595243182 0.00946364552
v 0.0362249836 0.0100000007 0.00187644234
v 0.0362249836 0.00850621704 -0.00999999978
v 0.0562249832 0.0100000007 0.00555248372
v 0.0562249832 0.00737437373 0.00544958003
v 0.0362249836 0.00675229402 0.0137528842
v 0.0362249836 0.00505186524 0.00960297603
v 0.0562249832 0.00747384829 0.0137528842
v 0.0562249832 0.00798190758 0.00273782061
v 0.0562249832 0.00656401785 0.00802911166
v 0.0562249832 0.0100000007 0.00187644234
v 0.0562249832 0.00831896439 0.000469110906
v 0.0562249832 0.00675229402 0.0137528842
v 0.0562249832 0.00595243275 0.00946364552
v 0.0362249836 0.0057927412 0.0137528842
v 0.0362249836 0.00361236627 0.00871491153
v 0.0562249832 0.0057927412 0.0137528842
v 0.0562249832 0.00505186617 0.00960297603
v 0.0362249836 0.00424218364 0.0137528842
v 0.0362249836 0.00306403125 0.00803672895
v 0.0562249832 0.00424218364 0.0137528842
v 0.0562249832 0.0036123665 0.00871491153
v 0.0362249836 0.00338308886 0.0137528842
v 0.0362249836 0.00251569622 0.00610758457
v 0.0562249832 0.00338308886 0.0137528842
v 0.0562249832 0.00306403148 0.00803672895
v 0.0362249836 0.00252399477 0.0137528842
v 0.0362249836 -0.00159276614 0.00622621831
v 0.0562249832 0.002523995 0.0137528842
v 0.0562249832 0.00251569645 0.00610758457
v 0.0362249836 -0.00109841686 0.0137528842
v 0.0362249836 -0.00266968389 0.00904088095
v 0.0562249832 -0.00109841686 0.0137528842
v 0.0562249832 -0.00159276614 0.00622621831
v 0.0362249836 -0.00235509803 0.0137528842
v 0.0362249836 -0.00454523973 0.00997910276
v 0.0562249832 -0.00235509803 0.0137528842
v 0.0562249832 -0.00266968389 0.00904088095
v 0.0362249836 -0.00454523973 0.0137528842
v 0.0362249836 -0.00610254798 0.0082903048
v 0.0562249832 -0.00454523973 0.0137528842
v 0.0562249832 -0.00454523973 0.00997910276
v 0.0362249836 -0.00740583241 0.0137528842
v 0.0362249836 -0.00775268301 0.0136394482
v 0.0362249836 -0.00808214117 0.0133048315
v 0.0562249832 -0.00740583241 0.0137528842
v 0.0562249832 -0.00610254798 0.0082903048
v 0.0562249832 -0.00775268348 0.0136394482
v 0.0562249832 -0.00808214117 0.0133048315
v 0.0362249836 -0.00837768614 0.0127658118
v 0.0562249832 -0.00837768614 0.0127658118
v 0.0362249836 -0.00862449873 0.012049417
v 0.0562249832 -0.00862449873 0.0120494161
v 0.0362249836 -0.00881020166 0.0111915702
v 0.0562249832 -0.00881020166 0.0111915702
v 0.0362249836 -0.00892548449 0.0102352891
v 0.0562249832 -0.00892548449 0.0102352891
v 0.0362249836 -0.00896456465 0.00922852568
v 0.0562249832 -0.00896456465 0.00922852568
v 0.0562249832 -0.00691148313 0.00555248372
v 0.0562249832 -0.00896456465 0.00555248372
v 0.0562249832 -0.00740583241 0.00187644234
v 0.0362249836 -0.00896456465 0.00555248372
v 0.0362249836 -0.00691148313 0.00555248372
v 0.0562249832 -0.00896456465 0.00187644234
v 0.0562249832 -0.00740583241 -0.00999999978
v 0.0362249836 -0.00896456465 0.00187644234
v 0.0362249836 -0.00740583241 0.00187644234
v 0.0562249832 -0.00896456465 -0.00999999978
v 0.0362249836 -0.00740583241 -0.00999999978
v 0.0362249836 -0.00896456465 -0.00999999978
v 0.0562249832 0.0100000007 -0.00999999978
v 0.0562249832 0.00850621704 -0.00999999978
v 0.0362249836 0.0100000007 -0.00999999978
v -0.00999999978 0.00999999978 0.00922852568
v -0.00999999978 0.00999999978 0.00931261946
v -0.00999999978 0.00992688909 0.0106847379
v 0.00999999978 0.00999999978 0.00931261852
v 0.00999999978 0.00999999978 0.00922852568
v -0.00999999978 0.00999999978 0.00555248372
v 0.00999999978 0.00992688909 0.0106847379
v -0.00999999978 0.00971471332 0.0119225429
v 0.00999999978 0.00971471332 0.0119225429
v -0.00999999978 0.00938424096 0.0129048703
v 0.00999999978 0.00938424096 0.0129048703
v -0.00999999978 0.00896782149 0.0135355638
v 0.00999999978 0.00896782149 0.0135355638
v -0.00999999978 0.00850621611 0.0137528842
v 0.00999999978 0.00850621611 0.0137528842
v -0.00999999978 0.00798190664 0.00273782061
v -0.00999999978 0.0073743728 0.00544958003
v -0.00999999978 0.00656401739 0.00802911166
v -0.00999999978 0.00831896253 0.000469110906
v -0.00999999978 0.00747384783 0.0137528842
v -0.00999999978 0.00595243135 0.00946364552
v -0.00999999978 0.00999999978 0.00187644234
v -0.00999999978 0.00850621611 -0.00999999978
v 0.00999999978 0.00999999978 0.00555248372
v 0.00999999978 0.0073743728 0.00544958003
v -0.00999999978 0.00675229356 0.0137528842
v -0.00999999978 0.00505186478 0.00960297603
v 0.00999999978 0.00747384783 0.0137528842
v 0.00999999978 0.00798190664 0.00273782061
v 0.00999999978 0.00656401739 0.00802911166
v 0.00999999978 0.00999999978 0.00187644234
v 0.00999999978 0.00831896253 0.000469110906
v 0.00999999978 0.00675229356 0.0137528842
v 0.00999999978 0.00595243182 0.00946364552
v -0.00999999978 0.00579274027 0.0137528842
v -0.00999999978 0.00361236604 0.00871491153
v 0.00999999978 0.00579274027 0.0137528842
v 0.00999999978 0.00505186524 0.00960297603
v -0.00999999978 0.00424218271 0.0137528842
v -0.00999999978 0.00306403101 0.00803672895
v 0.00999999978 0.00424218271 0.0137528842
v 0.00999999978 0.00361236627 0.00871491153
v -0.00999999978 0.00338308862 0.0137528842
v -0.00999999978 0.00251569599 0.00610758457
v 0.00999999978 0.00338308862 0.0137528842
v 0.00999999978 0.00306403125 0.00803672895
v -0.00999999978 0.00252399431 0.0137528842
v -0.00999999978 -0.00159276603 0.00622621831
v 0.00999999978 0.00252399477 0.0137528842
v 0.00999999978 0.00251569622 0.00610758457
v -0.00999999978 -0.00109841675 0.0137528842
v -0.00999999978 -0.00266968366 0.00904088095
v 0.00999999978 -0.00109841675 0.0137528842
v 0.00999999978 -0.00159276603 0.00622621831
v -0.00999999978 -0.00235509779 0.0137528842
v -0.00999999978 -0.00454523927 0.00997910276
v 0.00999999978 -0.00235509779 0.0137528842
v 0.00999999978 -0.00266968366 0.00904088095
v -0.00999999978 -0.00454523927 0.0137528842
v -0.00999999978 -0.00610254752 0.0082903048
v 0.00999999978 -0.00454523927 0.0137528842
v 0.00999999978 -0.00454523927 0.00997910276
v -0.00999999978 -0.00740583148 0.0137528842
v -0.00999999978 -0.00775268162 0.0136394482
v -0.00999999978 -0.00808214024 0.0133048315
v 0.00999999978 -0.00740583148 0.0137528842
v 0.00999999978 -0.00610254752 0.0082903048
v 0.00999999978 -0.00775268255 0.0136394482
v 0.00999999978 -0.00808214024 0.0133048315
v -0.00999999978 -0.00837768521 0.0127658118
v 0.00999999978 -0.00837768521 0.0127658118
v -0.00999999978 -0.0086244978 0.012049417
v 0.00999999978 -0.0086244978 0.0120494161
v -0.00999999978 -0.00881020073 0.0111915702
v 0.00999999978 -0.00881020073 0.0111915702
v -0.00999999978 -0.00892548263 0.0102352891
v 0.00999999978 -0.00892548263 0.0102352891
v -0.00999999978 -0.00896456372 0.00922852568
v 0.00999999978 -0.00896456372 0.00922852568
v 0.00999999978 -0.00691148266 0.00555248372
v 0.00999999978 -0.00896456372 0.00555248372
v 0.00999999978 -0.00740583148 0.00187644234
v -0.00999999978 -0.00896456372 0.00555248372
v -0.00999999978 -0.00691148266 0.00555248372
v 0.00999999978 -0.00896456372 0.00187644234
v 0.00999999978 -0.00740583148 -0.00999999978
v -0.00999999978 -0.00896456372 0.00187644234
v -0.00999999978 -0.00740583148 0.00187644234
v 0.00999999978 -0.00896456372 -0.00999999978
v -0.00999999978 -0.00740583148 -0.00999999978
v -0.00999999978 -0.00896456372 -0.00999999978
v 0.00999999978 0.00999999978 -0.00999999978
v 0.00999999978 0.00850621611 -0.00999999978
v -0.00999999978 0.00999999978 -0.00999999978
v 0.048133295 -0.0389393978 -0.00528490543
v 0.0694073364 -0.0389393978 -0.00528490543
v 0.0694073364 -0.0389393978 -0.00165475032
v 0.0694073364 -0.0415141918 -0.00528490543
v 0.048133295 -0.0415141918 -0.00528490543
v 0.048133295 -0.0389393978 -0.00165475032
v 0.0694073364 -0.0415141918 -0.00165475032
v 0.048133295 -0.0415141918 -0.00165475032
v 0.0694073364 -0.0415141918 0.00705762114
v 0.048133295 -0.0415141918 0.00705762114
v 0.0481333025 -0.0428605415 -0.00129937916
v 0.048133295 -0.0415605307 0.00920087751
v 0.048133295 -0.0416981466 0.011279013
v 0.0481333025 -0.0429299287 0.00164217502
v 0.0694073364 -0.0415605307 0.00920087937
v 0.0694073364 -0.0416981466 0.0112790139
v 0.0694073364 -0.0419228449 0.0132288849
v 0.0694073364 -0.0428605415 -0.00129937974
v 0.048133295 -0.0419228449 0.013228883
v 0.048133295 -0.0422278121 0.0149912434
v 0.0694073364 -0.0422278121 0.0149912452
v 0.048133295 -0.0426037796 0.016512543
v 0.0694073364 -0.0426037796 0.016512543
v 0.048133295 -0.0430393107 0.0177465621
v 0.0694073364 -0.0430393107 0.0177465621
v 0.0694073364 -0.0429299287 -0.00424095662
v 0.0694073364 -0.0430057757 -0.00528490543
v 0.048133295 -0.0430057757 -0.00528490543
v 0.0481333025 -0.0429299287 -0.00424095662
v 0.0694073364 -0.0429299287 0.00164217467
v 0.0694073364 -0.0431354232 0.00447071111
v 0.0694073364 -0.0434665903 0.00705762114
v 0.0481333025 -0.0431354232 0.00447071111
v 0.048133295 -0.0434665866 0.00705762114
v 0.0694073364 -0.043469131 0.00707750581
v 0.048133295 -0.043469131 0.00707750674
v 0.048133295 -0.0435211919 0.0186558031
v 0.0694073364 -0.0435211919 0.0186558031
v 0.0694073364 -0.0439182334 0.00936238281
v 0.048133295 -0.0439182334 0.00936238281
v 0.048133295 -0.0440347679 0.019212639
v 0.0694073364 -0.0440347679 0.019212639
v 0.0694073364 -0.0444654599 0.01123753
v 0.048133295 -0.0445644371 0.0194001477
v 0.0694073364 -0.0445644371 0.0194001477
v 0.048133295 -0.0482872538 0.0194001477
v 0.048133295 -0.0444654599 0.0112375319
v 0.0694073364 -0.0450897887 0.0126308938
v 0.048133295 -0.0450897887 0.0126308938
v 0.0694073364 -0.0457672216 0.0134889251
v 0.048133295 -0.0457672216 0.0134889251
v 0.0694073364 -0.0464717299 0.0137786483
v 0.048133295 -0.0464717299 0.0137786483
v 0.0694073364 -0.0471762419 0.0134889297
v 0.048133295 -0.0471762419 0.0134889297
v 0.0694073364 -0.0478536747 0.0126309069
v 0.048133295 -0.0478536747 0.0126309069
v 0.0694073364 -0.0482872538 0.0194001477
v 0.048133295 -0.0489318855 0.0190968812
v 0.048133295 -0.0484779999 0.0112375468
v 0.0694073364 -0.0484779999 0.0112375468
v 0.0694073364 -0.0489318855 0.0190968793
v 0.0694073364 -0.0490252301 0.0093624033
v 0.048133295 -0.0490252301 0.0093624033
v 0.0694073364 -0.0494743288 0.00707753096
v 0.048133295 -0.0494743288 0.00707753096
v 0.048133295 -0.051184196 0.00705762114
v 0.0694073364 -0.0495441891 0.0182022899
v 0.048133295 -0.0494768769 0.00705762114
v 0.048133295 -0.0495441854 0.0182022918
v 0.048133295 -0.0500934646 0.016761234
v 0.0694073364 -0.0500934646 0.0167612303
v 0.048133295 -0.0505521707 0.0148459682
v 0.0694073364 -0.0505521707 0.0148459673
v 0.048133295 -0.0508973077 0.0125525361
v 0.048133295 -0.0511115603 0.00999594107
v 0.0694073364 -0.0508973077 0.0125525342
v 0.0694073364 -0.0511115603 0.00999593921
v 0.048133295 -0.051184196 0.00730437692
v 0.0694073364 -0.051184196 0.00705762114
v 0.0694073364 -0.051184196 0.00730437785
v -0.022106437 -0.0389393978 -0.00528490543
v -0.000832403312 -0.0389393978 -0.00528490543
v -0.000832403312 -0.0389393978 -0.00165475032
v -0.000832403312 -0.0415141918 -0.00528490543
v -0.022106437 -0.0415141918 -0.00528490543
v -0.022106437 -0.0389393978 -0.00165475032
v -0.000832403312 -0.0415141918 -0.00165475032
v -0.022106437 -0.0415141918 -0.00165475032
v -0.000832403312 -0.0415141918 0.00705762114
v -0.022106437 -0.0415141918 0.00705762114
v -0.022106437 -0.0428605415 -0.00129937916
v -0.022106437 -0.0415605307 0.00920087751
v -0.022106437 -0.0416981466 0.011279013
v -0.022106437 -0.0429299287 0.00164217502
v -0.000832403312 -0.0415605307 0.00920087937
v -0.000832403312 -0.0416981466 0.0112790139
v -0.000832403312 -0.0419228449 0.0132288849
v -0.000832399703 -0.0428605415 -0.00129937974
v -0.022106437 -0.0419228449 0.013228883
v -0.022106437 -0.0422278121 0.0149912434
v -0.000832403312 -0.0422278121 0.0149912452
v -0.022106437 -0.0426037796 0.016512543
v -0.000832403312 -0.0426037796 0.016512543
v -0.022106437 -0.0430393107 0.0177465621
v -0.000832403312 -0.0430393107 0.0177465621
v -0.000832399703 -0.0429299287 -0.00424095662
v -0.000832403312 -0.0430057757 -0.00528490543
v -0.022106437 -0.0430057757 -0.00528490543
v -0.022106437 -0.0429299287 -0.00424095662
v -0.000832399703 -0.0429299287 0.00164217467
v -0.000832399703 -0.0431354232 0.00447071111
v -0.000832403312 -0.0434665903 0.00705762114
v -0.022106437 -0.0431354232 0.00447071111
v -0.022106437 -0.0434665866 0.00705762114
v -0.000832403894 -0.043469131 0.00707750581
v -0.022106437 -0.043469131 0.00707750674
v -0.022106437 -0.0435211919 0.0186558031
v -0.000832403312 -0.0435211919 0.0186558031
v -0.000832403894 -0.0439182334 0.00936238281
v -0.022106437 -0.0439182334 0.00936238281
v -0.022106437 -0.0440347679 0.019212639
v -0.000832403312 -0.0440347679 0.019212639
v -0.000832403894 -0.0444654599 0.01123753
v -0.022106437 -0.0445644371 0.0194001477
v -0.000832403312 -0.0445644371 0.0194001477
v -0.022106437 -0.0482872538 0.0194001477
v -0.022106437 -0.0444654599 0.0112375319
v -0.000832403894 -0.0450897887 0.0126308938
v -0.022106437 -0.0450897887 0.0126308938
v -0.000832403894 -0.0457672216 0.0134889251
v -0.022106437 -0.0457672216 0.0134889251
v -0.000832403312 -0.0464717299 0.0137786483
v -0.022106437 -0.0464717299 0.0137786483
v -0.000832403312 -0.0471762419 0.0134889297
v -0.022106437 -0.0471762419 0.0134889297
v -0.000832403312 -0.0478536747 0.0126309069
v -0.022106437 -0.0478536747 0.0126309069
v -0.000832403312 -0.0482872538 0.0194001477
v -0.022106437 -0.0489318855 0.0190968812
v -0.022106437 -0.0484779999 0.0112375468
v -0.000832403312 -0.0484779999 0.0112375468
v -0.000832403312 -0.0489318855 0.0190968793
v -0.000832403894 -0.0490252301 0.0093624033
v -0.022106437 -0.0490252301 0.0093624033
v -0.000832403894 -0.0494743288 0.00707753096
v -0.022106437 -0.0494743288 0.00707753096
v -0.022106437 -0.051184196 0.00705762114
v -0.000832403312 -0.0495441891 0.0182022899
v -0.022106437 -0.0494768769 0.00705762114
v -0.022106437 -0.0495441854 0.0182022918
v -0.022106437 -0.0500934646 0.016761234
v -0.000832403312 -0.0500934646 0.0167612303
v -0.022106437 -0.0505521707 0.0148459682
v -0.000832403312 -0.0505521707 0.0148459673
v -0.022106437 -0.0508973077 0.0125525361
v -0.022106437 -0.0511115603 0.00999594107
v -0.000832403312 -0.0508973077 0.0125525342
v -0.000832403312 -0.0511115603 0.00999593921
v -0.022106437 -0.051184196 0.00730437692
v -0.000832403312 -0.051184196 0.00705762114
v -0.000832403312 -0.051184196 0.00730437785
v -0.00890818238 -0.0305358823 0.0139148086
v -0.00834002253 -0.0302688237 0.0665814877
v -0.00890818238 -0.0305358823 0.0665814877
v -0.00834002253 -0.0302688237 0.0139148086
v -0.00745509425 -0.0300568845 0.0665814877
v -0.00834002253 -0.0302688237 -0.00533421524
v -0.00890818238 -0.0305358823 -0.00533421524
v -0.00745509425 -0.0300568845 -0.00533421524
v -0.00745509425 -0.0300568845 0.0139148086
v -0.00634002034 -0.029920809 0.0665814877
v -0.00634002034 -0.029920809 -0.00533421524
v -0.00634002034 -0.029920809 0.0139148086
v -0.00510395737 -0.0298739206 0.0665814877
v -0.00510395737 -0.0298739206 -0.00533421524
v -0.00510395737 -0.0298739206 0.0139148086
v -0.00386788952 -0.029920809 -0.00533421524
v -0.00386788952 -0.029920809 0.0665814877
v -0.00386788952 -0.029920809 0.0139148086
v -0.00275281654 -0.0300568845 0.0665814877
v -0.00275281654 -0.0300568845 0.0139148086
v -0.00186788943 -0.0302688237 0.0665814877
v -0.00275281654 -0.0300568845 -0.00533421524
v -0.00386788952 -0.029920809 -0.00533421524
v -0.00186788943 -0.0302688237 -0.00533421524
v -0.00186788943 -0.0302688237 0.0139148086
v -0.00129973143 -0.0305358823 -0.00533421524
v -0.00129973143 -0.0305358823 0.0665814877
v -0.00307643646 -0.0304791201 0.0685123354
v -0.00129973143 -0.0305358823 0.0139148086
v -0.00110395753 -0.0308319237 -0.00533421524
v -0.00110395753 -0.0308319237 0.0139148086
v -0.00129973167 -0.0311279632 -0.00533421524
v -0.00129973167 -0.0311279632 0.0139148086
v -0.00129973167 -0.0311279632 0.0665814877
v -0.00110395753 -0.0308319237 0.0665814877
v -0.00272046379 -0.0306464434 0.0685123354
v -0.00259780395 -0.0308319237 0.0685123354
v -0.00272046379 -0.0310174022 0.0685123354
v -0.00311757368 -0.0308319237 0.104657702
v -0.00321479421 -0.0309668519 0.104901403
v -0.00321479398 -0.0306969937 0.104414016
v -0.00349693885 -0.0305752717 0.104194164
v -0.00393639039 -0.0304786749 0.104019694
v -0.00363087724 -0.0303463303 0.0685123354
v -0.00449013105 -0.0304166544 0.103907675
v -0.00432951329 -0.0302610751 0.0685123354
v -0.00186788943 -0.0302688237 0.0665814877
v -0.00307643646 -0.0304791201 0.0685123354
v -0.00363087724 -0.0303463303 0.0685123354
v -0.00275281654 -0.0300568845 0.0665814877
v -0.00432951329 -0.0302610751 0.0685123354
v -0.00386788952 -0.029920809 0.0665814877
v -0.00510395737 -0.0302316993 0.0685123354
v -0.00510395737 -0.0298739206 0.0665814877
v -0.00587839819 -0.0302610751 0.0685123354
v -0.00634002034 -0.029920809 0.0665814877
v -0.00657703495 -0.0303463303 0.0685123354
v -0.00745509425 -0.0300568845 0.0665814877
v -0.00713147642 -0.0304791182 0.0685123354
v -0.00834002253 -0.0302688237 0.0665814877
v -0.00748745026 -0.0306464434 0.0685123354
v -0.00890818238 -0.0305358823 0.0665814877
v -0.00571778091 -0.0304166544 0.103907675
v -0.00510395737 -0.0303952824 0.103869081
v -0.00449013105 -0.0304166544 0.103907675
v -0.00627152249 -0.0304786749 0.104019694
v -0.00393639039 -0.0304786749 0.104019694
v -0.0067109745 -0.0305752717 0.104194164
v -0.00349693885 -0.0305752717 0.104194164
v -0.00699312007 -0.0306969918 0.104414001
v -0.00321479398 -0.0306969937 0.104414016
v -0.0070903413 -0.0308319237 0.104657702
v -0.00311757368 -0.0308319237 0.104657702
v -0.00699312147 -0.0309668519 0.104901403
v -0.00321479421 -0.0309668519 0.104901403
v -0.00671097636 -0.0310885739 0.105121247
v -0.00349693885 -0.0310885739 0.105121247
v -0.00627152529 -0.0311851706 0.105295725
v -0.00393639039 -0.0311851706 0.105295725
v -0.00571778463 -0.0312471911 0.10540773
v -0.00449013151 -0.0312471911 0.10540773
v -0.0051039583 -0.0312685631 0.105446339
v -0.00432951329 -0.0302610751 0.0685123354
v -0.00449013105 -0.0304166544 0.103907675
v -0.00510395737 -0.0303952824 0.103869081
v -0.00510395737 -0.0302316993 0.0685123354
v -0.00571778091 -0.0304166544 0.103907675
v -0.00587839819 -0.0302610751 0.0685123354
v -0.00627152249 -0.0304786749 0.104019694
v -0.00657703495 -0.0303463303 0.0685123354
v -0.0067109745 -0.0305752717 0.104194164
v -0.00713147642 -0.0304791182 0.0685123354
v -0.00699312007 -0.0306969918 0.104414001
v -0.00748745026 -0.0306464434 0.0685123354
v -0.00748745026 -0.0306464434 0.0685123354
v -0.00699312007 -0.0306969918 0.104414001
v -0.0070903413 -0.0308319237 0.104657702
v -0.00761011103 -0.0308319237 0.0685123354
v -0.00699312147 -0.0309668519 0.104901403
v -0.00890818238 -0.0305358823 0.0665814877
v -0.00748745166 -0.0310174022 0.0685123354
v -0.00671097636 -0.0310885739 0.105121247
v -0.00910395756 -0.0308319237 0.0665814877
v -0.00713147921 -0.0311847255 0.0685123354
v -0.00627152529 -0.0311851706 0.105295725
v -0.00910395756 -0.0308319237 0.0139148086
v -0.00890818238 -0.0305358823 0.0139148086
v -0.00890818238 -0.0305358823 -0.00533421524
v -0.00910395756 -0.0308319237 -0.00533421524
v -0.00890818425 -0.0311279595 0.0139148086
v -0.00890818425 -0.0311279595 -0.00533421524
v -0.00890818425 -0.0311279595 0.0665814877
v -0.00834002718 -0.0313950218 0.0139148086
v -0.00834002718 -0.0313950218 -0.00533421524
v -0.00657703867 -0.0313175134 0.0685123354
v -0.00571778463 -0.0312471911 0.10540773
v -0.00587840239 -0.0314027704 0.0685123354
v -0.00834002718 -0.0313950218 0.0665814877
v -0.00745510031 -0.031606961 0.0139148086
v -0.00745510031 -0.031606961 -0.00533421524
v -0.00745510031 -0.031606961 0.0665814877
v -0.00634002732 -0.0317430384 0.0665814877
v -0.00634002732 -0.0317430384 0.0139148086
v -0.00634002732 -0.0317430384 -0.00533421524
v -0.00587840239 -0.0314027704 0.0685123354
v -0.00571778463 -0.0312471911 0.10540773
v -0.0051039583 -0.0312685631 0.105446339
v -0.0051039583 -0.0314321481 0.0685123354
v -0.00449013151 -0.0312471911 0.10540773
v -0.00634002732 -0.0317430384 0.0665814877
v -0.00432951376 -0.0314027704 0.0685123354
v -0.00393639039 -0.0311851706 0.105295725
v -0.00510395877 -0.0317899249 0.0665814877
v -0.00363087771 -0.0313175134 0.0685123354
v -0.00349693885 -0.0310885739 0.105121247
v -0.00510395877 -0.0317899249 0.0139148086
v -0.00634002732 -0.0317430384 0.0139148086
v -0.00634002732 -0.0317430384 -0.00533421524
v -0.00510395877 -0.0317899249 -0.00533421524
v -0.00386789045 -0.0317430384 0.0139148086
v -0.00386789045 -0.0317430384 -0.00533421524
v -0.00386789045 -0.0317430384 0.0665814877
v -0.00275281654 -0.031606961 0.0139148086
v -0.00275281654 -0.031606961 -0.00533421524
v -0.00307643646 -0.0311847255 0.0685123354
v -0.00321479421 -0.0309668519 0.104901403
v -0.00272046379 -0.0310174022 0.0685123354
v -0.00275281654 -0.031606961 0.0665814877
v -0.00186788943 -0.0313950218 0.0139148086
v -0.00186788943 -0.0313950218 -0.00533421524
v -0.00186788943 -0.0313950218 0.0665814877
v -0.00129973167 -0.0311279632 0.0665814877
v -0.00129973167 -0.0311279632 0.0139148086
v -0.00129973167 -0.0311279632 -0.00533421524
v -0.00129973167 -0.0311279632 -0.00533421524
v -0.00110395753 -0.0308319237 -0.00533421524
v -0.00129973143 -0.0305358823 -0.00533421524
v -0.00186788943 -0.0302688237 -0.00533421524
v -0.00186788943 -0.0313950218 -0.00533421524
v -0.00275281654 -0.031606961 -0.00533421524
v -0.00275281654 -0.0300568845 -0.00533421524
v -0.00386789045 -0.0317430384 -0.00533421524
v -0.00386788952 -0.029920809 -0.00533421524
v -0.00510395737 -0.0298739206 -0.00533421524
v -0.00510395877 -0.0317899249 -0.00533421524
v -0.00634002034 -0.029920809 -0.00533421524
v -0.00634002732 -0.0317430384 -0.00533421524
v -0.00745509425 -0.0300568845 -0.00533421524
v -0.00745510031 -0.031606961 -0.00533421524
v -0.00834002253 -0.0302688237 -0.00533421524
v -0.00834002718 -0.0313950218 -0.00533421524
v -0.00890818238 -0.0305358823 -0.00533421524
v -0.00890818425 -0.0311279595 -0.00533421524
v -0.00910395756 -0.0308319237 -0.00533421524
v 0.0626706108 -0.053296946 -0.0134145785
v 0.0687364861 -0.053296946 0.00701179728
v 0.0687364861 -0.053296946 -0.0134145785
v 0.0626706108 -0.053296946 0.00701179728
v 0.0233471841 -0.053296946 -0.0134145785
v 0.0233471841 -0.053296946 0.00701179728
v -0.0159762409 -0.053296946 0.00701179728
v -0.0159762409 -0.053296946 -0.0134145785
v -0.0220421143 -0.053296946 0.00701179728
v -0.0220421143 -0.053296946 -0.0134145785
v 0.0626706108 -0.0526859276 -0.0134145785
v 0.0687364861 -0.0526859276 -0.0134145785
v 0.0687364861 -0.0526859276 0.00701179728
v 0.0626706108 -0.0526859276 0.00701179728
v 0.0687364861 -0.053296946 -0.0134145785
v 0.0687364861 -0.053296946 0.00701179728
v 0.0687364861 -0.0526859276 0.00701179728
v 0.0687364861 -0.0526859276 -0.0134145785
v 0.0626706108 -0.053296946 -0.0134145785
v 0.0687364861 -0.053296946 -0.0134145785
v 0.0687364861 -0.0526859276 -0.0134145785
v 0.0626706108 -0.0526859276 -0.0134145785
v 0.0233471841 -0.053296946 -0.0134145785
v 0.0233471841 -0.0526859276 -0.0134145785
v 0.0626706108 -0.0510559976 -0.0134145785
v 0.0233471841 -0.0510559976 -0.0134145785
v -0.0159762409 -0.0510559976 -0.0134145785
v -0.0159762409 -0.0526859276 -0.0134145785
v -0.0159762409 -0.053296946 -0.0134145785
v -0.0220421143 -0.0526859276 -0.0134145785
v -0.0220421143 -0.053296946 -0.0134145785
v 0.0687364861 -0.053296946 0.00701179728
v 0.0626706108 -0.0526859276 0.00701179728
v 0.0687364861 -0.0526859276 0.00701179728
v 0.0626706108 -0.053296946 0.00701179728
v 0.0233471841 -0.0526859276 0.00701179728
v 0.0233471841 -0.053296946 0.00701179728
v -0.0159762409 -0.053296946 0.00701179728
v 0.0233471841 -0.0510559976 0.00701179774
v 0.0626706108 -0.0510559976 0.00701179774
v -0.0159762409 -0.0526859276 0.00701179728
v -0.0159762409 -0.0510559976 0.00701179774
v -0.0220421143 -0.053296946 0.00701179728
v -0.0220421143 -0.0526859276 0.00701179728
v 0.0233471841 -0.0510559976 -0.0134145785
v 0.0626706108 -0.0510559976 -0.0134145785
v 0.0626706108 -0.0510559976 0.00701179774
v 0.0233471841 -0.0510559976 0.00701179774
v -0.0159762409 -0.0510559976 0.00701179774
v -0.0159762409 -0.0510559976 -0.0134145785
v 0.0626706108 -0.0526859276 -0.0134145785
v 0.0626706108 -0.0526859276 0.00701179728
v 0.0626706108 -0.0510559976 0.00701179774
v 0.0626706108 -0.0510559976 -0.0134145785
v -0.0159762409 -0.0526859276 -0.0134145785
v -0.0159762409 -0.0526859276 0.00701179728
v -0.0220421143 -0.0526859276 0.00701179728
v -0.0220421143 -0.0526859276 -0.0134145785
v 0.0233471841 -0.053296946 0.00701179728
v 0.0233471841 -0.0526859276 -0.0134145785
v 0.0233471841 -0.053296946 -0.0134145785
v 0.0233471841 -0.0526859276 0.00701179728
v 0.0233471841 -0.0510559976 -0.0134145785
v 0.0233471841 -0.0510559976 0.00701179774
v -0.0220421143 -0.053296946 -0.0134145785
v -0.0220421143 -0.0526859276 -0.0134145785
v -0.0220421143 -0.0526859276 0.00701179728
v -0.0220421143 -0.053296946 0.00701179728
v -0.0159762409 -0.0526859276 -0.0134145785
v -0.0159762409 -0.0510559976 -0.0134145785
v -0.0159762409 -0.0510559976 0.00701179774
v -0.0159762409 -0.0526859276 0.00701179728
v 0.0479836054 -0.0305358823 0.0139148086
v 0.0485517681 -0.0302688237 0.0665814877
v 0.0479836054 -0.0305358823 0.0665814877
v 0.0485517681 -0.0302688237 0.0139148086
v 0.0494366959 -0.0300568845 0.0665814877
v 0.0485517681 -0.0302688237 -0.00533421524
v 0.0479836054 -0.0305358823 -0.00533421524
v 0.0494366959 -0.0300568845 -0.00533421524
v 0.0494366959 -0.0300568845 0.0139148086
v 0.0505517721 -0.029920809 0.0665814877
v 0.0505517721 -0.029920809 -0.00533421524
v 0.0505517721 -0.029920809 0.0139148086
v 0.0517878346 -0.0298739206 0.0665814877
v 0.0517878346 -0.0298739206 -0.00533421524
v 0.0517878346 -0.0298739206 0.0139148086
v 0.0530239008 -0.029920809 -0.00533421524
v 0.0530239008 -0.029920809 0.0665814877
v 0.0530239008 -0.029920809 0.0139148086
v 0.0541389734 -0.0300568845 0.0665814877
v 0.0541389734 -0.0300568845 0.0139148086
v 0.0550239012 -0.0302688237 0.0665814877
v 0.0541389734 -0.0300568845 -0.00533421524
v 0.0530239008 -0.029920809 -0.00533421524
v 0.0550239012 -0.0302688237 -0.00533421524
v 0.0550239012 -0.0302688237 0.0139148086
v 0.0555920601 -0.0305358823 -0.00533421524
v 0.0555920601 -0.0305358823 0.0665814877
v 0.0538153537 -0.0304791201 0.0685123354
v 0.0555920601 -0.0305358823 0.0139148086
v 0.0557878353 -0.0308319237 -0.00533421524
v 0.0557878353 -0.0308319237 0.0139148086
v 0.0555920601 -0.0311279632 -0.00533421524
v 0.0555920601 -0.0311279632 0.0139148086
v 0.0555920601 -0.0311279632 0.0665814877
v 0.0557878353 -0.0308319237 0.0665814877
v 0.0541713275 -0.0306464434 0.0685123354
v 0.0542939827 -0.0308319237 0.0685123354
v 0.0541713275 -0.0310174022 0.0685123354
v 0.053774219 -0.0308319237 0.104657702
v 0.0536769964 -0.0309668519 0.104901403
v 0.0536769964 -0.0306969937 0.104414016
v 0.0533948503 -0.0305752717 0.104194164
v 0.0529554039 -0.0304786749 0.104019694
v 0.0532609113 -0.0303463303 0.0685123354
v 0.0524016619 -0.0304166544 0.103907675
v 0.0525622778 -0.0302610751 0.0685123354
v 0.0550239012 -0.0302688237 0.0665814877
v 0.0538153537 -0.0304791201 0.0685123354
v 0.0532609113 -0.0303463303 0.0685123354
v 0.0541389734 -0.0300568845 0.0665814877
v 0.0525622778 -0.0302610751 0.0685123354
v 0.0530239008 -0.029920809 0.0665814877
v 0.0517878346 -0.0302316993 0.0685123354
v 0.0517878346 -0.0298739206 0.0665814877
v 0.0510133915 -0.0302610751 0.0685123354
v 0.0505517721 -0.029920809 0.0665814877
v 0.0503147542 -0.0303463303 0.0685123354
v 0.0494366959 -0.0300568845 0.0665814877
v 0.0497603118 -0.0304791182 0.0685123354
v 0.0485517681 -0.0302688237 0.0665814877
v 0.049404338 -0.0306464434 0.0685123354
v 0.0479836054 -0.0305358823 0.0665814877
v 0.0511740111 -0.0304166544 0.103907675
v 0.0517878346 -0.0303952824 0.103869081
v 0.0524016619 -0.0304166544 0.103907675
v 0.050620269 -0.0304786749 0.104019694
v 0.0529554039 -0.0304786749 0.104019694
v 0.0501808152 -0.0305752717 0.104194164
v 0.0533948503 -0.0305752717 0.104194164
v 0.0498986728 -0.0306969918 0.104414001
v 0.0536769964 -0.0306969937 0.104414016
v 0.0498014502 -0.0308319237 0.104657702
v 0.053774219 -0.0308319237 0.104657702
v 0.0498986728 -0.0309668519 0.104901403
v 0.0536769964 -0.0309668519 0.104901403
v 0.0501808152 -0.0310885739 0.105121247
v 0.0533948503 -0.0310885739 0.105121247
v 0.0506202653 -0.0311851706 0.105295725
v 0.0529554039 -0.0311851706 0.105295725
v 0.0511740036 -0.0312471911 0.10540773
v 0.0524016619 -0.0312471911 0.10540773
v 0.0517878346 -0.0312685631 0.105446339
v 0.0525622778 -0.0302610751 0.0685123354
v 0.0524016619 -0.0304166544 0.103907675
v 0.0517878346 -0.0303952824 0.103869081
v 0.0517878346 -0.0302316993 0.0685123354
v 0.0511740111 -0.0304166544 0.103907675
v 0.0510133915 -0.0302610751 0.0685123354
v 0.050620269 -0.0304786749 0.104019694
v 0.0503147542 -0.0303463303 0.0685123354
v 0.0501808152 -0.0305752717 0.104194164
v 0.0497603118 -0.0304791182 0.0685123354
v 0.0498986728 -0.0306969918 0.104414001
v 0.049404338 -0.0306464434 0.0685123354
v 0.049404338 -0.0306464434 0.0685123354
v 0.0498986728 -0.0306969918 0.104414001
v 0.0498014502 -0.0308319237 0.104657702
v 0.0492816828 -0.0308319237 0.0685123354
v 0.0498986728 -0.0309668519 0.104901403
v 0.0479836054 -0.0305358823 0.0665814877
v 0.049404338 -0.0310174022 0.0685123354
v 0.0501808152 -0.0310885739 0.105121247
v 0.047787834 -0.0308319237 0.0665814877
v 0.0497603118 -0.0311847255 0.0685123354
v 0.0506202653 -0.0311851706 0.105295725
v 0.047787834 -0.0308319237 0.0139148086
v 0.0479836054 -0.0305358823 0.0139148086
v 0.0479836054 -0.0305358823 -0.00533421524
v 0.047787834 -0.0308319237 -0.00533421524
v 0.0479836054 -0.0311279595 0.0139148086
v 0.0479836054 -0.0311279595 -0.00533421524
v 0.0479836054 -0.0311279595 0.0665814877
v 0.0485517643 -0.0313950218 0.0139148086
v 0.0485517643 -0.0313950218 -0.00533421524
v 0.0503147505 -0.0313175134 0.0685123354
v 0.0511740036 -0.0312471911 0.10540773
v 0.0510133877 -0.0314027704 0.0685123354
v 0.0485517643 -0.0313950218 0.0665814877
v 0.0494366921 -0.031606961 0.0139148086
v 0.0494366921 -0.031606961 -0.00533421524
v 0.0494366921 -0.031606961 0.0665814877
v 0.0505517609 -0.0317430384 0.0665814877
v 0.0505517609 -0.0317430384 0.0139148086
v 0.0505517609 -0.0317430384 -0.00533421524
v 0.0510133877 -0.0314027704 0.0685123354
v 0.0511740036 -0.0312471911 0.10540773
v 0.0517878346 -0.0312685631 0.105446339
v 0.0517878346 -0.0314321481 0.0685123354
v 0.0524016619 -0.0312471911 0.10540773
v 0.0505517609 -0.0317430384 0.0665814877
v 0.0525622778 -0.0314027704 0.0685123354
v 0.0529554039 -0.0311851706 0.105295725
v 0.0517878346 -0.0317899249 0.0665814877
v 0.0532609113 -0.0313175134 0.0685123354
v 0.0533948503 -0.0310885739 0.105121247
v 0.0517878346 -0.0317899249 0.0139148086
v 0.0505517609 -0.0317430384 0.0139148086
v 0.0505517609 -0.0317430384 -0.00533421524
v 0.0517878346 -0.0317899249 -0.00533421524
v 0.0530239008 -0.0317430384 0.0139148086
v 0.0530239008 -0.0317430384 -0.00533421524
v 0.0530239008 -0.0317430384 0.0665814877
v 0.0541389734 -0.031606961 0.0139148086
v 0.0541389734 -0.031606961 -0.00533421524
v 0.0538153537 -0.0311847255 0.0685123354
v 0.0536769964 -0.0309668519 0.104901403
v 0.0541713275 -0.0310174022 0.0685123354
v 0.0541389734 -0.031606961 0.0665814877
v 0.0550239012 -0.0313950218 0.0139148086
v 0.0550239012 -0.0313950218 -0.00533421524
v 0.0550239012 -0.0313950218 0.0665814877
v 0.0555920601 -0.0311279632 0.0665814877
v 0.0555920601 -0.0311279632 0.0139148086
v 0.0555920601 -0.0311279632 -0.00533421524
v 0.0555920601 -0.0311279632 -0.00533421524
v 0.0557878353 -0.0308319237 -0.00533421524
v 0.0555920601 -0.0305358823 -0.00533421524
v 0.0550239012 -0.0313950218 -0.00533421524
v 0.0550239012 -0.0302688237 -0.00533421524
v 0.0541389734 -0.031606961 -0.00533421524
v 0.0541389734 -0.0300568845 -0.00533421524
v 0.0530239008 -0.0317430384 -0.00533421524
v 0.0530239008 -0.029920809 -0.00533421524
v 0.0517878346 -0.0317899249 -0.00533421524
v 0.0517878346 -0.0298739206 -0.00533421524
v 0.0505517609 -0.0317430384 -0.00533421524
v 0.0505517721 -0.029920809 -0.00533421524
v 0.0494366959 -0.0300568845 -0.00533421524
v 0.0494366921 -0.031606961 -0.00533421524
v 0.0485517681 -0.0302688237 -0.00533421524
v 0.0485517643 -0.0313950218 -0.00533421524
v 0.0479836054 -0.0305358823 -0.00533421524
v 0.0479836054 -0.0311279595 -0.00533421524
v 0.047787834 -0.0308319237 -0.00533421524
v 0.0485230498 -0.0388475768 -0.00530927163
v 0.0485230498 -0.0412901901 -0.00530927163
v 0.0449381284 -0.0511524044 -0.00530927163
v 0.0449381284 -0.0511524044 -0.00230220798
v 0.0442365929 -0.0530823544 -0.00530927163
v 0.0442365929 -0.0530823544 -0.00230220798
v 0.0442365929 -0.0530823544 0.00769892428
v 0.0442365929 -0.0530823544 -0.00230220798
v 0.023742184 -0.0531885549 0.00770592177
v 0.0442365929 -0.0530823544 0.00769892428
v 0.023742184 -0.0531069078 -0.00230058911
v 0.0442365929 -0.0530823544 -0.00530927163
v 0.023742184 -0.0530823544 -0.00530927163
v 0.0409132838 -0.0523207746 0.0386509523
v 0.0409384333 -0.0532940775 0.0386402011
v 0.0414037742 -0.0532882474 0.0380659513
v 0.0413822457 -0.0523149148 0.0380753577
v 0.0417501144 -0.0532840155 0.0374105722
v 0.0417314135 -0.0523106605 0.0374173597
v 0.041963838 -0.0532815456 0.0366989896
v 0.0419467613 -0.0523081757 0.0367023237
v 0.042047374 -0.0532807894 0.0358496979
v 0.0420300886 -0.0523074195 0.0358503759
v 0.042047549 -0.0532817505 0.0217838809
v 0.042030178 -0.0523083769 0.0217848383
v 0.0420477018 -0.0532825589 0.00990547147
v 0.0420302488 -0.052309189 0.00990666635
v 0.0403430983 -0.0523280092 0.0391222984
v 0.0409384333 -0.0532940775 0.0386402011
v 0.0409132838 -0.0523207746 0.0386509523
v 0.0403721221 -0.0533012748 0.0391116925
v 0.0396938995 -0.0523363389 0.0394718274
v 0.0397264622 -0.0533095822 0.039462842
v 0.038990587 -0.0523454398 0.0396867134
v 0.0390252396 -0.0533186719 0.0396804139
v 0.0381507203 -0.0523555465 0.0397700146
v 0.0381848887 -0.053328786 0.0397661738
v 0.0337420292 -0.0524007082 0.0397700071
v 0.0337575972 -0.0533740781 0.039762605
v 0.0259485263 -0.0523893982 0.0397701599
v 0.0259558558 -0.0533627979 0.0397642963
v 0.0442365929 -0.0530823544 0.00769892428
v 0.0457170345 -0.0511686467 0.00769892428
v 0.0449381284 -0.0511524044 0.00769892428
v 0.0447713733 -0.0532189533 0.00769812334
v 0.023742184 -0.0531885549 0.00770592177
v 0.023742184 -0.0533757657 0.00770476088
v 0.0337421782 -0.051403448 0.0419769958
v 0.023742184 -0.0514034443 0.0427588448
v 0.023742184 -0.0514034443 0.0419769958
v 0.0337421782 -0.051403448 0.0427588448
v 0.0389408953 -0.0512699746 0.0419769958
v 0.0389841646 -0.0512708761 0.0427576341
v 0.0401108973 -0.0512470379 0.0418613441
v 0.0402729362 -0.0512504131 0.0426260829
v 0.0412359387 -0.0512249842 0.0415188335
v 0.0415447019 -0.0512314215 0.0422366261
v 0.0422727801 -0.0512046553 0.040962629
v 0.0427154563 -0.0512138829 0.0416059345
v 0.0431815796 -0.0511868373 0.0402141027
v 0.0437403284 -0.05119849 0.0407588221
v 0.0439274125 -0.0511722155 0.0393020213
v 0.0445803627 -0.0511858314 0.0397282951
v 0.0444816202 -0.0511613563 0.0382614359
v 0.0452038907 -0.0511764139 0.0385541096
v 0.0448228903 -0.0511546656 0.037132334
v 0.0455875434 -0.0511706062 0.0372812264
v 0.0449381284 -0.0511524044 0.0359581076
v 0.045716133 -0.051168628 0.0359957218
v 0.0449381284 -0.0511524044 0.0206372235
v 0.0457166173 -0.0511686355 0.0206544437
v 0.0449381284 -0.0511524044 0.00769892428
v 0.0457170345 -0.0511686467 0.00769892428
v 0.0337421782 -0.051403448 0.0427588448
v 0.023742184 -0.0533214621 0.0425277427
v 0.023742184 -0.0514034443 0.0427588448
v 0.0337533131 -0.0533224419 0.042523507
v 0.0383094251 -0.0532735251 0.0425347686
v 0.0389841646 -0.0512708761 0.0427576341
v 0.0395564847 -0.0532603413 0.0424116254
v 0.0402729362 -0.0512504131 0.0426260829
v 0.0407811254 -0.053249795 0.042030178
v 0.0415447019 -0.0512314215 0.0422366261
v 0.0419067331 -0.0532401055 0.0414167866
v 0.0427154563 -0.0512138829 0.0416059345
v 0.0428911299 -0.0532316044 0.0405957364
v 0.0437403284 -0.05119849 0.0407588221
v 0.0437403284 -0.05119849 0.0407588221
v 0.043697428 -0.0532246195 0.0395988971
v 0.0428911299 -0.0532316044 0.0405957364
v 0.0445803627 -0.0511858314 0.0397282951
v 0.0442956686 -0.0532194115 0.0384644754
v 0.0452038907 -0.0511764139 0.0385541096
v 0.0446637422 -0.0532162003 0.0372355133
v 0.0455875434 -0.0511706062 0.0372812264
v 0.0447793938 -0.0532169901 0.0359835923
v 0.045716133 -0.051168628 0.0359957218
v 0.0447750464 -0.0532180518 0.0206484552
v 0.0457166173 -0.0511686355 0.0206544437
v 0.0447713733 -0.0532189533 0.00769812334
v 0.0457170345 -0.0511686467 0.00769892428
v 0.0420302488 -0.052309189 0.00990666635
v 0.0420477018 -0.0532825589 0.00990547147
v 0.0259656589 -0.0533661395 0.00991099328
v 0.0259488262 -0.0523927659 0.00991215464
v 0.0449381284 -0.0511524044 -0.00530927163
v 0.023742184 -0.0530823544 -0.00530927163
v 0.0442365929 -0.0530823544 -0.00530927163
v 0.0242972914 -0.0511524044 -0.00530927163
v 0.0485230498 -0.0412901901 -0.00530927163
v 0.023742184 -0.0412901901 -0.00530927163
v 0.0485230498 -0.0388475768 -0.00530927163
v 0.0237540435 -0.0388475768 -0.00530927163
v 0.0485230498 -0.0388475768 -0.00530927163
v 0.0562087707 -0.0318583846 -0.00530927163
v 0.0485230498 -0.0318583846 -0.00530927163
v 0.0562087707 -0.0388475768 -0.00530927163
v 0.0618433766 -0.0318583846 -0.00530927163
v 0.0618433766 -0.0388475768 -0.00530927163
v 0.0485230498 -0.0318583846 -0.00530927163
v 0.0485230498 -0.0373593569 0.0607745647
v 0.0473017097 -0.0373593569 0.0607745647
v 0.0473017097 -0.0379196517 0.0454338528
v 0.0485230498 -0.0379196517 0.0454338528
v 0.0468238853 -0.0172276739 0.0692787394
v 0.0480677597 -0.0172276739 0.068034865
v 0.0485230498 -0.0324335769 0.0612964891
v 0.0473017097 -0.0324335769 0.0612964891
v 0.0473017097 -0.0373593569 0.0607745647
v 0.0485230498 -0.0373593569 0.0607745647
v 0.0562087707 -0.0318583846 -0.00230220798
v 0.0618433766 -0.0318583846 -0.00230220798
v 0.0618433766 -0.0388475768 -0.00230220798
v 0.0562087707 -0.0388475768 -0.00230220798
v 0.0485230498 -0.0318583846 -0.00230220798
v 0.0562087707 -0.0318583846 0.00769892428
v 0.0485230498 -0.0318583846 0.00769892428
v 0.0562087707 -0.0318583846 -0.00230220798
v 0.0485230498 -0.0318583846 -0.00530927163
v 0.0562087707 -0.0318583846 -0.00530927163
v 0.0618433766 -0.0318583846 -0.00230220798
v 0.0618433766 -0.0318583846 -0.00530927163
v 0.0485230498 -0.0388475768 -0.00230220798
v 0.0562087707 -0.0388475768 -0.00530927163
v 0.0485230498 -0.0388475768 -0.00530927163
v 0.0562087707 -0.0388475768 -0.00230220798
v 0.0485230498 -0.0388475768 0.00769892428
v 0.0562087707 -0.0388475768 0.00769892428
v 0.0618433766 -0.0388475768 -0.00530927163
v 0.0618433766 -0.0388475768 -0.00230220798
v 0.0485230498 -0.0318583846 0.00769892428
v 0.0562087707 -0.0318583846 0.00769892428
v 0.0562087707 -0.0388475768 0.00769892428
v 0.0485230498 -0.0388475768 0.00769892428
v 0.0562087707 -0.0388475768 0.00769892428
v 0.0562087707 -0.0318583846 0.00769892428
v 0.0562087707 -0.0318583846 -0.00230220798
v 0.0562087707 -0.0388475768 -0.00230220798
v 0.0239022449 -0.00850348175 -0.00530927163
v 0.0239022449 -0.00458256248 -0.00530927163
v 0.0239022449 -0.00458256248 -0.00230220798
v 0.0239022449 -0.00850348175 -0.00230220798
v 0.0239022449 -0.0102132699 -0.00530927163
v 0.0239022449 -0.00458256248 0.00769892428
v 0.0239022449 -0.0102132699 -0.00230220798
v 0.0239022449 -0.0172276739 -0.00530927163
v 0.0239022449 -0.0172276739 -0.00230220798
v 0.0239022449 -0.00850348175 0.00769892428
v 0.0239022449 -0.00458256248 0.014183905
v 0.0239022449 -0.00850348175 0.014183905
v 0.0239022449 -0.0102132699 0.00769892428
v 0.0239022449 -0.0172276739 0.00769892428
v 0.0239022449 -0.0102132699 0.014183905
v 0.0239022449 -0.0172276739 0.014183905
v 0.0239022449 -0.0102132699 0.0177481584
v 0.0239022449 -0.00850348175 0.0177481584
v 0.0618433766 -0.0388475768 -0.00230220798
v 0.0618433766 -0.0318583846 -0.00230220798
v 0.0618433766 -0.0318583846 -0.00530927163
v 0.0618433766 -0.0388475768 -0.00530927163
v 0.0486141369 -0.0172268488 -0.000991511275
v 0.0482225902 -0.0172268488 0.00148063176
v 0.0482225902 -0.0297098383 0.00148063176
v 0.0486141369 -0.0297098383 -0.000991511275
v 0.0482225902 -0.0172268488 0.00148063176
v 0.0486141369 -0.0172268488 0.00395276537
v 0.0486141369 -0.0297098383 0.00395276537
v 0.0482225902 -0.0297098383 0.00148063176
v 0.0300574433 -0.0172276739 -0.00530927163
v 0.0239022449 -0.0102132699 -0.00530927163
v 0.0239022449 -0.0172276739 -0.00530927163
v 0.0300574433 -0.0102132699 -0.00530927163
v 0.0362126455 -0.0172276739 -0.00530927163
v 0.0239022449 -0.00850348175 -0.00530927163
v 0.0362126455 -0.0102132699 -0.00530927163
v 0.0300574433 -0.00850348175 -0.00530927163
v 0.0239022449 -0.00458256248 -0.00530927163
v 0.0362126455 -0.00850348175 -0.00530927163
v 0.0300574433 -0.00458256248 -0.00530927163
v 0.0362126455 -0.00458256248 -0.00530927163
v -0.00103868009 -0.0412901901 -0.00530927163
v -0.00103868009 -0.0388475768 -0.00530927163
v 0.00254623895 -0.0511524044 -0.00530927163
v 0.00254623895 -0.0511524044 -0.00230220798
v 0.0032477784 -0.0530823544 -0.00530927163
v 0.0032477784 -0.0530823544 -0.00230220798
v 0.0032477784 -0.0530823544 0.00769892428
v 0.0032477784 -0.0530823544 -0.00230220798
v 0.0032477784 -0.0530823544 0.00769892428
v 0.023742184 -0.0531885549 0.00770592177
v 0.023742184 -0.0531069078 -0.00230058911
v 0.0032477784 -0.0530823544 -0.00530927163
v 0.023742184 -0.0530823544 -0.00530927163
v 0.023742184 -0.0514034443 0.0419769958
v 0.023742184 -0.0533214621 0.0425277427
v 0.023742184 -0.0514034443 0.0427588448
v 0.023742184 -0.0531885549 0.0419769958
v 0.023742184 -0.0533757657 0.00770476088
v 0.023742184 -0.0531885549 0.00770592177
v 0.00657108519 -0.0523207746 0.0386509523
v 0.00608059531 -0.0532882474 0.0380659513
v 0.00654593203 -0.0532940775 0.0386402011
v 0.0061021233 -0.0523149148 0.0380753577
v 0.00573425507 -0.0532840155 0.0374105722
v 0.00575295417 -0.0523106605 0.0374173597
v 0.00552052865 -0.0532815456 0.0366989896
v 0.00553760258 -0.0523081757 0.0367023237
v 0.00543699507 -0.0532807894 0.0358496979
v 0.00545427902 -0.0523074195 0.0358503759
v 0.00543681951 -0.0532817505 0.0217838809
v 0.00545419194 -0.0523083769 0.0217848383
v 0.0054366705 -0.0532825589 0.00990547147
v 0.00545412069 -0.052309189 0.00990666635
v 0.00714127161 -0.0523280092 0.0391222984
v 0.00657108519 -0.0523207746 0.0386509523
v 0.00654593203 -0.0532940775 0.0386402011
v 0.00711224321 -0.0533012748 0.0391116925
v 0.00779047003 -0.0523363389 0.0394718274
v 0.00775790773 -0.0533095822 0.039462842
v 0.00849378109 -0.0523454398 0.0396867134
v 0.00845912937 -0.0533186719 0.0396804139
v 0.00933364686 -0.0523555465 0.0397700146
v 0.00929947756 -0.053328786 0.0397661738
v 0.0137423389 -0.0524007082 0.0397700071
v 0.0137267709 -0.0533740781 0.039762605
v 0.0215358417 -0.0523893982 0.0397701599
v 0.0215285122 -0.0533627979 0.0397642963
v 0.0032477784 -0.0530823544 0.00769892428
v 0.00254623895 -0.0511524044 0.00769892428
v 0.00176733488 -0.0511686467 0.00769892428
v 0.00271299109 -0.0532189533 0.00769812334
v 0.023742184 -0.0531885549 0.00770592177
v 0.023742184 -0.0533757657 0.00770476088
v 0.0137421889 -0.051403448 0.0419769958
v 0.023742184 -0.0514034443 0.0419769958
v 0.023742184 -0.0514034443 0.0427588448
v 0.0137421889 -0.051403448 0.0427588448
v 0.00854347367 -0.0512699746 0.0419769958
v 0.00850020256 -0.0512708761 0.0427576341
v 0.00737347221 -0.0512470379 0.0418613441
v 0.00721143326 -0.0512504131 0.0426260829
v 0.00624843128 -0.0512249842 0.0415188335
v 0.00593966246 -0.0512314215 0.0422366261
v 0.00521158706 -0.0512046553 0.040962629
v 0.00476891035 -0.0512138829 0.0416059345
v 0.00430278759 -0.0511868373 0.0402141027
v 0.00374403945 -0.05119849 0.0407588221
v 0.00355695467 -0.0511722155 0.0393020213
v 0.00290400255 -0.0511858314 0.0397282951
v 0.00300275092 -0.0511613563 0.0382614359
v 0.00228047837 -0.0511764139 0.0385541096
v 0.00266147358 -0.0511546656 0.037132334
v 0.0018968248 -0.0511706062 0.0372812264
v 0.00254623895 -0.0511524044 0.0359581076
v 0.00176823616 -0.051168628 0.0359957218
v 0.00254623895 -0.0511524044 0.0206372235
v 0.00176774734 -0.0511686355 0.0206544437
v 0.00254623895 -0.0511524044 0.00769892428
v 0.00176733488 -0.0511686467 0.00769892428
v 0.0137421889 -0.051403448 0.0427588448
v 0.023742184 -0.0514034443 0.0427588448
v 0.023742184 -0.0533214621 0.0425277427
v 0.0137310559 -0.0533224419 0.042523507
v 0.0091749439 -0.0532735251 0.0425347686
v 0.00850020256 -0.0512708761 0.0427576341
v 0.00792788249 -0.0532603413 0.0424116254
v 0.00721143326 -0.0512504131 0.0426260829
v 0.00670324545 -0.053249795 0.042030178
v 0.00593966246 -0.0512314215 0.0422366261
v 0.00557763455 -0.0532401055 0.0414167866
v 0.00476891035 -0.0512138829 0.0416059345
v 0.00459324103 -0.0532316044 0.0405957364
v 0.00374403945 -0.05119849 0.0407588221
v 0.00374403945 -0.05119849 0.0407588221
v 0.00459324103 -0.0532316044 0.0405957364
v 0.00378694059 -0.0532246195 0.0395988971
v 0.00290400255 -0.0511858314 0.0397282951
v 0.00318870065 -0.0532194115 0.0384644754
v 0.00228047837 -0.0511764139 0.0385541096
v 0.00282062287 -0.0532162003 0.0372355133
v 0.0018968248 -0.0511706062 0.0372812264
v 0.00270497077 -0.0532169901 0.0359835923
v 0.00176823616 -0.051168628 0.0359957218
v 0.00270931958 -0.0532180518 0.0206484552
v 0.00176774734 -0.0511686355 0.0206544437
v 0.00271299109 -0.0532189533 0.00769812334
v 0.00176733488 -0.0511686467 0.00769892428
v 0.00545412069 -0.052309189 0.00990666635
v 0.0215355419 -0.0523927659 0.00991215464
v 0.0215187091 -0.0533661395 0.00991099328
v 0.0054366705 -0.0532825589 0.00990547147
v 0.00254623895 -0.0511524044 -0.00530927163
v 0.0032477784 -0.0530823544 -0.00530927163
v 0.023742184 -0.0530823544 -0.00530927163
v 0.0231870767 -0.0511524044 -0.00530927163
v -0.00103868009 -0.0412901901 -0.00530927163
v 0.023742184 -0.0412901901 -0.00530927163
v -0.00103868009 -0.0388475768 -0.00530927163
v 0.0237303246 -0.0388475768 -0.00530927163
v -0.00103868009 -0.0388475768 -0.00530927163
v -0.00103868009 -0.0318583846 -0.00530927163
v -0.00872440077 -0.0318583846 -0.00530927163
v -0.00872440077 -0.0388475768 -0.00530927163
v -0.0143590067 -0.0318583846 -0.00530927163
v -0.0143590067 -0.0388475768 -0.00530927163
v -0.00103868009 -0.0318583846 -0.00530927163
v -0.00103868009 -0.0373593569 0.0607745647
v -0.00103868009 -0.0379196517 0.0454338528
v 0.000182659627 -0.0379196517 0.0454338528
v 0.000182659627 -0.0373593569 0.0607745647
v 0.000660481455 -0.0172276739 0.0692787394
v -0.000583391171 -0.0172276739 0.068034865
v -0.00103868009 -0.0324335769 0.0612964891
v -0.00103868009 -0.0373593569 0.0607745647
v 0.000182659627 -0.0373593569 0.0607745647
v 0.000182659627 -0.0324335769 0.0612964891
v -0.00872440077 -0.0318583846 -0.00230220798
v -0.00872440077 -0.0388475768 -0.00230220798
v -0.0143590067 -0.0388475768 -0.00230220798
v -0.0143590067 -0.0318583846 -0.00230220798
v -0.00103868009 -0.0318583846 -0.00230220798
v -0.00103868009 -0.0318583846 0.00769892428
v -0.00872440077 -0.0318583846 0.00769892428
v -0.00872440077 -0.0318583846 -0.00230220798
v -0.00103868009 -0.0318583846 -0.00530927163
v -0.00872440077 -0.0318583846 -0.00530927163
v -0.0143590067 -0.0318583846 -0.00230220798
v -0.0143590067 -0.0318583846 -0.00530927163
v -0.00103868009 -0.0388475768 -0.00230220798
v -0.00103868009 -0.0388475768 -0.00530927163
v -0.00872440077 -0.0388475768 -0.00530927163
v -0.00872440077 -0.0388475768 -0.00230220798
v -0.00103868009 -0.0388475768 0.00769892428
v -0.00872440077 -0.0388475768 0.00769892428
v -0.0143590067 -0.0388475768 -0.00530927163
v -0.0143590067 -0.0388475768 -0.00230220798
v -0.00103868009 -0.0318583846 0.00769892428
v -0.00103868009 -0.0388475768 0.00769892428
v -0.00872440077 -0.0388475768 0.00769892428
v -0.00872440077 -0.0318583846 0.00769892428
v -0.00872440077 -0.0388475768 0.00769892428
v -0.00872440077 -0.0388475768 -0.00230220798
v -0.00872440077 -0.0318583846 -0.00230220798
v -0.00872440077 -0.0318583846 0.00769892428
v 0.0235821251 -0.00850348175 -0.00530927163
v 0.0235821251 -0.00458256248 -0.00230220798
v 0.0235821251 -0.00458256248 -0.00530927163
v 0.0235821251 -0.00850348175 -0.00230220798
v 0.0235821251 -0.0102132699 -0.00530927163
v 0.0235821251 -0.00458256248 0.00769892428
v 0.0235821251 -0.0102132699 -0.00230220798
v 0.0235821251 -0.0172276739 -0.00530927163
v 0.0235821251 -0.0172276739 -0.00230220798
v 0.0235821251 -0.00850348175 0.00769892428
v 0.0235821251 -0.00458256248 0.014183905
v 0.0235821251 -0.00850348175 0.014183905
v 0.0235821251 -0.0102132699 0.00769892428
v 0.0235821251 -0.0172276739 0.00769892428
v 0.0235821251 -0.0102132699 0.014183905
v 0.0235821251 -0.0172276739 0.014183905
v 0.0235821251 -0.0102132699 0.0177481584
v 0.0235821251 -0.00850348175 0.0177481584
v -0.0143590067 -0.0388475768 -0.00230220798
v -0.0143590067 -0.0388475768 -0.00530927163
v -0.0143590067 -0.0318583846 -0.00530927163
v -0.0143590067 -0.0318583846 -0.00230220798
v -0.00112976786 -0.0172268488 -0.000991511275
v -0.00112976786 -0.0297098383 -0.000991511275
v -0.000738222559 -0.0297098383 0.00148063176
v -0.000738222559 -0.0172268488 0.00148063176
v -0.000738222559 -0.0172268488 0.00148063176
v -0.000738222559 -0.0297098383 0.00148063176
v -0.00112977263 -0.0297098383 0.00395276537
v -0.00112977263 -0.0172268488 0.00395276537
v 0.0174269229 -0.0172276739 -0.00530927163
v 0.0235821251 -0.0172276739 -0.00530927163
v 0.0235821251 -0.0102132699 -0.00530927163
v 0.0174269229 -0.0102132699 -0.00530927163
v 0.0112717217 -0.0172276739 -0.00530927163
v 0.0235821251 -0.00850348175 -0.00530927163
v 0.0112717217 -0.0102132699 -0.00530927163
v 0.0174269229 -0.00850348175 -0.00530927163
v 0.0235821251 -0.00458256248 -0.00530927163
v 0.0112717217 -0.00850348175 -0.00530927163
v 0.0174269229 -0.00458256248 -0.00530927163
v 0.0112717217 -0.00458256248 -0.00530927163
v 0.00654593203 -0.0532940775 0.0386402011
v 0.00608059531 -0.0532882474 0.0380659513
v 0.00378694059 -0.0532246195 0.0395988971
v 0.00459324103 -0.0532316044 0.0405957364
v 0.00318870065 -0.0532194115 0.0384644754
v 0.00711224321 -0.0533012748 0.0391116925
v 0.00573425507 -0.0532840155 0.0374105722
v 0.00557763455 -0.0532401055 0.0414167866
v 0.00282062287 -0.0532162003 0.0372355133
v 0.00775790773 -0.0533095822 0.039462842
v 0.00552052865 -0.0532815456 0.0366989896
v 0.00670324545 -0.053249795 0.042030178
v 0.00270497077 -0.0532169901 0.0359835923
v 0.00845912937 -0.0533186719 0.0396804139
v 0.00543699507 -0.0532807894 0.0358496979
v 0.00792788249 -0.0532603413 0.0424116254
v 0.00270931958 -0.0532180518 0.0206484552
v 0.00929947756 -0.053328786 0.0397661738
v 0.00543681951 -0.0532817505 0.0217838809
v 0.0091749439 -0.0532735251 0.0425347686
v 0.00271299109 -0.0532189533 0.00769812334
v 0.0137267709 -0.0533740781 0.039762605
v 0.0054366705 -0.0532825589 0.00990547147
v 0.0137310559 -0.0533224419 0.042523507
v 0.023742184 -0.0533757657 0.00770476088
v 0.0215285122 -0.0533627979 0.0397642963
v 0.0215187091 -0.0533661395 0.00991099328
v 0.023742184 -0.0533214621 0.0425277427
v 0.0409384333 -0.0532940775 0.0386402011
v 0.043697428 -0.0532246195 0.0395988971
v 0.0414037742 -0.0532882474 0.0380659513
v 0.0428911299 -0.0532316044 0.0405957364
v 0.0442956686 -0.0532194115 0.0384644754
v 0.0403721221 -0.0533012748 0.0391116925
v 0.0417501144 -0.0532840155 0.0374105722
v 0.0419067331 -0.0532401055 0.0414167866
v 0.0446637422 -0.0532162003 0.0372355133
v 0.0397264622 -0.0533095822 0.039462842
v 0.041963838 -0.0532815456 0.0366989896
v 0.0407811254 -0.053249795 0.042030178
v 0.0447793938 -0.0532169901 0.0359835923
v 0.0390252396 -0.0533186719 0.0396804139
v 0.042047374 -0.0532807894 0.0358496979
v 0.0395564847 -0.0532603413 0.0424116254
v 0.0447750464 -0.0532180518 0.0206484552
v 0.0381848887 -0.053328786 0.0397661738
v 0.042047549 -0.0532817505 0.0217838809
v 0.0383094251 -0.0532735251 0.0425347686
v 0.0447713733 -0.0532189533 0.00769812334
v 0.0337575972 -0.0533740781 0.039762605
v 0.0420477018 -0.0532825589 0.00990547147
v 0.0337533131 -0.0533224419 0.042523507
v 0.023742184 -0.0533757657 0.00770476088
v 0.0259558558 -0.0533627979 0.0397642963
v 0.0259656589 -0.0533661395 0.00991099328
v 0.023742184 -0.0533214621 0.0425277427
v -0.0106686521 -0.0417984985 0.00777464872
v -0.011627336 -0.0415209532 0.00777464872
v -0.011627336 -0.0415209532 0.0382903218
v -0.0106686521 -0.0417984985 0.0382903218
v -0.00945189036 -0.0420102254 0.00777464872
v -0.00945189036 -0.0420102254 0.0382903218
v -0.00805350766 -0.0421428233 0.00777464872
v -0.00805350766 -0.0421428233 0.0382903218
v -0.00656136777 -0.0421879701 0.00777464872
v -0.00656136777 -0.0421879701 0.0382903218
v -0.0050692372 -0.0421428233 0.00777464872
v -0.0050692372 -0.0421428233 0.0382903218
v -0.00367085333 -0.0420102254 0.00777464872
v -0.00367085333 -0.0420102254 0.0382903218
v -0.00245409133 -0.0417984985 0.00777464872
v -0.00245409133 -0.0417984985 0.0382903218
v -0.011627336 -0.0415209532 0.00777464872
v -0.0122677088 -0.0411950275 0.0382903218
v -0.011627336 -0.0415209532 0.0382903218
v -0.0122677088 -0.0411950275 0.00777464872
v -0.0125495298 -0.0408412032 0.0382903218
v -0.0125495298 -0.0408412032 0.00777464872
v -0.0124550937 -0.0404817052 0.0382903218
v -0.0124550937 -0.0404817052 0.00777464872
v -0.011990332 -0.0401391275 0.0382903218
v -0.011990332 -0.0401391275 0.00777464872
v -0.0111844502 -0.0398349911 0.0382903218
v -0.0111844502 -0.0398349911 0.00777464872
v -0.0111844502 -0.0398349911 0.00777464872
v -0.0100880815 -0.0395884141 0.0382903218
v -0.0111844502 -0.0398349911 0.0382903218
v -0.0100880815 -0.0395884141 0.00777464872
v -0.0087701166 -0.0394148789 0.0382903218
v -0.0087701166 -0.0394148789 0.00777464872
v -0.00731336838 -0.0393252969 0.0382903218
v -0.00731336838 -0.0393252969 0.00777464872
v -0.00580936857 -0.0393252969 0.0382903218
v -0.00580936857 -0.0393252969 0.00777464872
v -0.00435262034 -0.0394148789 0.0382903218
v -0.00435262034 -0.0394148789 0.00777464872
v -0.0030346557 -0.0395884141 0.0382903218
v -0.0030346557 -0.0395884141 0.00777464872
v -0.0030346557 -0.0395884141 0.00777464872
v -0.00193828903 -0.0398349911 0.0382903218
v -0.0030346557 -0.0395884141 0.0382903218
v -0.00193828903 -0.0398349911 0.00777464872
v -0.00113240595 -0.0401391275 0.0382903218
v -0.00113240595 -0.0401391275 0.00777464872
v -0.000667645945 -0.0404817052 0.0382903218
v -0.000667645945 -0.0404817052 0.00777464872
v -0.000573209487 -0.0408412032 0.0382903218
v -0.000573209487 -0.0408412032 0.00777464872
v -0.00085503218 -0.0411950275 0.0382903218
v -0.00085503218 -0.0411950275 0.00777464872
v -0.00149540475 -0.0415209569 0.0382903218
v -0.00149540475 -0.0415209569 0.00777464872
v -0.00245409133 -0.0417984985 0.0382903218
v -0.00245409133 -0.0417984985 0.00777464872
v -0.000667645945 -0.0404817052 0.0382903218
v -0.000573209487 -0.0408412032 0.0382903218
v -0.00085503218 -0.0411950275 0.0382903218
v -0.00113240595 -0.0401391275 0.0382903218
v -0.00149540475 -0.0415209569 0.0382903218
v -0.00193828903 -0.0398349911 0.0382903218
v -0.00245409133 -0.0417984985 0.0382903218
v -0.0030346557 -0.0395884141 0.0382903218
v -0.00367085333 -0.0420102254 0.0382903218
v -0.00435262034 -0.0394148789 0.0382903218
v -0.0050692372 -0.0421428233 0.0382903218
v -0.00580936857 -0.0393252969 0.0382903218
v -0.00656136777 -0.0421879701 0.0382903218
v -0.00731336838 -0.0393252969 0.0382903218
v -0.00805350766 -0.0421428233 0.0382903218
v -0.0087701166 -0.0394148789 0.0382903218
v -0.00945189036 -0.0420102254 0.0382903218
v -0.0100880815 -0.0395884141 0.0382903218
v -0.0106686521 -0.0417984985 0.0382903218
v -0.0111844502 -0.0398349911 0.0382903218
v -0.011627336 -0.0415209532 0.0382903218
v -0.011990332 -0.0401391275 0.0382903218
v -0.0122677088 -0.0411950275 0.0382903218
v -0.0124550937 -0.0404817052 0.0382903218
v -0.0125495298 -0.0408412032 0.0382903218
v -0.00085503218 -0.0411950275 0.00777464872
v -0.000573209487 -0.0408412032 0.00777464872
v -0.000667645945 -0.0404817052 0.00777464872
v -0.00113240595 -0.0401391275 0.00777464872
v -0.00149540475 -0.0415209569 0.00777464872
v -0.00193828903 -0.0398349911 0.00777464872
v -0.00245409133 -0.0417984985 0.00777464872
v -0.0030346557 -0.0395884141 0.00777464872
v -0.00367085333 -0.0420102254 0.00777464872
v -0.00435262034 -0.0394148789 0.00777464872
v -0.0050692372 -0.0421428233 0.00777464872
v -0.00580936857 -0.0393252969 0.00777464872
v -0.00656136777 -0.0421879701 0.00777464872
v -0.00731336838 -0.0393252969 0.00777464872
v -0.00805350766 -0.0421428233 0.00777464872
v -0.0087701166 -0.0394148789 0.00777464872
v -0.00945189036 -0.0420102254 0.00777464872
v -0.0100880815 -0.0395884141 0.00777464872
v -0.0106686521 -0.0417984985 0.00777464872
v -0.0111844502 -0.0398349911 0.00777464872
v -0.011627336 -0.0415209532 0.00777464872
v -0.011990332 -0.0401391275 0.00777464872
v -0.0122677088 -0.0411950275 0.00777464872
v -0.0124550937 -0.0404817052 0.00777464872
v -0.0125495298 -0.0408412032 0.00777464872
v 0.0581133105 -0.0392464995 0.00777464872
v 0.059071999 -0.0395240448 0.00777464872
v 0.059071999 -0.0395240448 0.0382903218
v 0.0581133105 -0.0392464995 0.0382903218
v 0.0568965524 -0.0390347764 0.00777464872
v 0.0568965524 -0.0390347764 0.0382903218
v 0.0554981641 -0.0389021747 0.00777464872
v 0.0554981641 -0.0389021747 0.0382903218
v 0.0540060252 -0.0388570316 0.00777464872
v 0.0540060252 -0.0388570316 0.0382903218
v 0.0525138974 -0.0389021747 0.00777464872
v 0.0525138974 -0.0389021747 0.0382903218
v 0.0511155128 -0.0390347764 0.00777464872
v 0.0511155128 -0.0390347764 0.0382903218
v 0.0498987511 -0.0392464995 0.00777464872
v 0.0498987511 -0.0392464995 0.0382903218
v 0.059071999 -0.0395240448 0.00777464872
v 0.0597123653 -0.0398499742 0.0382903218
v 0.059071999 -0.0395240448 0.0382903218
v 0.0597123653 -0.0398499742 0.00777464872
v 0.0599941872 -0.0402037986 0.0382903218
v 0.0599941872 -0.0402037986 0.00777464872
v 0.0598997474 -0.0405632965 0.0382903218
v 0.0598997474 -0.0405632965 0.00777464872
v 0.0594349913 -0.0409058742 0.0382903218
v 0.0594349913 -0.0409058742 0.00777464872
v 0.0586291067 -0.0412100106 0.0382903218
v 0.0586291067 -0.0412100106 0.00777464872
v 0.0586291067 -0.0412100106 0.00777464872
v 0.0575327389 -0.0414565876 0.0382903218
v 0.0586291067 -0.0412100106 0.0382903218
v 0.0575327389 -0.0414565876 0.00777464872
v 0.0562147684 -0.0416301228 0.0382903218
v 0.0562147684 -0.0416301228 0.00777464872
v 0.0547580235 -0.0417197011 0.0382903218
v 0.0547580235 -0.0417197011 0.00777464872
v 0.0532540269 -0.0417197011 0.0382903218
v 0.0532540269 -0.0417197011 0.00777464872
v 0.0517972745 -0.0416301191 0.0382903218
v 0.0517972745 -0.0416301191 0.00777464872
v 0.0504793115 -0.0414565876 0.0382903218
v 0.0504793115 -0.0414565876 0.00777464872
v 0.0504793115 -0.0414565876 0.00777464872
v 0.0493829437 -0.0412100106 0.0382903218
v 0.0504793115 -0.0414565876 0.0382903218
v 0.0493829437 -0.0412100106 0.00777464872
v 0.0485770628 -0.0409058742 0.0382903218
v 0.0485770628 -0.0409058742 0.00777464872
v 0.0481122993 -0.0405632965 0.0382903218
v 0.0481122993 -0.0405632965 0.00777464872
v 0.0480178669 -0.0402037986 0.0382903218
v 0.0480178669 -0.0402037986 0.00777464872
v 0.0482996888 -0.0398499705 0.0382903218
v 0.0482996888 -0.0398499705 0.00777464872
v 0.0489400625 -0.0395240448 0.0382903218
v 0.0489400625 -0.0395240448 0.00777464872
v 0.0498987511 -0.0392464995 0.0382903218
v 0.0498987511 -0.0392464995 0.00777464872
v 0.0597123653 -0.0398499742 0.0382903218
v 0.0599941872 -0.0402037986 0.0382903218
v 0.0598997474 -0.0405632965 0.0382903218
v 0.0594349913 -0.0409058742 0.0382903218
v 0.059071999 -0.0395240448 0.0382903218
v 0.0586291067 -0.0412100106 0.0382903218
v 0.0581133105 -0.0392464995 0.0382903218
v 0.0575327389 -0.0414565876 0.0382903218
v 0.0568965524 -0.0390347764 0.0382903218
v 0.0562147684 -0.0416301228 0.0382903218
v 0.0554981641 -0.0389021747 0.0382903218
v 0.0547580235 -0.0417197011 0.0382903218
v 0.0540060252 -0.0388570316 0.0382903218
v 0.0532540269 -0.0417197011 0.0382903218
v 0.0525138974 -0.0389021747 0.0382903218
v 0.0517972745 -0.0416301191 0.0382903218
v 0.0511155128 -0.0390347764 0.0382903218
v 0.0504793115 -0.0414565876 0.0382903218
v 0.0498987511 -0.0392464995 0.0382903218
v 0.0493829437 -0.0412100106 0.0382903218
v 0.0489400625 -0.0395240448 0.0382903218
v 0.0485770628 -0.0409058742 0.0382903218
v 0.0482996888 -0.0398499705 0.0382903218
v 0.0481122993 -0.0405632965 0.0382903218
v 0.0480178669 -0.0402037986 0.0382903218
v 0.0598997474 -0.0405632965 0.00777464872
v 0.0599941872 -0.0402037986 0.00777464872
v 0.0597123653 -0.0398499742 0.00777464872
v 0.0594349913 -0.0409058742 0.00777464872
v 0.059071999 -0.0395240448 0.00777464872
v 0.0586291067 -0.0412100106 0.00777464872
v 0.0581133105 -0.0392464995 0.00777464872
v 0.0575327389 -0.0414565876 0.00777464872
v 0.0568965524 -0.0390347764 0.00777464872
v 0.0562147684 -0.0416301228 0.00777464872
v 0.0554981641 -0.0389021747 0.00777464872
v 0.0547580235 -0.0417197011 0.00777464872
v 0.0540060252 -0.0388570316 0.00777464872
v 0.0532540269 -0.0417197011 0.00777464872
v 0.0525138974 -0.0389021747 0.00777464872
v 0.0517972745 -0.0416301191 0.00777464872
v 0.0511155128 -0.0390347764 0.00777464872
v 0.0504793115 -0.0414565876 0.00777464872
v 0.0498987511 -0.0392464995 0.00777464872
v 0.0493829437 -0.0412100106 0.00777464872
v 0.0489400625 -0.0395240448 0.00777464872
v 0.0485770628 -0.0409058742 0.00777464872
v 0.0482996888 -0.0398499705 0.00777464872
v 0.0481122993 -0.0405632965 0.00777464872
v 0.0480178669 -0.0402037986 0.00777464872
v 0.0259488262 -0.0523927659 0.00991215464
v 0.0259656589 -0.0533661395 0.00991099328
v 0.0259558558 -0.0533627979 0.0397642963
v 0.0259485263 -0.0523893982 0.0397701599
v 0.0381507203 -0.0523555465 0.0397700146
v 0.038990587 -0.0523454398 0.0396867134
v 0.0337420292 -0.0524007082 0.0397700071
v 0.0259485263 -0.0523893982 0.0397701599
v 0.0396938995 -0.0523363389 0.0394718274
v 0.0403430983 -0.0523280092 0.0391222984
v 0.0409132838 -0.0523207746 0.0386509523
v 0.0413822457 -0.0523149148 0.0380753577
v 0.0417314135 -0.0523106605 0.0374173597
v 0.0419467613 -0.0523081757 0.0367023237
v 0.0420300886 -0.0523074195 0.0358503759
v 0.042030178 -0.0523083769 0.0217848383
v 0.0259488262 -0.0523927659 0.00991215464
v 0.0420302488 -0.052309189 0.00990666635
v 0.0300574433 -0.00850348175 0.014183905
v 0.0362126455 -0.00458256248 0.014183905
v 0.0362126455 -0.00850348175 0.014183905
v 0.0300574433 -0.00458256248 0.014183905
v 0.0239022449 -0.00850348175 0.014183905
v 0.0239022449 -0.00458256248 0.014183905
v 0.0362126455 -0.00850348175 0.014183905
v 0.0362126455 -0.00458256248 0.014183905
v 0.0362126455 -0.00458256248 0.00769892428
v 0.0362126455 -0.00850348175 0.00769892428
v 0.0362126455 -0.0102132699 0.014183905
v 0.0362126455 -0.00850348175 0.0177481584
v 0.0362126455 -0.0102132699 0.0177481584
v 0.0362126455 -0.0102132699 0.00769892428
v 0.0362126455 -0.0172276739 0.014183905
v 0.0362126455 -0.0172276739 0.00769892428
v 0.0362126455 -0.0102132699 -0.00230220798
v 0.0362126455 -0.0172276739 -0.00230220798
v 0.0362126455 -0.00850348175 -0.00230220798
v 0.0362126455 -0.0102132699 -0.00530927163
v 0.0362126455 -0.0172276739 -0.00530927163
v 0.0362126455 -0.00850348175 -0.00530927163
v 0.0362126455 -0.00458256248 -0.00530927163
v 0.0362126455 -0.00458256248 -0.00230220798
v 0.0362126455 -0.00203210348 -0.00230220798
v 0.0362126455 -0.00203210348 0.00769892428
v 0.0362126455 0.000518360117 -0.00230220798
v 0.0362126455 0.000518360117 0.00769892428
v 0.0362126455 0.00306882383 -0.00230220798
v 0.0362126455 0.00306882383 0.00769892428
v 0.0300574433 -0.00458256248 0.014183905
v 0.0239022449 -0.00458256248 0.014183905
v 0.0239022449 -0.00458256248 0.00769892428
v 0.0300574433 -0.00458256248 0.00769892428
v 0.0362126455 -0.00458256248 0.014183905
v 0.0362126455 -0.00458256248 0.00769892428
v 0.0239022449 -0.00458256248 -0.00230220798
v 0.0300574433 -0.00458256248 -0.00230220798
v 0.0300574433 -0.00203210348 0.00769892428
v 0.0239022449 -0.00458256248 -0.00530927163
v 0.0300574433 -0.00458256248 -0.00530927163
v 0.0300574433 -0.00203210348 -0.00230220798
v 0.0362126455 -0.00458256248 -0.00230220798
v 0.0362126455 -0.00458256248 -0.00530927163
v 0.023742184 -0.00203210348 0.00769892428
v 0.023742184 0.000518360117 0.00769892428
v 0.023742184 -0.00203210348 -0.00230220798
v 0.0174269229 -0.00203210348 0.00769892428
v 0.0300574433 -0.00203210348 -0.00230220798
v 0.0300574433 0.000518360117 -0.00230220798
v 0.0174269229 -0.00203210348 -0.00230220798
v 0.0174269229 0.000518360117 -0.00230220798
v 0.0362126455 -0.00203210348 -0.00230220798
v 0.0362126455 -0.00458256248 -0.00230220798
v 0.0300574433 -0.00458256248 -0.00230220798
v 0.0362126455 0.000518360117 -0.00230220798
v 0.0300574433 0.00306882849 -0.00230220798
v 0.0362126455 0.00306882383 -0.00230220798
v 0.0112717217 -0.00203210348 -0.00230220798
v 0.0112717217 -0.00458256248 -0.00230220798
v 0.0174269229 -0.00458256248 -0.00230220798
v 0.0112717217 0.000518360117 -0.00230220798
v 0.0174269229 0.00306882849 -0.00230220798
v 0.0112717217 0.00306882383 -0.00230220798
v 0.0300574433 0.00306882849 0.00769892428
v 0.0300574433 0.000518360117 0.00769892428
v 0.023742184 0.00306882849 0.00769892428
v 0.023742184 0.00306882849 -0.00230220798
v 0.0300574433 0.00561928749 -0.00230220798
v 0.0174269229 0.00561928749 -0.00230220798
v 0.023742184 0.00561928749 0.00769892428
v 0.0174269229 0.00306882849 0.00769892428
v 0.0174269229 0.000518360117 0.00769892428
v 0.023742184 0.00561928749 -0.00230220798
v 0.0300574433 0.00561928749 0.00769892428
v 0.0174269229 0.00561928749 0.00769892428
v 0.0362126455 0.00561928237 0.00769892428
v 0.0362126455 0.00306882383 0.00769892428
v 0.0362126455 0.00816974603 0.00769892428
v 0.0112717217 0.00561928237 0.00769892428
v 0.0112717217 0.00306882383 0.00769892428
v 0.0112717217 0.00816974603 0.00769892428
v 0.0300574433 0.00816974603 0.00769892428
v 0.0300574433 0.00816974603 -0.00230220798
v 0.0362126455 0.00816974603 -0.00230220798
v 0.0362126455 0.00561928237 -0.00230220798
v 0.0174269229 0.00816974603 0.00769892428
v 0.0174269229 0.00816974603 -0.00230220798
v 0.0112717217 0.00816974603 -0.00230220798
v 0.0112717217 0.00561928237 -0.00230220798
v 0.0362126455 0.00306882383 -0.00230220798
v 0.0362126455 0.00561928237 -0.00230220798
v 0.0300574433 0.00306882849 -0.00230220798
v 0.0112717217 0.00306882383 -0.00230220798
v 0.0174269229 0.00306882849 -0.00230220798
v 0.0112717217 0.00561928237 -0.00230220798
v 0.0609248728 -0.0172268488 0.00795276184
v 0.0626947284 -0.0172268488 0.00618290389
v 0.0626947284 -0.0297098383 0.00618290389
v 0.0609248728 -0.0297098383 0.00795276184
v 0.058694724 -0.0172268488 0.0090890741
v 0.058694724 -0.0297098383 0.0090890741
v 0.0562225915 -0.0172268488 0.00948062353
v 0.0562225915 -0.0297098383 0.00948062353
v 0.0537504666 -0.0172268488 0.0090890741
v 0.0537504666 -0.0297098383 0.0090890741
v 0.0515203178 -0.0172268488 0.00795276184
v 0.0515203178 -0.0297098383 0.00795276184
v 0.0626947284 -0.0172268488 0.00618290389
v 0.0638310388 -0.0297098383 0.00395275606
v 0.0626947284 -0.0297098383 0.00618290389
v 0.0638310388 -0.0172268488 0.00395275606
v 0.0642225891 -0.0297098383 0.00148062222
v 0.0642225891 -0.0172268488 0.00148062222
v 0.0638310388 -0.0297098383 -0.000991511275
v 0.0638310388 -0.0172268488 -0.000991511275
v 0.0626947284 -0.0297098383 -0.00322165969
v 0.0626947284 -0.0172268488 -0.00322165969
v 0.0626947284 -0.0172268488 -0.00322165969
v 0.0609248728 -0.0297098383 -0.00499151694
v 0.0626947284 -0.0297098383 -0.00322165969
v 0.0609248728 -0.0172268488 -0.00499151694
v 0.058694724 -0.0297098383 -0.0061278292
v 0.058694724 -0.017226845 -0.0061278292
v 0.0562225915 -0.0297098383 -0.00651937956
v 0.0562225915 -0.017226845 -0.00651937956
v 0.0537504517 -0.0297098383 -0.0061278292
v 0.0537504517 -0.017226845 -0.0061278292
v 0.0515203029 -0.0297098383 -0.00499150762
v 0.0515203029 -0.0172268488 -0.00499150762
v 0.0515203029 -0.0172268488 -0.00499150762
v 0.049750451 -0.0172268488 -0.00322165969
v 0.049750451 -0.0297098383 -0.00322165969
v 0.0515203029 -0.0297098383 -0.00499150762
v 0.049750451 -0.0172268488 -0.00322165969
v 0.0486141369 -0.0172268488 -0.000991511275
v 0.0486141369 -0.0297098383 -0.000991511275
v 0.049750451 -0.0297098383 -0.00322165969
v 0.0486141369 -0.0172268488 0.00395276537
v 0.0497504622 -0.0172268488 0.00618291367
v 0.0497504622 -0.0297098383 0.00618291367
v 0.0486141369 -0.0297098383 0.00395276537
v 0.0497504622 -0.0172268488 0.00618291367
v 0.0515203178 -0.0172268488 0.00795276184
v 0.0515203178 -0.0297098383 0.00795276184
v 0.0497504622 -0.0297098383 0.00618291367
v 0.058694724 -0.0297098383 -0.0061278292
v 0.0562225915 -0.0297098383 -0.00651937956
v 0.0537504517 -0.0297098383 -0.0061278292
v 0.0609248728 -0.0297098383 -0.00499151694
v 0.0515203029 -0.0297098383 -0.00499150762
v 0.0626947284 -0.0297098383 -0.00322165969
v 0.049750451 -0.0297098383 -0.00322165969
v 0.0638310388 -0.0297098383 -0.000991511275
v 0.0486141369 -0.0297098383 -0.000991511275
v 0.0642225891 -0.0297098383 0.00148062222
v 0.0482225902 -0.0297098383 0.00148063176
v 0.0638310388 -0.0297098383 0.00395275606
v 0.0486141369 -0.0297098383 0.00395276537
v 0.0626947284 -0.0297098383 0.00618290389
v 0.0497504622 -0.0297098383 0.00618291367
v 0.0609248728 -0.0297098383 0.00795276184
v 0.0515203178 -0.0297098383 0.00795276184
v 0.058694724 -0.0297098383 0.0090890741
v 0.0537504666 -0.0297098383 0.0090890741
v 0.0562225915 -0.0297098383 0.00948062353
v 0.0537504517 -0.017226845 -0.0061278292
v 0.0562225915 -0.017226845 -0.00651937956
v 0.058694724 -0.017226845 -0.0061278292
v 0.0515203029 -0.0172268488 -0.00499150762
v 0.0609248728 -0.0172268488 -0.00499151694
v 0.0626947284 -0.0172268488 -0.00322165969
v 0.049750451 -0.0172268488 -0.00322165969
v 0.0486141369 -0.0172268488 -0.000991511275
v 0.0638310388 -0.0172268488 -0.000991511275
v 0.0482225902 -0.0172268488 0.00148063176
v 0.0642225891 -0.0172268488 0.00148062222
v 0.0638310388 -0.0172268488 0.00395275606
v 0.0486141369 -0.0172268488 0.00395276537
v 0.0626947284 -0.0172268488 0.00618290389
v 0.0497504622 -0.0172268488 0.00618291367
v 0.0609248728 -0.0172268488 0.00795276184
v 0.0515203178 -0.0172268488 0.00795276184
v 0.0537504666 -0.0172268488 0.0090890741
v 0.058694724 -0.0172268488 0.0090890741
v 0.0562225915 -0.0172268488 0.00948062353
v 0.0300574433 -0.0102132699 0.014183905
v 0.0362126455 -0.0102132699 0.0177481584
v 0.0362126455 -0.0102132699 0.014183905
v 0.0300574433 -0.0102132699 0.0177481584
v 0.0239022449 -0.0102132699 0.014183905
v 0.0239022449 -0.0102132699 0.0177481584
v 0.0300574433 -0.0172276739 0.014183905
v 0.0362126455 -0.0102132699 0.014183905
v 0.0362126455 -0.0172276739 0.014183905
v 0.0300574433 -0.0102132699 0.014183905
v 0.0239022449 -0.0172276739 0.014183905
v 0.0239022449 -0.0102132699 0.014183905
v 0.0300574433 -0.0102132699 0.0177481584
v 0.0362126455 -0.00850348175 0.0177481584
v 0.0362126455 -0.0102132699 0.0177481584
v 0.0300574433 -0.00850348175 0.0177481584
v 0.0239022449 -0.0102132699 0.0177481584
v 0.0239022449 -0.00850348175 0.0177481584
v 0.0300574433 -0.00850348175 0.014183905
v 0.0239022449 -0.00850348175 0.0177481584
v 0.0239022449 -0.00850348175 0.014183905
v 0.0300574433 -0.00850348175 0.0177481584
v 0.0362126455 -0.00850348175 0.014183905
v 0.0362126455 -0.00850348175 0.0177481584
v 0.0362126455 0.00561928237 0.00769892428
v 0.0362126455 0.00816974603 0.00769892428
v 0.0362126455 0.00816974603 -0.00230220798
v 0.0362126455 0.00561928237 -0.00230220798
v 0.0362126455 0.00306882383 0.00769892428
v 0.0362126455 0.00306882383 -0.00230220798
v 0.0300574433 -0.00458256248 0.00769892428
v 0.0362126455 -0.00203210348 0.00769892428
v 0.0362126455 -0.00458256248 0.00769892428
v 0.0362126455 0.000518360117 0.00769892428
v 0.0362126455 -0.00203210348 0.00769892428
v 0.0300574433 0.000518360117 0.00769892428
v 0.0362126455 0.00306882383 0.00769892428
v 0.0300574433 0.00306882849 0.00769892428
v 0.023742184 0.000518360117 -0.00230220798
v 0.0174269229 0.000518360117 0.00769892428
v 0.0112717217 0.000518360117 0.00769892428
v 0.0112717217 -0.00203210348 0.00769892428
v 0.0112717217 0.00306882383 0.00769892428
v 0.0174269229 0.00306882849 0.00769892428
v 0.0174269229 -0.00458256248 -0.00230220798
v 0.0174269229 -0.00203210348 -0.00230220798
v 0.0174269229 -0.00458256248 0.00769892428
v 0.0235821251 -0.00458256248 -0.00230220798
v 0.0235821251 -0.00458256248 -0.00530927163
v 0.0174269229 -0.00458256248 -0.00530927163
v 0.0112717217 -0.00458256248 -0.00230220798
v 0.0112717217 -0.00458256248 -0.00530927163
v 0.0235821251 -0.00458256248 0.00769892428
v 0.0174269229 -0.00458256248 0.014183905
v 0.0235821251 -0.00458256248 0.014183905
v 0.0112717217 -0.00458256248 0.014183905
v 0.0112717217 -0.00458256248 0.00769892428
v 0.0174269229 -0.00458256248 0.00769892428
v 0.0112717217 -0.00203210348 0.00769892428
v 0.0112717217 -0.00458256248 0.00769892428
v 0.0215355419 -0.0523927659 0.00991215464
v 0.0215358417 -0.0523893982 0.0397701599
v 0.0215285122 -0.0533627979 0.0397642963
v 0.0215187091 -0.0533661395 0.00991099328
v 0.0215355419 -0.0523927659 0.00991215464
v 0.00545412069 -0.052309189 0.00990666635
v 0.00545419194 -0.0523083769 0.0217848383
v 0.0215358417 -0.0523893982 0.0397701599
v 0.00545427902 -0.0523074195 0.0358503759
v 0.00553760258 -0.0523081757 0.0367023237
v 0.00575295417 -0.0523106605 0.0374173597
v 0.0061021233 -0.0523149148 0.0380753577
v 0.00657108519 -0.0523207746 0.0386509523
v 0.00714127161 -0.0523280092 0.0391222984
v 0.00779047003 -0.0523363389 0.0394718274
v 0.00849378109 -0.0523454398 0.0396867134
v 0.0137423389 -0.0524007082 0.0397700071
v 0.00933364686 -0.0523555465 0.0397700146
v 0.0174269229 -0.00850348175 0.014183905
v 0.0112717217 -0.00850348175 0.014183905
v 0.0112717217 -0.00458256248 0.014183905
v 0.0174269229 -0.00458256248 0.014183905
v 0.0235821251 -0.00850348175 0.014183905
v 0.0235821251 -0.00458256248 0.014183905
v 0.0112717217 -0.00850348175 0.014183905
v 0.0112717217 -0.00458256248 0.00769892428
v 0.0112717217 -0.00458256248 0.014183905
v 0.0112717217 -0.00850348175 0.00769892428
v 0.0112717217 -0.0102132699 0.014183905
v 0.0112717217 -0.00850348175 0.0177481584
v 0.0112717217 -0.0102132699 0.0177481584
v 0.0112717217 -0.0102132699 0.00769892428
v 0.0112717217 -0.0172276739 0.014183905
v 0.0112717217 -0.0172276739 0.00769892428
v 0.0112717217 -0.0102132699 -0.00230220798
v 0.0112717217 -0.0172276739 -0.00230220798
v 0.0112717217 -0.00850348175 -0.00230220798
v 0.0112717217 -0.0102132699 -0.00530927163
v 0.0112717217 -0.0172276739 -0.00530927163
v 0.0112717217 -0.00850348175 -0.00530927163
v 0.0112717217 -0.00458256248 -0.00530927163
v 0.0112717217 -0.00458256248 -0.00230220798
v 0.0112717217 -0.00203210348 -0.00230220798
v 0.0112717217 -0.00203210348 0.00769892428
v 0.0112717217 0.000518360117 -0.00230220798
v 0.0112717217 0.000518360117 0.00769892428
v 0.0112717217 0.00306882383 -0.00230220798
v 0.0112717217 0.00306882383 0.00769892428
v -0.0134405037 -0.0172268488 0.00795276184
v -0.0152103584 -0.0297098383 0.00618290389
v -0.0152103584 -0.0172268488 0.00618290389
v -0.0134405037 -0.0297098383 0.00795276184
v -0.0112103578 -0.0172268488 0.0090890741
v -0.0112103578 -0.0297098383 0.0090890741
v -0.0087382216 -0.0172268488 0.00948062353
v -0.0087382216 -0.0297098383 0.00948062353
v -0.006266098 -0.0172268488 0.0090890741
v -0.006266098 -0.0297098383 0.0090890741
v -0.00403594971 -0.0172268488 0.00795276184
v -0.00403594971 -0.0297098383 0.00795276184
v -0.0152103584 -0.0172268488 0.00618290389
v -0.0152103584 -0.0297098383 0.00618290389
v -0.0163466744 -0.0297098383 0.00395275606
v -0.0163466744 -0.0172268488 0.00395275606
v -0.0167382192 -0.0297098383 0.00148062222
v -0.0167382192 -0.0172268488 0.00148062222
v -0.0163466744 -0.0297098383 -0.000991511275
v -0.0163466744 -0.0172268488 -0.000991511275
v -0.0152103584 -0.0297098383 -0.00322165969
v -0.0152103584 -0.0172268488 -0.00322165969
v -0.0152103584 -0.0172268488 -0.00322165969
v -0.0152103584 -0.0297098383 -0.00322165969
v -0.0134405037 -0.0297098383 -0.00499151694
v -0.0134405037 -0.0172268488 -0.00499151694
v -0.0112103559 -0.0297098383 -0.0061278292
v -0.0112103559 -0.017226845 -0.0061278292
v -0.00873821974 -0.0297098383 -0.00651937956
v -0.00873821974 -0.017226845 -0.00651937956
v -0.00626608357 -0.0297098383 -0.0061278292
v -0.00626608357 -0.017226845 -0.0061278292
v -0.00403593527 -0.0297098383 -0.00499150762
v -0.00403593527 -0.0172268488 -0.00499150762
v -0.00403593527 -0.0172268488 -0.00499150762
v -0.00403593527 -0.0297098383 -0.00499150762
v -0.00226608268 -0.0297098383 -0.00322165969
v -0.00226608268 -0.0172268488 -0.00322165969
v -0.00226608268 -0.0172268488 -0.00322165969
v -0.00226608268 -0.0297098383 -0.00322165969
v -0.00112976786 -0.0297098383 -0.000991511275
v -0.00112976786 -0.0172268488 -0.000991511275
v -0.00112977263 -0.0172268488 0.00395276537
v -0.00112977263 -0.0297098383 0.00395276537
v -0.00226609223 -0.0297098383 0.00618291367
v -0.00226609223 -0.0172268488 0.00618291367
v -0.00226609223 -0.0172268488 0.00618291367
v -0.00226609223 -0.0297098383 0.00618291367
v -0.00403594971 -0.0297098383 0.00795276184
v -0.00403594971 -0.0172268488 0.00795276184
v -0.00626608357 -0.0297098383 -0.0061278292
v -0.00873821974 -0.0297098383 -0.00651937956
v -0.0112103559 -0.0297098383 -0.0061278292
v -0.00403593527 -0.0297098383 -0.00499150762
v -0.0134405037 -0.0297098383 -0.00499151694
v -0.0152103584 -0.0297098383 -0.00322165969
v -0.00226608268 -0.0297098383 -0.00322165969
v -0.00112976786 -0.0297098383 -0.000991511275
v -0.0163466744 -0.0297098383 -0.000991511275
v -0.000738222559 -0.0297098383 0.00148063176
v -0.0167382192 -0.0297098383 0.00148062222
v -0.0163466744 -0.0297098383 0.00395275606
v -0.00112977263 -0.0297098383 0.00395276537
v -0.0152103584 -0.0297098383 0.00618290389
v -0.00226609223 -0.0297098383 0.00618291367
v -0.0134405037 -0.0297098383 0.00795276184
v -0.00403594971 -0.0297098383 0.00795276184
v -0.006266098 -0.0297098383 0.0090890741
v -0.0112103578 -0.0297098383 0.0090890741
v -0.0087382216 -0.0297098383 0.00948062353
v -0.0112103559 -0.017226845 -0.0061278292
v -0.00873821974 -0.017226845 -0.00651937956
v -0.00626608357 -0.017226845 -0.0061278292
v -0.0134405037 -0.0172268488 -0.00499151694
v -0.00403593527 -0.0172268488 -0.00499150762
v -0.0152103584 -0.0172268488 -0.00322165969
v -0.00226608268 -0.0172268488 -0.00322165969
v -0.0163466744 -0.0172268488 -0.000991511275
v -0.00112976786 -0.0172268488 -0.000991511275
v -0.0167382192 -0.0172268488 0.00148062222
v -0.000738222559 -0.0172268488 0.00148063176
v -0.0163466744 -0.0172268488 0.00395275606
v -0.00112977263 -0.0172268488 0.00395276537
v -0.0152103584 -0.0172268488 0.00618290389
v -0.00226609223 -0.0172268488 0.00618291367
v -0.0134405037 -0.0172268488 0.00795276184
v -0.00403594971 -0.0172268488 0.00795276184
v -0.0112103578 -0.0172268488 0.0090890741
v -0.006266098 -0.0172268488 0.0090890741
v -0.0087382216 -0.0172268488 0.00948062353
v 0.0174269229 -0.0102132699 0.014183905
v 0.0112717217 -0.0102132699 0.014183905
v 0.0112717217 -0.0102132699 0.0177481584
v 0.0174269229 -0.0102132699 0.0177481584
v 0.0235821251 -0.0102132699 0.014183905
v 0.0235821251 -0.0102132699 0.0177481584
v 0.0174269229 -0.0172276739 0.014183905
v 0.0112717217 -0.0172276739 0.014183905
v 0.0112717217 -0.0102132699 0.014183905
v 0.0174269229 -0.0102132699 0.014183905
v 0.0235821251 -0.0172276739 0.014183905
v 0.0235821251 -0.0102132699 0.014183905
v 0.0174269229 -0.0102132699 0.0177481584
v 0.0112717217 -0.0102132699 0.0177481584
v 0.0112717217 -0.00850348175 0.0177481584
v 0.0174269229 -0.00850348175 0.0177481584
v 0.0235821251 -0.0102132699 0.0177481584
v 0.0235821251 -0.00850348175 0.0177481584
v 0.0174269229 -0.00850348175 0.014183905
v 0.0235821251 -0.00850348175 0.014183905
v 0.0235821251 -0.00850348175 0.0177481584
v 0.0174269229 -0.00850348175 0.0177481584
v 0.0112717217 -0.00850348175 0.014183905
v 0.0112717217 -0.00850348175 0.0177481584
v 0.0112717217 0.00561928237 0.00769892428
v 0.0112717217 0.00816974603 -0.00230220798
v 0.0112717217 0.00816974603 0.00769892428
v 0.0112717217 0.00561928237 -0.00230220798
v 0.0112717217 0.00306882383 0.00769892428
v 0.0112717217 0.00306882383 -0.00230220798
v 0.0415618978 -0.0531678535 0.0394227356
v 0.0415550731 -0.0531547442 0.0394159108
v 0.0390928835 -0.0531547442 0.0393690467
v 0.0390928835 -0.0531678535 0.0393786989
v 0.0390928835 -0.0531416349 0.0393786989
v 0.041581545 -0.0531793758 0.0394423828
v 0.0390928835 -0.0531793758 0.0394064784
v 0.0415618978 -0.0531416349 0.0394227356
v 0.0390928835 -0.0531301089 0.0394064784
v 0.0416116416 -0.0531879328 0.0394724794
v 0.0390928835 -0.0531879328 0.0394490473
v 0.041581545 -0.0531301089 0.0394423828
v 0.0390928835 -0.0531215556 0.0394490473
v 0.041648563 -0.0531924814 0.0395094045
v 0.0390928835 -0.0531924814 0.0395012647
v 0.0416116416 -0.0531215556 0.0394724794
v 0.0390928835 -0.053117007 0.0395012647
v 0.0416878611 -0.0531924814 0.0395486951
v 0.0390928835 -0.0531924814 0.0395568311
v 0.0416485667 -0.053117007 0.0395094045
v 0.0390928835 -0.053117007 0.0395568311
v 0.0417247824 -0.0531879328 0.0395856164
v 0.0390928835 -0.0531879328 0.0396090485
v 0.0416878611 -0.053117007 0.0395486951
v 0.0390928835 -0.0531215556 0.0396090485
v 0.0417548791 -0.0531793758 0.0396157168
v 0.0390928835 -0.0531793758 0.0396516174
v 0.0417247824 -0.0531215556 0.0395856164
v 0.0390928835 -0.0531301089 0.0396516174
v 0.0417745262 -0.0531678535 0.0396353602
v 0.0390928835 -0.0531678535 0.0396793969
v 0.0417548791 -0.0531301089 0.0396157168
v 0.0390928835 -0.0531416349 0.0396793969
v 0.0417813472 -0.0531547442 0.039642185
v 0.0390928835 -0.0531547442 0.0396890491
v 0.0417745262 -0.0531416349 0.0396353602
v 0.0417548791 -0.0531793758 0.0100620864
v 0.0417745262 -0.0531678535 0.0100424392
v 0.0417813472 -0.0531547442 0.0100356173
v 0.0417745262 -0.0531416349 0.0100424392
v 0.0417548791 -0.0531301089 0.0100620864
v 0.0417247824 -0.0531215556 0.0100921858
v 0.0417247824 -0.0531879328 0.0100921858
v 0.0416878611 -0.053117007 0.0101291081
v 0.0416878611 -0.0531924814 0.0101291081
v 0.0416485667 -0.053117007 0.0101683997
v 0.041648563 -0.0531924814 0.0101683997
v 0.0416116416 -0.0531215556 0.0102053219
v 0.0416116416 -0.0531879328 0.0102053219
v 0.041581545 -0.0531301089 0.0102354214
v 0.041581545 -0.0531793758 0.0102354214
v 0.0415618978 -0.0531416349 0.0102550685
v 0.0415618978 -0.0531678535 0.0102550685
v 0.0415550731 -0.0531547442 0.0102618905
v 0.0390928835 -0.0531924814 0.0101765376
v 0.0390928835 -0.0531879328 0.010228754
v 0.0390928835 -0.0531924814 0.0101209702
v 0.0390928835 -0.0531793758 0.0102713211
v 0.0390928835 -0.0531678535 0.0102991043
v 0.0390928835 -0.0531879328 0.0100687537
v 0.0390928835 -0.0531547442 0.0103087546
v 0.0390928835 -0.0531416349 0.0102991043
v 0.0390928835 -0.0531793758 0.0100261867
v 0.0390928835 -0.0531301089 0.0102713211
v 0.0390928835 -0.0531678535 0.00999840349
v 0.0390928835 -0.0531215556 0.010228754
v 0.0390928835 -0.0531547442 0.00998875313
v 0.0390928835 -0.053117007 0.0101765376
v 0.0390928835 -0.0531416349 0.00999840349
v 0.0390928835 -0.053117007 0.0101209702
v 0.0390928835 -0.0531301089 0.0100261867
v 0.0390928835 -0.0531215556 0.0100687537
v 0.036517553 -0.0531678535 0.0393786989
v 0.036517553 -0.0531547442 0.0393690467
v 0.0339422226 -0.0531547442 0.0393690467
v 0.0339422226 -0.0531678535 0.0393786989
v 0.0339422226 -0.0531416349 0.0393786989
v 0.036517553 -0.0531793758 0.0394064784
v 0.036517553 -0.0531416349 0.0393786989
v 0.0339422226 -0.0531793758 0.0394064784
v 0.0339422226 -0.0531301089 0.0394064784
v 0.036517553 -0.0531879328 0.0394490473
v 0.036517553 -0.0531301089 0.0394064784
v 0.0339422226 -0.0531879328 0.0394490473
v 0.0339422226 -0.0531215556 0.0394490473
v 0.036517553 -0.0531924814 0.0395012647
v 0.036517553 -0.0531215556 0.0394490473
v 0.0339422226 -0.0531924814 0.0395012647
v 0.0339422226 -0.053117007 0.0395012647
v 0.036517553 -0.0531924814 0.0395568311
v 0.036517553 -0.053117007 0.0395012647
v 0.0339422226 -0.0531924814 0.0395568311
v 0.0339422226 -0.053117007 0.0395568311
v 0.036517553 -0.0531879328 0.0396090485
v 0.036517553 -0.053117007 0.0395568311
v 0.0339422226 -0.0531879328 0.0396090485
v 0.0339422226 -0.0531215556 0.0396090485
v 0.036517553 -0.0531793758 0.0396516174
v 0.036517553 -0.0531215556 0.0396090485
v 0.0339422226 -0.0531793758 0.0396516174
v 0.0339422226 -0.0531301089 0.0396516174
v 0.036517553 -0.0531678535 0.0396793969
v 0.036517553 -0.0531301089 0.0396516174
v 0.0339422226 -0.0531678535 0.0396793969
v 0.0339422226 -0.0531416349 0.0396793969
v 0.036517553 -0.0531547442 0.0396890491
v 0.036517553 -0.0531416349 0.0396793969
v 0.0339422226 -0.0531547442 0.0396890491
v 0.0313668922 -0.0531678535 0.0393786989
v 0.0313668922 -0.0531547442 0.0393690467
v 0.0287915654 -0.0531547442 0.0393690467
v 0.0287915654 -0.0531678535 0.0393786989
v 0.0287915654 -0.0531416349 0.0393786989
v 0.0313668922 -0.0531793758 0.0394064784
v 0.0313668922 -0.0531416349 0.0393786989
v 0.0287915654 -0.0531793758 0.0394064784
v 0.0287915654 -0.0531301089 0.0394064784
v 0.0313668922 -0.0531879328 0.0394490473
v 0.0313668922 -0.0531301089 0.0394064784
v 0.0287915654 -0.0531879328 0.0394490473
v 0.0287915654 -0.0531215556 0.0394490473
v 0.0313668922 -0.0531924814 0.0395012647
v 0.0313668922 -0.0531215556 0.0394490473
v 0.0287915654 -0.0531924814 0.0395012647
v 0.0287915654 -0.053117007 0.0395012647
v 0.0313668922 -0.0531924814 0.0395568311
v 0.0313668922 -0.053117007 0.0395012647
v 0.0287915654 -0.0531924814 0.0395568311
v 0.0287915654 -0.053117007 0.0395568311
v 0.0313668922 -0.0531879328 0.0396090485
v 0.0313668922 -0.053117007 0.0395568311
v 0.0287915654 -0.0531879328 0.0396090485
v 0.0287915654 -0.0531215556 0.0396090485
v 0.0313668922 -0.0531793758 0.0396516174
v 0.0313668922 -0.0531215556 0.0396090485
v 0.0287915654 -0.0531793758 0.0396516174
v 0.0287915654 -0.0531301089 0.0396516174
v 0.0313668922 -0.0531678535 0.0396793969
v 0.0313668922 -0.0531301089 0.0396516174
v 0.0287915654 -0.0531678535 0.0396793969
v 0.0287915654 -0.0531416349 0.0396793969
v 0.0313668922 -0.0531547442 0.0396890491
v 0.0313668922 -0.0531416349 0.0396793969
v 0.0287915654 -0.0531547442 0.0396890491
v 0.0314732082 -0.0531678535 0.0394227356
v 0.0314800292 -0.0531547442 0.0394159108
v 0.0315268934 -0.0531547442 0.0101487543
v 0.0315172449 -0.0531678535 0.0101487543
v 0.0315172449 -0.0531416349 0.0101487543
v 0.031453561 -0.0531793758 0.0394423828
v 0.0314894617 -0.0531793758 0.0101487543
v 0.0314732082 -0.0531416349 0.0394227356
v 0.0314894617 -0.0531301089 0.0101487543
v 0.0314234644 -0.0531879328 0.0394724794
v 0.0314468965 -0.0531879328 0.0101487543
v 0.031453561 -0.0531301089 0.0394423828
v 0.0314468965 -0.0531215556 0.0101487543
v 0.0313865393 -0.0531924814 0.0395094045
v 0.0313946791 -0.0531924814 0.0101487543
v 0.0314234644 -0.0531215556 0.0394724794
v 0.0313946791 -0.053117007 0.0101487543
v 0.0313472487 -0.0531924814 0.0395486951
v 0.0313391089 -0.0531924814 0.0101487543
v 0.0313865393 -0.053117007 0.0395094045
v 0.0313391089 -0.053117007 0.0101487543
v 0.0313103274 -0.0531879328 0.0395856164
v 0.0312868953 -0.0531879328 0.0101487543
v 0.0313472487 -0.053117007 0.0395486951
v 0.0312868953 -0.0531215556 0.0101487543
v 0.031280227 -0.0531793758 0.0396157168
v 0.0312443282 -0.0531793758 0.0101487543
v 0.0313103274 -0.0531215556 0.0395856164
v 0.0312443282 -0.0531301089 0.0101487543
v 0.0312605798 -0.0531678535 0.0396353602
v 0.031216545 -0.0531678535 0.0101487543
v 0.031280227 -0.0531301089 0.0396157168
v 0.031216545 -0.0531416349 0.0101487543
v 0.0312537551 -0.0531547442 0.039642185
v 0.0312068928 -0.0531547442 0.0101487543
v 0.0312605798 -0.0531416349 0.0396353602
v 0.0340288915 -0.0531793758 0.0396157168
v 0.0340485387 -0.0531678535 0.0396353602
v 0.0340553597 -0.0531547442 0.039642185
v 0.0340485387 -0.0531416349 0.0396353602
v 0.0340288915 -0.0531301089 0.0396157168
v 0.0339987911 -0.0531215556 0.0395856164
v 0.0339987911 -0.0531879328 0.0395856164
v 0.0339618698 -0.053117007 0.0395486951
v 0.0339618698 -0.0531924814 0.0395486951
v 0.0339225791 -0.053117007 0.0395094045
v 0.0339225791 -0.0531924814 0.0395094045
v 0.0338856541 -0.0531215556 0.0394724794
v 0.0338856541 -0.0531879328 0.0394724794
v 0.0338555574 -0.0531301089 0.0394423828
v 0.0338555574 -0.0531793758 0.0394423828
v 0.0338359103 -0.0531416349 0.0394227356
v 0.0338359103 -0.0531678535 0.0394227356
v 0.0338290893 -0.0531547442 0.0394159108
v 0.0339144394 -0.0531924814 0.0101487543
v 0.033862222 -0.0531879328 0.0101487543
v 0.0339700058 -0.0531924814 0.0101487543
v 0.0338196568 -0.0531793758 0.0101487543
v 0.0337918736 -0.0531678535 0.0101487543
v 0.0340222232 -0.0531879328 0.0101487543
v 0.0337822251 -0.0531547442 0.0101487543
v 0.0337918736 -0.0531416349 0.0101487543
v 0.0340647921 -0.0531793758 0.0101487543
v 0.0338196568 -0.0531301089 0.0101487543
v 0.0340925716 -0.0531678535 0.0101487543
v 0.033862222 -0.0531215556 0.0101487543
v 0.0341022238 -0.0531547442 0.0101487543
v 0.0339144394 -0.053117007 0.0101487543
v 0.0340925716 -0.0531416349 0.0101487543
v 0.0339700058 -0.053117007 0.0101487543
v 0.0340647921 -0.0531301089 0.0101487543
v 0.0340222232 -0.0531215556 0.0101487543
v 0.0366238691 -0.0531678535 0.0394227356
v 0.0366306901 -0.0531547442 0.0394159108
v 0.0366775542 -0.0531547442 0.0101487543
v 0.0366679057 -0.0531678535 0.0101487543
v 0.0366679057 -0.0531416349 0.0101487543
v 0.0366042219 -0.0531793758 0.0394423828
v 0.0366401225 -0.0531793758 0.0101487543
v 0.0366238691 -0.0531416349 0.0394227356
v 0.0366401225 -0.0531301089 0.0101487543
v 0.0365741216 -0.0531879328 0.0394724794
v 0.0365975536 -0.0531879328 0.0101487543
v 0.0366042219 -0.0531301089 0.0394423828
v 0.0365975536 -0.0531215556 0.0101487543
v 0.0365371965 -0.0531924814 0.0395094045
v 0.0365453362 -0.0531924814 0.0101487543
v 0.0365741216 -0.0531215556 0.0394724794
v 0.0365453362 -0.053117007 0.0101487543
v 0.0364979059 -0.0531924814 0.0395486951
v 0.0364897698 -0.0531924814 0.0101487543
v 0.0365371965 -0.053117007 0.0395094045
v 0.0364897698 -0.053117007 0.0101487543
v 0.0364609845 -0.0531879328 0.0395856164
v 0.0364375524 -0.0531879328 0.0101487543
v 0.0364979059 -0.053117007 0.0395486951
v 0.0364375524 -0.0531215556 0.0101487543
v 0.0364308842 -0.0531793758 0.0396157168
v 0.0363949873 -0.0531793758 0.0101487543
v 0.0364609845 -0.0531215556 0.0395856164
v 0.0363949873 -0.0531301089 0.0101487543
v 0.0364112407 -0.0531678535 0.0396353602
v 0.0363672003 -0.0531678535 0.0101487543
v 0.0364308842 -0.0531301089 0.0396157168
v 0.0363672003 -0.0531416349 0.0101487543
v 0.036404416 -0.0531547442 0.039642185
v 0.0363575518 -0.0531547442 0.0101487543
v 0.0364112407 -0.0531416349 0.0396353602
v 0.0391795523 -0.0531793758 0.0396157168
v 0.0391991958 -0.0531678535 0.0396353602
v 0.0392060205 -0.0531547442 0.039642185
v 0.0391991958 -0.0531416349 0.0396353602
v 0.0391795523 -0.0531301089 0.0396157168
v 0.039149452 -0.0531215556 0.0395856164
v 0.039149452 -0.0531879328 0.0395856164
v 0.0391125306 -0.053117007 0.0395486951
v 0.0391125306 -0.0531924814 0.0395486951
v 0.0390732363 -0.053117007 0.0395094045
v 0.0390732363 -0.0531924814 0.0395094045
v 0.0390363149 -0.0531215556 0.0394724794
v 0.0390363149 -0.0531879328 0.0394724794
v 0.0390062146 -0.0531301089 0.0394423828
v 0.0390062146 -0.0531793758 0.0394423828
v 0.0389865674 -0.0531416349 0.0394227356
v 0.0389865674 -0.0531678535 0.0394227356
v 0.0389797427 -0.0531547442 0.0394159108
v 0.0390732363 -0.0531924814 0.0101683997
v 0.0390363149 -0.0531879328 0.0102053219
v 0.0390062146 -0.0531793758 0.0102354214
v 0.0389865674 -0.0531678535 0.0102550685
v 0.0389797427 -0.0531547442 0.0102618905
v 0.0389865674 -0.0531416349 0.0102550685
v 0.0391125306 -0.0531924814 0.0101291081
v 0.0390062146 -0.0531301089 0.0102354214
v 0.039149452 -0.0531879328 0.0100921858
v 0.0390363149 -0.0531215556 0.0102053219
v 0.0391795523 -0.0531793758 0.0100620864
v 0.0390732363 -0.053117007 0.0101683997
v 0.0391991958 -0.0531678535 0.0100424392
v 0.0391125306 -0.053117007 0.0101291081
v 0.0392060205 -0.0531547442 0.0100356173
v 0.039149452 -0.0531215556 0.0100921858
v 0.0391991958 -0.0531416349 0.0100424392
v 0.0391795523 -0.0531301089 0.0100620864
v 0.036517553 -0.0531678535 0.00999840349
v 0.036517553 -0.0531547442 0.00998875313
v 0.036517553 -0.0531416349 0.00999840349
v 0.036517553 -0.0531301089 0.0100261867
v 0.036517553 -0.0531215556 0.0100687537
v 0.036517553 -0.053117007 0.0101209702
v 0.036517553 -0.0531793758 0.0100261867
v 0.036517553 -0.053117007 0.0101765376
v 0.036517553 -0.0531879328 0.0100687537
v 0.036517553 -0.0531215556 0.010228754
v 0.036517553 -0.0531924814 0.0101209702
v 0.036517553 -0.0531301089 0.0102713211
v 0.036517553 -0.0531924814 0.0101765376
v 0.036517553 -0.0531416349 0.0102991043
v 0.036517553 -0.0531879328 0.010228754
v 0.036517553 -0.0531547442 0.0103087546
v 0.036517553 -0.0531793758 0.0102713211
v 0.036517553 -0.0531678535 0.0102991043
v 0.0339422226 -0.0531924814 0.0101209702
v 0.0339422226 -0.0531924814 0.0101765376
v 0.0339422226 -0.0531879328 0.010228754
v 0.0339422226 -0.0531793758 0.0102713211
v 0.0339422226 -0.0531678535 0.0102991043
v 0.0339422226 -0.0531547442 0.0103087546
v 0.0339422226 -0.0531879328 0.0100687537
v 0.0339422226 -0.0531416349 0.0102991043
v 0.0339422226 -0.0531793758 0.0100261867
v 0.0339422226 -0.0531301089 0.0102713211
v 0.0339422226 -0.0531678535 0.00999840349
v 0.0339422226 -0.0531215556 0.010228754
v 0.0339422226 -0.0531547442 0.00998875313
v 0.0339422226 -0.053117007 0.0101765376
v 0.0339422226 -0.0531416349 0.00999840349
v 0.0339422226 -0.053117007 0.0101209702
v 0.0339422226 -0.0531301089 0.0100261867
v 0.0339422226 -0.0531215556 0.0100687537
v 0.0313668922 -0.0531547442 0.00998875313
v 0.0313668922 -0.0531416349 0.00999840349
v 0.0313668922 -0.0531301089 0.0100261867
v 0.0313668922 -0.0531215556 0.0100687537
v 0.0313668922 -0.053117007 0.0101209702
v 0.0313668922 -0.053117007 0.0101765376
v 0.0313668922 -0.0531678535 0.00999840349
v 0.0313668922 -0.0531215556 0.010228754
v 0.0313668922 -0.0531793758 0.0100261867
v 0.0313668922 -0.0531301089 0.0102713211
v 0.0313668922 -0.0531879328 0.0100687537
v 0.0313668922 -0.0531416349 0.0102991043
v 0.0313668922 -0.0531924814 0.0101209702
v 0.0313668922 -0.0531547442 0.0103087546
v 0.0313668922 -0.0531924814 0.0101765376
v 0.0313668922 -0.0531678535 0.0102991043
v 0.0313668922 -0.0531879328 0.010228754
v 0.0313668922 -0.0531793758 0.0102713211
v 0.0287915654 -0.0531879328 0.0100687537
v 0.0287915654 -0.0531924814 0.0101209702
v 0.0287915654 -0.0531924814 0.0101765376
v 0.0287915654 -0.0531879328 0.010228754
v 0.0287915654 -0.0531793758 0.0102713211
v 0.0287915654 -0.0531678535 0.0102991043
v 0.0287915654 -0.0531793758 0.0100261867
v 0.0287915654 -0.0531547442 0.0103087546
v 0.0287915654 -0.0531678535 0.00999840349
v 0.0287915654 -0.0531416349 0.0102991043
v 0.0287915654 -0.0531547442 0.00998875313
v 0.0287915654 -0.0531301089 0.0102713211
v 0.0287915654 -0.0531416349 0.00999840349
v 0.0287915654 -0.0531215556 0.010228754
v 0.0287915654 -0.0531301089 0.0100261867
v 0.0287915654 -0.053117007 0.0101765376
v 0.0287915654 -0.0531215556 0.0100687537
v 0.0287915654 -0.053117007 0.0101209702
v 0.0261099208 -0.0531416349 0.0100424392
v 0.0261295661 -0.0531301089 0.0100620864
v 0.0261596665 -0.0531215556 0.0100921858
v 0.0261965897 -0.053117007 0.0101291081
v 0.0262358803 -0.053117007 0.0101683997
v 0.0262728035 -0.0531215556 0.0102053219
v 0.0261030979 -0.0531547442 0.0100356173
v 0.0263029039 -0.0531301089 0.0102354214
v 0.0261099208 -0.0531678535 0.0100424392
v 0.0263225511 -0.0531416349 0.0102550685
v 0.0261295661 -0.0531793758 0.0100620864
v 0.0263293739 -0.0531547442 0.0102618905
v 0.0261596665 -0.0531879328 0.0100921858
v 0.0263225511 -0.0531678535 0.0102550685
v 0.0261965897 -0.0531924814 0.0101291081
v 0.0263029039 -0.0531793758 0.0102354214
v 0.0262358822 -0.0531924814 0.0101683997
v 0.0262728035 -0.0531879328 0.0102053219
v 0.0261295661 -0.0531793758 0.0396157168
v 0.0261596665 -0.0531879328 0.0395856164
v 0.0261965897 -0.0531924814 0.0395486951
v 0.0262358822 -0.0531924814 0.0395094045
v 0.0262728035 -0.0531879328 0.0394724794
v 0.0263029039 -0.0531793758 0.0394423828
v 0.0261099208 -0.0531678535 0.0396353602
v 0.0263225511 -0.0531678535 0.0394227356
v 0.0261030979 -0.0531547442 0.039642185
v 0.0263293739 -0.0531547442 0.0394159108
v 0.0261099208 -0.0531416349 0.0396353602
v 0.0263225511 -0.0531416349 0.0394227356
v 0.0261295661 -0.0531301089 0.0396157168
v 0.0263029039 -0.0531301089 0.0394423828
v 0.0261596665 -0.0531215556 0.0395856164
v 0.0262728035 -0.0531215556 0.0394724794
v 0.0261965897 -0.053117007 0.0395486951
v 0.0262358803 -0.053117007 0.0395094045
v 0.0288782325 -0.0531301089 0.0396157168
v 0.028848134 -0.0531215556 0.0395856164
v 0.0288112108 -0.053117007 0.0395486951
v 0.0287719201 -0.053117007 0.0395094045
v 0.0287349988 -0.0531215556 0.0394724794
v 0.0287048984 -0.0531301089 0.0394423828
v 0.0288978778 -0.0531416349 0.0396353602
v 0.0286852513 -0.0531416349 0.0394227356
v 0.0289047025 -0.0531547442 0.039642185
v 0.0286784284 -0.0531547442 0.0394159108
v 0.0288978778 -0.0531678535 0.0396353602
v 0.0286852513 -0.0531678535 0.0394227356
v 0.0288782325 -0.0531793758 0.0396157168
v 0.0287048984 -0.0531793758 0.0394423828
v 0.0288481321 -0.0531879328 0.0395856164
v 0.0287349988 -0.0531879328 0.0394724794
v 0.0288112108 -0.0531924814 0.0395486951
v 0.0287719201 -0.0531924814 0.0395094045
v 0.0289419163 -0.0531678535 0.0101487543
v 0.0289141312 -0.0531793758 0.0101487543
v 0.0289515648 -0.0531547442 0.0101487543
v 0.0288715642 -0.0531879328 0.0101487543
v 0.0288193487 -0.0531924814 0.0101487543
v 0.0289419163 -0.0531416349 0.0101487543
v 0.0287637822 -0.0531924814 0.0101487543
v 0.0287115667 -0.0531879328 0.0101487543
v 0.0289141312 -0.0531301089 0.0101487543
v 0.0286689997 -0.0531793758 0.0101487543
v 0.0288715642 -0.0531215556 0.0101487543
v 0.0286412146 -0.0531678535 0.0101487543
v 0.0288193487 -0.053117007 0.0101487543
v 0.0286315642 -0.0531547442 0.0101487543
v 0.0287637822 -0.053117007 0.0101487543
v 0.0286412146 -0.0531416349 0.0101487543
v 0.0287115667 -0.0531215556 0.0101487543
v 0.0286689997 -0.0531301089 0.0101487543
v 0.0214274228 -0.0531678535 0.0394227356
v 0.0214205999 -0.0531547442 0.0394159108
v 0.0189584065 -0.0531547442 0.0393690467
v 0.0189584065 -0.0531678535 0.0393786989
v 0.0189584065 -0.0531416349 0.0393786989
v 0.0214470699 -0.0531793758 0.0394423828
v 0.0189584065 -0.0531793758 0.0394064784
v 0.0214274228 -0.0531416349 0.0394227356
v 0.0189584065 -0.0531301089 0.0394064784
v 0.0214771703 -0.0531879328 0.0394724794
v 0.0189584065 -0.0531879328 0.0394490473
v 0.0214470699 -0.0531301089 0.0394423828
v 0.0189584065 -0.0531215556 0.0394490473
v 0.0215140916 -0.0531924814 0.0395094045
v 0.0189584065 -0.0531924814 0.0395012647
v 0.0214771703 -0.0531215556 0.0394724794
v 0.0189584065 -0.053117007 0.0395012647
v 0.0215533823 -0.0531924814 0.0395486951
v 0.0189584065 -0.0531924814 0.0395568311
v 0.0215140916 -0.053117007 0.0395094045
v 0.0189584065 -0.053117007 0.0395568311
v 0.0215903036 -0.0531879328 0.0395856164
v 0.0189584065 -0.0531879328 0.0396090485
v 0.0215533823 -0.053117007 0.0395486951
v 0.0189584065 -0.0531215556 0.0396090485
v 0.021620404 -0.0531793758 0.0396157168
v 0.0189584065 -0.0531793758 0.0396516174
v 0.0215903036 -0.0531215556 0.0395856164
v 0.0189584065 -0.0531301089 0.0396516174
v 0.0216400493 -0.0531678535 0.0396353602
v 0.0189584065 -0.0531678535 0.0396793969
v 0.021620404 -0.0531301089 0.0396157168
v 0.0189584065 -0.0531416349 0.0396793969
v 0.021646874 -0.0531547442 0.039642185
v 0.0189584065 -0.0531547442 0.0396890491
v 0.021640053 -0.0531416349 0.0396353602
v 0.021620404 -0.0531793758 0.0100620864
v 0.0216400493 -0.0531678535 0.0100424392
v 0.021646874 -0.0531547442 0.0100356173
v 0.021640053 -0.0531416349 0.0100424392
v 0.021620404 -0.0531301089 0.0100620864
v 0.0215903036 -0.0531215556 0.0100921858
v 0.0215903036 -0.0531879328 0.0100921858
v 0.0215533823 -0.053117007 0.0101291081
v 0.0215533823 -0.0531924814 0.0101291081
v 0.0215140916 -0.053117007 0.0101683997
v 0.0215140916 -0.0531924814 0.0101683997
v 0.0214771703 -0.0531215556 0.0102053219
v 0.0214771703 -0.0531879328 0.0102053219
v 0.0214470699 -0.0531301089 0.0102354214
v 0.0214470699 -0.0531793758 0.0102354214
v 0.0214274228 -0.0531416349 0.0102550685
v 0.0214274228 -0.0531678535 0.0102550685
v 0.0214205999 -0.0531547442 0.0102618905
v 0.0189584065 -0.0531924814 0.0101765376
v 0.0189584065 -0.0531879328 0.010228754
v 0.0189584065 -0.0531924814 0.0101209702
v 0.0189584065 -0.0531793758 0.0102713211
v 0.0189584065 -0.0531678535 0.0102991043
v 0.0189584065 -0.0531879328 0.0100687537
v 0.0189584065 -0.0531547442 0.0103087546
v 0.0189584065 -0.0531416349 0.0102991043
v 0.0189584065 -0.0531793758 0.0100261867
v 0.0189584065 -0.0531301089 0.0102713211
v 0.0189584065 -0.0531678535 0.00999840349
v 0.0189584065 -0.0531215556 0.010228754
v 0.0189584065 -0.0531547442 0.00998875313
v 0.0189584065 -0.053117007 0.0101765376
v 0.0189584065 -0.0531416349 0.00999840349
v 0.0189584065 -0.053117007 0.0101209702
v 0.0189584065 -0.0531301089 0.0100261867
v 0.0189584065 -0.0531215556 0.0100687537
v 0.0163830779 -0.0531678535 0.0393786989
v 0.0163830779 -0.0531547442 0.0393690467
v 0.0138077494 -0.0531547442 0.0393690467
v 0.0138077494 -0.0531678535 0.0393786989
v 0.0138077494 -0.0531416349 0.0393786989
v 0.0163830779 -0.0531793758 0.0394064784
v 0.0163830779 -0.0531416349 0.0393786989
v 0.0138077494 -0.0531793758 0.0394064784
v 0.0138077494 -0.0531301089 0.0394064784
v 0.0163830779 -0.0531879328 0.0394490473
v 0.0163830779 -0.0531301089 0.0394064784
v 0.0138077494 -0.0531879328 0.0394490473
v 0.0138077494 -0.0531215556 0.0394490473
v 0.0163830779 -0.0531924814 0.0395012647
v 0.0163830779 -0.0531215556 0.0394490473
v 0.0138077494 -0.0531924814 0.0395012647
v 0.0138077494 -0.053117007 0.0395012647
v 0.0163830779 -0.0531924814 0.0395568311
v 0.0163830779 -0.053117007 0.0395012647
v 0.0138077494 -0.0531924814 0.0395568311
v 0.0138077494 -0.053117007 0.0395568311
v 0.0163830779 -0.0531879328 0.0396090485
v 0.0163830779 -0.053117007 0.0395568311
v 0.0138077494 -0.0531879328 0.0396090485
v 0.0138077494 -0.0531215556 0.0396090485
v 0.0163830779 -0.0531793758 0.0396516174
v 0.0163830779 -0.0531215556 0.0396090485
v 0.0138077494 -0.0531793758 0.0396516174
v 0.0138077494 -0.0531301089 0.0396516174
v 0.0163830779 -0.0531678535 0.0396793969
v 0.0163830779 -0.0531301089 0.0396516174
v 0.0138077494 -0.0531678535 0.0396793969
v 0.0138077494 -0.0531416349 0.0396793969
v 0.0163830779 -0.0531547442 0.0396890491
v 0.0163830779 -0.0531416349 0.0396793969
v 0.0138077494 -0.0531547442 0.0396890491
v 0.0112324189 -0.0531678535 0.0393786989
v 0.0112324189 -0.0531547442 0.0393690467
v 0.00865709037 -0.0531547442 0.0393690467
v 0.00865709037 -0.0531678535 0.0393786989
v 0.00865709037 -0.0531416349 0.0393786989
v 0.0112324189 -0.0531793758 0.0394064784
v 0.0112324189 -0.0531416349 0.0393786989
v 0.00865709037 -0.0531793758 0.0394064784
v 0.00865709037 -0.0531301089 0.0394064784
v 0.0112324189 -0.0531879328 0.0394490473
v 0.0112324189 -0.0531301089 0.0394064784
v 0.00865709037 -0.0531879328 0.0394490473
v 0.00865709037 -0.0531215556 0.0394490473
v 0.0112324189 -0.0531924814 0.0395012647
v 0.0112324189 -0.0531215556 0.0394490473
v 0.00865709037 -0.0531924814 0.0395012647
v 0.00865709037 -0.053117007 0.0395012647
v 0.0112324189 -0.0531924814 0.0395568311
v 0.0112324189 -0.053117007 0.0395012647
v 0.00865709037 -0.0531924814 0.0395568311
v 0.00865709037 -0.053117007 0.0395568311
v 0.0112324189 -0.0531879328 0.0396090485
v 0.0112324189 -0.053117007 0.0395568311
v 0.00865709037 -0.0531879328 0.0396090485
v 0.00865709037 -0.0531215556 0.0396090485
v 0.0112324189 -0.0531793758 0.0396516174
v 0.0112324189 -0.0531215556 0.0396090485
v 0.00865709037 -0.0531793758 0.0396516174
v 0.00865709037 -0.0531301089 0.0396516174
v 0.0112324189 -0.0531678535 0.0396793969
v 0.0112324189 -0.0531301089 0.0396516174
v 0.00865709037 -0.0531678535 0.0396793969
v 0.00865709037 -0.0531416349 0.0396793969
v 0.0112324189 -0.0531547442 0.0396890491
v 0.0112324189 -0.0531416349 0.0396793969
v 0.00865709037 -0.0531547442 0.0396890491
v 0.0113387331 -0.0531678535 0.0394227356
v 0.0113455569 -0.0531547442 0.0394159108
v 0.0113924192 -0.0531547442 0.0101487543
v 0.0113827707 -0.0531678535 0.0101487543
v 0.0113827707 -0.0531416349 0.0101487543
v 0.0113190878 -0.0531793758 0.0394423828
v 0.0113549875 -0.0531793758 0.0101487543
v 0.0113387331 -0.0531416349 0.0394227356
v 0.0113549875 -0.0531301089 0.0101487543
v 0.0112889884 -0.0531879328 0.0394724794
v 0.0113124205 -0.0531879328 0.0101487543
v 0.0113190878 -0.0531301089 0.0394423828
v 0.0113124205 -0.0531215556 0.0101487543
v 0.0112520652 -0.0531924814 0.0395094045
v 0.011260204 -0.0531924814 0.0101487543
v 0.0112889884 -0.0531215556 0.0394724794
v 0.0112602031 -0.053117007 0.0101487543
v 0.0112127727 -0.0531924814 0.0395486951
v 0.0112046357 -0.0531924814 0.0101487543
v 0.0112520652 -0.053117007 0.0395094045
v 0.0112046357 -0.053117007 0.0101487543
v 0.0111758504 -0.0531879328 0.0395856164
v 0.0111524202 -0.0531879328 0.0101487543
v 0.0112127727 -0.053117007 0.0395486951
v 0.0111524202 -0.0531215556 0.0101487543
v 0.011145751 -0.0531793758 0.0396157168
v 0.0111098522 -0.0531793758 0.0101487543
v 0.0111758504 -0.0531215556 0.0395856164
v 0.0111098522 -0.0531301089 0.0101487543
v 0.0111261057 -0.0531678535 0.0396353602
v 0.0110820681 -0.0531678535 0.0101487543
v 0.011145751 -0.0531301089 0.0396157168
v 0.0110820681 -0.0531416349 0.0101487543
v 0.0111192819 -0.0531547442 0.039642185
v 0.0110724196 -0.0531547442 0.0101487543
v 0.0111261057 -0.0531416349 0.0396353602
v 0.0138944173 -0.0531793758 0.0396157168
v 0.0139140626 -0.0531678535 0.0396353602
v 0.0139208864 -0.0531547442 0.039642185
v 0.0139140626 -0.0531416349 0.0396353602
v 0.0138944173 -0.0531301089 0.0396157168
v 0.0138643179 -0.0531215556 0.0395856164
v 0.0138643179 -0.0531879328 0.0395856164
v 0.0138273947 -0.053117007 0.0395486951
v 0.0138273947 -0.0531924814 0.0395486951
v 0.0137881022 -0.053117007 0.0395094045
v 0.0137881022 -0.0531924814 0.0395094045
v 0.0137511799 -0.0531215556 0.0394724794
v 0.0137511799 -0.0531879328 0.0394724794
v 0.0137210805 -0.0531301089 0.0394423828
v 0.0137210805 -0.0531793758 0.0394423828
v 0.0137014352 -0.0531416349 0.0394227356
v 0.0137014352 -0.0531678535 0.0394227356
v 0.0136946114 -0.0531547442 0.0394159108
v 0.0137799652 -0.0531924814 0.0101487543
v 0.0137277497 -0.0531879328 0.0101487543
v 0.0138355326 -0.0531924814 0.0101487543
v 0.0136851817 -0.0531793758 0.0101487543
v 0.0136573976 -0.0531678535 0.0101487543
v 0.0138877481 -0.0531879328 0.0101487543
v 0.0136477491 -0.0531547442 0.0101487543
v 0.0136573976 -0.0531416349 0.0101487543
v 0.0139303161 -0.0531793758 0.0101487543
v 0.0136851817 -0.0531301089 0.0101487543
v 0.0139581002 -0.0531678535 0.0101487543
v 0.0137277497 -0.0531215556 0.0101487543
v 0.0139677487 -0.0531547442 0.0101487543
v 0.0137799652 -0.053117007 0.0101487543
v 0.0139581002 -0.0531416349 0.0101487543
v 0.0138355326 -0.053117007 0.0101487543
v 0.0139303161 -0.0531301089 0.0101487543
v 0.0138877481 -0.0531215556 0.0101487543
v 0.0164893921 -0.0531678535 0.0394227356
v 0.016496215 -0.0531547442 0.0394159108
v 0.0165430773 -0.0531547442 0.0101487543
v 0.0165334288 -0.0531678535 0.0101487543
v 0.0165334288 -0.0531416349 0.0101487543
v 0.0164697468 -0.0531793758 0.0394423828
v 0.0165056456 -0.0531793758 0.0101487543
v 0.0164893921 -0.0531416349 0.0394227356
v 0.0165056456 -0.0531301089 0.0101487543
v 0.0164396465 -0.0531879328 0.0394724794
v 0.0164630786 -0.0531879328 0.0101487543
v 0.016469745 -0.0531301089 0.0394423828
v 0.0164630786 -0.0531215556 0.0101487543
v 0.0164027233 -0.0531924814 0.0395094045
v 0.0164108612 -0.0531924814 0.0101487543
v 0.0164396465 -0.0531215556 0.0394724794
v 0.0164108612 -0.053117007 0.0101487543
v 0.0163634326 -0.0531924814 0.0395486951
v 0.0163552947 -0.0531924814 0.0101487543
v 0.0164027233 -0.053117007 0.0395094045
v 0.0163552947 -0.053117007 0.0101487543
v 0.0163265094 -0.0531879328 0.0395856164
v 0.0163030792 -0.0531879328 0.0101487543
v 0.0163634326 -0.053117007 0.0395486951
v 0.0163030792 -0.0531215556 0.0101487543
v 0.0162964109 -0.0531793758 0.0396157168
v 0.0162605122 -0.0531793758 0.0101487543
v 0.0163265094 -0.0531215556 0.0395856164
v 0.0162605122 -0.0531301089 0.0101487543
v 0.0162767638 -0.0531678535 0.0396353602
v 0.0162327271 -0.0531678535 0.0101487543
v 0.0162964109 -0.0531301089 0.0396157168
v 0.0162327271 -0.0531416349 0.0101487543
v 0.0162699409 -0.0531547442 0.039642185
v 0.0162230786 -0.0531547442 0.0101487543
v 0.0162767638 -0.0531416349 0.0396353602
v 0.0190450754 -0.0531793758 0.0396157168
v 0.0190647207 -0.0531678535 0.0396353602
v 0.0190715455 -0.0531547442 0.039642185
v 0.0190647207 -0.0531416349 0.0396353602
v 0.0190450754 -0.0531301089 0.0396157168
v 0.0190149751 -0.0531215556 0.0395856164
v 0.0190149751 -0.0531879328 0.0395856164
v 0.0189780537 -0.053117007 0.0395486951
v 0.0189780537 -0.0531924814 0.0395486951
v 0.0189387612 -0.053117007 0.0395094045
v 0.0189387612 -0.0531924814 0.0395094045
v 0.018901838 -0.0531215556 0.0394724794
v 0.018901838 -0.0531879328 0.0394724794
v 0.0188717376 -0.0531301089 0.0394423828
v 0.0188717376 -0.0531793758 0.0394423828
v 0.0188520923 -0.0531416349 0.0394227356
v 0.0188520923 -0.0531678535 0.0394227356
v 0.0188452695 -0.0531547442 0.0394159108
v 0.0189387612 -0.0531924814 0.0101683997
v 0.018901838 -0.0531879328 0.0102053219
v 0.0188717376 -0.0531793758 0.0102354214
v 0.0188520923 -0.0531678535 0.0102550685
v 0.0188452695 -0.0531547442 0.0102618905
v 0.0188520923 -0.0531416349 0.0102550685
v 0.0189780537 -0.0531924814 0.0101291081
v 0.0188717376 -0.0531301089 0.0102354214
v 0.0190149751 -0.0531879328 0.0100921858
v 0.018901838 -0.0531215556 0.0102053219
v 0.0190450754 -0.0531793758 0.0100620864
v 0.0189387612 -0.053117007 0.0101683997
v 0.0190647207 -0.0531678535 0.0100424392
v 0.0189780537 -0.053117007 0.0101291081
v 0.0190715455 -0.0531547442 0.0100356173
v 0.0190149751 -0.0531215556 0.0100921858
v 0.0190647207 -0.0531416349 0.0100424392
v 0.0190450754 -0.0531301089 0.0100620864
v 0.0163830779 -0.0531678535 0.00999840349
v 0.0163830779 -0.0531547442 0.00998875313
v 0.0163830779 -0.0531416349 0.00999840349
v 0.0163830779 -0.0531301089 0.0100261867
v 0.0163830779 -0.0531215556 0.0100687537
v 0.0163830779 -0.053117007 0.0101209702
v 0.0163830779 -0.0531793758 0.0100261867
v 0.0163830779 -0.053117007 0.0101765376
v 0.0163830779 -0.0531879328 0.0100687537
v 0.0163830779 -0.0531215556 0.010228754
v 0.0163830779 -0.0531924814 0.0101209702
v 0.0163830779 -0.0531301089 0.0102713211
v 0.0163830779 -0.0531924814 0.0101765376
v 0.0163830779 -0.0531416349 0.0102991043
v 0.0163830779 -0.0531879328 0.010228754
v 0.0163830779 -0.0531547442 0.0103087546
v 0.0163830779 -0.0531793758 0.0102713211
v 0.0163830779 -0.0531678535 0.0102991043
v 0.0138077494 -0.0531924814 0.0101209702
v 0.0138077494 -0.0531924814 0.0101765376
v 0.0138077494 -0.0531879328 0.010228754
v 0.0138077494 -0.0531793758 0.0102713211
v 0.0138077494 -0.0531678535 0.0102991043
v 0.0138077494 -0.0531547442 0.0103087546
v 0.0138077494 -0.0531879328 0.0100687537
v 0.0138077494 -0.0531416349 0.0102991043
v 0.0138077494 -0.0531793758 0.0100261867
v 0.0138077494 -0.0531301089 0.0102713211
v 0.0138077494 -0.0531678535 0.00999840349
v 0.0138077494 -0.0531215556 0.010228754
v 0.0138077494 -0.0531547442 0.00998875313
v 0.0138077494 -0.053117007 0.0101765376
v 0.0138077494 -0.0531416349 0.00999840349
v 0.0138077494 -0.053117007 0.0101209702
v 0.0138077494 -0.0531301089 0.0100261867
v 0.0138077494 -0.0531215556 0.0100687537
v 0.0112324199 -0.0531547442 0.00998875313
v 0.0112324199 -0.0531416349 0.00999840349
v 0.0112324199 -0.0531301089 0.0100261867
v 0.0112324199 -0.0531215556 0.0100687537
v 0.0112324199 -0.053117007 0.0101209702
v 0.0112324199 -0.053117007 0.0101765376
v 0.0112324199 -0.0531678535 0.00999840349
v 0.0112324199 -0.0531215556 0.010228754
v 0.0112324199 -0.0531793758 0.0100261867
v 0.0112324199 -0.0531301089 0.0102713211
v 0.0112324199 -0.0531879328 0.0100687537
v 0.0112324199 -0.0531416349 0.0102991043
v 0.0112324199 -0.0531924814 0.0101209702
v 0.0112324199 -0.0531547442 0.0103087546
v 0.0112324199 -0.0531924814 0.0101765376
v 0.0112324199 -0.0531678535 0.0102991043
v 0.0112324199 -0.0531879328 0.010228754
v 0.0112324199 -0.0531793758 0.0102713211
v 0.00865709037 -0.0531879328 0.0100687537
v 0.00865709037 -0.0531924814 0.0101209702
v 0.00865709037 -0.0531924814 0.0101765376
v 0.00865709037 -0.0531879328 0.010228754
v 0.00865709037 -0.0531793758 0.0102713211
v 0.00865709037 -0.0531678535 0.0102991043
v 0.00865709037 -0.0531793758 0.0100261867
v 0.00865709037 -0.0531547442 0.0103087546
v 0.00865709037 -0.0531678535 0.00999840349
v 0.00865709037 -0.0531416349 0.0102991043
v 0.00865709037 -0.0531547442 0.00998875313
v 0.00865709037 -0.0531301089 0.0102713211
v 0.00865709037 -0.0531416349 0.00999840349
v 0.00865709037 -0.0531215556 0.010228754
v 0.00865709037 -0.0531301089 0.0100261867
v 0.00865709037 -0.053117007 0.0101765376
v 0.00865709037 -0.0531215556 0.0100687537
v 0.00865709037 -0.053117007 0.0101209702
v 0.00597544666 -0.0531416349 0.0100424392
v 0.00599509291 -0.0531301089 0.0100620864
v 0.00602519279 -0.0531215556 0.0100921858
v 0.00606211461 -0.053117007 0.0101291081
v 0.00610140665 -0.053117007 0.0101683997
v 0.00613832939 -0.0531215556 0.0102053219
v 0.00596862379 -0.0531547442 0.0100356173
v 0.00616842927 -0.0531301089 0.0102354214
v 0.00597544713 -0.0531678535 0.0100424392
v 0.00618807459 -0.0531416349 0.0102550685
v 0.00599509291 -0.0531793758 0.0100620864
v 0.00619489839 -0.0531547442 0.0102618905
v 0.00602519279 -0.0531879328 0.0100921858
v 0.00618807459 -0.0531678535 0.0102550685
v 0.00606211461 -0.0531924814 0.0101291081
v 0.00616842927 -0.0531793758 0.0102354214
v 0.00610140711 -0.0531924814 0.0101683997
v 0.00613832939 -0.0531879328 0.0102053219
v 0.00599509291 -0.0531793758 0.0396157168
v 0.00602519279 -0.0531879328 0.0395856164
v 0.00606211508 -0.0531924814 0.0395486951
v 0.00610140711 -0.0531924814 0.0395094045
v 0.00613832939 -0.0531879328 0.0394724794
v 0.00616842927 -0.0531793758 0.0394423828
v 0.00597544713 -0.0531678535 0.0396353602
v 0.00618807459 -0.0531678535 0.0394227356
v 0.00596862379 -0.0531547442 0.039642185
v 0.00619489839 -0.0531547442 0.0394159108
v 0.00597544666 -0.0531416349 0.0396353602
v 0.00618807459 -0.0531416349 0.0394227356
v 0.00599509291 -0.0531301089 0.0396157168
v 0.00616842927 -0.0531301089 0.0394423828
v 0.00602519279 -0.0531215556 0.0395856164
v 0.00613832939 -0.0531215556 0.0394724794
v 0.00606211461 -0.053117007 0.0395486951
v 0.00610140665 -0.053117007 0.0395094045
v 0.00874375831 -0.0531301089 0.0396157168
v 0.0087136589 -0.0531215556 0.0395856164
v 0.00867673662 -0.053117007 0.0395486951
v 0.00863744505 -0.053117007 0.0395094045
v 0.00860052183 -0.0531215556 0.0394724794
v 0.00857042242 -0.0531301089 0.0394423828
v 0.00876340456 -0.0531416349 0.0396353602
v 0.0085507771 -0.0531416349 0.0394227356
v 0.00877022743 -0.0531547442 0.039642185
v 0.0085439533 -0.0531547442 0.0394159108
v 0.00876340456 -0.0531678535 0.0396353602
v 0.0085507771 -0.0531678535 0.0394227356
v 0.00874375831 -0.0531793758 0.0396157168
v 0.00857042242 -0.0531793758 0.0394423828
v 0.0087136589 -0.0531879328 0.0395856164
v 0.00860052183 -0.0531879328 0.0394724794
v 0.00867673662 -0.0531924814 0.0395486951
v 0.00863744412 -0.0531924814 0.0395094045
v 0.00880744122 -0.0531678535 0.0101487543
v 0.008779658 -0.0531793758 0.0101487543
v 0.00881709065 -0.0531547442 0.0101487543
v 0.00873709098 -0.0531879328 0.0101487543
v 0.00868487358 -0.0531924814 0.0101487543
v 0.00880744122 -0.0531416349 0.0101487543
v 0.00862930715 -0.0531924814 0.0101487543
v 0.00857709069 -0.0531879328 0.0101487543
v 0.008779658 -0.0531301089 0.0101487543
v 0.00853452273 -0.0531793758 0.0101487543
v 0.00873709098 -0.0531215556 0.0101487543
v 0.00850673951 -0.0531678535 0.0101487543
v 0.00868487451 -0.053117007 0.0101487543
v 0.00849709101 -0.0531547442 0.0101487543
v 0.00862930715 -0.053117007 0.0101487543
v 0.00850673951 -0.0531416349 0.0101487543
v 0.00857709069 -0.0531215556 0.0101487543
v 0.00853452366 -0.0531301089 0.0101487543
v -0.00464770617 -0.0524723232 0.0150266141
v -0.00435363874 -0.0524723232 0.0131699452
v -0.00442760997 -0.0525431521 0.0131699452
v -0.00471805735 -0.0525431521 0.0150037548
v -0.00550112361 -0.0524723232 0.01670154
v -0.00556096761 -0.0525431521 0.0166580603
v -0.00683035143 -0.0524723232 0.0180307664
v -0.00687383115 -0.0525431521 0.0179709233
v -0.0085052764 -0.0524723232 0.0188841838
v -0.00852813479 -0.0525431521 0.0188138336
v -0.0103619453 -0.0524723232 0.0191782527
v -0.0103619462 -0.0525431521 0.0191042833
v -0.0122186141 -0.0524723232 0.0188841857
v -0.0121957576 -0.0525431521 0.0188138355
v -0.0138935409 -0.0524723232 0.0180307701
v -0.0138500612 -0.0525431521 0.0179709252
v -0.0152227692 -0.0524723232 0.01670154
v -0.0151629252 -0.0525431521 0.0166580621
v -0.0160761885 -0.0524723232 0.0150266159
v -0.0160058346 -0.0525431521 0.0150037557
v -0.0163702536 -0.0524723232 0.0131699452
v -0.0162962824 -0.0525431521 0.0131699452
v -0.00700319931 -0.0526122376 0.0177928619
v -0.00859614834 -0.0526122376 0.0186045095
v -0.0103619453 -0.0526122376 0.0188841838
v -0.0121277422 -0.0526122376 0.0186045114
v -0.0137206931 -0.0526122376 0.0177928638
v -0.0149848647 -0.0526122376 0.016528694
v -0.0157965124 -0.0526122376 0.0149357431
v -0.0057390281 -0.0526122376 0.0165286902
v -0.0160761885 -0.0526122376 0.0131699452
v -0.0160058346 -0.0525431521 0.0113361347
v -0.00492738048 -0.0526122376 0.0149357412
v -0.0157965124 -0.0526122376 0.0114041483
v -0.0151629252 -0.0525431521 0.00968182925
v -0.00464770524 -0.0526122376 0.0131699452
v -0.0149848638 -0.0526122376 0.00981119834
v -0.0138500603 -0.0525431521 0.00836896617
v -0.00492738048 -0.0526122376 0.0114041464
v -0.00471805688 -0.0525431521 0.0113361347
v -0.0137206921 -0.0526122376 0.00854702666
v -0.0121957557 -0.0525431521 0.00752605591
v -0.0057390281 -0.0526122376 0.00981119834
v -0.00556096714 -0.0525431521 0.00968183018
v -0.012127744 -0.0526122376 0.00773537904
v -0.0103619453 -0.0525431521 0.00723560899
v -0.00700319977 -0.0526122376 0.0085470276
v -0.00687383022 -0.0525431521 0.00836896617
v -0.0103619453 -0.0526122376 0.00745570473
v -0.00852813479 -0.0525431521 0.00752605591
v -0.00859614834 -0.0526122376 0.00773537997
v -0.0146929715 -0.0526778772 0.0100232707
v -0.0135086197 -0.0526778772 0.00883891899
v -0.0120162508 -0.0526778772 0.00807851925
v -0.0103619453 -0.0526778772 0.00781650282
v -0.00870764162 -0.0526778772 0.00807851925
v -0.00721527217 -0.0526778772 0.00883891992
v -0.0154533731 -0.0526778772 0.0115156407
v -0.00603092043 -0.0526778772 0.0100232707
v -0.0157153886 -0.0526778772 0.0131699452
v -0.00527052023 -0.0526778772 0.0115156407
v -0.0154533731 -0.0526778772 0.0148242507
v -0.00500850426 -0.0526778772 0.0131699443
v -0.0146929715 -0.0526778772 0.0163166206
v -0.00527052023 -0.0526778772 0.0148242479
v -0.0135086197 -0.0526778772 0.0175009724
v -0.00603092043 -0.0526778772 0.0163166188
v -0.0120162508 -0.0526778772 0.018261373
v -0.00721527217 -0.0526778772 0.0175009705
v -0.0103619453 -0.0526778772 0.0185233857
v -0.00870764162 -0.0526778772 0.0182613712
v -0.0132190678 -0.0527384542 0.0171024352
v -0.0118640233 -0.0527384542 0.0177928638
v -0.0103619453 -0.0527384542 0.0180307701
v -0.00885986816 -0.0527384542 0.0177928638
v -0.00750482548 -0.0527384542 0.0171024334
v -0.00642945711 -0.0527384542 0.0160270669
v -0.0142944353 -0.0527384542 0.0160270669
v -0.00573902763 -0.0527384542 0.0146720223
v -0.0149848647 -0.0527384542 0.0146720223
v -0.00550112175 -0.0527384542 0.0131699452
v -0.0152227711 -0.0527384542 0.0131699452
v -0.00573902717 -0.0527384542 0.0116678691
v -0.0149848647 -0.0527384542 0.0116678672
v -0.00642945617 -0.0527384542 0.0103128254
v -0.0142944343 -0.0527384542 0.0103128236
v -0.00750482408 -0.0527384542 0.00923745614
v -0.0132190669 -0.0527384542 0.0092374552
v -0.00885986816 -0.0527384542 0.00854702666
v -0.0118640233 -0.0527384542 0.00854702666
v -0.0103619453 -0.0527384542 0.00830912124
v -0.0144025255 -0.0527924746 0.0118570812
v -0.0137990685 -0.0527924746 0.0106727285
v -0.012859161 -0.0527924746 0.00973282289
v -0.0116748093 -0.0527924746 0.00912936591
v -0.0103619453 -0.0527924746 0.00892142858
v -0.00904908217 -0.0527924746 0.00912936591
v -0.0146104628 -0.0527924746 0.0131699452
v -0.00786473043 -0.0527924746 0.00973282289
v -0.0144025264 -0.0527924746 0.0144828092
v -0.00692482479 -0.0527924746 0.0106727304
v -0.0137990685 -0.0527924746 0.015667161
v -0.00632136688 -0.0527924746 0.0118570812
v -0.0128591619 -0.0527924746 0.0166070685
v -0.00611342955 -0.0527924746 0.0131699452
v -0.0116748093 -0.0527924746 0.0172105264
v -0.00632136688 -0.0527924746 0.0144828074
v -0.0103619453 -0.0527924746 0.0174184646
v -0.00692482339 -0.0527924746 0.0156671591
v -0.00904908124 -0.0527924746 0.0172105245
v -0.00786473043 -0.0527924746 0.0166070666
v -0.011453269 -0.0528386198 0.016528694
v -0.0103619453 -0.0528386198 0.0167015437
v -0.00927062146 -0.0528386198 0.0165286921
v -0.00828612503 -0.0528386198 0.0160270669
v -0.00750482408 -0.0528386198 0.0152457654
v -0.00700319745 -0.0528386198 0.0142612681
v -0.0124377673 -0.0528386198 0.0160270669
v -0.00683034863 -0.0528386198 0.0131699452
v -0.0132190678 -0.0528386198 0.0152457664
v -0.00700319745 -0.0528386198 0.0120786224
v -0.0137206949 -0.0528386198 0.0142612681
v -0.00750482408 -0.0528386198 0.011094125
v -0.0138935428 -0.0528386198 0.0131699452
v -0.00828612503 -0.0528386198 0.0103128236
v -0.0137206931 -0.0528386198 0.0120786214
v -0.00927062146 -0.0528386198 0.00981119741
v -0.0132190678 -0.0528386198 0.0110941241
v -0.0103619453 -0.0528386198 0.00963834859
v -0.0124377655 -0.0528386198 0.0103128226
v -0.0114532681 -0.0528386198 0.00981119648
v -0.0130896624 -0.0528757423 0.0131699452
v -0.0129561592 -0.0528757423 0.012327034
v -0.0125687141 -0.0528757423 0.0115666324
v -0.0119652571 -0.0528757423 0.0109631754
v -0.0112048564 -0.0528757423 0.0105757322
v -0.0103619453 -0.0528757423 0.0104422281
v -0.0129561592 -0.0528757423 0.0140128564
v -0.00951903407 -0.0528757423 0.0105757322
v -0.012568716 -0.0528757423 0.0147732561
v -0.0087586334 -0.0528757423 0.0109631754
v -0.011965258 -0.0528757423 0.015376715
v -0.00815517548 -0.0528757423 0.0115666343
v -0.0112048574 -0.0528757423 0.0157641601
v -0.00776773179 -0.0528757423 0.012327034
v -0.0103619453 -0.0528757423 0.0158976633
v -0.0076342281 -0.0528757423 0.0131699452
v -0.00951903407 -0.0528757423 0.0157641582
v -0.00776773272 -0.0528757423 0.0140128564
v -0.0087586334 -0.0528757423 0.0153767141
v -0.00815517642 -0.0528757423 0.0147732561
v -0.0103619453 -0.0529029295 0.0150266178
v -0.00978820212 -0.0529029295 0.0149357459
v -0.00927062053 -0.0529029295 0.0146720251
v -0.00885986537 -0.0529029295 0.014261269
v -0.00859614462 -0.0529029295 0.0137436884
v -0.00850527268 -0.0529029295 0.0131699452
v -0.0109356893 -0.0529029295 0.0149357459
v -0.00859614462 -0.0529029295 0.0125962012
v -0.0114532709 -0.0529029295 0.0146720251
v -0.00885986537 -0.0529029295 0.0120786196
v -0.0118640251 -0.0529029295 0.014261269
v -0.00927062053 -0.0529029295 0.0116678653
v -0.0121277459 -0.0529029295 0.0137436884
v -0.00978820212 -0.0529029295 0.0114041446
v -0.0122186178 -0.0529029295 0.0131699452
v -0.0103619453 -0.0529029295 0.0113132726
v -0.0121277459 -0.0529029295 0.0125962012
v -0.0109356893 -0.0529029295 0.0114041446
v -0.0118640251 -0.0529029295 0.0120786196
v -0.011453269 -0.0529029295 0.0116678653
v -0.0112558538 -0.0529195145 0.0134603931
v -0.0113018556 -0.0529195145 0.0131699452
v -0.0112558538 -0.0529195145 0.0128794964
v -0.0111223496 -0.0529195145 0.0126174791
v -0.0103619499 -0.0529250912 0.0131699424
v -0.0111223496 -0.0529195145 0.0137224114
v -0.0109144114 -0.0529195145 0.0124095418
v -0.010652394 -0.0529195145 0.0122760367
v -0.0109144114 -0.0529195145 0.0139303487
v -0.0103619453 -0.0529195145 0.012230034
v -0.010652394 -0.0529195145 0.0140638538
v -0.0100714965 -0.0529195145 0.0122760367
v -0.0103619453 -0.0529195145 0.0141098555
v -0.00980947912 -0.0529195145 0.0124095418
v -0.0100714965 -0.0529195145 0.0140638528
v -0.00960154179 -0.0529195145 0.0126174791
v -0.00980948005 -0.0529195145 0.0139303487
v -0.00946803764 -0.0529195145 0.0128794964
v -0.00960154179 -0.0529195145 0.0137224095
v -0.00942203496 -0.0529195145 0.0131699452
v -0.00946803764 -0.0529195145 0.0134603931
v 0.0640946925 -0.0524723232 0.0150266141
v 0.064388752 -0.0524723232 0.0131699452
v 0.0643147826 -0.0525431521 0.0131699452
v 0.0640243366 -0.0525431521 0.0150037548
v 0.0632412732 -0.0524723232 0.01670154
v 0.0631814301 -0.0525431521 0.0166580603
v 0.0619120449 -0.0524723232 0.0180307664
v 0.061868567 -0.0525431521 0.0179709233
v 0.0602371208 -0.0524723232 0.0188841838
v 0.0602142625 -0.0525431521 0.0188138336
v 0.0583804511 -0.0524723232 0.0191782527
v 0.0583804511 -0.0525431521 0.0191042833
v 0.0565237813 -0.0524723232 0.0188841857
v 0.0565466397 -0.0525431521 0.0188138355
v 0.0548488572 -0.0524723232 0.0180307701
v 0.0548923351 -0.0525431521 0.0179709252
v 0.0535196252 -0.0524723232 0.01670154
v 0.053579472 -0.0525431521 0.0166580621
v 0.0526662096 -0.0524723232 0.0150266159
v 0.052736558 -0.0525431521 0.0150037557
v 0.0523721389 -0.0524723232 0.0131699452
v 0.052446112 -0.0525431521 0.0131699452
v 0.0617391951 -0.0526122376 0.0177928619
v 0.0601462498 -0.0526122376 0.0186045095
v 0.0583804511 -0.0526122376 0.0188841838
v 0.0566146523 -0.0526122376 0.0186045114
v 0.0550217032 -0.0526122376 0.0177928638
v 0.0537575334 -0.0526122376 0.016528694
v 0.0529458858 -0.0526122376 0.0149357431
v 0.0630033687 -0.0526122376 0.0165286902
v 0.0526662096 -0.0526122376 0.0131699452
v 0.052736558 -0.0525431521 0.0113361347
v 0.0638150126 -0.0526122376 0.0149357412
v 0.0529458858 -0.0526122376 0.0114041483
v 0.053579472 -0.0525431521 0.00968182925
v 0.0640946925 -0.0526122376 0.0131699452
v 0.0537575334 -0.0526122376 0.00981119834
v 0.0548923351 -0.0525431521 0.00836896617
v 0.0638150126 -0.0526122376 0.0114041464
v 0.0640243366 -0.0525431521 0.0113361347
v 0.0550217032 -0.0526122376 0.00854702666
v 0.0565466397 -0.0525431521 0.00752605591
v 0.0630033687 -0.0526122376 0.00981119834
v 0.0631814301 -0.0525431521 0.00968183018
v 0.0566146523 -0.0526122376 0.00773537904
v 0.0583804511 -0.0525431521 0.00723560899
v 0.0617391951 -0.0526122376 0.0085470276
v 0.061868567 -0.0525431521 0.00836896617
v 0.0583804511 -0.0526122376 0.00745570473
v 0.0602142625 -0.0525431521 0.00752605591
v 0.0601462461 -0.0526122376 0.00773537997
v 0.0540494248 -0.0526778772 0.0100232707
v 0.0552337728 -0.0526778772 0.00883891899
v 0.0567261428 -0.0526778772 0.00807851925
v 0.0583804511 -0.0526778772 0.00781650282
v 0.0600347556 -0.0526778772 0.00807851925
v 0.0615271218 -0.0526778772 0.00883891992
v 0.0532890223 -0.0526778772 0.0115156407
v 0.0627114773 -0.0526778772 0.0100232707
v 0.0530270077 -0.0526778772 0.0131699452
v 0.0634718761 -0.0526778772 0.0115156407
v 0.0532890223 -0.0526778772 0.0148242507
v 0.0637338907 -0.0526778772 0.0131699443
v 0.0540494248 -0.0526778772 0.0163166206
v 0.0634718761 -0.0526778772 0.0148242479
v 0.0552337728 -0.0526778772 0.0175009724
v 0.0627114773 -0.0526778772 0.0163166188
v 0.0567261428 -0.0526778772 0.018261373
v 0.0615271218 -0.0526778772 0.0175009705
v 0.0583804511 -0.0526778772 0.0185233857
v 0.0600347556 -0.0526778772 0.0182613712
v 0.0555233285 -0.0527384542 0.0171024352
v 0.0568783693 -0.0527384542 0.0177928638
v 0.0583804511 -0.0527384542 0.0180307701
v 0.0598825254 -0.0527384542 0.0177928638
v 0.0612375736 -0.0527384542 0.0171024334
v 0.062312942 -0.0527384542 0.0160270669
v 0.0544479601 -0.0527384542 0.0160270669
v 0.0630033687 -0.0527384542 0.0146720223
v 0.0537575334 -0.0527384542 0.0146720223
v 0.0632412732 -0.0527384542 0.0131699452
v 0.0535196252 -0.0527384542 0.0131699452
v 0.0630033687 -0.0527384542 0.0116678691
v 0.0537575334 -0.0527384542 0.0116678672
v 0.062312942 -0.0527384542 0.0103128254
v 0.0544479601 -0.0527384542 0.0103128236
v 0.0612375736 -0.0527384542 0.00923745614
v 0.0555233285 -0.0527384542 0.0092374552
v 0.0598825254 -0.0527384542 0.00854702666
v 0.056878373 -0.0527384542 0.00854702666
v 0.0583804511 -0.0527384542 0.00830912124
v 0.0543398708 -0.0527924746 0.0118570812
v 0.0549433269 -0.0527924746 0.0106727285
v 0.0558832362 -0.0527924746 0.00973282289
v 0.0570675842 -0.0527924746 0.00912936591
v 0.0583804511 -0.0527924746 0.00892142858
v 0.0596933104 -0.0527924746 0.00912936591
v 0.0541319326 -0.0527924746 0.0131699452
v 0.0608776659 -0.0527924746 0.00973282289
v 0.0543398708 -0.0527924746 0.0144828092
v 0.0618175715 -0.0527924746 0.0106727304
v 0.0549433269 -0.0527924746 0.015667161
v 0.0624210313 -0.0527924746 0.0118570812
v 0.0558832362 -0.0527924746 0.0166070685
v 0.0626289621 -0.0527924746 0.0131699452
v 0.0570675842 -0.0527924746 0.0172105264
v 0.0624210313 -0.0527924746 0.0144828074
v 0.0583804511 -0.0527924746 0.0174184646
v 0.0618175715 -0.0527924746 0.0156671591
v 0.0596933104 -0.0527924746 0.0172105245
v 0.0608776659 -0.0527924746 0.0166070666
v 0.0572891273 -0.0528386198 0.016528694
v 0.0583804511 -0.0528386198 0.0167015437
v 0.0594717711 -0.0528386198 0.0165286921
v 0.0604562685 -0.0528386198 0.0160270669
v 0.0612375736 -0.0528386198 0.0152457654
v 0.0617391951 -0.0528386198 0.0142612681
v 0.0563046299 -0.0528386198 0.0160270669
v 0.0619120449 -0.0528386198 0.0131699452
v 0.0555233285 -0.0528386198 0.0152457664
v 0.0617391951 -0.0528386198 0.0120786224
v 0.0550216995 -0.0528386198 0.0142612681
v 0.0612375736 -0.0528386198 0.011094125
v 0.0548488498 -0.0528386198 0.0131699452
v 0.0604562685 -0.0528386198 0.0103128236
v 0.0550216995 -0.0528386198 0.0120786214
v 0.0594717711 -0.0528386198 0.00981119741
v 0.0555233285 -0.0528386198 0.0110941241
v 0.0583804511 -0.0528386198 0.00963834859
v 0.0563046299 -0.0528386198 0.0103128226
v 0.0572891273 -0.0528386198 0.00981119648
v 0.0556527302 -0.0528757423 0.0131699452
v 0.0557862371 -0.0528757423 0.012327034
v 0.0561736822 -0.0528757423 0.0115666324
v 0.0567771383 -0.0528757423 0.0109631754
v 0.0575375408 -0.0528757423 0.0105757322
v 0.0583804511 -0.0528757423 0.0104422281
v 0.0557862371 -0.0528757423 0.0140128564
v 0.0592233613 -0.0528757423 0.0105757322
v 0.0561736822 -0.0528757423 0.0147732561
v 0.0599837638 -0.0528757423 0.0109631754
v 0.0567771383 -0.0528757423 0.015376715
v 0.0605872199 -0.0528757423 0.0115666343
v 0.0575375408 -0.0528757423 0.0157641601
v 0.060974665 -0.0528757423 0.012327034
v 0.0583804511 -0.0528757423 0.0158976633
v 0.0611081682 -0.0528757423 0.0131699452
v 0.0592233613 -0.0528757423 0.0157641582
v 0.060974665 -0.0528757423 0.0140128564
v 0.0599837638 -0.0528757423 0.0153767141
v 0.0605872199 -0.0528757423 0.0147732561
v 0.0583804511 -0.0529029295 0.0150266178
v 0.0589541942 -0.0529029295 0.0149357459
v 0.0594717711 -0.0529029295 0.0146720251
v 0.0598825291 -0.0529029295 0.014261269
v 0.0601462498 -0.0529029295 0.0137436884
v 0.0602371208 -0.0529029295 0.0131699452
v 0.0578067042 -0.0529029295 0.0149357459
v 0.0601462498 -0.0529029295 0.0125962012
v 0.0572891273 -0.0529029295 0.0146720251
v 0.0598825291 -0.0529029295 0.0120786196
v 0.0568783693 -0.0529029295 0.014261269
v 0.0594717711 -0.0529029295 0.0116678653
v 0.0566146523 -0.0529029295 0.0137436884
v 0.0589541942 -0.0529029295 0.0114041446
v 0.0565237813 -0.0529029295 0.0131699452
v 0.0583804511 -0.0529029295 0.0113132726
v 0.0566146523 -0.0529029295 0.0125962012
v 0.0578067042 -0.0529029295 0.0114041446
v 0.0568783693 -0.0529029295 0.0120786196
v 0.0572891273 -0.0529029295 0.0116678653
v 0.0574865416 -0.0529195145 0.0134603931
v 0.057440538 -0.0529195145 0.0131699452
v 0.0574865416 -0.0529195145 0.0128794964
v 0.0576200485 -0.0529195145 0.0126174791
v 0.0583804436 -0.0529250912 0.0131699424
v 0.0576200485 -0.0529195145 0.0137224114
v 0.0578279868 -0.0529195145 0.0124095418
v 0.0580900051 -0.0529195145 0.0122760367
v 0.0578279868 -0.0529195145 0.0139303487
v 0.0583804511 -0.0529195145 0.012230034
v 0.0580900051 -0.0529195145 0.0140638538
v 0.058670897 -0.0529195145 0.0122760367
v 0.0583804511 -0.0529195145 0.0141098555
v 0.0589329116 -0.0529195145 0.0124095418
v 0.058670897 -0.0529195145 0.0140638528
v 0.0591408536 -0.0529195145 0.0126174791
v 0.0589329116 -0.0529195145 0.0139303487
v 0.0592743568 -0.0529195145 0.0128794964
v 0.0591408536 -0.0529195145 0.0137224095
v 0.0593203641 -0.0529195145 0.0131699452
v 0.0592743568 -0.0529195145 0.0134603931
v 0.00515690539 0.0101494277 0.00430057989
v 0.00472706091 0.0101494277 0.00425824383
v 0.00429721642 0.0101494277 0.00430057989
v 0.00557023147 0.0101494277 0.00442596106
v 0.00388389081 0.0101494277 0.00442596059
v 0.0035029673 0.0101494277 0.00462956773
v 0.00595115405 0.0101494277 0.00462956913
v 0.00316908536 0.0101494277 0.0049035782
v 0.00628503645 0.0101494277 0.00490357867
v 0.0028950756 0.0101494277 0.00523746014
v 0.00655904645 0.0101494277 0.00523746107
v 0.00269146799 0.0101494277 0.00561838364
v 0.00676265359 0.0101494277 0.00561838504
v 0.00256608729 0.0101494277 0.00603170926
v 0.00688803429 0.0101494277 0.00603171112
v 0.00252375123 0.0101494277 0.00646155328
v 0.00693036895 0.0101494277 0.00646155514
v 0.00256608729 0.0101494277 0.00689139776
v 0.00688803289 0.0101494277 0.00689139962
v 0.00269146799 0.0101494277 0.00730472291
v 0.00676265219 0.0101494277 0.0073047257
v 0.0028950756 0.0101494277 0.00768564641
v 0.00655904412 0.0101494277 0.00768564781
v 0.00316908536 0.0101494277 0.00801952835
v 0.00628503319 0.0101494277 0.00801953021
v 0.0035029673 0.0101494277 0.00829353835
v 0.00595115172 0.0101494277 0.00829353929
v 0.00388389034 0.0101494277 0.00849714503
v 0.00557022775 0.0101494277 0.00849714689
v 0.00429721596 0.0101494277 0.00862252619
v 0.00515690213 0.0101494277 0.00862252712
v 0.00472706044 0.0101494277 0.00866486318
v -5.86342794E-05 0.0101494277 0.00430057989
v -0.000488478807 0.0101494277 0.00425824383
v -0.000918323349 0.0101494277 0.00430057989
v 0.000354691147 0.0101494277 0.00442596106
v -0.00133164914 0.0101494277 0.00442596059
v -0.00171257253 0.0101494277 0.00462956773
v 0.000735614274 0.0101494277 0.00462956913
v -0.00204645447 0.0101494277 0.0049035782
v 0.00106949685 0.0101494277 0.00490357867
v -0.00232046423 0.0101494277 0.00523746014
v 0.00134350592 0.0101494277 0.00523746107
v -0.00252407184 0.0101494277 0.00561838364
v 0.00154711364 0.0101494277 0.00561838504
v -0.00264945254 0.0101494277 0.00603170926
v 0.00167249376 0.0101494277 0.00603171112
v -0.0026917886 0.0101494277 0.00646155328
v 0.00171482912 0.0101494277 0.00646155514
v -0.00264945254 0.0101494277 0.00689139776
v 0.00167249318 0.0101494277 0.00689139962
v -0.00252407184 0.0101494277 0.00730472291
v 0.00154711178 0.0101494277 0.0073047257
v -0.00232046423 0.0101494277 0.00768564641
v 0.00134350359 0.0101494277 0.00768564781
v -0.00204645447 0.0101494277 0.00801952835
v 0.00106949324 0.0101494277 0.00801953021
v -0.00171257253 0.0101494277 0.00829353835
v 0.000735611306 0.0101494277 0.00829353929
v -0.00133164937 0.0101494277 0.00849714503
v 0.000354687567 0.0101494277 0.00849714689
v -0.000918323989 0.0101494277 0.00862252619
v -5.86384522E-05 0.0101494277 0.00862252712
v -0.000488479738 0.0101494277 0.00866486318
v -0.00534157502 0.0101494277 0.00430057989
v -0.00577141996 0.0101494277 0.00425824383
v -0.00620126352 0.0101494277 0.00430057989
v -0.0049282494 0.0101494277 0.00442596106
v -0.0066145896 0.0101494277 0.00442596059
v -0.0069955131 0.0101494277 0.00462956773
v -0.00454732636 0.0101494277 0.00462956913
v -0.00732939458 0.0101494277 0.0049035782
v -0.00421344396 0.0101494277 0.00490357867
v -0.00760340458 0.0101494277 0.00523746014
v -0.00393943489 0.0101494277 0.00523746107
v -0.00780701265 0.0101494277 0.00561838364
v -0.00373582705 0.0101494277 0.00561838504
v -0.00793239381 0.0101494277 0.00603170926
v -0.00361044705 0.0101494277 0.00603171112
v -0.00797472894 0.0101494277 0.00646155328
v -0.00356811169 0.0101494277 0.00646155514
v -0.00793239381 0.0101494277 0.00689139776
v -0.00361044751 0.0101494277 0.00689139962
v -0.00780701265 0.0101494277 0.00730472291
v -0.00373582891 0.0101494277 0.0073047257
v -0.00760340458 0.0101494277 0.00768564641
v -0.00393943721 0.0101494277 0.00768564781
v -0.00732939458 0.0101494277 0.00801952835
v -0.00421344768 0.0101494277 0.00801953021
v -0.0069955131 0.0101494277 0.00829353835
v -0.00454732962 0.0101494277 0.00829353929
v -0.0066145896 0.0101494277 0.00849714503
v -0.00492825313 0.0101494277 0.00849714689
v -0.00620126491 0.0101494277 0.00862252619
v -0.00534157921 0.0101494277 0.00862252712
v -0.00577141996 0.0101494277 0.00866486318
v 0.052966971 0.0101494277 0.00430057989
v 0.0525371246 0.0101494277 0.00425824383
v 0.052107282 0.0101494277 0.00430057989
v 0.0533802956 0.0101494277 0.00442596106
v 0.0516939536 0.0101494277 0.00442596059
v 0.0513130315 0.0101494277 0.00462956773
v 0.0537612177 0.0101494277 0.00462956913
v 0.0509791523 0.0101494277 0.0049035782
v 0.0540951006 0.0101494277 0.00490357867
v 0.0507051423 0.0101494277 0.00523746014
v 0.0543691106 0.0101494277 0.00523746107
v 0.0505015329 0.0101494277 0.00561838364
v 0.0545727201 0.0101494277 0.00561838504
v 0.0503761508 0.0101494277 0.00603170926
v 0.0546980985 0.0101494277 0.00603171112
v 0.0503338128 0.0101494277 0.00646155328
v 0.0547404326 0.0101494277 0.00646155514
v 0.0503761508 0.0101494277 0.00689139776
v 0.0546980985 0.0101494277 0.00689139962
v 0.0505015329 0.0101494277 0.00730472291
v 0.0545727164 0.0101494277 0.0073047257
v 0.0507051423 0.0101494277 0.00768564641
v 0.0543691106 0.0101494277 0.00768564781
v 0.0509791523 0.0101494277 0.00801952835
v 0.0540950969 0.0101494277 0.00801953021
v 0.0513130315 0.0101494277 0.00829353835
v 0.053761214 0.0101494277 0.00829353929
v 0.0516939536 0.0101494277 0.00849714503
v 0.0533802919 0.0101494277 0.00849714689
v 0.052107282 0.0101494277 0.00862252619
v 0.0529669672 0.0101494277 0.00862252712
v 0.0525371246 0.0101494277 0.00866486318
v 0.0477514304 0.0101494277 0.00430057989
v 0.0473215841 0.0101494277 0.00425824383
v 0.0468917415 0.0101494277 0.00430057989
v 0.0481647588 0.0101494277 0.00442596106
v 0.046478413 0.0101494277 0.00442596059
v 0.0460974909 0.0101494277 0.00462956773
v 0.0485456772 0.0101494277 0.00462956913
v 0.0457636118 0.0101494277 0.0049035782
v 0.0488795601 0.0101494277 0.00490357867
v 0.0454896018 0.0101494277 0.00523746014
v 0.0491535701 0.0101494277 0.00523746107
v 0.0452859923 0.0101494277 0.00561838364
v 0.0493571796 0.0101494277 0.00561838504
v 0.0451606102 0.0101494277 0.00603170926
v 0.0494825579 0.0101494277 0.00603171112
v 0.0451182723 0.0101494277 0.00646155328
v 0.0495248921 0.0101494277 0.00646155514
v 0.0451606102 0.0101494277 0.00689139776
v 0.0494825579 0.0101494277 0.00689139962
v 0.0452859923 0.0101494277 0.00730472291
v 0.0493571758 0.0101494277 0.0073047257
v 0.0454896018 0.0101494277 0.00768564641
v 0.0491535701 0.0101494277 0.00768564781
v 0.0457636118 0.0101494277 0.00801952835
v 0.0488795564 0.0101494277 0.00801953021
v 0.0460974909 0.0101494277 0.00829353835
v 0.0485456735 0.0101494277 0.00829353929
v 0.046478413 0.0101494277 0.00849714503
v 0.0481647514 0.0101494277 0.00849714689
v 0.0468917415 0.0101494277 0.00862252619
v 0.0477514267 0.0101494277 0.00862252712
v 0.0473215841 0.0101494277 0.00866486318
v 0.0424684882 0.0101494277 0.00430057989
v 0.0420386456 0.0101494277 0.00425824383
v 0.0416087992 0.0101494277 0.00430057989
v 0.0428818166 0.0101494277 0.00442596106
v 0.0411954783 0.0101494277 0.00442596059
v 0.0408145525 0.0101494277 0.00462956773
v 0.0432627387 0.0101494277 0.00462956913
v 0.0404806696 0.0101494277 0.0049035782
v 0.0435966179 0.0101494277 0.00490357867
v 0.0402066596 0.0101494277 0.00523746014
v 0.0438706279 0.0101494277 0.00523746107
v 0.0400030501 0.0101494277 0.00561838364
v 0.0440742373 0.0101494277 0.00561838504
v 0.0398776717 0.0101494277 0.00603170926
v 0.0441996194 0.0101494277 0.00603171112
v 0.0398353338 0.0101494277 0.00646155328
v 0.0442419536 0.0101494277 0.00646155514
v 0.0398776717 0.0101494277 0.00689139776
v 0.0441996194 0.0101494277 0.00689139962
v 0.0400030501 0.0101494277 0.00730472291
v 0.0440742336 0.0101494277 0.0073047257
v 0.0402066596 0.0101494277 0.00768564641
v 0.0438706279 0.0101494277 0.00768564781
v 0.0404806696 0.0101494277 0.00801952835
v 0.0435966179 0.0101494277 0.00801953021
v 0.0408145525 0.0101494277 0.00829353835
v 0.043262735 0.0101494277 0.00829353929
v 0.0411954783 0.0101494277 0.00849714503
v 0.0428818129 0.0101494277 0.00849714689
v 0.0416087992 0.0101494277 0.00862252619
v 0.0424684845 0.0101494277 0.00862252712
v 0.0420386456 0.0101494277 0.00866486318
v 0.0513296835 0.0100000296 0.00430057989
v 0.0508998372 0.0100000296 0.00425824383
v 0.0504699945 0.0100000296 0.00430057989
v 0.0517430119 0.0100000296 0.00442596106
v 0.0500566661 0.0100000296 0.00442596059
v 0.049675744 0.0100000296 0.00462956773
v 0.0521239303 0.0100000296 0.00462956913
v 0.0493418649 0.0100000296 0.0049035782
v 0.0524578132 0.0100000296 0.00490357867
v 0.0490678549 0.0100000296 0.00523746014
v 0.0527318232 0.0100000296 0.00523746107
v 0.0488642454 0.0100000296 0.00561838364
v 0.0529354326 0.0100000296 0.00561838504
v 0.0487388633 0.0100000296 0.00603170926
v 0.053060811 0.0100000296 0.00603171112
v 0.0486965254 0.0100000296 0.00646155328
v 0.0531031452 0.0100000296 0.00646155514
v 0.0487388633 0.0100000296 0.00689139776
v 0.053060811 0.0100000296 0.00689139962
v 0.0488642454 0.0100000296 0.00730472291
v 0.0529354289 0.0100000296 0.0073047257
v 0.0490678549 0.0100000296 0.00768564641
v 0.0527318232 0.0100000296 0.00768564781
v 0.0493418649 0.0100000296 0.00801952835
v 0.0524578094 0.0100000296 0.00801953021
v 0.049675744 0.0100000296 0.00829353835
v 0.0521239266 0.0100000296 0.00829353929
v 0.0500566661 0.0100000296 0.00849714503
v 0.0517430045 0.0100000296 0.00849714689
v 0.0504699945 0.0100000296 0.00862252619
v 0.0513296798 0.0100000296 0.00862252712
v 0.0508998372 0.0100000296 0.00866486318
v 0.046114143 0.0100000296 0.00430057989
v 0.0456842966 0.0100000296 0.00425824383
v 0.045254454 0.0100000296 0.00430057989
v 0.0465274714 0.0100000296 0.00442596106
v 0.0448411256 0.0100000296 0.00442596059
v 0.0444602035 0.0100000296 0.00462956773
v 0.0469083935 0.0100000296 0.00462956913
v 0.0441263244 0.0100000296 0.0049035782
v 0.0472422726 0.0100000296 0.00490357867
v 0.0438523144 0.0100000296 0.00523746014
v 0.0475162826 0.0100000296 0.00523746107
v 0.0436487049 0.0100000296 0.00561838364
v 0.0477198921 0.0100000296 0.00561838504
v 0.0435233265 0.0100000296 0.00603170926
v 0.0478452705 0.0100000296 0.00603171112
v 0.0434809849 0.0100000296 0.00646155328
v 0.0478876047 0.0100000296 0.00646155514
v 0.0435233265 0.0100000296 0.00689139776
v 0.0478452705 0.0100000296 0.00689139962
v 0.0436487049 0.0100000296 0.00730472291
v 0.0477198884 0.0100000296 0.0073047257
v 0.0438523144 0.0100000296 0.00768564641
v 0.0475162826 0.0100000296 0.00768564781
v 0.0441263244 0.0100000296 0.00801952835
v 0.0472422689 0.0100000296 0.00801953021
v 0.0444602035 0.0100000296 0.00829353835
v 0.0469083861 0.0100000296 0.00829353929
v 0.0448411256 0.0100000296 0.00849714503
v 0.0465274639 0.0100000296 0.00849714689
v 0.045254454 0.0100000296 0.00862252619
v 0.0461141393 0.0100000296 0.00862252712
v 0.0456842966 0.0100000296 0.00866486318
v 0.0473017097 -0.0379196517 0.0454338528
v 0.0473017097 -0.0373593569 0.0607745647
v 0.0473017097 -0.0324335769 0.0612964891
v 0.0473017097 -0.0324335769 0.0455548763
v 0.000182659627 -0.0379196517 0.0454338528
v 0.000182659627 -0.0324335769 0.0455548763
v 0.000182659627 -0.0324335769 0.0612964891
v 0.000182659627 -0.0373593569 0.0607745647
vt 0 0
vt 0 0
vt 0 0
vt 0 0
vt 0 0
vt 0 0
vt 0 0
vt 0 0
vt 0 0
vt 0 0
vt 0 0
vt 0 0
vt 0 0
vt 0 0
vt 0 0
vt 0 0
vt 0 0
vt 0 0
vt 0 0
vt 0 0
vt 0 0
vt 0 0
vt 0 0
vt 0 0
vt 0 0
vt 0 0
vt 0 0
vt 0 0
vt 0 0
vt 0 0
vt 0 0
vt 0 0
vt 0 0
vt 0 0
vt 0 0
vt 0 0
vt 0 0
vt 0 0
vt 0 0
vt 0 0
vt 0 0
vt 0 0
vt 0 0
vt 0 0
vt 0 0
vt 0 0
vt 0 0
vt 0 0
vt 0 0
vt 0 0
vt 0 0
vt 0 0
vt 0 0
vt 0 0
vt 0 0
vt 0 0
vt 0 0
vt 0 0
vt 0 0
vt 0 0
vt 0 0
vt 0 0
vt 0 0
vt 0 0
vt 0 0
vt 0 0
vt 0 0
vt 0 0
vt 0 0
vt 0 0
vt 0 0
vt 0 0
vt 0 0
vt 0 0
vt 0 0
vt 0 0
vt 0 0
vt 0 0
vt 0 0
vt 0 0
vt 0 0
vt 0 0
vt 0 0
vt 0 0
vt 0 0
vt 0 0
vt 0 0
vt 0 0
vt 0 0
vt 0 0
vt 0 0
vt 0 0
vt 0 0
vt 0 0
vt 0 0
vt 0 0
vt 0 0
vt 0 0
vt 0 0
vt 0 0
vt 0 0
vt 0 0
vt 0 0
vt 0 0
vt 0 0
vt 0 0
vt 0 0
vt 0 0
vt 0 0
vt 0 0
vt 0 0
vt 0 0
vt 0 0
vt 0 0
vt 0 0
vt 0 0
vt 0 0
vt 0 0
vt 0 0
vt 0 0
vt 0 0
vt 0 0
vt 0 0
vt 0 0
vt 0 0
vt 0 0
vt 0 0
vt 0 0
vt 0 0
vt 0 0
vt 0 0
vt 0 0
vt 0 0
vt 0 0
vt 0 0
vt 0 0
vt 0 0
vt 0 0
vt 0 0
vt 0 0
vt 0 0
vt 0 0
vt 0 0
vt 0 0
vt 0 0
vt 0 0
vt 0 0
vt 0 0
vt 0 0
vt 0 0
vt 0 0
vt 0 0
vt 0 0
vt 0 0
vt 0 0
vt 0 0
vt 0 0
vt 0 0
vt 0 0
vt 0 0
vt 0 0
vt 0 0
vt 0 0
vt 0 0
vt 0 0
vt 0 0
vt 0 0
vt 0 0
vt 0 0
vt 0 0
vt 0 0
vt 0 0
vt 0 0
vt 0 0
vt 0 0
vt 0 0
vt 0 0
vt 0 0
vt 0 0
vt 0 0
vt 0 0
vt 0 0
vt 0 0
vt 0 0
vt 0 0
vt 0 0
vt 0 0
vt 0 0
vt 0 0
vt 0 0
vt 0 0
vt 0 0
vt 0 0
vt 0 0
vt 0 0
vt 0 0
vt 0 0
vt 0 0
vt 0 0
vt 0 0
vt 0 0
vt 0 0
vt 0 0
vt 0 0
vt 0 0
vt 0 0
vt 0 0
vt 0 0
vt 0 0
vt 0 0
vt 0 0
vt 0 0
vt -0.866210938 -0.51171875
vt -0.866210938 -0.116882324
vt 0.133666992 -0.116882324
vt 0.133666992 -0.51171875
vt 0 0
vt 0 0
vt 0 0
vt 0 0
vt 0 0
vt 0 0
vt 0 0
vt 0 0
vt 0 0
vt 0 0
vt 0 0
vt 0 0
vt 0 0
vt 0 0
vt 0 0
vt 0 0
vt 0 0
vt 0 0
vt 0 0
vt 0 0
vt 0 0
vt 0 0
vt 0 0
vt 0 0
vt 0 0
vt 0 0
vt 0 0
vt 0 0
vt 0 0
vt 0 0
vt 0 0
vt 0 0
vt 0 0
vt 0 0
vt 0 0
vt 0 0
vt 0 0
vt 0 0
vt 0 0
vt 0 0
vt 0 0
vt 0 0
vt 0 0
vt 0 0
vt 0 0
vt 0 0
vt 0 0
vt 0 0
vt 0 0
vt 0 0
vt 0 0
vt 0 0
vt 0 0
vt 0 0
vt 0 0
vt 0 0
vt 0 0
vt 0 0
vt 0 0
vt 0 0
vt 0 0
vt 0 0
vt 0 0
vt 0 0
vt 0 0
vt 0 0
vt 0 0
vt 0 0
vt 0 0
vt 0 0
vt 0 0
vt 0 0
vt 0 0
vt 0 0
vt 0 0
vt 0 0
vt 0 0
vt 0 0
vt 0 0
vt 0 0
vt 0 0
vt 0 0
vt 0 0
vt 0 0
vt 0 0
vt 0 0
vt 0 0
vt 0 0
vt 0 0
vt 0 0
vt 0 0
vt 0 0
vt 0 0
vt 0 0
vt 0 0
vt 0 0
vt 0 0
vt 0 0
vt 0 0
vt 0 0
vt 0 0
vt 0 0
vt 0 0
vt 0 0
vt 0 0
vt 0 0
vt 0 0
vt 0 0
vt 0 0
vt 0 0
vt 0 0
vt 0 0
vt 0 0
vt 0 0
vt 0 0
vt 0 0
vt 0 0
vt 0 0
vt 0 0
vt 0 0
vt 0 0
vt 0 0
vt 0 0
vt 0 0
vt 0 0
vt 0 0
vt 0 0
vt 0 0
vt 0 0
vt 0 0
vt 0 0
vt 0 0
vt 0 0
vt 0 0
vt 0 0
vt 0 0
vt 0 0
vt 0 0
vt 0 0
vt 0 0
vt 0 0
vt 0 0
vt 0 0
vt 0 0
vt 0 0
vt 0 0
vt 0 0
vt 0 0
vt 0 0
vt 0 0
vt 0 0
vt 0 0
vt 0 0
vt 0 0
vt 0 0
vt 0 0
vt 0 0
vt 0 0
vt 0 0
vt 0 0
vt 0 0
vt 0 0
vt 0 0
vt 0 0
vt 0 0
vt 0 0
vt 0 0
vt 0 0
vt 0 0
vt 0 0
vt 0 0
vt 0 0
vt 0 0
vt 0 0
vt 0 0
vt 0 0
vt 0 0
vt 0 0
vt 0 0
vt 0 0
vt 0 0
vt 0 0
vt 0 0
vt 0 0
vt 0 0
vt 0 0
vt 0 0
vt 0 0
vt 0 0
vt 0 0
vt 0 0
vt 0 0
vt 0 0
vt 0 0
vt 0 0
vt 0 0
vt 0 0
vt 0 0
vt 0 0
vt 0 0
vt 0 0
vt 0 0
vt 0 0
vt 0 0
vt 0 0
vt 0 0
vt 0 0
vt 0 0
vt 0 0
vt 0 0
vt 0 0
vt 0 0
vt -0.866210938 -0.51171875
vt -0.866210938 -0.116882324
vt 0.133666992 -0.116882324
vt 0.133666992 -0.51171875
vt 0.772949219 0.814941406
vt 0.772949219 0.859863281
vt 0.82421875 0.869628906
vt 0.82421875 0.814941406
vt 0.772949219 0.614746094
vt 0.82421875 0.614746094
vt 0.851074219 0.617675781
vt 0.869140625 0.827636719
vt 0.869140625 0.882324219
vt 0.857421875 0.618164062
vt 0.875488281 0.829589844
vt 0.875488281 0.884277344
vt 0.86328125 0.618652344
vt 0.881347656 0.831054688
vt 0.881347656 0.885742188
vt 0.869140625 0.619140625
vt 0.887207031 0.832519531
vt 0.874023438 0.619628906
vt 0.887207031 0.887207031
vt 0.892089844 0.833984375
vt 0.892089844 0.888671875
vt 0.235961914 0.530761719
vt 0.232055664 0.745605469
vt 0.237060547 0.74609375
vt 0.230957031 0.529785156
vt 0.235961914 0.476318359
vt 0.2265625 0.745117188
vt 0.230957031 0.475097656
vt 0.225341797 0.528808594
vt 0.220581055 0.745117188
vt 0.225341797 0.475341797
vt 0.219482422 0.528320312
vt 0.214477539 0.745117188
vt 0.219482422 0.474853516
vt 0.213378906 0.528320312
vt 0.135253906 0.745117188
vt 0.213378906 0.474609375
vt 0.134155273 0.528320312
vt 0.0684204102 0.745117188
vt 0.0672607422 0.528320312
vt 0.134155273 0.474609375
vt 0.0672607422 0.474853516
vt 0.0155487061 0.528320312
vt 0.0155487061 0.474853516
vt 0.0672607422 0.321533203
vt 0.134155273 0.321289062
vt 0.213378906 0.321289062
vt 0.250488281 0.321289062
vt 0.24987793 0.46875
vt 0.0672607422 0.274414062
vt 0.134155273 0.274414062
vt 0.0155487061 0.274414062
vt 0.0155487061 0.321533203
vt 0.262939453 0.333740234
vt 0.262451172 0.454101562
vt 0.353759766 0.452636719
vt 0.344238281 0.333740234
vt 0.341552734 0.441650391
vt 0.357177734 0.321044922
vt 0.362304688 0.321044922
vt 0.358886719 0.451904297
vt 0.366699219 0.321044922
vt 0.363525391 0.451171875
vt 0.366699219 0.274169922
vt 0.362304688 0.273925781
vt 0.357177734 0.273925781
vt 0.250488281 0.274169922
vt 0.213378906 0.274169922
vt 0.134155273 0.137329102
vt 0.0672607422 0.137451172
vt 0.0155487061 0.137573242
vt 5.96046448E-08 0.137573242
vt 5.96046448E-08 0.274658203
vt 5.96046448E-08 0.0690917969
vt 0.0155487061 0.0690307617
vt 5.96046448E-08 0.00057554245
vt 0.0155487061 0.000551223755
vt 0.0672607422 0.0689697266
vt 0.0672607422 0.000470876694
vt 0.134155273 0.0688476562
vt 0.134155273 0.000366926193
vt 0.213378906 0.0687255859
vt 0.213378906 0.000243902206
vt 0.291748047 0.000121951103
vt 0.291748047 0.0686035156
vt 0.370361328 0
vt 0.370361328 0.0684814453
vt 0.291748047 0.137084961
vt 0.379394531 4.57763672E-05
vt 0.379394531 0.0685424805
vt 0.370361328 0.136962891
vt 0.379394531 0.137084961
vt 0.370361328 0.273925781
vt 0.379394531 0.273925781
vt 0.291748047 0.274169922
vt 0.213378906 0.137207031
vt 0.291748047 0.0686035156
vt 0.291748047 0.137084961
vt 0.213378906 0.137207031
vt 0.213378906 0.0687255859
vt 0.134155273 0.0688476562
vt 0.134155273 0.137329102
vt 0.632324219 0.639160156
vt 0.581054688 0.639160156
vt 0.581054688 0.769042969
vt 0.632324219 0.768554688
vt 0.581054688 0.815917969
vt 0.6953125 0.639160156
vt 0.632324219 0.815917969
vt 0.6953125 0.768554688
vt 0.700683594 0.639160156
vt 0.6953125 0.815917969
vt 0.700683594 0.768554688
vt 0.705078125 0.638671875
vt 0.700683594 0.815917969
vt 0.705078125 0.768554688
vt 0.705078125 0.815917969
vt 0.708984375 0.017868042
vt 0.69140625 5.12599945E-06
vt 0.581054688 0
vt 0.708984375 0.0977172852
vt 0.708984375 0.177490234
vt 0.581054688 0.177490234
vt 0.581054688 0.258056641
vt 0.708984375 0.258056641
vt 0.581054688 0.326171875
vt 0.708984375 0.326171875
vt 0.129882812 0.790527344
vt 0 0.787597656
vt 0.000415325165 0.825683594
vt 0.129882812 0.828125
vt 0.114440918 0.842773438
vt 0.129882812 0.934570312
vt 0.0160827637 0.841796875
vt 0.0017490387 0.947753906
vt 0.0169372559 0.932128906
vt 0.114562988 0.933105469
vt 0.120544434 0.938964844
vt 0.12890625 0.939941406
vt 0.116699219 0.948242188
vt 0.126098633 0.944335938
vt 0.121765137 0.947265625
vt 0.452636719 0.614746094
vt 0.446289062 0.614746094
vt 0.446289062 0.734863281
vt 0.452636719 0.734863281
vt 0.446289062 0.92578125
vt 0.452636719 0.92578125
vt 0.452636719 0.843261719
vt 0.446289062 0.843261719
vt 0.949707031 0.880371094
vt 0.967773438 0.880371094
vt 0.967773438 0.768066406
vt 0.949707031 0.768066406
vt 0.689453125 0.833496094
vt 0.689453125 0.852050781
vt 0.691894531 0.843261719
vt 0.691894531 0.824707031
vt 0.698242188 0.836914062
vt 0.698242188 0.818359375
vt 0.70703125 0.834472656
vt 0.70703125 0.815917969
vt 0.443115234 0.975097656
vt 0.379394531 0.991210938
vt 0.443115234 0.991210938
vt 0.379394531 0.975097656
vt 0.443115234 0.922851562
vt 0.379394531 0.922851562
vt 0.564941406 0.614746094
vt 0.454589844 0.614746094
vt 0.454589844 0.751464844
vt 0.564941406 0.751953125
vt 0.573730469 0.614746094
vt 0.454589844 0.8203125
vt 0.573730469 0.751953125
vt 0.581054688 0.614746094
vt 0.581054688 0.751464844
vt 0.564941406 0.8203125
vt 0.454589844 0.888671875
vt 0.564941406 0.888671875
vt 0.573730469 0.8203125
vt 0.581054688 0.8203125
vt 0.573730469 0.888671875
vt 0.581054688 0.888671875
vt 0.772949219 0.814941406
vt 0.82421875 0.869628906
vt 0.772949219 0.859863281
vt 0.82421875 0.814941406
vt 0.772949219 0.614746094
vt 0.82421875 0.614746094
vt 0.851074219 0.617675781
vt 0.869140625 0.827636719
vt 0.869140625 0.882324219
vt 0.857421875 0.618164062
vt 0.875488281 0.829589844
vt 0.875488281 0.884277344
vt 0.86328125 0.618652344
vt 0.881347656 0.831054688
vt 0.881347656 0.885742188
vt 0.869140625 0.619140625
vt 0.887207031 0.832519531
vt 0.874023438 0.619628906
vt 0.887207031 0.887207031
vt 0.892089844 0.833984375
vt 0.892089844 0.888671875
vt 0.235961914 0.530761719
vt 0.237060547 0.74609375
vt 0.232055664 0.745605469
vt 0.230957031 0.529785156
vt 0.235961914 0.476318359
vt 0.2265625 0.745117188
vt 0.230957031 0.475097656
vt 0.225341797 0.528808594
vt 0.220581055 0.745117188
vt 0.225341797 0.475341797
vt 0.219482422 0.528320312
vt 0.214477539 0.745117188
vt 0.219482422 0.474853516
vt 0.213378906 0.528320312
vt 0.135253906 0.745117188
vt 0.213378906 0.474609375
vt 0.134155273 0.528320312
vt 0.0684204102 0.745117188
vt 0.0672607422 0.528320312
vt 0.134155273 0.474609375
vt 0.0672607422 0.474853516
vt 0.0155487061 0.528320312
vt 0.0155487061 0.474853516
vt 0.0672607422 0.321533203
vt 0.134155273 0.321289062
vt 0.213378906 0.321289062
vt 0.250488281 0.321289062
vt 0.24987793 0.46875
vt 0.0672607422 0.274414062
vt 0.134155273 0.274414062
vt 0.0155487061 0.274414062
vt 0.0155487061 0.321533203
vt 0.250488281 0.274169922
vt 0.213378906 0.274169922
vt 0.134155273 0.137329102
vt 0.357177734 0.273925781
vt 0.0672607422 0.137451172
vt 0.0155487061 0.137573242
vt 5.96046448E-08 0.137573242
vt 5.96046448E-08 0.274658203
vt 5.96046448E-08 0.0690917969
vt 0.0155487061 0.0690307617
vt 5.96046448E-08 0.00057554245
vt 0.0155487061 0.000551223755
vt 0.0672607422 0.0689697266
vt 0.0672607422 0.000470876694
vt 0.134155273 0.0688476562
vt 0.134155273 0.000366926193
vt 0.213378906 0.0687255859
vt 0.213378906 0.000243902206
vt 0.291748047 0.000121951103
vt 0.291748047 0.0686035156
vt 0.370361328 0
vt 0.370361328 0.0684814453
vt 0.291748047 0.137084961
vt 0.379394531 4.57763672E-05
vt 0.379394531 0.0685424805
vt 0.370361328 0.136962891
vt 0.379394531 0.137084961
vt 0.370361328 0.273925781
vt 0.379394531 0.273925781
vt 0.291748047 0.274169922
vt 0.213378906 0.137207031
vt 0.291748047 0.0686035156
vt 0.291748047 0.137084961
vt 0.213378906 0.137207031
vt 0.213378906 0.0687255859
vt 0.134155273 0.0688476562
vt 0.134155273 0.137329102
vt 0.632324219 0.639160156
vt 0.581054688 0.769042969
vt 0.581054688 0.639160156
vt 0.632324219 0.768554688
vt 0.581054688 0.815917969
vt 0.6953125 0.639160156
vt 0.632324219 0.815917969
vt 0.6953125 0.768554688
vt 0.700683594 0.639160156
vt 0.6953125 0.815917969
vt 0.700683594 0.768554688
vt 0.705078125 0.638671875
vt 0.700683594 0.815917969
vt 0.705078125 0.768554688
vt 0.705078125 0.815917969
vt 0.581054688 0
vt 0.69140625 5.12599945E-06
vt 0.708984375 0.017868042
vt 0.708984375 0.0977172852
vt 0.581054688 0.177490234
vt 0.708984375 0.177490234
vt 0.581054688 0.258056641
vt 0.708984375 0.258056641
vt 0.581054688 0.326171875
vt 0.708984375 0.326171875
vt 0.129882812 0.790527344
vt 0.000415325165 0.825683594
vt 0 0.787597656
vt 0.129882812 0.828125
vt 0.114440918 0.842773438
vt 0.129882812 0.934570312
vt 0.0160827637 0.841796875
vt 0.0017490387 0.947753906
vt 0.0169372559 0.932128906
vt 0.114562988 0.933105469
vt 0.120544434 0.938964844
vt 0.12890625 0.939941406
vt 0.116699219 0.948242188
vt 0.126098633 0.944335938
vt 0.121765137 0.947265625
vt 0.366699219 0.321044922
vt 0.363525391 0.451171875
vt 0.358886719 0.451904297
vt 0.362304688 0.321044922
vt 0.366699219 0.274169922
vt 0.362304688 0.273925781
vt 0.353759766 0.452636719
vt 0.357177734 0.321044922
vt 0.341552734 0.441650391
vt 0.344238281 0.333740234
vt 0.262451172 0.454101562
vt 0.262939453 0.333740234
vt 0.452636719 0.614746094
vt 0.452636719 0.734863281
vt 0.446289062 0.734863281
vt 0.446289062 0.614746094
vt 0.446289062 0.92578125
vt 0.446289062 0.843261719
vt 0.452636719 0.843261719
vt 0.452636719 0.92578125
vt 0.949707031 0.880371094
vt 0.949707031 0.768066406
vt 0.967773438 0.768066406
vt 0.967773438 0.880371094
vt 0.689453125 0.833496094
vt 0.691894531 0.843261719
vt 0.689453125 0.852050781
vt 0.691894531 0.824707031
vt 0.698242188 0.836914062
vt 0.698242188 0.818359375
vt 0.70703125 0.834472656
vt 0.70703125 0.815917969
vt 0.443115234 0.975097656
vt 0.443115234 0.991210938
vt 0.379394531 0.991210938
vt 0.379394531 0.975097656
vt 0.443115234 0.922851562
vt 0.379394531 0.922851562
vt 0.564941406 0.614746094
vt 0.454589844 0.751464844
vt 0.454589844 0.614746094
vt 0.564941406 0.751953125
vt 0.573730469 0.614746094
vt 0.454589844 0.8203125
vt 0.573730469 0.751953125
vt 0.581054688 0.614746094
vt 0.581054688 0.751464844
vt 0.564941406 0.8203125
vt 0.454589844 0.888671875
vt 0.564941406 0.888671875
vt 0.573730469 0.8203125
vt 0.581054688 0.8203125
vt 0.573730469 0.888671875
vt 0.581054688 0.888671875
vt 0 0
vt 0 0
vt 0 0
vt 0 0
vt 0 0
vt 0 0
vt 0 0
vt 0 0
vt 0 0
vt 0 0
vt 0 0
vt 0 0
vt 0 0
vt 0 0
vt 0 0
vt 0 0
vt 0 0
vt 0 0
vt 0 0
vt 0 0
vt 0 0
vt 0 0
vt 0 0
vt 0 0
vt 0 0
vt 0 0
vt 0 0
vt 0 0
vt 0 0
vt 0 0
vt 0 0
vt 0 0
vt 0 0
vt 0 0
vt 0 0
vt 0 0
vt 0 0
vt 0 0
vt 0 0
vt 0 0
vt 0 0
vt 0 0
vt 0 0
vt 0 0
vt 0 0
vt 0 0
vt 0 0
vt 0 0
vt 0 0
vt 0 0
vt 0 0
vt 0 0
vt 0 0
vt 0 0
vt 0 0
vt 0 0
vt 0 0
vt 0 0
vt 0 0
vt 0 0
vt 0 0
vt 0 0
vt 0 0
vt 0 0
vt 0 0
vt 0 0
vt 0 0
vt 0 0
vt 0 0
vt 0 0
vt 0 0
vt 0 0
vt 0 0
vt 0 0
vt 0 0
vt 0 0
vt 0 0
vt 0 0
vt 0 0
vt 0 0
vt 0 0
vt 0 0
vt 0 0
vt 0 0
vt 0 0
vt 0 0
vt 0 0
vt 0 0
vt 0 0
vt 0 0
vt 0 0
vt 0 0
vt 0 0
vt 0 0
vt 0 0
vt 0 0
vt 0 0
vt 0 0
vt 0 0
vt 0 0
vt 0 0
vt 0 0
vt 0 0
vt 0 0
vt 0 0
vt 0 0
vt 0 0
vt 0 0
vt 0 0
vt 0 0
vt 0 0
vt 0 0
vt 0 0
vt 0 0
vt 0 0
vt 0 0
vt 0 0
vt 0 0
vt 0 0
vt 0 0
vt 0 0
vt 0 0
vt 0 0
vt 0 0
vt 0 0
vt 0 0
vt 0 0
vt 0 0
vt 0 0
vt 0 0
vt 0 0
vt 0 0
vt 0 0
vt 0 0
vt 0 0
vt 0 0
vt 0 0
vt 0 0
vt 0 0
vt 0 0
vt 0 0
vt 0 0
vt 0 0
vt 0 0
vt 0 0
vt 0 0
vt 0 0
vt 0 0
vt 0 0
vt 0 0
vt 0 0
vt 0 0
vt 0 0
vt 0 0
vt 0 0
vt 0 0
vt 0 0
vt 0 0
vt 0 0
vt 0 0
vt 0 0
vt 0 0
vt 0 0
vt 0 0
vt 0 0
vt 0 0
vt 0 0
vt 0 0
vt 0 0
vt 0 0
vt 0 0
vt 0 0
vt 0 0
vt 0 0
vt 0 0
vt 0 0
vt 0 0
vt 0 0
vt 0 0
vt 0 0
vt 0 0
vt 0 0
vt 0 0
vt 0 0
vt 0 0
vt 0 0
vt 0 0
vt 0 0
vt 0 0
vt 0 0
vt 0 0
vt 0 0
vt 0 0
vt 0 0
vt 0 0
vt 0 0
vt 0 0
vt 0 0
vt 0 0
vt 0 0
vt 0 0
vt 0 0
vt 0 0
vt 0 0
vt 0 0
vt 0 0
vt 0 0
vt 0 0
vt 0 0
vt 0 0
vt 0 0
vt 0 0
vt 0 0
vt 0 0
vt 0 0
vt 0 0
vt 0 0
vt 0 0
vt 0 0
vt 0 0
vt 0 0
vt 0 0
vt 0 0
vt 0 0
vt 0 0
vt 0 0
vt 0 0
vt 0 0
vt 0 0
vt 0 0
vt 0 0
vt 0 0
vt 0 0
vt 0 0
vt 0 0
vt 0 0
vt 0 0
vt 0 0
vt 0 0
vt 0 0
vt 0 0
vt 0 0
vt 0 0
vt 0 0
vt 0 0
vt 0 0
vt 0 0
vt 0 0
vt 0 0
vt 0 0
vt 0 0
vt 0 0
vt 0 0
vt 0 0
vt 0 0
vt 0 0
vt 0 0
vt 0 0
vt 0 0
vt 0 0
vt 0 0
vt 0 0
vt 0 0
vt 0 0
vt 0 0
vt 0 0
vt 0 0
vt 0 0
vt 0 0
vt 0 0
vt 0 0
vt 0 0
vt 0 0
vt 0 0
vt 0 0
vt 0 0
vt 0 0
vt 0 0
vt 0 0
vt 0 0
vt 0 0
vt 0 0
vt 0 0
vt 0 0
vt 0 0
vt 0 0
vt 0 0
vt 0 0
vt 0 0
vt 0 0
vt 0 0
vt 0 0
vt 0 0
vt 0 0
vt 0 0
vt 0 0
vt 0 0
vt 0 0
vt 0 0
vt 0 0
vt 0 0
vt 0 0
vt 0 0
vt 0 0
vt 0 0
vt 0 0
vt 0 0
vt 0 0
vt 0 0
vt 0 0
vt 0 0
vt 0 0
vt 0 0
vt 0 0
vt 0 0
vt 0 0
vt 0 0
vt 0 0
vt 0 0
vt 0 0
vt 0 0
vt 0 0
vt 0 0
vt 0 0
vt 0 0
vt 0 0
vt 0 0
vt 0 0
vt 0 0
vt 0 0
vt 0 0
vt 0 0
vt 0 0
vt 0 0
vt 0 0
vt 0 0
vt 0 0
vt 0 0
vt 0 0
vt 0 0
vt 0 0
vt 0 0
vt 0 0
vt 0 0
vt 0 0
vt 0 0
vt 0 0
vt 0 0
vt 0 0
vt 0 0
vt 0.6640625 0.173828125
vt 0.634277344 0.648925781
vt 0.6640625 0.648925781
vt 0.634277344 0.173706055
vt 0.599609375 0.648925781
vt 0.634277344 2.22325325E-05
vt 0.6640625 6.3419342E-05
vt 0.599609375 3.57627869E-07
vt 0.599609375 0.173706055
vt 0.562988281 0.648925781
vt 0.562988281 0
vt 0.562988281 0.173706055
vt 0.527832031 0.648925781
vt 0.527832031 2.12192535E-05
vt 0.527832031 0.173706055
vt 0.498046875 6.19888306E-05
vt 0.498046875 0.648925781
vt 0.498046875 0.173828125
vt 0.468261719 0.648925781
vt 0.468261719 0.173706055
vt 0.433349609 0.648925781
vt 0.468261719 1.82986259E-05
vt 0.498046875 5.33461571E-05
vt 0.433349609 0
vt 0.433349609 0.173706055
vt 0.396484375 2.38418579E-07
vt 0.396484375 0.648925781
vt 0.426513672 0.666503906
vt 0.396484375 0.173706055
vt 0.361572266 1.9133091E-05
vt 0.361572266 0.173706055
vt 0.33203125 5.48362732E-05
vt 0.33203125 0.173828125
vt 0.33203125 0.648925781
vt 0.361572266 0.648925781
vt 0.403564453 0.666503906
vt 0.381835938 0.666503906
vt 0.36328125 0.666503906
vt 0.388671875 0.992675781
vt 0.375244141 0.995117188
vt 0.404785156 0.990722656
vt 0.421875 0.988769531
vt 0.438232422 0.987304688
vt 0.448486328 0.666503906
vt 0.452392578 0.986328125
vt 0.467285156 0.666503906
vt 0.820800781 0.0712890625
vt 0.768066406 0.0841674805
vt 0.781738281 0.0887451172
vt 0.842773438 0.0785522461
vt 0.791992188 0.0947265625
vt 0.858886719 0.0881347656
vt 0.796875 0.1015625
vt 0.8671875 0.0990600586
vt 0.796875 0.108642578
vt 0.8671875 0.110290527
vt 0.791992188 0.11517334
vt 0.858886719 0.120727539
vt 0.781738281 0.120544434
vt 0.842773438 0.129394531
vt 0.768066406 0.124267578
vt 0.820800781 0.135253906
vt 0.871582031 0.160888672
vt 0.876953125 0.155517578
vt 0.876953125 0.149902344
vt 0.861328125 0.165527344
vt 0.871582031 0.14465332
vt 0.84765625 0.168823242
vt 0.861328125 0.140136719
vt 0.831054688 0.170654297
vt 0.84765625 0.136962891
vt 0.813964844 0.170776367
vt 0.831054688 0.135253906
vt 0.797363281 0.169067383
vt 0.813964844 0.135375977
vt 0.783691406 0.165893555
vt 0.797363281 0.137207031
vt 0.7734375 0.161376953
vt 0.783691406 0.140625
vt 0.768066406 0.15612793
vt 0.7734375 0.145141602
vt 0.768066406 0.150512695
vt 0.6640625 0.000307798386
vt 0.687011719 0.319824219
vt 0.701660156 0.319335938
vt 0.682617188 0.000226855278
vt 0.719238281 0.319580078
vt 0.704589844 0.000148534775
vt 0.736816406 0.320556641
vt 0.727539062 8.03470612E-05
vt 0.75390625 0.322021484
vt 0.749511719 2.92062759E-05
vt 0.768066406 0.323974609
vt 0.768066406 0
vt 0.197143555 0.666503906
vt 0.209228516 0.990722656
vt 0.22265625 0.992675781
vt 0.215698242 0.666503906
vt 0.238647461 0.995117188
vt 0.166015625 0.648925781
vt 0.237548828 0.666503906
vt 0.255859375 0.997070312
vt 0.195678711 0.648925781
vt 0.260498047 0.666503906
vt 0.272216797 0.998535156
vt 0.195678711 0.173706055
vt 0.166015625 0.173828125
vt 0.166015625 5.3524971E-05
vt 0.195678711 1.86562538E-05
vt 0.23059082 0.173706055
vt 0.23059082 1.78813934E-07
vt 0.23059082 0.648925781
vt 0.267333984 0.173706055
vt 0.267333984 0
vt 0.282470703 0.666503906
vt 0.286376953 0.999511719
vt 0.301269531 0.666503906
vt 0.267333984 0.648925781
vt 0.302246094 0.173706055
vt 0.302246094 1.80602074E-05
vt 0.302246094 0.648925781
vt 0.33203125 0.648925781
vt 0.33203125 0.173828125
vt 0.33203125 5.25712967E-05
vt 0.135131836 0.333251953
vt 0.122314453 0.000329256058
vt 0.107421875 0
vt 0.116455078 0.333496094
vt 0.0901489258 0.00035905838
vt 0.166015625 0.350830078
vt 0.094543457 0.333496094
vt 0.072265625 0.00137138367
vt 0.136230469 0.350830078
vt 0.0715332031 0.333496094
vt 0.0553894043 0.00293731689
vt 0.136230469 0.826171875
vt 0.166015625 0.826171875
vt 0.166015625 1
vt 0.136230469 1
vt 0.101257324 0.826171875
vt 0.101257324 1
vt 0.101257324 0.350830078
vt 0.0645141602 0.826171875
vt 0.0645141602 1
vt 0.0496826172 0.333496094
vt 0.0412902832 0.00490188599
vt 0.0311279297 0.333251953
vt 0.0645141602 0.350830078
vt 0.0296325684 0.826171875
vt 0.0296325684 1
vt 0.0296325684 0.350830078
vt 0 0.350830078
vt 1.78813934E-07 0.826171875
vt 1.78813934E-07 1
vt 0.9375 0.0678100586
vt 0.967285156 0.0611877441
vt 0.988769531 0.0520629883
vt 1 0.0413208008
vt 0.90234375 0.0712890625
vt 0.865722656 0.0712890625
vt 1 0.0300140381
vt 0.830566406 0.0678100586
vt 0.988769531 0.0192718506
vt 0.967285156 0.0101318359
vt 0.801269531 0.0611877441
vt 0.9375 0.003490448
vt 0.779296875 0.0520629883
vt 0.90234375 0
vt 0.768066406 0.0413208008
vt 0.865722656 0
vt 0.768066406 0.0300140381
vt 0.830566406 0.003490448
vt 0.779296875 0.0192718506
vt 0.801269531 0.0101318359
vt 0 0
vt 0 0
vt 0 0
vt 0 0
vt 0 0
vt 0 0
vt 0 0
vt 0 0
vt 0 0
vt 0 0
vt 0 0
vt 0 0
vt 0 0
vt 0 0
vt 0 0
vt 0 0
vt 0 0
vt 0 0
vt 0 0
vt 0 0
vt 0 0
vt 0 0
vt 0 0
vt 0 0
vt 0 0
vt 0 0
vt 0 0
vt 0 0
vt 0 0
vt 0 0
vt 0 0
vt 0 0
vt 0 0
vt 0 0
vt 0 0
vt 0 0
vt 0 0
vt 0 0
vt 0 0
vt 0 0
vt 0 0
vt 0 0
vt 0 0
vt 0 0
vt 0 0
vt 0 0
vt 0 0
vt 0 0
vt 0 0
vt 0 0
vt 0 0
vt 0 0
vt 0 0
vt 0 0
vt 0 0
vt 0 0
vt 0 0
vt 0 0
vt 0 0
vt 0 0
vt 0 0
vt 0 0
vt 0 0
vt 0 0
vt 0 0
vt 0 0
vt 0 0
vt 0 0
vt 0 0
vt 0 0
vt 0 0
vt 0 0
vt 0.6640625 0.173828125
vt 0.634277344 0.648925781
vt 0.6640625 0.648925781
vt 0.634277344 0.173706055
vt 0.599609375 0.648925781
vt 0.634277344 2.22325325E-05
vt 0.6640625 6.3419342E-05
vt 0.599609375 3.57627869E-07
vt 0.599609375 0.173706055
vt 0.562988281 0.648925781
vt 0.562988281 0
vt 0.562988281 0.173706055
vt 0.527832031 0.648925781
vt 0.527832031 2.12192535E-05
vt 0.527832031 0.173706055
vt 0.498046875 6.19888306E-05
vt 0.498046875 0.648925781
vt 0.498046875 0.173828125
vt 0.468261719 0.648925781
vt 0.468261719 0.173706055
vt 0.433349609 0.648925781
vt 0.468261719 1.82986259E-05
vt 0.498046875 5.33461571E-05
vt 0.433349609 0
vt 0.433349609 0.173706055
vt 0.396484375 2.38418579E-07
vt 0.396484375 0.648925781
vt 0.426513672 0.666503906
vt 0.396484375 0.173706055
vt 0.361572266 1.9133091E-05
vt 0.361572266 0.173706055
vt 0.33203125 5.48362732E-05
vt 0.33203125 0.173828125
vt 0.33203125 0.648925781
vt 0.361572266 0.648925781
vt 0.403564453 0.666503906
vt 0.381835938 0.666503906
vt 0.36328125 0.666503906
vt 0.388671875 0.992675781
vt 0.375244141 0.995117188
vt 0.404785156 0.990722656
vt 0.421875 0.988769531
vt 0.438232422 0.987304688
vt 0.448486328 0.666503906
vt 0.452392578 0.986328125
vt 0.467285156 0.666503906
vt 0.820800781 0.0712890625
vt 0.768066406 0.0841674805
vt 0.781738281 0.0887451172
vt 0.842773438 0.0785522461
vt 0.791992188 0.0947265625
vt 0.858886719 0.0881347656
vt 0.796875 0.1015625
vt 0.8671875 0.0990600586
vt 0.796875 0.108642578
vt 0.8671875 0.110290527
vt 0.791992188 0.11517334
vt 0.858886719 0.120727539
vt 0.781738281 0.120544434
vt 0.842773438 0.129394531
vt 0.768066406 0.124267578
vt 0.820800781 0.135253906
vt 0.871582031 0.160888672
vt 0.876953125 0.155517578
vt 0.876953125 0.149902344
vt 0.861328125 0.165527344
vt 0.871582031 0.14465332
vt 0.84765625 0.168823242
vt 0.861328125 0.140136719
vt 0.831054688 0.170654297
vt 0.84765625 0.136962891
vt 0.813964844 0.170776367
vt 0.831054688 0.135253906
vt 0.797363281 0.169067383
vt 0.813964844 0.135375977
vt 0.783691406 0.165893555
vt 0.797363281 0.137207031
vt 0.7734375 0.161376953
vt 0.783691406 0.140625
vt 0.768066406 0.15612793
vt 0.7734375 0.145141602
vt 0.768066406 0.150512695
vt 0.6640625 0.000307798386
vt 0.687011719 0.319824219
vt 0.701660156 0.319335938
vt 0.682617188 0.000226855278
vt 0.719238281 0.319580078
vt 0.704589844 0.000148534775
vt 0.736816406 0.320556641
vt 0.727539062 8.03470612E-05
vt 0.75390625 0.322021484
vt 0.749511719 2.92062759E-05
vt 0.768066406 0.323974609
vt 0.768066406 0
vt 0.197143555 0.666503906
vt 0.209228516 0.990722656
vt 0.22265625 0.992675781
vt 0.215698242 0.666503906
vt 0.238647461 0.995117188
vt 0.166015625 0.648925781
vt 0.237548828 0.666503906
vt 0.255859375 0.997070312
vt 0.195678711 0.648925781
vt 0.260498047 0.666503906
vt 0.272216797 0.998535156
vt 0.195678711 0.173706055
vt 0.166015625 0.173828125
vt 0.166015625 5.3524971E-05
vt 0.195678711 1.86562538E-05
vt 0.23059082 0.173706055
vt 0.23059082 1.78813934E-07
vt 0.23059082 0.648925781
vt 0.267333984 0.173706055
vt 0.267333984 0
vt 0.282470703 0.666503906
vt 0.286376953 0.999511719
vt 0.301269531 0.666503906
vt 0.267333984 0.648925781
vt 0.302246094 0.173706055
vt 0.302246094 1.80602074E-05
vt 0.302246094 0.648925781
vt 0.33203125 0.648925781
vt 0.33203125 0.173828125
vt 0.33203125 5.25712967E-05
vt 0.135131836 0.333251953
vt 0.122314453 0.000329256058
vt 0.107421875 0
vt 0.116455078 0.333496094
vt 0.0901489258 0.00035905838
vt 0.166015625 0.350830078
vt 0.094543457 0.333496094
vt 0.072265625 0.00137138367
vt 0.136230469 0.350830078
vt 0.0715332031 0.333496094
vt 0.0553894043 0.00293731689
vt 0.136230469 0.826171875
vt 0.166015625 0.826171875
vt 0.166015625 1
vt 0.136230469 1
vt 0.101257324 0.826171875
vt 0.101257324 1
vt 0.101257324 0.350830078
vt 0.0645141602 0.826171875
vt 0.0645141602 1
vt 0.0496826172 0.333496094
vt 0.0412902832 0.00490188599
vt 0.0311279297 0.333251953
vt 0.0645141602 0.350830078
vt 0.0296325684 0.826171875
vt 0.0296325684 1
vt 0.0296325684 0.350830078
vt 0 0.350830078
vt 1.78813934E-07 0.826171875
vt 1.78813934E-07 1
vt 0.9375 0.0678100586
vt 0.967285156 0.0611877441
vt 0.988769531 0.0520629883
vt 0.90234375 0.0712890625
vt 1 0.0413208008
vt 0.865722656 0.0712890625
vt 1 0.0300140381
vt 0.830566406 0.0678100586
vt 0.988769531 0.0192718506
vt 0.801269531 0.0611877441
vt 0.967285156 0.0101318359
vt 0.779296875 0.0520629883
vt 0.9375 0.003490448
vt 0.90234375 0
vt 0.768066406 0.0413208008
vt 0.865722656 0
vt 0.768066406 0.0300140381
vt 0.830566406 0.003490448
vt 0.779296875 0.0192718506
vt 0.801269531 0.0101318359
vt 0 0.474853516
vt 0 0.528320312
vt 0.00114154816 0.745117188
vt 0.0166931152 0.745117188
vt 0.00136470795 0.787597656
vt 0.0169067383 0.787597656
vt 0.0686035156 0.787597656
vt 0.637695312 0.815917969
vt 0.689453125 0.923828125
vt 0.689453125 0.815917969
vt 0.638183594 0.923339844
vt 0.622558594 0.815917969
vt 0.622558594 0.923339844
vt 0.979003906 0.765625
vt 1 0.765625
vt 1 0.762695312
vt 0.979003906 0.762695312
vt 1 0.759277344
vt 0.978515625 0.759277344
vt 0.999511719 0.755371094
vt 0.978515625 0.755371094
vt 0.999511719 0.750976562
vt 0.978515625 0.750976562
vt 1 0.676757812
vt 0.979003906 0.676757812
vt 1 0.614746094
vt 0.979003906 0.614746094
vt 0.978027344 0.96484375
vt 0.95703125 0.967773438
vt 0.978027344 0.967773438
vt 0.95703125 0.964355469
vt 0.978027344 0.961425781
vt 0.95703125 0.9609375
vt 0.978027344 0.957519531
vt 0.956542969 0.95703125
vt 0.977539062 0.953125
vt 0.956542969 0.952636719
vt 0.977050781 0.9296875
vt 0.956054688 0.9296875
vt 0.978027344 0.889160156
vt 0.95703125 0.888671875
vt 0.94921875 0.102233887
vt 0.984375 0.12512207
vt 0.986328125 0.121459961
vt 0.9453125 0.103759766
vt 0.986328125 0.00153064728
vt 0.982910156 0
vt 0.877929688 0.369140625
vt 0.919921875 0.400390625
vt 0.921875 0.396972656
vt 0.875976562 0.372802734
vt 0.854980469 0.354980469
vt 0.852539062 0.358154297
vt 0.850097656 0.351074219
vt 0.847167969 0.354003906
vt 0.846191406 0.346435547
vt 0.842773438 0.348876953
vt 0.843261719 0.341064453
vt 0.839355469 0.342773438
vt 0.841308594 0.335205078
vt 0.837402344 0.336181641
vt 0.840332031 0.329101562
vt 0.836425781 0.329101562
vt 0.840820312 0.322998047
vt 0.836914062 0.322265625
vt 0.842285156 0.316894531
vt 0.838378906 0.315429688
vt 0.845214844 0.311279297
vt 0.841308594 0.309326172
vt 0.88671875 0.242919922
vt 0.883300781 0.240844727
vt 0.921875 0.185058594
vt 0.918457031 0.182861328
vt 0.524414062 0.942382812
vt 0.563964844 0.888671875
vt 0.522460938 0.890136719
vt 0.565917969 0.940917969
vt 0.565917969 0.96484375
vt 0.522460938 0.970214844
vt 0.565429688 0.971679688
vt 0.522460938 0.977050781
vt 0.565917969 0.978027344
vt 0.522460938 0.983886719
vt 0.565917969 0.984375
vt 0.521972656 0.990234375
vt 0.565917969 0.989746094
vt 0.521972656 0.99609375
vt 0.332763672 0.787597656
vt 0.376464844 0.793945312
vt 0.376708984 0.788085938
vt 0.332275391 0.793457031
vt 0.376464844 0.799804688
vt 0.33203125 0.799804688
vt 0.376220703 0.806640625
vt 0.33203125 0.806640625
vt 0.376220703 0.812988281
vt 0.33203125 0.813476562
vt 0.376708984 0.893554688
vt 0.332275391 0.894042969
vt 0.376708984 0.961425781
vt 0.332275391 0.961914062
vt 0.875976562 0.888671875
vt 0.854980469 0.889160156
vt 0.854980469 0.973144531
vt 0.875976562 0.97265625
vt 0.599609375 0.368408203
vt 0.708984375 0.326171875
vt 0.603027344 0.326171875
vt 0.706054688 0.368408203
vt 0.581054688 0.584960938
vt 0.708984375 0.584960938
vt 0.581054688 0.638671875
vt 0.708984375 0.638671875
vt 0.198852539 0.787597656
vt 0.159057617 0.94140625
vt 0.198852539 0.94140625
vt 0.159057617 0.787597656
vt 0.129882812 0.94140625
vt 0.129882812 0.787597656
vt 5.96046448E-08 0.321533203
vt 0.882324219 0.888671875
vt 0.875976562 0.888671875
vt 0.875976562 0.969238281
vt 0.882324219 0.969238281
vt 0.700195312 0.00239944458
vt 0.70703125 0.008934021
vt 0.452636719 0.734863281
vt 0.446289062 0.734863281
vt 0.446289062 0.843261719
vt 0.452636719 0.843261719
vt 0.949707031 0.768066406
vt 0.978515625 0.768066406
vt 0.978515625 0.614746094
vt 0.949707031 0.614746094
vt 0.506347656 0.958984375
vt 0.454589844 0.918457031
vt 0.454589844 0.958984375
vt 0.506347656 0.918457031
vt 0.521972656 0.958984375
vt 0.521972656 0.918457031
vt 0.506347656 0.888671875
vt 0.521972656 0.888671875
vt 0.250488281 0.908691406
vt 0.266113281 0.94921875
vt 0.266113281 0.909179688
vt 0.250488281 0.94921875
vt 0.198852539 0.908691406
vt 0.198852539 0.94921875
vt 0.266113281 0.979003906
vt 0.250488281 0.979003906
vt 0.961425781 0.45703125
vt 0.921875 0.45703125
vt 0.921875 0.610351562
vt 0.961425781 0.610351562
vt 0.33203125 0.940917969
vt 0.33203125 0.787597656
vt 0.280273438 0.788085938
vt 0.280273438 0.94140625
vt 0.479980469 0.307373047
vt 0.479980469 0.614746094
vt 0.495605469 0.614746094
vt 0.495605469 0.307373047
vt 0.479980469 0.153686523
vt 0.547363281 0.614746094
vt 0.495605469 0.153686523
vt 0.479980469 9.47713852E-06
vt 0.495605469 7.9870224E-06
vt 0.547363281 0.307373047
vt 0.581054688 0.614746094
vt 0.581054688 0.307373047
vt 0.547363281 0.153686523
vt 0.547363281 3.09944153E-06
vt 0.581054688 0.153686523
vt 0.581054688 0
vt 0.581054688 0.153686523
vt 0.581054688 0.307373047
vt 0.978515625 0.765625
vt 0.978515625 0.918945312
vt 0.994140625 0.918945312
vt 0.994140625 0.765625
vt 0.400878906 0.888671875
vt 0.413818359 0.888671875
vt 0.413818359 0.614746094
vt 0.400878906 0.614746094
vt 0.413818359 0.888671875
vt 0.426513672 0.888671875
vt 0.426513672 0.614746094
vt 0.413818359 0.614746094
vt 0.741210938 0.614746094
vt 0.708984375 0.4609375
vt 0.708984375 0.614746094
vt 0.741210938 0.4609375
vt 0.772949219 0.614746094
vt 0.708984375 0.307373047
vt 0.772949219 0.4609375
vt 0.741210938 0.307373047
vt 0.708984375 5.1856041E-06
vt 0.772949219 0.307373047
vt 0.741210938 2.62260437E-06
vt 0.772949219 0
vt 0 0.528320312
vt 0 0.474853516
vt 0.00114154816 0.745117188
vt 0.0166931152 0.745117188
vt 0.00136470795 0.787597656
vt 0.0169067383 0.787597656
vt 0.0686035156 0.787597656
vt 0.637695312 0.815917969
vt 0.689453125 0.815917969
vt 0.689453125 0.923828125
vt 0.638183594 0.923339844
vt 0.622558594 0.815917969
vt 0.622558594 0.923339844
vt 0.581054688 0.99609375
vt 0.622558594 0.998535156
vt 0.581054688 1
vt 0.619628906 0.995605469
vt 0.622558594 0.815917969
vt 0.618164062 0.815917969
vt 0.979003906 0.765625
vt 1 0.762695312
vt 1 0.765625
vt 0.979003906 0.762695312
vt 1 0.759277344
vt 0.978515625 0.759277344
vt 0.999511719 0.755371094
vt 0.978515625 0.755371094
vt 0.999511719 0.750976562
vt 0.978515625 0.750976562
vt 1 0.676757812
vt 0.979003906 0.676757812
vt 1 0.614746094
vt 0.979003906 0.614746094
vt 0.978027344 0.96484375
vt 0.978027344 0.967773438
vt 0.95703125 0.967773438
vt 0.95703125 0.964355469
vt 0.978027344 0.961425781
vt 0.95703125 0.9609375
vt 0.978027344 0.957519531
vt 0.956542969 0.95703125
vt 0.977539062 0.953125
vt 0.956542969 0.952636719
vt 0.977050781 0.9296875
vt 0.956054688 0.9296875
vt 0.978027344 0.889160156
vt 0.95703125 0.888671875
vt 0.94921875 0.102233887
vt 0.986328125 0.121459961
vt 0.984375 0.12512207
vt 0.9453125 0.103759766
vt 0.986328125 0.00153064728
vt 0.982910156 0
vt 0.877929688 0.369140625
vt 0.921875 0.396972656
vt 0.919921875 0.400390625
vt 0.875976562 0.372802734
vt 0.854980469 0.354980469
vt 0.852539062 0.358154297
vt 0.850097656 0.351074219
vt 0.847167969 0.354003906
vt 0.846191406 0.346435547
vt 0.842773438 0.348876953
vt 0.843261719 0.341064453
vt 0.839355469 0.342773438
vt 0.841308594 0.335205078
vt 0.837402344 0.336181641
vt 0.840332031 0.329101562
vt 0.836425781 0.329101562
vt 0.840820312 0.322998047
vt 0.836914062 0.322265625
vt 0.842285156 0.316894531
vt 0.838378906 0.315429688
vt 0.845214844 0.311279297
vt 0.841308594 0.309326172
vt 0.88671875 0.242919922
vt 0.883300781 0.240844727
vt 0.921875 0.185058594
vt 0.918457031 0.182861328
vt 0.524414062 0.942382812
vt 0.522460938 0.890136719
vt 0.563964844 0.888671875
vt 0.565917969 0.940917969
vt 0.565917969 0.96484375
vt 0.522460938 0.970214844
vt 0.565429688 0.971679688
vt 0.522460938 0.977050781
vt 0.565917969 0.978027344
vt 0.522460938 0.983886719
vt 0.565917969 0.984375
vt 0.521972656 0.990234375
vt 0.565917969 0.989746094
vt 0.521972656 0.99609375
vt 0.332763672 0.787597656
vt 0.376708984 0.788085938
vt 0.376464844 0.793945312
vt 0.332275391 0.793457031
vt 0.376464844 0.799804688
vt 0.33203125 0.799804688
vt 0.376220703 0.806640625
vt 0.33203125 0.806640625
vt 0.376220703 0.812988281
vt 0.33203125 0.813476562
vt 0.376708984 0.893554688
vt 0.332275391 0.894042969
vt 0.376708984 0.961425781
vt 0.332275391 0.961914062
vt 0.875976562 0.888671875
vt 0.875976562 0.97265625
vt 0.854980469 0.973144531
vt 0.854980469 0.889160156
vt 0.599609375 0.368408203
vt 0.603027344 0.326171875
vt 0.708984375 0.326171875
vt 0.706054688 0.368408203
vt 0.581054688 0.584960938
vt 0.708984375 0.584960938
vt 0.581054688 0.638671875
vt 0.708984375 0.638671875
vt 0.198852539 0.787597656
vt 0.198852539 0.94140625
vt 0.159057617 0.94140625
vt 0.159057617 0.787597656
vt 0.129882812 0.94140625
vt 0.129882812 0.787597656
vt 5.96046448E-08 0.321533203
vt 0.882324219 0.888671875
vt 0.882324219 0.969238281
vt 0.875976562 0.969238281
vt 0.875976562 0.888671875
vt 0.700195312 0.00239944458
vt 0.70703125 0.008934021
vt 0.452636719 0.734863281
vt 0.452636719 0.843261719
vt 0.446289062 0.843261719
vt 0.446289062 0.734863281
vt 0.949707031 0.768066406
vt 0.949707031 0.614746094
vt 0.978515625 0.614746094
vt 0.978515625 0.768066406
vt 0.506347656 0.958984375
vt 0.454589844 0.958984375
vt 0.454589844 0.918457031
vt 0.506347656 0.918457031
vt 0.521972656 0.958984375
vt 0.521972656 0.918457031
vt 0.506347656 0.888671875
vt 0.521972656 0.888671875
vt 0.250488281 0.908691406
vt 0.266113281 0.909179688
vt 0.266113281 0.94921875
vt 0.250488281 0.94921875
vt 0.198852539 0.908691406
vt 0.198852539 0.94921875
vt 0.266113281 0.979003906
vt 0.250488281 0.979003906
vt 0.961425781 0.45703125
vt 0.961425781 0.610351562
vt 0.921875 0.610351562
vt 0.921875 0.45703125
vt 0.33203125 0.940917969
vt 0.280273438 0.94140625
vt 0.280273438 0.788085938
vt 0.33203125 0.787597656
vt 0.479980469 0.307373047
vt 0.495605469 0.614746094
vt 0.479980469 0.614746094
vt 0.495605469 0.307373047
vt 0.479980469 0.153686523
vt 0.547363281 0.614746094
vt 0.495605469 0.153686523
vt 0.479980469 9.47713852E-06
vt 0.495605469 7.9870224E-06
vt 0.547363281 0.307373047
vt 0.581054688 0.614746094
vt 0.581054688 0.307373047
vt 0.547363281 0.153686523
vt 0.547363281 3.09944153E-06
vt 0.581054688 0.153686523
vt 0.581054688 0
vt 0.581054688 0.153686523
vt 0.581054688 0.307373047
vt 0.978515625 0.765625
vt 0.994140625 0.765625
vt 0.994140625 0.918945312
vt 0.978515625 0.918945312
vt 0.400878906 0.888671875
vt 0.400878906 0.614746094
vt 0.413818359 0.614746094
vt 0.413818359 0.888671875
vt 0.413818359 0.888671875
vt 0.413818359 0.614746094
vt 0.426513672 0.614746094
vt 0.426513672 0.888671875
vt 0.741210938 0.614746094
vt 0.708984375 0.614746094
vt 0.708984375 0.4609375
vt 0.741210938 0.4609375
vt 0.772949219 0.614746094
vt 0.708984375 0.307373047
vt 0.772949219 0.4609375
vt 0.741210938 0.307373047
vt 0.708984375 5.1856041E-06
vt 0.772949219 0.307373047
vt 0.741210938 2.62260437E-06
vt 0.772949219 0
vt 0.856445312 0.0206298828
vt 0.854003906 0.0236358643
vt 0.841796875 0.0155487061
vt 0.846191406 0.0103149414
vt 0.838867188 0.0214996338
vt 0.859375 0.018157959
vt 0.852050781 0.0270843506
vt 0.851074219 0.00600814819
vt 0.836914062 0.0279541016
vt 0.862792969 0.0163116455
vt 0.851074219 0.0308074951
vt 0.856933594 0.002784729
vt 0.836425781 0.0345153809
vt 0.866210938 0.0151824951
vt 0.850585938 0.0352783203
vt 0.86328125 0.000779151917
vt 0.836425781 0.114929199
vt 0.870605469 0.0147323608
vt 0.850585938 0.109069824
vt 0.870117188 0.000131964684
vt 0.836425781 0.182861328
vt 0.893554688 0.0147399902
vt 0.850585938 0.171386719
vt 0.893554688 0.000187039375
vt 0.9453125 0.182739258
vt 0.934082031 0.0145874023
vt 0.93359375 0.171142578
vt 0.9453125 0
vt 0.856445312 0.0206298828
vt 0.841796875 0.0155487061
vt 0.854003906 0.0236358643
vt 0.846191406 0.0103149414
vt 0.838867188 0.0214996338
vt 0.859375 0.018157959
vt 0.852050781 0.0270843506
vt 0.851074219 0.00600814819
vt 0.836914062 0.0279541016
vt 0.862792969 0.0163116455
vt 0.851074219 0.0308074951
vt 0.856933594 0.002784729
vt 0.836425781 0.0345153809
vt 0.866210938 0.0151824951
vt 0.850585938 0.0352783203
vt 0.86328125 0.000779151917
vt 0.836425781 0.114929199
vt 0.870605469 0.0147323608
vt 0.850585938 0.109069824
vt 0.870117188 0.000131964684
vt 0.836425781 0.182861328
vt 0.893554688 0.0147399902
vt 0.850585938 0.171386719
vt 0.893554688 0.000187039375
vt 0.9453125 0.182739258
vt 0.934082031 0.0145874023
vt 0.93359375 0.171142578
vt 0.9453125 0
vt 0.516113281 0.718261719
vt 0.548828125 0.718261719
vt 0.548828125 0
vt 0.516113281 0
vt 0.477050781 0.718261719
vt 0.477050781 0
vt 0.433837891 0.718261719
vt 0.433837891 0
vt 0.389404297 0.718261719
vt 0.389404297 0
vt 0.345947266 0.718261719
vt 0.345947266 0
vt 0.306884766 0.718261719
vt 0.306884766 0
vt 0.274414062 0.718261719
vt 0.274414062 0
vt 1 0
vt 0.9609375 0.718261719
vt 1 0.718261719
vt 0.9609375 5.96046448E-08
vt 0.917480469 0.718261719
vt 0.917480469 5.96046448E-08
vt 0.873046875 0.718261719
vt 0.873046875 5.96046448E-08
vt 0.829589844 0.718261719
vt 0.829589844 5.96046448E-08
vt 0.790527344 0.718261719
vt 0.790527344 5.96046448E-08
vt 0.790527344 1.1920929E-07
vt 0.751464844 0.718261719
vt 0.790527344 0.718261719
vt 0.751464844 0
vt 0.708496094 0.718261719
vt 0.708496094 1.1920929E-07
vt 0.663574219 0.718261719
vt 0.663574219 1.1920929E-07
vt 0.620605469 0.718261719
vt 0.620605469 5.96046448E-08
vt 0.581542969 0.718261719
vt 0.581542969 1.1920929E-07
vt 0.548828125 0.718261719
vt 0.548828125 5.96046448E-08
vt 1.1920929E-07 0.718261719
vt 0.0325317383 0
vt 0 5.96046448E-08
vt 0.0325317383 0.718261719
vt 0.0716552734 0
vt 0.0716552734 0.718261719
vt 0.114868164 0
vt 0.114868164 0.718261719
vt 0.159545898 0
vt 0.159545898 0.718261719
vt 0.202758789 0
vt 0.202758789 0.718261719
vt 0.241821289 0
vt 0.241821289 0.718261719
vt 0.274414062 0
vt 0.274414062 0.718261719
vt 0.802734375 0.731445312
vt 0.760253906 0.720214844
vt 0.715820312 0.718261719
vt 0.840332031 0.750488281
vt 0.671875 0.724609375
vt 0.87109375 0.775878906
vt 0.631347656 0.739746094
vt 0.892578125 0.807128906
vt 0.597167969 0.762207031
vt 0.903320312 0.841308594
vt 0.570800781 0.791015625
vt 0.903320312 0.876953125
vt 0.554199219 0.823730469
vt 0.892578125 0.911132812
vt 0.548828125 0.858886719
vt 0.87109375 0.941894531
vt 0.554199219 0.894042969
vt 0.840332031 0.967773438
vt 0.570800781 0.927246094
vt 0.802734375 0.986816406
vt 0.597167969 0.955566406
vt 0.760253906 0.997558594
vt 0.631347656 0.978515625
vt 0.715820312 1
vt 0.671875 0.993164062
vt 0.537597656 0.807128906
vt 0.516113281 0.775878906
vt 0.485595703 0.750488281
vt 0.447998047 0.731445312
vt 0.548828125 0.841308594
vt 0.405517578 0.720214844
vt 0.548828125 0.876953125
vt 0.361083984 0.718261719
vt 0.537597656 0.911132812
vt 0.317138672 0.724609375
vt 0.516113281 0.941894531
vt 0.276611328 0.739746094
vt 0.485595703 0.967773438
vt 0.24230957 0.762207031
vt 0.447998047 0.986816406
vt 0.216064453 0.791015625
vt 0.405517578 0.997558594
vt 0.199707031 0.823730469
vt 0.361083984 1
vt 0.194091797 0.858886719
vt 0.317138672 0.993164062
vt 0.199707031 0.894042969
vt 0.276611328 0.978515625
vt 0.216064453 0.927246094
vt 0.24230957 0.955566406
vt 0.516113281 0.718261719
vt 0.548828125 0.718261719
vt 0.548828125 0
vt 0.516113281 0
vt 0.477050781 0.718261719
vt 0.477050781 0
vt 0.433837891 0.718261719
vt 0.433837891 0
vt 0.389404297 0.718261719
vt 0.389404297 0
vt 0.345947266 0.718261719
vt 0.345947266 0
vt 0.306884766 0.718261719
vt 0.306884766 0
vt 0.274414062 0.718261719
vt 0.274414062 0
vt 1 0
vt 0.9609375 0.718261719
vt 1 0.718261719
vt 0.9609375 5.96046448E-08
vt 0.917480469 0.718261719
vt 0.917480469 5.96046448E-08
vt 0.873046875 0.718261719
vt 0.873046875 5.96046448E-08
vt 0.829589844 0.718261719
vt 0.829589844 5.96046448E-08
vt 0.790527344 0.718261719
vt 0.790527344 5.96046448E-08
vt 0.790527344 1.1920929E-07
vt 0.751464844 0.718261719
vt 0.790527344 0.718261719
vt 0.751464844 0
vt 0.708496094 0.718261719
vt 0.708496094 1.1920929E-07
vt 0.663574219 0.718261719
vt 0.663574219 1.1920929E-07
vt 0.620605469 0.718261719
vt 0.620605469 5.96046448E-08
vt 0.581542969 0.718261719
vt 0.581542969 1.1920929E-07
vt 0.548828125 0.718261719
vt 0.548828125 5.96046448E-08
vt 1.1920929E-07 0.718261719
vt 0.0325317383 0
vt 0 5.96046448E-08
vt 0.0325317383 0.718261719
vt 0.0716552734 0
vt 0.0716552734 0.718261719
vt 0.114868164 0
vt 0.114868164 0.718261719
vt 0.159545898 0
vt 0.159545898 0.718261719
vt 0.202758789 0
vt 0.202758789 0.718261719
vt 0.241821289 0
vt 0.241821289 0.718261719
vt 0.274414062 0
vt 0.274414062 0.718261719
vt 0.631347656 0.978515625
vt 0.671875 0.993164062
vt 0.715820312 1
vt 0.760253906 0.997558594
vt 0.597167969 0.955566406
vt 0.802734375 0.986816406
vt 0.570800781 0.927246094
vt 0.840332031 0.967773438
vt 0.554199219 0.894042969
vt 0.87109375 0.941894531
vt 0.548828125 0.858886719
vt 0.892578125 0.911132812
vt 0.554199219 0.823730469
vt 0.903320312 0.876953125
vt 0.570800781 0.791015625
vt 0.903320312 0.841308594
vt 0.597167969 0.762207031
vt 0.892578125 0.807128906
vt 0.631347656 0.739746094
vt 0.87109375 0.775878906
vt 0.671875 0.724609375
vt 0.840332031 0.750488281
vt 0.715820312 0.718261719
vt 0.802734375 0.731445312
vt 0.760253906 0.720214844
vt 0.216064453 0.927246094
vt 0.24230957 0.955566406
vt 0.276611328 0.978515625
vt 0.199707031 0.894042969
vt 0.317138672 0.993164062
vt 0.194091797 0.858886719
vt 0.361083984 1
vt 0.199707031 0.823730469
vt 0.405517578 0.997558594
vt 0.216064453 0.791015625
vt 0.447998047 0.986816406
vt 0.24230957 0.762207031
vt 0.485595703 0.967773438
vt 0.276611328 0.739746094
vt 0.516113281 0.941894531
vt 0.317138672 0.724609375
vt 0.537597656 0.911132812
vt 0.361083984 0.718261719
vt 0.548828125 0.876953125
vt 0.405517578 0.720214844
vt 0.548828125 0.841308594
vt 0.447998047 0.731445312
vt 0.537597656 0.807128906
vt 0.485595703 0.750488281
vt 0.516113281 0.775878906
vt 0.970703125 0.339599609
vt 0.991699219 0.339599609
vt 0.991699219 0.182983398
vt 0.970703125 0.182861328
vt 0.856445312 0.400634766
vt 0.852050781 0.400878906
vt 0.879394531 0.400634766
vt 0.919433594 0.400390625
vt 0.848632812 0.402099609
vt 0.845214844 0.404052734
vt 0.842285156 0.406494141
vt 0.83984375 0.409423828
vt 0.837890625 0.412841797
vt 0.836914062 0.416748047
vt 0.836425781 0.421142578
vt 0.836425781 0.494873047
vt 0.919433594 0.557128906
vt 0.836425781 0.557128906
vt 0.8046875 0.307373047
vt 0.836425781 0.614746094
vt 0.836425781 0.307373047
vt 0.8046875 0.614746094
vt 0.772949219 0.307373047
vt 0.772949219 0.614746094
vt 0.379394531 0.307373047
vt 0.379394531 0.614746094
vt 0.412841797 0.614746094
vt 0.412841797 0.307373047
vt 0.379394531 0.153808594
vt 0.379394531 0.307373047
vt 0.379394531 0.153808594
vt 0.412841797 0.153686523
vt 0.379394531 0.000156641006
vt 0.412841797 0.000104486942
vt 0.464599609 0.153686523
vt 0.464599609 2.41398811E-05
vt 0.464599609 0.307128906
vt 0.479980469 0.153564453
vt 0.479980469 0
vt 0.479980469 0.307128906
vt 0.479980469 0.614257812
vt 0.464599609 0.614257812
vt 0.464599609 0.614257812
vt 0.412841797 0.614746094
vt 0.464599609 0.614257812
vt 0.412841797 0.614746094
vt 0.464599609 0.614257812
vt 0.412841797 0.614746094
vt 0.924316406 0.991210938
vt 0.956054688 0.991210938
vt 0.956054688 0.95703125
vt 0.924316406 0.95703125
vt 0.892089844 0.991210938
vt 0.892089844 0.95703125
vt 0.956054688 0.904296875
vt 0.924316406 0.904296875
vt 0.924316406 0.95703125
vt 0.956054688 0.888671875
vt 0.924316406 0.888671875
vt 0.924316406 0.904296875
vt 0.892089844 0.904296875
vt 0.892089844 0.888671875
vt 0.924316406 0.95703125
vt 0.924316406 0.95703125
vt 0.924316406 0.904296875
vt 0.924316406 0.95703125
vt 0.924316406 0.904296875
vt 0.924316406 0.904296875
vt 0.924316406 0.904296875
vt 0.924316406 0.904296875
vt 0.892089844 0.904296875
vt 0.892089844 0.904296875
vt 0.924316406 0.904296875
vt 0.892089844 0.904296875
vt 0.924316406 0.904296875
vt 0.892089844 0.904296875
vt 0.892089844 0.904296875
vt 0.892089844 0.904296875
vt 0.924316406 0.904296875
vt 0.892089844 0.904296875
vt 0.924316406 0.904296875
vt 0.892089844 0.904296875
vt 0.924316406 0.95703125
vt 0.924316406 0.95703125
vt 0.924316406 0.95703125
vt 0.924316406 0.904296875
vt 0.924316406 0.904296875
vt 0.924316406 0.904296875
vt 0.924316406 0.95703125
vt 0.924316406 0.95703125
vt 0.924316406 0.95703125
vt 0.924316406 0.904296875
vt 0.924316406 0.95703125
vt 0.924316406 0.95703125
vt 0.892089844 0.95703125
vt 0.892089844 0.95703125
vt 0.892089844 0.95703125
vt 0.892089844 0.95703125
vt 0.892089844 0.95703125
vt 0.892089844 0.95703125
vt 0.924316406 0.95703125
vt 0.924316406 0.904296875
vt 0.892089844 0.904296875
vt 0.892089844 0.904296875
vt 0.924316406 0.95703125
vt 0.924316406 0.904296875
vt 0.892089844 0.904296875
vt 0.892089844 0.904296875
vt 0.892089844 0.904296875
vt 0.892089844 0.904296875
vt 0.924316406 0.904296875
vt 0.892089844 0.904296875
vt 0.924316406 0.904296875
vt 0.892089844 0.904296875
vt 0.7578125 0.888671875
vt 0.767578125 0.888671875
vt 0.767578125 0.614746094
vt 0.7578125 0.614746094
vt 0.745605469 0.888671875
vt 0.745605469 0.614746094
vt 0.732421875 0.888671875
vt 0.732421875 0.614746094
vt 0.720214844 0.888671875
vt 0.720214844 0.614746094
vt 0.708984375 0.888671875
vt 0.708984375 0.614746094
vt 0.970703125 0.182983398
vt 0.958496094 0.456787109
vt 0.970703125 0.45703125
vt 0.958496094 0.182861328
vt 0.945800781 0.456787109
vt 0.945800781 0.182861328
vt 0.933105469 0.456787109
vt 0.933105469 0.182983398
vt 0.921875 0.45703125
vt 0.921875 0.183105469
vt 0.892089844 0.888671875
vt 0.900878906 0.614746094
vt 0.892089844 0.614746094
vt 0.900878906 0.888671875
vt 0.912109375 0.614746094
vt 0.912109375 0.888671875
vt 0.924804688 0.614746094
vt 0.924804688 0.888671875
vt 0.937988281 0.614746094
vt 0.937988281 0.888671875
vt 0.949707031 0.614746094
vt 0.949707031 0.888671875
vt 0.379394531 0.888671875
vt 0.389160156 0.888671875
vt 0.389160156 0.614746094
vt 0.379394531 0.614746094
vt 0.389160156 0.888671875
vt 0.400878906 0.888671875
vt 0.400878906 0.614746094
vt 0.389160156 0.614746094
vt 0.426513672 0.888671875
vt 0.437744141 0.888671875
vt 0.437744141 0.614746094
vt 0.426513672 0.614746094
vt 0.437744141 0.888671875
vt 0.446289062 0.888671875
vt 0.446289062 0.614746094
vt 0.437744141 0.614746094
vt 0.713378906 0.892578125
vt 0.703125 0.900390625
vt 0.6953125 0.911132812
vt 0.725585938 0.888671875
vt 0.69140625 0.923828125
vt 0.738769531 0.888671875
vt 0.69140625 0.937011719
vt 0.750976562 0.892578125
vt 0.6953125 0.94921875
vt 0.761230469 0.900390625
vt 0.703125 0.959960938
vt 0.769042969 0.911132812
vt 0.713378906 0.967773438
vt 0.772949219 0.923828125
vt 0.725585938 0.971679688
vt 0.772949219 0.937011719
vt 0.738769531 0.971679688
vt 0.769042969 0.94921875
vt 0.750976562 0.967773438
vt 0.761230469 0.959960938
vt 0.854980469 0.923828125
vt 0.850585938 0.911132812
vt 0.843261719 0.900390625
vt 0.854980469 0.937011719
vt 0.832519531 0.892578125
vt 0.8203125 0.888671875
vt 0.850585938 0.94921875
vt 0.843261719 0.959960938
vt 0.807128906 0.888671875
vt 0.832519531 0.967773438
vt 0.794921875 0.892578125
vt 0.784667969 0.900390625
vt 0.8203125 0.971679688
vt 0.776855469 0.911132812
vt 0.807128906 0.971679688
vt 0.772949219 0.923828125
vt 0.794921875 0.967773438
vt 0.784667969 0.959960938
vt 0.772949219 0.937011719
vt 0.776855469 0.94921875
vt 0.8046875 0.153686523
vt 0.836425781 0.153686523
vt 0.836425781 0.153686523
vt 0.8046875 0.153686523
vt 0.772949219 0.153686523
vt 0.772949219 0.153686523
vt 0.8046875 3.88622284E-05
vt 0.836425781 0.153686523
vt 0.836425781 7.77244568E-05
vt 0.8046875 0.153686523
vt 0.772949219 0
vt 0.772949219 0.153686523
vt 0.8046875 0.153686523
vt 0.836425781 0.307373047
vt 0.836425781 0.153686523
vt 0.8046875 0.307373047
vt 0.772949219 0.153686523
vt 0.772949219 0.307373047
vt 0.8046875 0.307373047
vt 0.772949219 0.307373047
vt 0.772949219 0.307373047
vt 0.8046875 0.307373047
vt 0.836425781 0.307373047
vt 0.836425781 0.307373047
vt 0.412841797 0.614746094
vt 0.412841797 0.614746094
vt 0.464599609 0.614257812
vt 0.464599609 0.614257812
vt 0.412841797 0.614746094
vt 0.464599609 0.614257812
vt 0.924316406 0.95703125
vt 0.892089844 0.95703125
vt 0.892089844 0.95703125
vt 0.892089844 0.95703125
vt 0.892089844 0.95703125
vt 0.924316406 0.95703125
vt 0.892089844 0.95703125
vt 0.924316406 0.95703125
vt 0.924316406 0.904296875
vt 0.924316406 0.95703125
vt 0.892089844 0.95703125
vt 0.892089844 0.95703125
vt 0.892089844 0.95703125
vt 0.924316406 0.95703125
vt 0.924316406 0.904296875
vt 0.924316406 0.904296875
vt 0.924316406 0.95703125
vt 0.956054688 0.904296875
vt 0.956054688 0.888671875
vt 0.924316406 0.888671875
vt 0.892089844 0.904296875
vt 0.892089844 0.888671875
vt 0.956054688 0.95703125
vt 0.924316406 0.991210938
vt 0.956054688 0.991210938
vt 0.892089844 0.991210938
vt 0.892089844 0.95703125
vt 0.924316406 0.95703125
vt 0.892089844 0.95703125
vt 0.892089844 0.95703125
vt 0.970703125 0.339599609
vt 0.970703125 0.182861328
vt 0.991699219 0.182983398
vt 0.991699219 0.339599609
vt 0.919433594 0.557128906
vt 0.836425781 0.557128906
vt 0.836425781 0.494873047
vt 0.919433594 0.400390625
vt 0.836425781 0.421142578
vt 0.836914062 0.416748047
vt 0.837890625 0.412841797
vt 0.83984375 0.409423828
vt 0.842285156 0.406494141
vt 0.845214844 0.404052734
vt 0.848632812 0.402099609
vt 0.852050781 0.400878906
vt 0.879394531 0.400634766
vt 0.856445312 0.400634766
vt 0.8046875 0.307373047
vt 0.836425781 0.307373047
vt 0.836425781 0.614746094
vt 0.8046875 0.614746094
vt 0.772949219 0.307373047
vt 0.772949219 0.614746094
vt 0.379394531 0.307373047
vt 0.412841797 0.614746094
vt 0.379394531 0.614746094
vt 0.412841797 0.307373047
vt 0.379394531 0.153808594
vt 0.379394531 0.307373047
vt 0.379394531 0.153808594
vt 0.412841797 0.153686523
vt 0.379394531 0.000156641006
vt 0.412841797 0.000104486942
vt 0.464599609 0.153686523
vt 0.464599609 2.41398811E-05
vt 0.464599609 0.307128906
vt 0.479980469 0.153564453
vt 0.479980469 0
vt 0.479980469 0.307128906
vt 0.479980469 0.614257812
vt 0.464599609 0.614257812
vt 0.464599609 0.614257812
vt 0.412841797 0.614746094
vt 0.464599609 0.614257812
vt 0.412841797 0.614746094
vt 0.464599609 0.614257812
vt 0.412841797 0.614746094
vt 0.7578125 0.888671875
vt 0.767578125 0.614746094
vt 0.767578125 0.888671875
vt 0.7578125 0.614746094
vt 0.745605469 0.888671875
vt 0.745605469 0.614746094
vt 0.732421875 0.888671875
vt 0.732421875 0.614746094
vt 0.720214844 0.888671875
vt 0.720214844 0.614746094
vt 0.708984375 0.888671875
vt 0.708984375 0.614746094
vt 0.970703125 0.182983398
vt 0.970703125 0.45703125
vt 0.958496094 0.456787109
vt 0.958496094 0.182861328
vt 0.945800781 0.456787109
vt 0.945800781 0.182861328
vt 0.933105469 0.456787109
vt 0.933105469 0.182983398
vt 0.921875 0.45703125
vt 0.921875 0.183105469
vt 0.892089844 0.888671875
vt 0.892089844 0.614746094
vt 0.900878906 0.614746094
vt 0.900878906 0.888671875
vt 0.912109375 0.614746094
vt 0.912109375 0.888671875
vt 0.924804688 0.614746094
vt 0.924804688 0.888671875
vt 0.937988281 0.614746094
vt 0.937988281 0.888671875
vt 0.949707031 0.614746094
vt 0.949707031 0.888671875
vt 0.379394531 0.888671875
vt 0.379394531 0.614746094
vt 0.389160156 0.614746094
vt 0.389160156 0.888671875
vt 0.389160156 0.888671875
vt 0.389160156 0.614746094
vt 0.400878906 0.614746094
vt 0.400878906 0.888671875
vt 0.426513672 0.888671875
vt 0.426513672 0.614746094
vt 0.437744141 0.614746094
vt 0.437744141 0.888671875
vt 0.437744141 0.888671875
vt 0.437744141 0.614746094
vt 0.446289062 0.614746094
vt 0.446289062 0.888671875
vt 0.6953125 0.911132812
vt 0.703125 0.900390625
vt 0.713378906 0.892578125
vt 0.69140625 0.923828125
vt 0.725585938 0.888671875
vt 0.738769531 0.888671875
vt 0.69140625 0.937011719
vt 0.6953125 0.94921875
vt 0.750976562 0.892578125
vt 0.703125 0.959960938
vt 0.761230469 0.900390625
vt 0.769042969 0.911132812
vt 0.713378906 0.967773438
vt 0.772949219 0.923828125
vt 0.725585938 0.971679688
vt 0.772949219 0.937011719
vt 0.738769531 0.971679688
vt 0.750976562 0.967773438
vt 0.769042969 0.94921875
vt 0.761230469 0.959960938
vt 0.843261719 0.900390625
vt 0.850585938 0.911132812
vt 0.854980469 0.923828125
vt 0.832519531 0.892578125
vt 0.854980469 0.937011719
vt 0.8203125 0.888671875
vt 0.850585938 0.94921875
vt 0.807128906 0.888671875
vt 0.843261719 0.959960938
vt 0.794921875 0.892578125
vt 0.832519531 0.967773438
vt 0.784667969 0.900390625
vt 0.8203125 0.971679688
vt 0.776855469 0.911132812
vt 0.807128906 0.971679688
vt 0.772949219 0.923828125
vt 0.794921875 0.967773438
vt 0.772949219 0.937011719
vt 0.784667969 0.959960938
vt 0.776855469 0.94921875
vt 0.8046875 0.153686523
vt 0.836425781 0.153686523
vt 0.836425781 0.153686523
vt 0.8046875 0.153686523
vt 0.772949219 0.153686523
vt 0.772949219 0.153686523
vt 0.8046875 3.88622284E-05
vt 0.836425781 7.77244568E-05
vt 0.836425781 0.153686523
vt 0.8046875 0.153686523
vt 0.772949219 0
vt 0.772949219 0.153686523
vt 0.8046875 0.153686523
vt 0.836425781 0.153686523
vt 0.836425781 0.307373047
vt 0.8046875 0.307373047
vt 0.772949219 0.153686523
vt 0.772949219 0.307373047
vt 0.8046875 0.307373047
vt 0.772949219 0.307373047
vt 0.772949219 0.307373047
vt 0.8046875 0.307373047
vt 0.836425781 0.307373047
vt 0.836425781 0.307373047
vt 0.412841797 0.614746094
vt 0.464599609 0.614257812
vt 0.412841797 0.614746094
vt 0.464599609 0.614257812
vt 0.412841797 0.614746094
vt 0.464599609 0.614257812
vt 0 0
vt 0 0
vt 0 0
vt 0 0
vt 0 0
vt 0 0
vt 0 0
vt 0 0
vt 0 0
vt 0 0
vt 0 0
vt 0 0
vt 0 0
vt 0 0
vt 0 0
vt 0 0
vt 0 0
vt 0 0
vt 0 0
vt 0 0
vt 0 0
vt 0 0
vt 0 0
vt 0 0
vt 0 0
vt 0 0
vt 0 0
vt 0 0
vt 0 0
vt 0 0
vt 0 0
vt 0 0
vt 0 0
vt 0 0
vt 0 0
vt 0 0
vt 0 0
vt 0 0
vt 0 0
vt 0 0
vt 0 0
vt 0 0
vt 0 0
vt 0 0
vt 0 0
vt 0 0
vt 0 0
vt 0 0
vt 0 0
vt 0 0
vt 0 0
vt 0 0
vt 0 0
vt 0 0
vt 0 0
vt 0 0
vt 0 0
vt 0 0
vt 0 0
vt 0 0
vt 0 0
vt 0 0
vt 0 0
vt 0 0
vt 0 0
vt 0 0
vt 0 0
vt 0 0
vt 0 0
vt 0 0
vt 0 0
vt 0 0
vt 0 0
vt 0 0
vt 0 0
vt 0 0
vt 0 0
vt 0 0
vt 0 0
vt 0 0
vt 0 0
vt 0 0
vt 0 0
vt 0 0
vt 0 0
vt 0 0
vt 0 0
vt 0 0
vt 0 0
vt 0 0
vt 0 0
vt 0 0
vt 0 0
vt 0 0
vt 0 0
vt 0 0
vt 0 0
vt 0 0
vt 0 0
vt 0 0
vt 0 0
vt 0 0
vt 0 0
vt 0 0
vt 0 0
vt 0 0
vt 0 0
vt 0 0
vt 0 0
vt 0 0
vt 0 0
vt 0 0
vt 0 0
vt 0 0
vt 0 0
vt 0 0
vt 0 0
vt 0 0
vt 0 0
vt 0 0
vt 0 0
vt 0 0
vt 0 0
vt 0 0
vt 0 0
vt 0 0
vt 0 0
vt 0 0
vt 0 0
vt 0 0
vt 0 0
vt 0 0
vt 0 0
vt 0 0
vt 0 0
vt 0 0
vt 0 0
vt 0 0
vt 0 0
vt 0 0
vt 0 0
vt 0 0
vt 0 0
vt 0 0
vt 0 0
vt 0 0
vt 0 0
vt 0 0
vt 0 0
vt 0 0
vt 0 0
vt 0 0
vt 0 0
vt 0 0
vt 0 0
vt 0 0
vt 0 0
vt 0 0
vt 0 0
vt 0 0
vt 0 0
vt 0 0
vt 0 0
vt 0 0
vt 0 0
vt 0 0
vt 0 0
vt 0 0
vt 0 0
vt 0 0
vt 0 0
vt 0 0
vt 0 0
vt 0 0
vt 0 0
vt 0 0
vt 0 0
vt 0 0
vt 0 0
vt 0 0
vt 0 0
vt 0 0
vt 0 0
vt 0 0
vt 0 0
vt 0 0
vt 0 0
vt 0 0
vt 0 0
vt 0 0
vt 0 0
vt 0 0
vt 0 0
vt 0 0
vt 0 0
vt 0 0
vt 0 0
vt 0 0
vt 0 0
vt 0 0
vt 0 0
vt 0 0
vt 0 0
vt 0 0
vt 0 0
vt 0 0
vt 0 0
vt 0 0
vt 0 0
vt 0 0
vt 0 0
vt 0 0
vt 0 0
vt 0 0
vt 0 0
vt 0 0
vt 0 0
vt 0 0
vt 0 0
vt 0 0
vt 0 0
vt 0 0
vt 0 0
vt 0 0
vt 0 0
vt 0 0
vt 0 0
vt 0 0
vt 0 0
vt 0 0
vt 0 0
vt 0 0
vt 0 0
vt 0 0
vt 0 0
vt 0 0
vt 0 0
vt 0 0
vt 0 0
vt 0 0
vt 0 0
vt 0 0
vt 0 0
vt 0 0
vt 0 0
vt 0 0
vt 0 0
vt 0 0
vt 0 0
vt 0 0
vt 0 0
vt 0 0
vt 0 0
vt 0 0
vt 0 0
vt 0 0
vt 0 0
vt 0 0
vt 0 0
vt 0 0
vt 0 0
vt 0 0
vt 0 0
vt 0 0
vt 0 0
vt 0 0
vt 0 0
vt 0 0
vt 0 0
vt 0 0
vt 0 0
vt 0 0
vt 0 0
vt 0 0
vt 0 0
vt 0 0
vt 0 0
vt 0 0
vt 0 0
vt 0 0
vt 0 0
vt 0 0
vt 0 0
vt 0 0
vt 0 0
vt 0 0
vt 0 0
vt 0 0
vt 0 0
vt 0 0
vt 0 0
vt 0 0
vt 0 0
vt 0 0
vt 0 0
vt 0 0
vt 0 0
vt 0 0
vt 0 0
vt 0 0
vt 0 0
vt 0 0
vt 0 0
vt 0 0
vt 0 0
vt 0 0
vt 0 0
vt 0 0
vt 0 0
vt 0 0
vt 0 0
vt 0 0
vt 0 0
vt 0 0
vt 0 0
vt 0 0
vt 0 0
vt 0 0
vt 0 0
vt 0 0
vt 0 0
vt 0 0
vt 0 0
vt 0 0
vt 0 0
vt 0 0
vt 0 0
vt 0 0
vt 0 0
vt 0 0
vt 0 0
vt 0 0
vt 0 0
vt 0 0
vt 0 0
vt 0 0
vt 0 0
vt 0 0
vt 0 0
vt 0 0
vt 0 0
vt 0 0
vt 0 0
vt 0 0
vt 0 0
vt 0 0
vt 0 0
vt 0 0
vt 0 0
vt 0 0
vt 0 0
vt 0 0
vt 0 0
vt 0 0
vt 0 0
vt 0 0
vt 0 0
vt 0 0
vt 0 0
vt 0 0
vt 0 0
vt 0 0
vt 0 0
vt 0 0
vt 0 0
vt 0 0
vt 0 0
vt 0 0
vt 0 0
vt 0 0
vt 0 0
vt 0 0
vt 0 0
vt 0 0
vt 0 0
vt 0 0
vt 0 0
vt 0 0
vt 0 0
vt 0 0
vt 0 0
vt 0 0
vt 0 0
vt 0 0
vt 0 0
vt 0 0
vt 0 0
vt 0 0
vt 0 0
vt 0 0
vt 0 0
vt 0 0
vt 0 0
vt 0 0
vt 0 0
vt 0 0
vt 0 0
vt 0 0
vt 0 0
vt 0 0
vt 0 0
vt 0 0
vt 0 0
vt 0 0
vt 0 0
vt 0 0
vt 0 0
vt 0 0
vt 0 0
vt 0 0
vt 0 0
vt 0 0
vt 0 0
vt 0 0
vt 0 0
vt 0 0
vt 0 0
vt 0 0
vt 0 0
vt 0 0
vt 0 0
vt 0 0
vt 0 0
vt 0 0
vt 0 0
vt 0 0
vt 0 0
vt 0 0
vt 0 0
vt 0 0
vt 0 0
vt 0 0
vt 0 0
vt 0 0
vt 0 0
vt 0 0
vt 0 0
vt 0 0
vt 0 0
vt 0 0
vt 0 0
vt 0 0
vt 0 0
vt 0 0
vt 0 0
vt 0 0
vt 0 0
vt 0 0
vt 0 0
vt 0 0
vt 0 0
vt 0 0
vt 0 0
vt 0 0
vt 0 0
vt 0 0
vt 0 0
vt 0 0
vt 0 0
vt 0 0
vt 0 0
vt 0 0
vt 0 0
vt 0 0
vt 0 0
vt 0 0
vt 0 0
vt 0 0
vt 0 0
vt 0 0
vt 0 0
vt 0 0
vt 0 0
vt 0 0
vt 0 0
vt 0 0
vt 0 0
vt 0 0
vt 0 0
vt 0 0
vt 0 0
vt 0 0
vt 0 0
vt 0 0
vt 0 0
vt 0 0
vt 0 0
vt 0 0
vt 0 0
vt 0 0
vt 0 0
vt 0 0
vt 0 0
vt 0 0
vt 0 0
vt 0 0
vt 0 0
vt 0 0
vt 0 0
vt 0 0
vt 0 0
vt 0 0
vt 0 0
vt 0 0
vt 0 0
vt 0 0
vt 0 0
vt 0 0
vt 0 0
vt 0 0
vt 0 0
vt 0 0
vt 0 0
vt 0 0
vt 0 0
vt 0 0
vt 0 0
vt 0 0
vt 0 0
vt 0 0
vt 0 0
vt 0 0
vt 0 0
vt 0 0
vt 0 0
vt 0 0
vt 0 0
vt 0 0
vt 0 0
vt 0 0
vt 0 0
vt 0 0
vt 0 0
vt 0 0
vt 0 0
vt 0 0
vt 0 0
vt 0 0
vt 0 0
vt 0 0
vt 0 0
vt 0 0
vt 0 0
vt 0 0
vt 0 0
vt 0 0
vt 0 0
vt 0 0
vt 0 0
vt 0 0
vt 0 0
vt 0 0
vt 0 0
vt 0 0
vt 0 0
vt 0 0
vt 0 0
vt 0 0
vt 0 0
vt 0 0
vt 0 0
vt 0 0
vt 0 0
vt 0 0
vt 0 0
vt 0 0
vt 0 0
vt 0 0
vt 0 0
vt 0 0
vt 0 0
vt 0 0
vt 0 0
vt 0 0
vt 0 0
vt 0 0
vt 0 0
vt 0 0
vt 0 0
vt 0 0
vt 0 0
vt 0 0
vt 0 0
vt 0 0
vt 0 0
vt 0 0
vt 0 0
vt 0 0
vt 0 0
vt 0 0
vt 0 0
vt 0 0
vt 0 0
vt 0 0
vt 0 0
vt 0 0
vt 0 0
vt 0 0
vt 0 0
vt 0 0
vt 0 0
vt 0 0
vt 0 0
vt 0 0
vt 0 0
vt 0 0
vt 0 0
vt 0 0
vt 0 0
vt 0 0
vt 0 0
vt 0 0
vt 0 0
vt 0 0
vt 0 0
vt 0 0
vt 0 0
vt 0 0
vt 0 0
vt 0 0
vt 0 0
vt 0 0
vt 0 0
vt 0 0
vt 0 0
vt 0 0
vt 0 0
vt 0 0
vt 0 0
vt 0 0
vt 0 0
vt 0 0
vt 0 0
vt 0 0
vt 0 0
vt 0 0
vt 0 0
vt 0 0
vt 0 0
vt 0 0
vt 0 0
vt 0 0
vt 0 0
vt 0 0
vt 0 0
vt 0 0
vt 0 0
vt 0 0
vt 0 0
vt 0 0
vt 0 0
vt 0 0
vt 0 0
vt 0 0
vt 0 0
vt 0 0
vt 0 0
vt 0 0
vt 0 0
vt 0 0
vt 0 0
vt 0 0
vt 0 0
vt 0 0
vt 0 0
vt 0 0
vt 0 0
vt 0 0
vt 0 0
vt 0 0
vt 0 0
vt 0 0
vt 0 0
vt 0 0
vt 0 0
vt 0 0
vt 0 0
vt 0 0
vt 0 0
vt 0 0
vt 0 0
vt 0 0
vt 0 0
vt 0 0
vt 0 0
vt 0 0
vt 0 0
vt 0 0
vt 0 0
vt 0 0
vt 0 0
vt 0 0
vt 0 0
vt 0 0
vt 0 0
vt 0 0
vt 0 0
vt 0 0
vt 0 0
vt 0 0
vt 0 0
vt 0 0
vt 0 0
vt 0 0
vt 0 0
vt 0 0
vt 0 0
vt 0 0
vt 0 0
vt 0 0
vt 0 0
vt 0 0
vt 0 0
vt 0 0
vt 0 0
vt 0 0
vt 0 0
vt 0 0
vt 0 0
vt 0 0
vt 0 0
vt 0 0
vt 0 0
vt 0 0
vt 0 0
vt 0 0
vt 0 0
vt 0 0
vt 0 0
vt 0 0
vt 0 0
vt 0 0
vt 0 0
vt 0 0
vt 0 0
vt 0 0
vt 0 0
vt 0 0
vt 0 0
vt 0 0
vt 0 0
vt 0 0
vt 0 0
vt 0 0
vt 0 0
vt 0 0
vt 0 0
vt 0 0
vt 0 0
vt 0 0
vt 0 0
vt 0 0
vt 0 0
vt 0 0
vt 0 0
vt 0 0
vt 0 0
vt 0 0
vt 0 0
vt 0 0
vt 0 0
vt 0 0
vt 0 0
vt 0 0
vt 0 0
vt 0 0
vt 0 0
vt 0 0
vt 0 0
vt 0 0
vt 0 0
vt 0 0
vt 0 0
vt 0 0
vt 0 0
vt 0 0
vt 0 0
vt 0 0
vt 0 0
vt 0 0
vt 0 0
vt 0 0
vt 0 0
vt 0 0
vt 0 0
vt 0 0
vt 0 0
vt 0 0
vt 0 0
vt 0 0
vt 0 0
vt 0 0
vt 0 0
vt 0 0
vt 0 0
vt 0 0
vt 0 0
vt 0 0
vt 0 0
vt 0 0
vt 0 0
vt 0 0
vt 0 0
vt 0 0
vt 0 0
vt 0 0
vt 0 0
vt 0 0
vt 0 0
vt 0 0
vt 0 0
vt 0 0
vt 0 0
vt 0 0
vt 0 0
vt 0 0
vt 0 0
vt 0 0
vt 0 0
vt 0 0
vt 0 0
vt 0 0
vt 0 0
vt 0 0
vt 0 0
vt 0 0
vt 0 0
vt 0 0
vt 0 0
vt 0 0
vt 0 0
vt 0 0
vt 0 0
vt 0 0
vt 0 0
vt 0 0
vt 0 0
vt 0 0
vt 0 0
vt 0 0
vt 0 0
vt 0 0
vt 0 0
vt 0 0
vt 0 0
vt 0 0
vt 0 0
vt 0 0
vt 0 0
vt 0 0
vt 0 0
vt 0 0
vt 0 0
vt 0 0
vt 0 0
vt 0 0
vt 0 0
vt 0 0
vt 0 0
vt 0 0
vt 0 0
vt 0 0
vt 0 0
vt 0 0
vt 1 0.433349609
vt 0.964355469 0.278564453
vt 0.938964844 0.285644531
vt 0.974609375 0.435302734
vt 0.991210938 0.589355469
vt 0.966308594 0.584472656
vt 0.937011719 0.735839844
vt 0.915039062 0.723632812
vt 0.841796875 0.858398438
vt 0.824707031 0.840332031
vt 0.714355469 0.947265625
vt 0.703613281 0.924804688
vt 0.566894531 0.993652344
vt 0.562988281 0.96875
vt 0.411865234 0.993652344
vt 0.415771484 0.96875
vt 0.263916016 0.947265625
vt 0.274902344 0.924804688
vt 0.135864258 0.859863281
vt 0.152832031 0.841308594
vt 0.0359191895 0.739257812
vt 0.056060791 0.724121094
vt 0.889648438 0.708984375
vt 0.8046875 0.819335938
vt 0.690917969 0.8984375
vt 0.55859375 0.939941406
vt 0.420166016 0.939941406
vt 0.287841797 0.898925781
vt 0.172851562 0.819824219
vt 0.9375 0.578125
vt 0.0827636719 0.708984375
vt 0.00289154053 0.576171875
vt 0.9453125 0.437988281
vt 0.0331115723 0.5703125
vt 9.96589661E-05 0.418212891
vt 0.910644531 0.297607422
vt 0.0305480957 0.422851562
vt 0.0476074219 0.267822266
vt 0.829589844 0.174194336
vt 0.852539062 0.153320312
vt 0.0750732422 0.281738281
vt 0.140258789 0.139648438
vt 0.712890625 0.0828857422
vt 0.728027344 0.0558166504
vt 0.161987305 0.161621094
vt 0.268798828 0.0473327637
vt 0.572753906 0.0333557129
vt 0.578613281 0.00296020508
vt 0.282470703 0.075012207
vt 0.419921875 9.96589661E-05
vt 0.424316406 0.0307159424
vt 0.0676269531 0.428466797
vt 0.108581543 0.298583984
vt 0.188476562 0.188354492
vt 0.299072266 0.108764648
vt 0.429443359 0.0679931641
vt 0.565917969 0.0703735352
vt 0.0698852539 0.563964844
vt 0.694824219 0.115783691
vt 0.115112305 0.690917969
vt 0.802246094 0.199462891
vt 0.197143555 0.793945312
vt 0.876464844 0.3125
vt 0.303222656 0.8671875
vt 0.909667969 0.441162109
vt 0.425537109 0.905273438
vt 0.902832031 0.571289062
vt 0.553710938 0.905273438
vt 0.858398438 0.691894531
vt 0.675292969 0.8671875
vt 0.780273438 0.793457031
vt 0.432128906 0.863769531
vt 0.547363281 0.863769531
vt 0.656738281 0.829101562
vt 0.750976562 0.763183594
vt 0.821289062 0.671386719
vt 0.861328125 0.5625
vt 0.322021484 0.829101562
vt 0.866699219 0.445800781
vt 0.22644043 0.762695312
vt 0.8359375 0.330810547
vt 0.153930664 0.669433594
vt 0.769042969 0.229980469
vt 0.113830566 0.556152344
vt 0.673339844 0.155273438
vt 0.111938477 0.435058594
vt 0.558105469 0.114685059
vt 0.14855957 0.318847656
vt 0.436035156 0.112548828
vt 0.220092773 0.220092773
vt 0.319335938 0.148925781
vt 0.164672852 0.547363281
vt 0.163330078 0.442626953
vt 0.195068359 0.342529297
vt 0.256835938 0.257324219
vt 0.342529297 0.195678711
vt 0.443359375 0.164306641
vt 0.198852539 0.645019531
vt 0.548828125 0.166015625
vt 0.260986328 0.7265625
vt 0.647949219 0.200927734
vt 0.343994141 0.784667969
vt 0.730957031 0.265380859
vt 0.439697266 0.814941406
vt 0.7890625 0.352050781
vt 0.539550781 0.814941406
vt 0.81640625 0.451416016
vt 0.635253906 0.784667969
vt 0.8125 0.552734375
vt 0.717285156 0.727539062
vt 0.777832031 0.647460938
vt 0.53125 0.759765625
vt 0.610351562 0.734863281
vt 0.678222656 0.687011719
vt 0.729003906 0.620605469
vt 0.756835938 0.541992188
vt 0.759765625 0.458007812
vt 0.448242188 0.759765625
vt 0.736816406 0.376220703
vt 0.368896484 0.734375
vt 0.688476562 0.304931641
vt 0.300537109 0.686035156
vt 0.620117188 0.252441406
vt 0.249511719 0.618164062
vt 0.538574219 0.223876953
vt 0.221923828 0.537597656
vt 0.451660156 0.222290039
vt 0.220947266 0.451416016
vt 0.368652344 0.248168945
vt 0.247192383 0.368896484
vt 0.298095703 0.298828125
vt 0.305175781 0.588867188
vt 0.284423828 0.526855469
vt 0.283935547 0.4609375
vt 0.304199219 0.397949219
vt 0.343261719 0.344238281
vt 0.397216797 0.305664062
vt 0.343994141 0.641113281
vt 0.460693359 0.285644531
vt 0.396484375 0.678710938
vt 0.52734375 0.286865234
vt 0.457763672 0.698730469
vt 0.58984375 0.30859375
vt 0.521972656 0.698730469
vt 0.642089844 0.348632812
vt 0.583007812 0.6796875
vt 0.6796875 0.402832031
vt 0.635742188 0.642578125
vt 0.697753906 0.465576172
vt 0.674316406 0.591308594
vt 0.695800781 0.530273438
vt 0.553710938 0.620605469
vt 0.58984375 0.595214844
vt 0.616210938 0.560058594
vt 0.630371094 0.518554688
vt 0.631347656 0.474365234
vt 0.618652344 0.431884766
vt 0.512207031 0.633300781
vt 0.593261719 0.395263672
vt 0.468261719 0.633300781
vt 0.557617188 0.368408203
vt 0.426513672 0.619628906
vt 0.515136719 0.353759766
vt 0.390869141 0.59375
vt 0.470458984 0.353027344
vt 0.364746094 0.558105469
vt 0.427734375 0.366455078
vt 0.351074219 0.516113281
vt 0.391113281 0.392822266
vt 0.350830078 0.471435547
vt 0.364746094 0.428955078
vt 0.440429688 0.544433594
vt 0.427246094 0.526367188
vt 0.420410156 0.504882812
vt 0.420410156 0.482666016
vt 0.491210938 0.494140625
vt 0.458251953 0.557617188
vt 0.427490234 0.461181641
vt 0.440917969 0.443115234
vt 0.479492188 0.564453125
vt 0.459228516 0.429931641
vt 0.501953125 0.564941406
vt 0.480712891 0.423095703
vt 0.522949219 0.558105469
vt 0.503417969 0.423339844
vt 0.541015625 0.545410156
vt 0.524414062 0.430664062
vt 0.5546875 0.52734375
vt 0.542480469 0.444091797
vt 0.561523438 0.506347656
vt 0.555664062 0.462646484
vt 0.562011719 0.483886719
vt 1 0.433349609
vt 0.964355469 0.278564453
vt 0.938964844 0.285644531
vt 0.974609375 0.435302734
vt 0.991210938 0.589355469
vt 0.966308594 0.584472656
vt 0.937011719 0.735839844
vt 0.915039062 0.723632812
vt 0.841796875 0.858398438
vt 0.824707031 0.840332031
vt 0.714355469 0.947265625
vt 0.703613281 0.924804688
vt 0.566894531 0.993652344
vt 0.562988281 0.96875
vt 0.411865234 0.993652344
vt 0.415771484 0.96875
vt 0.263916016 0.947265625
vt 0.274902344 0.924804688
vt 0.135864258 0.859863281
vt 0.152832031 0.841308594
vt 0.0359191895 0.739257812
vt 0.056060791 0.724121094
vt 0.889648438 0.708984375
vt 0.8046875 0.819335938
vt 0.690917969 0.8984375
vt 0.55859375 0.939941406
vt 0.420166016 0.939941406
vt 0.287841797 0.898925781
vt 0.172851562 0.819824219
vt 0.9375 0.578125
vt 0.0827636719 0.708984375
vt 0.00289154053 0.576171875
vt 0.9453125 0.437988281
vt 0.0331115723 0.5703125
vt 9.96589661E-05 0.418212891
vt 0.910644531 0.297607422
vt 0.0305480957 0.422851562
vt 0.0476074219 0.267822266
vt 0.829589844 0.174194336
vt 0.852539062 0.153320312
vt 0.0750732422 0.281738281
vt 0.140258789 0.139648438
vt 0.712890625 0.0828857422
vt 0.728027344 0.0558166504
vt 0.161987305 0.161621094
vt 0.268798828 0.0473327637
vt 0.572753906 0.0333557129
vt 0.578613281 0.00296020508
vt 0.282470703 0.075012207
vt 0.419921875 9.96589661E-05
vt 0.424316406 0.0307159424
vt 0.0676269531 0.428466797
vt 0.108581543 0.298583984
vt 0.188476562 0.188354492
vt 0.299072266 0.108764648
vt 0.429443359 0.0679931641
vt 0.565917969 0.0703735352
vt 0.0698852539 0.563964844
vt 0.694824219 0.115783691
vt 0.115112305 0.690917969
vt 0.802246094 0.199462891
vt 0.197143555 0.793945312
vt 0.876464844 0.3125
vt 0.303222656 0.8671875
vt 0.909667969 0.441162109
vt 0.425537109 0.905273438
vt 0.902832031 0.571289062
vt 0.553710938 0.905273438
vt 0.858398438 0.691894531
vt 0.675292969 0.8671875
vt 0.780273438 0.793457031
vt 0.432128906 0.863769531
vt 0.547363281 0.863769531
vt 0.656738281 0.829101562
vt 0.750976562 0.763183594
vt 0.821289062 0.671386719
vt 0.861328125 0.5625
vt 0.322021484 0.829101562
vt 0.866699219 0.445800781
vt 0.22644043 0.762695312
vt 0.8359375 0.330810547
vt 0.153930664 0.669433594
vt 0.769042969 0.229980469
vt 0.113830566 0.556152344
vt 0.673339844 0.155273438
vt 0.111938477 0.435058594
vt 0.558105469 0.114685059
vt 0.14855957 0.318847656
vt 0.436035156 0.112548828
vt 0.220092773 0.220092773
vt 0.319335938 0.148925781
vt 0.164672852 0.547363281
vt 0.163330078 0.442626953
vt 0.195068359 0.342529297
vt 0.256835938 0.257324219
vt 0.342529297 0.195678711
vt 0.443359375 0.164306641
vt 0.198852539 0.645019531
vt 0.548828125 0.166015625
vt 0.260986328 0.7265625
vt 0.647949219 0.200927734
vt 0.343994141 0.784667969
vt 0.730957031 0.265380859
vt 0.439697266 0.814941406
vt 0.7890625 0.352050781
vt 0.539550781 0.814941406
vt 0.81640625 0.451416016
vt 0.635253906 0.784667969
vt 0.8125 0.552734375
vt 0.717285156 0.727539062
vt 0.777832031 0.647460938
vt 0.53125 0.759765625
vt 0.610351562 0.734863281
vt 0.678222656 0.687011719
vt 0.729003906 0.620605469
vt 0.756835938 0.541992188
vt 0.759765625 0.458007812
vt 0.448242188 0.759765625
vt 0.736816406 0.376220703
vt 0.368896484 0.734375
vt 0.688476562 0.304931641
vt 0.300537109 0.686035156
vt 0.620117188 0.252441406
vt 0.249511719 0.618164062
vt 0.538574219 0.223876953
vt 0.221923828 0.537597656
vt 0.451660156 0.222290039
vt 0.220947266 0.451416016
vt 0.368652344 0.248168945
vt 0.247192383 0.368896484
vt 0.298095703 0.298828125
vt 0.305175781 0.588867188
vt 0.284423828 0.526855469
vt 0.283935547 0.4609375
vt 0.304199219 0.397949219
vt 0.343261719 0.344238281
vt 0.397216797 0.305664062
vt 0.343994141 0.641113281
vt 0.460693359 0.285644531
vt 0.396484375 0.678710938
vt 0.52734375 0.286865234
vt 0.457763672 0.698730469
vt 0.58984375 0.30859375
vt 0.521972656 0.698730469
vt 0.642089844 0.348632812
vt 0.583007812 0.6796875
vt 0.6796875 0.402832031
vt 0.635742188 0.642578125
vt 0.697753906 0.465576172
vt 0.674316406 0.591308594
vt 0.695800781 0.530273438
vt 0.553710938 0.620605469
vt 0.58984375 0.595214844
vt 0.616210938 0.560058594
vt 0.630371094 0.518554688
vt 0.631347656 0.474365234
vt 0.618652344 0.431884766
vt 0.512207031 0.633300781
vt 0.593261719 0.395263672
vt 0.468261719 0.633300781
vt 0.557617188 0.368408203
vt 0.426513672 0.619628906
vt 0.515136719 0.353759766
vt 0.390869141 0.59375
vt 0.470458984 0.353027344
vt 0.364746094 0.558105469
vt 0.427734375 0.366455078
vt 0.351074219 0.516113281
vt 0.391113281 0.392822266
vt 0.350830078 0.471435547
vt 0.364746094 0.428955078
vt 0.440429688 0.544433594
vt 0.427246094 0.526367188
vt 0.420410156 0.504882812
vt 0.420410156 0.482666016
vt 0.491210938 0.494140625
vt 0.458251953 0.557617188
vt 0.427490234 0.461181641
vt 0.440917969 0.443115234
vt 0.479492188 0.564453125
vt 0.459228516 0.429931641
vt 0.501953125 0.564941406
vt 0.480712891 0.423095703
vt 0.522949219 0.558105469
vt 0.503417969 0.423339844
vt 0.541015625 0.545410156
vt 0.524414062 0.430664062
vt 0.5546875 0.52734375
vt 0.542480469 0.444091797
vt 0.561523438 0.506347656
vt 0.555664062 0.462646484
vt 0.562011719 0.483886719
vt 0.127685547 0.397705078
vt 0.112670898 0.473632812
vt 0.112670898 0.55078125
vt 0.157226562 0.326416016
vt 0.127685547 0.626464844
vt 0.157226562 0.697753906
vt 0.200195312 0.262207031
vt 0.200195312 0.762207031
vt 0.254882812 0.207641602
vt 0.254882812 0.81640625
vt 0.319091797 0.164672852
vt 0.319091797 0.859375
vt 0.390380859 0.135131836
vt 0.390380859 0.889160156
vt 0.466064453 0.120117188
vt 0.466064453 0.904296875
vt 0.543457031 0.120117188
vt 0.543457031 0.904296875
vt 0.619140625 0.135131836
vt 0.619140625 0.889160156
vt 0.690429688 0.164794922
vt 0.690429688 0.859375
vt 0.754394531 0.207641602
vt 0.754394531 0.81640625
vt 0.809082031 0.262207031
vt 0.809082031 0.762207031
vt 0.852050781 0.326416016
vt 0.852050781 0.697753906
vt 0.881835938 0.397705078
vt 0.881835938 0.626464844
vt 0.896484375 0.473632812
vt 0.896484375 0.55078125
vt 0.0804443359 0.375244141
vt 0.0639648438 0.458007812
vt 0.0639648438 0.542480469
vt 0.112731934 0.297363281
vt 0.0804443359 0.625488281
vt 0.112731934 0.703125
vt 0.159667969 0.227172852
vt 0.159667969 0.7734375
vt 0.219360352 0.167480469
vt 0.219360352 0.833007812
vt 0.289550781 0.120544434
vt 0.289550781 0.879882812
vt 0.367431641 0.0882568359
vt 0.367431641 0.912597656
vt 0.450195312 0.0717773438
vt 0.450195312 0.928710938
vt 0.534667969 0.0717773438
vt 0.534667969 0.928710938
vt 0.617675781 0.0882568359
vt 0.617675781 0.912597656
vt 0.6953125 0.120544434
vt 0.6953125 0.879882812
vt 0.765625 0.167480469
vt 0.765625 0.833007812
vt 0.825195312 0.227172852
vt 0.825195312 0.7734375
vt 0.872070312 0.297363281
vt 0.872070312 0.703125
vt 0.904296875 0.375244141
vt 0.904296875 0.625488281
vt 0.920898438 0.458007812
vt 0.920898438 0.542480469
vt 0.168212891 0.246826172
vt 0.121337891 0.316894531
vt 0.089050293 0.395019531
vt 0.227905273 0.187133789
vt 0.0725708008 0.477783203
vt 0.0725708008 0.562011719
vt 0.298095703 0.140258789
vt 0.089050293 0.645019531
vt 0.375976562 0.107971191
vt 0.121337891 0.723144531
vt 0.458984375 0.0914916992
vt 0.168212891 0.79296875
vt 0.543457031 0.0914916992
vt 0.227905273 0.853027344
vt 0.625976562 0.107971191
vt 0.298095703 0.899902344
vt 0.704101562 0.140258789
vt 0.375976562 0.932128906
vt 0.774414062 0.187133789
vt 0.458984375 0.948730469
vt 0.833984375 0.246826172
vt 0.543457031 0.948730469
vt 0.880859375 0.317138672
vt 0.625976562 0.932128906
vt 0.913085938 0.395019531
vt 0.704101562 0.899902344
vt 0.9296875 0.477783203
vt 0.774414062 0.853027344
vt 0.9296875 0.562011719
vt 0.833984375 0.79296875
vt 0.913085938 0.645019531
vt 0.880859375 0.723144531
vt 0.127685547 0.397705078
vt 0.112670898 0.473632812
vt 0.112670898 0.55078125
vt 0.157226562 0.326416016
vt 0.127685547 0.626464844
vt 0.157226562 0.697753906
vt 0.200195312 0.262207031
vt 0.200195312 0.762207031
vt 0.254882812 0.207641602
vt 0.254882812 0.81640625
vt 0.319091797 0.164672852
vt 0.319091797 0.859375
vt 0.390380859 0.135131836
vt 0.390380859 0.889160156
vt 0.466064453 0.120117188
vt 0.466064453 0.904296875
vt 0.543457031 0.120117188
vt 0.543457031 0.904296875
vt 0.619140625 0.135131836
vt 0.619140625 0.889160156
vt 0.690429688 0.164794922
vt 0.690429688 0.859375
vt 0.754394531 0.207641602
vt 0.754394531 0.81640625
vt 0.809082031 0.262207031
vt 0.809082031 0.762207031
vt 0.852050781 0.326416016
vt 0.852050781 0.697753906
vt 0.881835938 0.397705078
vt 0.881835938 0.626464844
vt 0.896484375 0.473632812
vt 0.896484375 0.55078125
vt 0.0804443359 0.375244141
vt 0.0639648438 0.458007812
vt 0.0639648438 0.542480469
vt 0.112731934 0.297363281
vt 0.0804443359 0.625488281
vt 0.112731934 0.703125
vt 0.159667969 0.227172852
vt 0.159667969 0.7734375
vt 0.219360352 0.167480469
vt 0.219360352 0.833007812
vt 0.289550781 0.120544434
vt 0.289550781 0.879882812
vt 0.367431641 0.0882568359
vt 0.367431641 0.912597656
vt 0.450195312 0.0717773438
vt 0.450195312 0.928710938
vt 0.534667969 0.0717773438
vt 0.534667969 0.928710938
vt 0.617675781 0.0882568359
vt 0.617675781 0.912597656
vt 0.6953125 0.120544434
vt 0.6953125 0.879882812
vt 0.765625 0.167480469
vt 0.765625 0.833007812
vt 0.825195312 0.227172852
vt 0.825195312 0.7734375
vt 0.872070312 0.297363281
vt 0.872070312 0.703125
vt 0.904296875 0.375244141
vt 0.904296875 0.625488281
vt 0.920898438 0.458007812
vt 0.920898438 0.542480469
vt 0.168212891 0.246826172
vt 0.121337891 0.316894531
vt 0.089050293 0.395019531
vt 0.227905273 0.187133789
vt 0.0725708008 0.477783203
vt 0.0725708008 0.562011719
vt 0.298095703 0.140258789
vt 0.089050293 0.645019531
vt 0.375976562 0.107971191
vt 0.121337891 0.723144531
vt 0.458984375 0.0914916992
vt 0.168212891 0.79296875
vt 0.543457031 0.0914916992
vt 0.227905273 0.853027344
vt 0.625976562 0.107971191
vt 0.298095703 0.899902344
vt 0.704101562 0.140258789
vt 0.375976562 0.932128906
vt 0.774414062 0.187133789
vt 0.458984375 0.948730469
vt 0.833984375 0.246826172
vt 0.543457031 0.948730469
vt 0.880859375 0.317138672
vt 0.625976562 0.932128906
vt 0.913085938 0.395019531
vt 0.704101562 0.899902344
vt 0.9296875 0.477783203
vt 0.774414062 0.853027344
vt 0.9296875 0.562011719
vt 0.833984375 0.79296875
vt 0.913085938 0.645019531
vt 0.880859375 0.723144531
vt 0 0
vt 0 0
vt 0 0
vt 0 0
vt 0 0
vt 0 0
vt 0 0
vt 0 0
vt 0 0
vt 0 0
vt 0 0
vt 0 0
vt 0 0
vt 0 0
vt 0 0
vt 0 0
vt 0 0
vt 0 0
vt 0 0
vt 0 0
vt 0 0
vt 0 0
vt 0 0
vt 0 0
vt 0 0
vt 0 0
vt 0 0
vt 0 0
vt 0 0
vt 0 0
vt 0 0
vt 0 0
vt 0 0
vt 0 0
vt 0 0
vt 0 0
vt 0 0
vt 0 0
vt 0 0
vt 0 0
vt 0 0
vt 0 0
vt 0 0
vt 0 0
vt 0 0
vt 0 0
vt 0 0
vt 0 0
vt 0 0
vt 0 0
vt 0 0
vt 0 0
vt 0 0
vt 0 0
vt 0 0
vt 0 0
vt 0 0
vt 0 0
vt 0 0
vt 0 0
vt 0 0
vt 0 0
vt 0 0
vt 0 0
vt 0.280273438 0.787597656
vt 0.200927734 0.80078125
vt 0.198852539 0.908691406
vt 0.280273438 0.908203125
vt 0.280273438 0.787597656
vt 0.280273438 0.908203125
vt 0.198852539 0.908691406
vt 0.200927734 0.80078125
vn 0.947265625 -0.320800781 9.53674316E-07
vn 0.499755859 -0.851074219 -0.162353516
vn 0.525390625 -0.851074219 5.96046448E-07
vn 0.900878906 -0.320800781 -0.292724609
vn 0.425048828 -0.851074219 -0.308837891
vn 0.766113281 -0.320800781 -0.556640625
vn 0.308837891 -0.851074219 -0.425048828
vn 0.556640625 -0.320800781 -0.766113281
vn 0.162353516 -0.851074219 -0.499755859
vn 0.292724609 -0.320800781 -0.900878906
vn -0 -0.851074219 -0.525390625
vn -1.01327896E-06 -0.320800781 -0.947265625
vn -0.162353516 -0.851074219 -0.499755859
vn -0.292724609 -0.320800781 -0.900878906
vn -0.308837891 -0.851074219 -0.425048828
vn -0.556640625 -0.320800781 -0.766113281
vn -0.425048828 -0.851074219 -0.308837891
vn -0.766113281 -0.320800781 -0.556640625
vn -0.499755859 -0.851074219 -0.162353516
vn -0.900878906 -0.320800781 -0.292724609
vn -0.525390625 -0.851074219 1.01327896E-06
vn -0.947265625 -0.320800781 -1.1920929E-07
vn 0.517089844 0.475341797 -0.711914062
vn 0.271972656 0.475341797 -0.836914062
vn 2.38418579E-07 0.475341797 -0.879882812
vn -0.271972656 0.475341797 -0.836914062
vn -0.517089844 0.475341797 -0.711914062
vn -0.711914062 0.475341797 -0.517089844
vn -0.836914062 0.475341797 -0.271972656
vn 0.711914062 0.475341797 -0.517089844
vn -0.879882812 0.475341797 -6.55651093E-07
vn -0.900878906 -0.320800781 0.292724609
vn 0.836914062 0.475341797 -0.271972656
vn -0.836914062 0.475341797 0.271972656
vn -0.766113281 -0.320800781 0.556640625
vn 0.879882812 0.475341797 -1.13248825E-06
vn -0.711914062 0.475341797 0.517089844
vn -0.556640625 -0.320800781 0.766113281
vn 0.836914062 0.475341797 0.271972656
vn 0.900878906 -0.320800781 0.292724609
vn -0.517089844 0.475341797 0.711914062
vn -0.292724609 -0.320800781 0.900878906
vn 0.711914062 0.475341797 0.517089844
vn 0.766113281 -0.320800781 0.556640625
vn -0.271972656 0.475341797 0.836914062
vn 1.96695328E-06 -0.320800781 0.947265625
vn 0.517089844 0.475341797 0.711914062
vn 0.556640625 -0.320800781 0.766113281
vn 8.94069672E-07 0.475341797 0.879882812
vn 0.292724609 -0.320800781 0.900878906
vn 0.271972656 0.475341797 0.836914062
vn -0.430175781 0.846679688 0.3125
vn -0.3125 0.846679688 0.430175781
vn -0.164306641 0.846679688 0.505859375
vn 5.36441803E-07 0.846679688 0.531738281
vn 0.164306641 0.846679688 0.505859375
vn 0.3125 0.846679688 0.430175781
vn -0.505859375 0.846679688 0.164306641
vn 0.430175781 0.846679688 0.3125
vn -0.531738281 0.846679688 -4.17232513E-07
vn 0.505859375 0.846679688 0.164306641
vn -0.505859375 0.846679688 -0.164306641
vn 0.531738281 0.846679688 -1.1920929E-06
vn -0.430175781 0.846679688 -0.3125
vn 0.505859375 0.846679688 -0.164306641
vn -0.3125 0.846679688 -0.430175781
vn 0.430175781 0.846679688 -0.3125
vn -0.164306641 0.846679688 -0.505859375
vn 0.3125 0.846679688 -0.430175781
vn -0 0.846679688 -0.531738281
vn 0.164306641 0.846679688 -0.505859375
vn -0.213623047 0.931640625 -0.293945312
vn -0.112304688 0.931640625 -0.345703125
vn -0 0.931640625 -0.363525391
vn 0.112304688 0.931640625 -0.345703125
vn 0.213623047 0.931640625 -0.293945312
vn 0.293945312 0.931640625 -0.213623047
vn -0.293945312 0.931640625 -0.213623047
vn 0.345703125 0.931640625 -0.112304688
vn -0.345703125 0.931640625 -0.112304688
vn 0.363525391 0.931640625 0
vn -0.363525391 0.931640625 5.36441803E-07
vn 0.345703125 0.931640625 0.112304688
vn -0.345703125 0.931640625 0.112304688
vn 0.293945312 0.931640625 0.213623047
vn -0.293945312 0.931640625 0.213623047
vn 0.213623047 0.931640625 0.293945312
vn -0.213623047 0.931640625 0.294189453
vn 0.112304688 0.931640625 0.345703125
vn -0.112304688 0.931640625 0.345703125
vn 3.57627869E-07 0.931640625 0.363525391
vn -0.248291016 0.965332031 0.0806884766
vn -0.211303711 0.965332031 0.153442383
vn -0.153442383 0.965332031 0.211303711
vn -0.0806884766 0.965332031 0.248291016
vn 2.38418579E-07 0.965332031 0.261230469
vn 0.0806884766 0.965332031 0.248291016
vn -0.261230469 0.965332031 0
vn 0.153442383 0.965332031 0.211303711
vn -0.248291016 0.965332031 -0.0806884766
vn 0.211303711 0.965332031 0.153442383
vn -0.211303711 0.965332031 -0.153442383
vn 0.248291016 0.965332031 0.0806884766
vn -0.153442383 0.965332031 -0.211303711
vn 0.261230469 0.965332031 0
vn -0.0806884766 0.965332031 -0.248291016
vn 0.248291016 0.965332031 -0.0806884766
vn -0 0.965332031 -0.261230469
vn 0.211303711 0.965332031 -0.153442383
vn 0.0806884766 0.965332031 -0.248291016
vn 0.153442383 0.965332031 -0.211303711
vn -0.0592956543 0.981445312 -0.182495117
vn -0 0.981445312 -0.191894531
vn 0.0592956543 0.981445312 -0.182495117
vn 0.112792969 0.981445312 -0.155273438
vn 0.155273438 0.981445312 -0.112792969
vn 0.182495117 0.981445312 -0.0592956543
vn -0.112792969 0.981445312 -0.155273438
vn 0.191894531 0.981445312 0
vn -0.155273438 0.981445312 -0.112792969
vn 0.182495117 0.981445312 0.0592956543
vn -0.182495117 0.981445312 -0.0592956543
vn 0.155273438 0.981445312 0.112792969
vn -0.191894531 0.981445312 0
vn 0.112792969 0.981445312 0.155273438
vn -0.182495117 0.981445312 0.0592956543
vn 0.0592956543 0.981445312 0.182495117
vn -0.155273438 0.981445312 0.112792969
vn 1.78813934E-07 0.981445312 0.191894531
vn -0.112792969 0.981445312 0.155273438
vn -0.0592956543 0.981445312 0.182495117
vn -0.140380859 0.990234375 1.7285347E-06
vn -0.133544922 0.990234375 0.0433959961
vn -0.113586426 0.990234375 0.0825195312
vn -0.0825195312 0.990234375 0.113586426
vn -0.0433959961 0.990234375 0.133544922
vn -0 0.990234375 0.140380859
vn -0.133544922 0.990234375 -0.0433959961
vn 0.0433959961 0.990234375 0.133544922
vn -0.113586426 0.990234375 -0.0825195312
vn 0.0825195312 0.990234375 0.113586426
vn -0.0825195312 0.990234375 -0.113586426
vn 0.113586426 0.990234375 0.0825195312
vn -0.0433959961 0.990234375 -0.133544922
vn 0.133544922 0.990234375 0.0433959961
vn -0 0.990234375 -0.140380859
vn 0.140380859 0.990234375 8.34465027E-07
vn 0.0433959961 0.990234375 -0.133544922
vn 0.133544922 0.990234375 -0.0433959961
vn 0.0825195312 0.990234375 -0.113586426
vn 0.113586426 0.990234375 -0.0825195312
vn -0 0.995117188 -0.0991210938
vn 0.0306243896 0.995117188 -0.0942382812
vn 0.0582580566 0.995117188 -0.0802001953
vn 0.0802001953 0.995117188 -0.0582580566
vn 0.0942382812 0.995117188 -0.0306243896
vn 0.0991210938 0.995117188 1.07288361E-06
vn -0.0306243896 0.995117188 -0.0942382812
vn 0.0942382812 0.995117188 0.0306243896
vn -0.0582580566 0.995117188 -0.0802001953
vn 0.0802001953 0.995117188 0.0582580566
vn -0.0802001953 0.995117188 -0.0582580566
vn 0.0582580566 0.995117188 0.0802001953
vn -0.0942382812 0.995117188 -0.0306243896
vn 0.0306243896 0.995117188 0.0942382812
vn -0.0991210938 0.995117188 2.08616257E-06
vn -0 0.995117188 0.0991210938
vn -0.0942382812 0.995117188 0.0306243896
vn -0.0306243896 0.995117188 0.0942382812
vn -0.0802001953 0.995117188 0.0582580566
vn -0.0582580566 0.995117188 0.0802001953
vn -0.0606689453 0.998046875 -0.0197143555
vn -0.0637817383 0.998046875 0
vn -0.0606689453 0.998046875 0.0197143555
vn -0.0516052246 0.998046875 0.0375061035
vn -0.0374755859 0.998046875 0.0516052246
vn -0.0197143555 0.998046875 0.0606689453
vn -0.0516052246 0.998046875 -0.0374755859
vn -0 0.998046875 0.0637817383
vn -0.0374755859 0.998046875 -0.0516052246
vn 0.0197143555 0.998046875 0.0606689453
vn -0.0197143555 0.998046875 -0.0606689453
vn 0.0374755859 0.998046875 0.0516052246
vn -0 0.998046875 -0.0637817383
vn 0.0516052246 0.998046875 0.0374755859
vn 0.0197143555 0.998046875 -0.0606689453
vn 0.0606689453 0.998046875 0.0197143555
vn 0.0374755859 0.998046875 -0.0516052246
vn 0.0637817383 0.998046875 0
vn 0.0516052246 0.998046875 -0.0374755859
vn 0.0606689453 0.998046875 -0.0197143555
vn 0.00984191895 0.999511719 -0.0303039551
vn 0.0187225342 0.999511719 -0.0257720947
vn 0.0257720947 0.999511719 -0.0187225342
vn 0.0302886963 0.999511719 -0.00984191895
vn -0 1 -5.36441803E-07
vn -0 0.999511719 -0.0318603516
vn 0.0318603516 0.999511719 0
vn 0.0302886963 0.999511719 0.00984191895
vn -0.00984191895 0.999511719 -0.0302886963
vn 0.0257720947 0.999511719 0.018737793
vn -0.0187225342 0.999511719 -0.0257720947
vn 0.0187225342 0.999511719 0.0257720947
vn -0.0257720947 0.999511719 -0.0187225342
vn 0.00984191895 0.999511719 0.0302886963
vn -0.0302886963 0.999511719 -0.00984191895
vn -0 0.999511719 0.0318603516
vn -0.0318603516 0.999511719 0
vn -0.00984191895 0.999511719 0.0302886963
vn -0.0302886963 0.999511719 0.00984191895
vn -0.0187225342 0.999511719 0.0257720947
vn -0.0257720947 0.999511719 0.018737793
vn -0 -1 0
vn -0 -1 0
vn -0 -1 0
vn -0 -1 0
vn 0.947265625 -0.320800781 7.15255737E-07
vn 0.499755859 -0.851074219 -0.162353516
vn 0.525390625 -0.851074219 1.54972076E-06
vn 0.900878906 -0.320800781 -0.292724609
vn 0.425048828 -0.851074219 -0.308837891
vn 0.766113281 -0.320800781 -0.556640625
vn 0.308837891 -0.851074219 -0.425048828
vn 0.556640625 -0.320800781 -0.766113281
vn 0.162353516 -0.851074219 -0.499755859
vn 0.292724609 -0.320800781 -0.900878906
vn -0 -0.851074219 -0.525390625
vn -0 -0.320800781 -0.947265625
vn -0.162353516 -0.851074219 -0.499755859
vn -0.292724609 -0.320800781 -0.900878906
vn -0.308837891 -0.851074219 -0.425048828
vn -0.556640625 -0.320800781 -0.766113281
vn -0.425048828 -0.851074219 -0.308837891
vn -0.766113281 -0.320800781 -0.556640625
vn -0.499755859 -0.851074219 -0.162353516
vn -0.900878906 -0.320800781 -0.292724609
vn -0.525390625 -0.851074219 -9.53674316E-07
vn -0.947265625 -0.320800781 -1.43051147E-06
vn 0.517089844 0.475341797 -0.711914062
vn 0.271972656 0.475341797 -0.836914062
vn -0 0.475341797 -0.879882812
vn -0.271972656 0.475341797 -0.836914062
vn -0.517089844 0.475341797 -0.711914062
vn -0.711914062 0.475341797 -0.517089844
vn -0.836914062 0.475341797 -0.271972656
vn 0.711914062 0.475341797 -0.517089844
vn -0.879882812 0.475341797 1.78813934E-07
vn -0.900878906 -0.320800781 0.292724609
vn 0.836914062 0.475341797 -0.271972656
vn -0.836914062 0.475341797 0.271972656
vn -0.766113281 -0.320800781 0.556640625
vn 0.879882812 0.475341797 2.98023224E-07
vn -0.711914062 0.475341797 0.517089844
vn -0.556640625 -0.320800781 0.766113281
vn 0.836914062 0.475341797 0.271972656
vn 0.900878906 -0.320800781 0.292724609
vn -0.517089844 0.475341797 0.711914062
vn -0.292724609 -0.320800781 0.900878906
vn 0.711914062 0.475341797 0.517089844
vn 0.766113281 -0.320800781 0.556640625
vn -0.271972656 0.475341797 0.836914062
vn 1.31130219E-06 -0.320800781 0.947265625
vn 0.517089844 0.475341797 0.711914062
vn 0.556640625 -0.320800781 0.766113281
vn 1.01327896E-06 0.475341797 0.879882812
vn 0.292724609 -0.320800781 0.900878906
vn 0.271972656 0.475341797 0.836914062
vn -0.430175781 0.846679688 0.3125
vn -0.3125 0.846679688 0.430175781
vn -0.164306641 0.846679688 0.505859375
vn 5.36441803E-07 0.846679688 0.531738281
vn 0.164306641 0.846679688 0.505859375
vn 0.3125 0.846679688 0.430175781
vn -0.505859375 0.846679688 0.164306641
vn 0.430175781 0.846679688 0.3125
vn -0.531738281 0.846679688 -2.38418579E-07
vn 0.505859375 0.846679688 0.164306641
vn -0.505859375 0.846679688 -0.164306641
vn 0.531738281 0.846679688 -2.98023224E-07
vn -0.430175781 0.846679688 -0.3125
vn 0.505859375 0.846679688 -0.164306641
vn -0.3125 0.846679688 -0.430175781
vn 0.430175781 0.846679688 -0.3125
vn -0.164306641 0.846679688 -0.505859375
vn 0.3125 0.846679688 -0.430175781
vn -0 0.846679688 -0.531738281
vn 0.164306641 0.846679688 -0.505859375
vn -0.213623047 0.931640625 -0.293945312
vn -0.112304688 0.931640625 -0.345703125
vn -0 0.931640625 -0.363525391
vn 0.112304688 0.931640625 -0.345703125
vn 0.213623047 0.931640625 -0.293945312
vn 0.293945312 0.931640625 -0.213623047
vn -0.293945312 0.931640625 -0.213623047
vn 0.345703125 0.931640625 -0.112304688
vn -0.345703125 0.931640625 -0.112304688
vn 0.363525391 0.931640625 -6.55651093E-07
vn -0.363525391 0.931640625 -1.78813934E-07
vn 0.345703125 0.931640625 0.112304688
vn -0.345703125 0.931640625 0.112304688
vn 0.293945312 0.931640625 0.213623047
vn -0.293945312 0.931640625 0.213623047
vn 0.213623047 0.931640625 0.293945312
vn -0.213623047 0.931640625 0.294189453
vn 0.112304688 0.931640625 0.345703125
vn -0.112304688 0.931640625 0.345703125
vn 2.98023224E-07 0.931640625 0.363525391
vn -0.248291016 0.965332031 0.0806884766
vn -0.211303711 0.965332031 0.153442383
vn -0.153442383 0.965332031 0.211303711
vn -0.0806884766 0.965332031 0.248291016
vn 1.78813934E-07 0.965332031 0.261230469
vn 0.0806884766 0.965332031 0.248291016
vn -0.261230469 0.965332031 0
vn 0.153442383 0.965332031 0.211303711
vn -0.248291016 0.965332031 -0.0806884766
vn 0.211303711 0.965332031 0.153442383
vn -0.211303711 0.965332031 -0.153442383
vn 0.248291016 0.965332031 0.0806884766
vn -0.153442383 0.965332031 -0.211303711
vn 0.261230469 0.965332031 0
vn -0.0806884766 0.965332031 -0.248291016
vn 0.248291016 0.965332031 -0.0806884766
vn -0 0.965332031 -0.261230469
vn 0.211303711 0.965332031 -0.153442383
vn 0.0806884766 0.965332031 -0.248413086
vn 0.153442383 0.965332031 -0.211303711
vn -0.0592956543 0.981445312 -0.182495117
vn -0 0.981445312 -0.191894531
vn 0.0592956543 0.981445312 -0.182495117
vn 0.112792969 0.981445312 -0.155273438
vn 0.155273438 0.981445312 -0.112792969
vn 0.182495117 0.981445312 -0.0592956543
vn -0.112792969 0.981445312 -0.155273438
vn 0.191894531 0.981445312 0
vn -0.155273438 0.981445312 -0.112792969
vn 0.182495117 0.981445312 0.0592956543
vn -0.182495117 0.981445312 -0.0592956543
vn 0.155273438 0.981445312 0.112792969
vn -0.191894531 0.981445312 0
vn 0.112792969 0.981445312 0.155273438
vn -0.182495117 0.981445312 0.0592956543
vn 0.0592956543 0.981445312 0.182495117
vn -0.155273438 0.981445312 0.112792969
vn 1.78813934E-07 0.981445312 0.191894531
vn -0.112792969 0.981445312 0.155273438
vn -0.0592956543 0.981445312 0.182495117
vn -0.140380859 0.990234375 0
vn -0.133544922 0.990234375 0.0433959961
vn -0.113586426 0.990234375 0.0825195312
vn -0.0825195312 0.990234375 0.113586426
vn -0.0433959961 0.990234375 0.133544922
vn 1.1920929E-07 0.990234375 0.140380859
vn -0.133544922 0.990234375 -0.0433959961
vn 0.0433959961 0.990234375 0.133544922
vn -0.113586426 0.990234375 -0.0825195312
vn 0.0825195312 0.990234375 0.113586426
vn -0.0825195312 0.990234375 -0.113586426
vn 0.113586426 0.990234375 0.0825195312
vn -0.0433959961 0.990234375 -0.133544922
vn 0.133544922 0.990234375 0.0433959961
vn -0 0.990234375 -0.140380859
vn 0.140380859 0.990234375 0
vn 0.0433959961 0.990234375 -0.133544922
vn 0.133544922 0.990234375 -0.0433959961
vn 0.0825195312 0.990234375 -0.113586426
vn 0.113586426 0.990234375 -0.0825195312
vn -0 0.995117188 -0.0991210938
vn 0.0306243896 0.995117188 -0.0942382812
vn 0.0582580566 0.995117188 -0.0802001953
vn 0.0802001953 0.995117188 -0.0582580566
vn 0.0942382812 0.995117188 -0.0306243896
vn 0.0991210938 0.995117188 0
vn -0.0306243896 0.995117188 -0.0942382812
vn 0.0942382812 0.995117188 0.0306243896
vn -0.0582580566 0.995117188 -0.0802001953
vn 0.0802001953 0.995117188 0.0582580566
vn -0.0802001953 0.995117188 -0.0582580566
vn 0.0582580566 0.995117188 0.0802001953
vn -0.0942382812 0.995117188 -0.0306243896
vn 0.0306243896 0.995117188 0.0942382812
vn -0.0991210938 0.995117188 0
vn -0 0.995117188 0.0991210938
vn -0.0942382812 0.995117188 0.0306243896
vn -0.0306243896 0.995117188 0.0942382812
vn -0.0802001953 0.995117188 0.0582580566
vn -0.0582580566 0.995117188 0.0802001953
vn -0.0606689453 0.998046875 -0.0197143555
vn -0.0637817383 0.998046875 0
vn -0.0606689453 0.998046875 0.0197143555
vn -0.0516052246 0.998046875 0.0374755859
vn -0.0374755859 0.998046875 0.0516052246
vn -0.0197143555 0.998046875 0.0606689453
vn -0.0516052246 0.998046875 -0.0374755859
vn -0 0.998046875 0.0637817383
vn -0.0374755859 0.998046875 -0.0516052246
vn 0.0197143555 0.998046875 0.0606689453
vn -0.0197143555 0.998046875 -0.0606689453
vn 0.0374755859 0.998046875 0.0516052246
vn -0 0.998046875 -0.0637817383
vn 0.0516052246 0.998046875 0.0374755859
vn 0.0197143555 0.998046875 -0.0606689453
vn 0.0606689453 0.998046875 0.0197143555
vn 0.0374755859 0.998046875 -0.0516052246
vn 0.0637817383 0.998046875 0
vn 0.0516052246 0.998046875 -0.0374755859
vn 0.0606689453 0.998046875 -0.0197143555
vn 0.00984191895 0.999511719 -0.0303039551
vn 0.0187225342 0.999511719 -0.0257720947
vn 0.0257720947 0.999511719 -0.0187225342
vn 0.0302886963 0.999511719 -0.00984191895
vn -0 1 0
vn -0 0.999511719 -0.0318603516
vn 0.0318603516 0.999511719 0
vn 0.0302886963 0.999511719 0.00984954834
vn -0.00984191895 0.999511719 -0.0303039551
vn 0.0257720947 0.999511719 0.0187225342
vn -0.0187225342 0.999511719 -0.0257720947
vn 0.0187225342 0.999511719 0.0257720947
vn -0.0257720947 0.999511719 -0.0187225342
vn 0.00984191895 0.999511719 0.0303039551
vn -0.0302886963 0.999511719 -0.00984954834
vn -0 0.999511719 0.0318603516
vn -0.0318603516 0.999511719 0
vn -0.00984191895 0.999511719 0.0303039551
vn -0.0302886963 0.999511719 0.00984191895
vn -0.0187225342 0.999511719 0.0257720947
vn -0.0257720947 0.999511719 0.0187225342
vn -0 -1 0
vn -0 -1 0
vn -0 -1 0
vn -0 -1 0
vn -0 0 1
vn -1.1920929E-07 0 1
vn 1.78813934E-07 0 1
vn -0 0 1
vn 0.333251953 0.666503906 0.666503906
vn -0.00904083252 0.709472656 0.704589844
vn 0.0111694336 0.711914062 0.702148438
vn 0.0545043945 -0.0113830566 0.998535156
vn 0.0504455566 0 0.998535156
vn 0.11138916 0.705566406 0.699707031
vn 0.205078125 -0.0401306152 0.978027344
vn 0.196533203 0 0.98046875
vn 0.257568359 0.679199219 0.687011719
vn 0.390136719 -0.0731201172 0.91796875
vn 0.381835938 0 0.924316406
vn 0.401611328 0.654296875 0.640625
vn 0.559082031 -0.102355957 0.822753906
vn 0.534667969 0.632324219 0.560546875
vn 0.553222656 0 0.833007812
vn 0.705566406 -0.126831055 0.696777344
vn 0.704589844 0 0.709960938
vn 0.705566406 -0.126831055 0.696777344
vn 0.6484375 0.613769531 0.450195312
vn 0.534667969 0.632324219 0.560546875
vn 0.825195312 -0.146118164 0.545898438
vn 0.704589844 0 0.709960938
vn 0.734863281 0.600585938 0.314697266
vn 0.828613281 0 0.560058594
vn 0.913085938 -0.159912109 0.375
vn 0.7890625 0.592285156 0.161865234
vn 0.921875 0 0.386962891
vn 0.967285156 -0.16809082 0.190917969
vn 0.815429688 0.577148438 0.0408325195
vn 0.98046875 0 0.196899414
vn 0.983886719 -0.17199707 0.0482177734
vn 0.825195312 0.564941406 0
vn 0.969726562 -0.240600586 0.0389404297
vn 0.984863281 -0.173461914 0
vn 0.919921875 -0.00796508789 -0.391601562
vn 0.984863281 -0.173461914 0
vn 1 0 0
vn 0.904296875 -0.301513672 0.301513672
vn 0.984863281 -0.173461914 0
vn 0.70703125 -0.70703125 0
vn 0.904296875 0.301513672 0.301513672
vn 1 0 0
vn 1 0 0
vn 1 0 0
vn 0.723144531 -0.689941406 0.0378417969
vn 1 0 0
vn 1 0 0
vn 1 0 0
vn 0.70703125 0.70703125 0
vn 0.901855469 -0.308837891 0.302001953
vn 0.911132812 0.293212891 0.2890625
vn 0.729492188 -0.677734375 0.0944213867
vn 0.916503906 -0.267333984 -0.297119141
vn 0.887695312 0.336914062 -0.314453125
vn 0.994628906 -0.00553512573 0.101257324
vn 0.921386719 -0.0207977295 0.388183594
vn 0.687011719 -0.657714844 0.308837891
vn 0.703613281 -0.0375366211 0.709960938
vn 0.522949219 -0.665527344 0.532714844
vn 0.70703125 0 0.70703125
vn 0.923828125 0 0.382568359
vn 0.995117188 0 0.0980224609
vn 1 0 0
vn 1 0 0
vn 0.904296875 0.301513672 0.301513672
vn 1 0 0
vn 1 0 0
vn 1 0 0
vn 1 0 0
vn 1 0 0
vn 1 0 0
vn 0.70703125 0.70703125 0
vn 0.70703125 0.70703125 0
vn 1 0 0
vn 0.70703125 0.70703125 0
vn 0.904296875 -0.301513672 0.301513672
vn 0.70703125 0.70703125 0
vn 0.70703125 -0.70703125 0
vn 0.70703125 0.70703125 0
vn 0.70703125 0.70703125 0
vn 0.904296875 -0.301513672 -0.301513672
vn 0.728027344 0.678710938 0.0958251953
vn 0.991210938 0 0.130493164
vn 0.904296875 0.301513672 -0.301513672
vn 0.655761719 0.653320312 0.378662109
vn 0.866210938 0 0.5
vn 0.991210938 0 0.130493164
vn 0.866210938 0 0.5
vn 0.728027344 -0.678710938 0.0958251953
vn 0.655761719 -0.653320312 0.378662109
vn 1 0 0
vn 0.70703125 0.70703125 0
vn 0.577148438 -0.577148438 -0.577148438
vn 0.577148438 0.577148438 -0.577148438
vn 0.70703125 0.70703125 0
vn 0.70703125 -0.70703125 0
vn 0.577148438 -0.577148438 0.577148438
vn 0.577148438 0.577148438 0.577148438
vn -0 -0.10534668 0.994628906
vn -3.06963921E-05 -0.717285156 0.696777344
vn -0 -0.0527648926 0.998535156
vn -0 -0.0527648926 0.998535156
vn -0 0 1
vn 0.0728149414 -0.700195312 0.710449219
vn -0 0 1
vn 0.0975952148 -0.0523376465 0.993652344
vn 0.291259766 -0.672851562 0.680175781
vn 0.0980224609 0 0.995117188
vn 0.380126953 -0.0485839844 0.923828125
vn 0.522949219 -0.665527344 0.532714844
vn 0.3828125 0 0.923828125
vn 0.703613281 -0.0375366211 0.709960938
vn 0.70703125 0 0.70703125
vn 0.728027344 0.678710938 0.0958251953
vn 0.0958251953 0.678710938 0.728027344
vn -0 1 0
vn 0.70703125 0.70703125 0
vn 0.70703125 0.70703125 0
vn -0 1 0
vn -0 1 0
vn 0.70703125 0.70703125 0
vn -0 1 0
vn 0.70703125 0.70703125 0
vn 0.969726562 -0.240600586 0.0389404297
vn -0 -0.998046875 0.0625
vn -0 -0.997558594 0.0700073242
vn 0.723144531 -0.689941406 0.0378417969
vn 0.033782959 -0.998046875 0.0514526367
vn 0.729492188 -0.677734375 0.0944213867
vn 0.0339660645 -0.996582031 0.0736083984
vn 3.06963921E-05 -0.717285156 0.696777344
vn 0.013671875 -0.997070312 0.0733642578
vn 0.013168335 -0.998535156 0.0510559082
vn 0.0207061768 -0.998046875 0.0575866699
vn 0.687011719 -0.657714844 0.308837891
vn 0.0728149414 -0.700195312 0.710449219
vn 0.522949219 -0.665527344 0.532714844
vn 0.291259766 -0.672851562 0.680175781
vn 0.911132812 0.293212891 0.2890625
vn 0.57421875 0.583007812 0.574707031
vn 0.578613281 -0.583007812 0.5703125
vn 0.901855469 -0.308837891 0.302001953
vn 0.901855469 -0.308837891 0.302001953
vn 0.578613281 -0.583007812 0.5703125
vn 0.571777344 -0.548828125 -0.609863281
vn 0.916503906 -0.267333984 -0.297119141
vn 0.0958251953 -0.678710938 0.728027344
vn -0 -1 0
vn -0 -1 0
vn -0 -0.70703125 0.70703125
vn 0.728027344 -0.678710938 0.0958251953
vn -0 -1 0
vn -0 -1 0
vn 0.655761719 -0.653320312 0.378662109
vn -0 -1 0
vn 0.378662109 -0.653320312 0.655761719
vn -0 -1 0
vn 0.0958251953 -0.678710938 0.728027344
vn 0.70703125 0.70703125 0
vn 0.577148438 0.577148438 -0.577148438
vn 0.70703125 0.70703125 0
vn 0.70703125 0.70703125 0
vn 0.70703125 0.70703125 0
vn 0.89453125 0.447265625 0
vn 0.0958251953 -0.678710938 0.728027344
vn -0 -0.70703125 0.70703125
vn -0 0 1
vn 0.130493164 0 0.991210938
vn 0.378662109 -0.653320312 0.655761719
vn -0 0 1
vn 0.5 0 0.866210938
vn 0.655761719 -0.653320312 0.378662109
vn 0.866210938 0 0.5
vn 0.130493164 0 0.991210938
vn -0 0 1
vn 0.0958251953 0.678710938 0.728027344
vn 0.5 0 0.866210938
vn 0.866210938 0 0.5
vn 0.378662109 0.653320312 0.655761719
vn 0.655761719 0.653320312 0.378662109
vn -0 0 1
vn -1.78813934E-07 0 1
vn -1.1920929E-07 0 1
vn -0 0 1
vn 0.333251953 0.666503906 0.666503906
vn 0.00904083252 0.709472656 0.704589844
vn -0.0111694336 0.711914062 0.702148438
vn -0.0545043945 -0.0113830566 0.998535156
vn -0.0504455566 0 0.998535156
vn -0.11138916 0.705566406 0.699707031
vn -0.205078125 -0.0401306152 0.978027344
vn -0.196533203 0 0.98046875
vn -0.257568359 0.679199219 0.687011719
vn -0.390136719 -0.0731201172 0.91796875
vn -0.381835938 0 0.924316406
vn -0.401611328 0.654296875 0.640625
vn -0.559082031 -0.102355957 0.822753906
vn -0.534667969 0.632324219 0.560546875
vn -0.553222656 0 0.833007812
vn -0.705566406 -0.126831055 0.696777344
vn -0.704589844 0 0.709960938
vn -0.705566406 -0.126831055 0.696777344
vn -0.534667969 0.632324219 0.560546875
vn -0.6484375 0.613769531 0.450195312
vn -0.825195312 -0.146118164 0.545898438
vn -0.704589844 0 0.709960938
vn -0.734863281 0.600585938 0.314697266
vn -0.828613281 0 0.560058594
vn -0.913085938 -0.159912109 0.375
vn -0.7890625 0.592285156 0.161865234
vn -0.921875 0 0.386962891
vn -0.967285156 -0.16809082 0.190917969
vn -0.815429688 0.577148438 0.0408325195
vn -0.98046875 0 0.196899414
vn -0.983886719 -0.17199707 0.0481872559
vn -0.825195312 0.564941406 1.1920929E-07
vn -0.969726562 -0.240600586 0.0389404297
vn -0.984863281 -0.173461914 0
vn -0.919921875 -0.00796508789 -0.391601562
vn -0.984863281 -0.173461914 0
vn -1 0 0
vn -0.904296875 -0.301513672 0.301513672
vn -0.984863281 -0.173461914 0
vn -0.70703125 -0.70703125 0
vn -0.904296875 0.301513672 0.301513672
vn -1 0 0
vn -1 0 0
vn -1 0 0
vn -0.723144531 -0.689941406 0.0378417969
vn -1 0 0
vn -1 0 0
vn -1 0 0
vn -0.70703125 0.70703125 0
vn -1 0 0
vn -1 0 0
vn -0.904296875 0.301513672 0.301513672
vn -0.995117188 0 0.0980224609
vn -1 0 0
vn -1 0 0
vn -1 0 0
vn -1 0 0
vn -1 0 0
vn -1 0 0
vn -0.70703125 0.70703125 0
vn -0.70703125 0.70703125 0
vn -1 0 0
vn -0.70703125 0.70703125 0
vn -0.904296875 -0.301513672 0.301513672
vn -0.70703125 0.70703125 0
vn -0.70703125 -0.70703125 0
vn -0.70703125 0.70703125 0
vn -0.70703125 0.70703125 0
vn -0.904296875 -0.301513672 -0.301513672
vn -0.728027344 0.678710938 0.0958251953
vn -0.991210938 0 0.130493164
vn -0.904296875 0.301513672 -0.301513672
vn -0.655761719 0.653320312 0.378662109
vn -0.866210938 0 0.5
vn -0.991210938 0 0.130493164
vn -0.866210938 0 0.5
vn -0.728027344 -0.678710938 0.0958251953
vn -0.655761719 -0.653320312 0.378662109
vn -1 0 0
vn -0.70703125 0.70703125 0
vn -0.577148438 -0.577148438 -0.577148438
vn -0.577148438 0.577148438 -0.577148438
vn -0.70703125 0.70703125 0
vn -0.70703125 -0.70703125 0
vn -0.577148438 -0.577148438 0.577148438
vn -0.577148438 0.577148438 0.577148438
vn -0 -0.10534668 0.994628906
vn -0 -0.0527648926 0.998535156
vn -3.06963921E-05 -0.717285156 0.696777344
vn -0 -0.0527648926 0.998535156
vn -0 0 1
vn -0.0728149414 -0.700195312 0.710449219
vn -0 0 1
vn -0.0975952148 -0.0523376465 0.993652344
vn -0.291259766 -0.672851562 0.680175781
vn -0.0980224609 0 0.995117188
vn -0.380126953 -0.0485839844 0.923828125
vn -0.522949219 -0.665527344 0.532714844
vn -0.3828125 0 0.923828125
vn -0.703613281 -0.0375366211 0.709960938
vn -0.70703125 0 0.70703125
vn -0 1 0
vn -0.0958251953 0.678710938 0.728027344
vn -0.728027344 0.678710938 0.0958251953
vn -0.70703125 0.70703125 0
vn -0 1 0
vn -0.70703125 0.70703125 0
vn -0 1 0
vn -0.70703125 0.70703125 0
vn -0 1 0
vn -0.70703125 0.70703125 0
vn -0.969726562 -0.240600586 0.0389404297
vn -0 -0.997558594 0.0700073242
vn -0 -0.998046875 0.0625
vn -0.723144531 -0.689941406 0.0378417969
vn -0.033782959 -0.998046875 0.0514526367
vn -0.729492188 -0.677734375 0.0944213867
vn -0.0339660645 -0.996582031 0.0736083984
vn 3.06963921E-05 -0.717285156 0.696777344
vn -0.013671875 -0.997070312 0.0733642578
vn -0.013168335 -0.998535156 0.0510559082
vn -0.0207061768 -0.998046875 0.0575866699
vn -0.687011719 -0.657714844 0.308837891
vn -0.0728149414 -0.700195312 0.710449219
vn -0.522949219 -0.665527344 0.532714844
vn -0.291259766 -0.672851562 0.680175781
vn -0.703613281 -0.0375366211 0.709960938
vn -0.522949219 -0.665527344 0.532714844
vn -0.687011719 -0.657714844 0.308837891
vn -0.921386719 -0.0207977295 0.388183594
vn -0.70703125 0 0.70703125
vn -0.923828125 0 0.382568359
vn -0.729492188 -0.677734375 0.0944213867
vn -0.994628906 -0.00553512573 0.101257324
vn -0.887695312 0.336914062 -0.314453125
vn -0.916503906 -0.267333984 -0.297119141
vn -0.911132812 0.293212891 0.2890625
vn -0.901855469 -0.308837891 0.302001953
vn -0.911132812 0.293212891 0.2890625
vn -0.901855469 -0.308837891 0.302001953
vn -0.578613281 -0.583007812 0.5703125
vn -0.57421875 0.583007812 0.574707031
vn -0.901855469 -0.308837891 0.302001953
vn -0.916503906 -0.267333984 -0.297119141
vn -0.571777344 -0.548828125 -0.609863281
vn -0.578613281 -0.583007812 0.5703125
vn -0.0958251953 -0.678710938 0.728027344
vn -0 -0.70703125 0.70703125
vn -0 -1 0
vn -0 -1 0
vn -0.728027344 -0.678710938 0.0958251953
vn -0 -1 0
vn -0 -1 0
vn -0.655761719 -0.653320312 0.378662109
vn -0 -1 0
vn -0.378662109 -0.653320312 0.655761719
vn -0 -1 0
vn -0.0958251953 -0.678710938 0.728027344
vn -0.70703125 0.70703125 0
vn -0.70703125 0.70703125 0
vn -0.577148438 0.577148438 -0.577148438
vn -0.70703125 0.70703125 0
vn -0.70703125 0.70703125 0
vn -0.89453125 0.447265625 0
vn -0.0958251953 -0.678710938 0.728027344
vn -0 0 1
vn -0 -0.70703125 0.70703125
vn -0.130493164 0 0.991210938
vn -0.378662109 -0.653320312 0.655761719
vn -0 0 1
vn -0.5 0 0.866210938
vn -0.655761719 -0.653320312 0.378662109
vn -0.866210938 0 0.5
vn -0.130493164 0 0.991210938
vn -0 0 1
vn -0.0958251953 0.678710938 0.728027344
vn -0.5 0 0.866210938
vn -0.866210938 0 0.5
vn -0.378662109 0.653320312 0.655761719
vn -0.655761719 0.653320312 0.378662109
vn -0.70703125 0.70703125 0
vn -0.701171875 0.712890625 0.0189819336
vn -0.694335938 0.715332031 0.080078125
vn 0.701171875 0.712890625 0.0189819336
vn 0.70703125 0.70703125 0
vn -0.70703125 0.70703125 0
vn 0.694335938 0.715332031 0.080078125
vn -0.689941406 0.701660156 0.177001953
vn 0.689941406 0.701660156 0.177001953
vn -0.679199219 0.659667969 0.322021484
vn 0.679199219 0.659667969 0.322021484
vn -0.650878906 0.496826172 0.573730469
vn 0.650878906 0.496826172 0.573730469
vn -0.661132812 0.163696289 0.732421875
vn 0.661132812 0.163696289 0.732421875
vn -1 -3.57627869E-07 0
vn -1 -7.74860382E-07 0
vn -1 0 0
vn -1 0 0
vn -0.70703125 0 0.70703125
vn -1 0 0
vn -0.70703125 0.70703125 0
vn -0.7109375 0 -0.703125
vn 0.70703125 0.70703125 0
vn 1 1.01327896E-06 0
vn -0.70703125 0 0.70703125
vn -1 0 0
vn 0.70703125 0 0.70703125
vn 1 -1.13248825E-06 0
vn 1 0 0
vn 0.70703125 0.70703125 0
vn 1 -6.55651093E-07 0
vn 0.70703125 0 0.70703125
vn 1 0 0
vn -0.70703125 0 0.70703125
vn -1 0 0
vn 0.70703125 0 0.70703125
vn 1 0 0
vn -0.70703125 0 0.70703125
vn -1 0 0
vn 0.70703125 0 0.70703125
vn 1 0 0
vn -0.70703125 0 0.70703125
vn -1 0 0
vn 0.70703125 0 0.70703125
vn 1 0 0
vn -0.70703125 0 0.70703125
vn -1 0 0
vn 0.70703125 5.96046448E-07 0.70703125
vn 1 1.37090683E-06 0
vn -0.70703125 0 0.70703125
vn -1 0 0
vn 0.70703125 -4.76837158E-07 0.70703125
vn 1 5.96046448E-07 0
vn -0.70703125 0 0.70703125
vn -1 0 0
vn 0.70703125 -1.13248825E-06 0.70703125
vn 1 -2.14576721E-06 0
vn -0.70703125 0 0.70703125
vn -1 0 0
vn 0.70703125 0 0.70703125
vn 1 0 0
vn -0.673339844 -0.116333008 0.729980469
vn -0.657714844 -0.396728516 0.640625
vn -0.677246094 -0.590332031 0.438964844
vn 0.673339844 -0.116333008 0.729980469
vn 1 -7.15255737E-07 0
vn 0.657714844 -0.396728516 0.640625
vn 0.677246094 -0.590332031 0.438964844
vn -0.688476562 -0.663085938 0.293457031
vn 0.688476562 -0.663085938 0.293457031
vn -0.693847656 -0.693359375 0.193725586
vn 0.693847656 -0.693359375 0.193725586
vn -0.696777344 -0.707519531 0.11895752
vn 0.696777344 -0.707519531 0.11895752
vn -0.698242188 -0.713867188 0.0567932129
vn 0.698242188 -0.713867188 0.0567932129
vn -0.702636719 -0.711425781 0.0138015747
vn 0.702636719 -0.711425781 0.0138015747
vn 1 0 0
vn 0.70703125 -0.70703125 0
vn 1 0 0
vn -0.70703125 -0.70703125 0
vn -1 0 0
vn 0.70703125 -0.70703125 0
vn 0.70703125 0 -0.70703125
vn -0.70703125 -0.70703125 0
vn -1 0 0
vn 0.577148438 -0.577148438 -0.577148438
vn -0.70703125 0 -0.70703125
vn -0.577148438 -0.577148438 -0.577148438
vn 0.577148438 0.577148438 -0.577148438
vn 0.7109375 0 -0.703125
vn -0.577148438 0.577148438 -0.577148438
vn -0.70703125 0.70703125 0
vn -0.701171875 0.712890625 0.0189819336
vn -0.694335938 0.715332031 0.080078125
vn 0.701171875 0.712890625 0.0189819336
vn 0.70703125 0.70703125 0
vn -0.70703125 0.70703125 0
vn 0.694335938 0.715332031 0.080078125
vn -0.689941406 0.701660156 0.177001953
vn 0.689941406 0.701660156 0.177001953
vn -0.679199219 0.659667969 0.322021484
vn 0.679199219 0.659667969 0.322021484
vn -0.650878906 0.496826172 0.573730469
vn 0.650878906 0.496826172 0.573730469
vn -0.661132812 0.163696289 0.732421875
vn 0.661132812 0.163696289 0.732421875
vn -1 0 0
vn -1 0 0
vn -1 0 0
vn -1 0 0
vn -0.70703125 0 0.70703125
vn -1 0 0
vn -0.70703125 0.70703125 0
vn -0.7109375 0 -0.703125
vn 0.70703125 0.70703125 0
vn 1 0 0
vn -0.70703125 0 0.70703125
vn -1 0 0
vn 0.70703125 0 0.70703125
vn 1 3.57627869E-07 0
vn 1 0 0
vn 0.70703125 0.70703125 0
vn 1 1.78813934E-07 0
vn 0.70703125 0 0.70703125
vn 1 0 0
vn -0.70703125 0 0.70703125
vn -1 0 0
vn 0.70703125 0 0.70703125
vn 1 0 0
vn -0.70703125 0 0.70703125
vn -1 0 0
vn 0.70703125 0 0.70703125
vn 1 0 0
vn -0.70703125 0 0.70703125
vn -1 0 0
vn 0.70703125 0 0.70703125
vn 1 0 0
vn -0.70703125 0 0.70703125
vn -1 0 0
vn 0.70703125 0 0.70703125
vn 1 0 0
vn -0.70703125 0 0.70703125
vn -1 0 0
vn 0.70703125 0 0.70703125
vn 1 0 0
vn -0.70703125 0 0.70703125
vn -1 0 0
vn 0.70703125 0 0.70703125
vn 1 0 0
vn -0.70703125 0 0.70703125
vn -1 0 0
vn 0.70703125 0 0.70703125
vn 1 0 0
vn -0.673339844 -0.116333008 0.729980469
vn -0.657714844 -0.396728516 0.640625
vn -0.677246094 -0.590332031 0.438964844
vn 0.673339844 -0.116333008 0.729980469
vn 1 0 0
vn 0.657714844 -0.396728516 0.640625
vn 0.677246094 -0.590332031 0.438964844
vn -0.688476562 -0.663085938 0.293457031
vn 0.688476562 -0.663085938 0.293457031
vn -0.693847656 -0.693359375 0.193725586
vn 0.693847656 -0.693359375 0.193725586
vn -0.696777344 -0.707519531 0.11895752
vn 0.696777344 -0.707519531 0.11895752
vn -0.698242188 -0.713867188 0.0567932129
vn 0.698242188 -0.713867188 0.0567932129
vn -0.702636719 -0.711425781 0.0138015747
vn 0.702636719 -0.711425781 0.0138015747
vn 1 0 0
vn 0.70703125 -0.70703125 0
vn 1 0 0
vn -0.70703125 -0.70703125 0
vn -1 0 0
vn 0.70703125 -0.70703125 0
vn 0.70703125 0 -0.70703125
vn -0.70703125 -0.70703125 0
vn -1 0 0
vn 0.577148438 -0.577148438 -0.577148438
vn -0.70703125 0 -0.70703125
vn -0.577148438 -0.577148438 -0.577148438
vn 0.577148438 0.577148438 -0.577148438
vn 0.7109375 0 -0.703125
vn -0.577148438 0.577148438 -0.577148438
vn -0.577148438 0.577148438 -0.577148438
vn 0.577148438 0.577148438 -0.577148438
vn 0.577148438 0.577148438 0.577148438
vn 0.70703125 7.74860382E-07 -0.70703125
vn -0.70703125 -1.37090683E-06 -0.70703125
vn -0.577148438 0.577148438 0.577148438
vn 0.904296875 0.301513672 0.301513672
vn -0.904296875 0.301513672 0.301513672
vn 0.704589844 0.709472656 0.0076713562
vn -0.704589844 0.709472656 0.0076713562
vn -0.701660156 -0.712402344 -1.1920929E-07
vn -0.702148438 0.711425781 0.0312347412
vn -0.701660156 0.709472656 0.0643310547
vn -0.701660156 -0.711914062 -0.0342407227
vn 0.702148438 0.711425781 0.0312347412
vn 0.701660156 0.709472656 0.0643310547
vn 0.700683594 0.706054688 0.10168457
vn 0.701660156 -0.712402344 0
vn -0.700683594 0.706054688 0.10168457
vn -0.69921875 0.699707031 0.146850586
vn 0.69921875 0.699707031 0.146850586
vn -0.696289062 0.6875 0.205810547
vn 0.696289062 0.6875 0.205810547
vn -0.690917969 0.662109375 0.290283203
vn 0.690917969 0.662109375 0.290283203
vn 0.701660156 -0.711914062 0.0342407227
vn 0.573730469 -0.599609375 -0.557617188
vn -0.573730469 -0.599609375 -0.557617188
vn -0.701660156 -0.711914062 0.0342407227
vn 0.701660156 -0.711914062 -0.0342407227
vn 0.701171875 -0.709472656 -0.0711669922
vn 0.70703125 -0.701171875 -0.0897827148
vn -0.701171875 -0.709472656 -0.0711669922
vn -0.70703125 -0.701171875 -0.0897827148
vn 0.699707031 -0.705078125 -0.114318848
vn -0.699707031 -0.705078125 -0.114318848
vn -0.679199219 0.599121094 0.424072266
vn 0.679199219 0.599121094 0.424072266
vn 0.697265625 -0.696777344 -0.169677734
vn -0.697265625 -0.696777344 -0.169677734
vn -0.656738281 0.415039062 0.629394531
vn 0.656738281 0.415039062 0.629394531
vn 0.691894531 -0.677734375 -0.249267578
vn -0.670898438 0.125488281 0.730957031
vn 0.670898438 0.125488281 0.730957031
vn -0.661132812 -0.163574219 0.732421875
vn -0.691894531 -0.677734375 -0.249267578
vn 0.680175781 -0.626953125 -0.379882812
vn -0.680175781 -0.626953125 -0.379882812
vn 0.654296875 -0.455566406 -0.603515625
vn -0.654296875 -0.455566406 -0.603515625
vn 0.630859375 -4.29153442E-06 -0.775878906
vn -0.630859375 -3.81469727E-06 -0.775878906
vn 0.654296875 0.455566406 -0.603515625
vn -0.654296875 0.455566406 -0.603515625
vn 0.680175781 0.626953125 -0.379882812
vn -0.680175781 0.626953125 -0.379882812
vn 0.661132812 -0.163574219 0.732421875
vn -0.65234375 -0.491210938 0.577148438
vn -0.691894531 0.677734375 -0.249267578
vn 0.691894531 0.677734375 -0.249267578
vn 0.65234375 -0.491210938 0.577148438
vn 0.697265625 0.696777344 -0.169677734
vn -0.697265625 0.696777344 -0.169677734
vn 0.588867188 0.517089844 -0.62109375
vn -0.783691406 0.397460938 -0.477539062
vn -0.579589844 -0.572753906 -0.579589844
vn 0.681640625 -0.6484375 0.339355469
vn -1 2.98023224E-07 0
vn -0.681640625 -0.6484375 0.339355469
vn -0.692871094 -0.688964844 0.212768555
vn 0.692871094 -0.688964844 0.212768555
vn -0.697753906 -0.703125 0.13684082
vn 0.697753906 -0.703125 0.13684082
vn -0.699707031 -0.709472656 0.0830078125
vn -0.700683594 -0.712402344 0.0394287109
vn 0.699707031 -0.709472656 0.0830078125
vn 0.700683594 -0.712402344 0.0394287109
vn -0.704101562 -0.709960938 0.00958251953
vn 0.576660156 -0.57421875 -0.581054688
vn 0.704101562 -0.709960938 0.00958251953
vn -0.577148438 0.577148438 -0.577148438
vn 0.577148438 0.577148438 -0.577148438
vn 0.577148438 0.577148438 0.577148438
vn 0.70703125 7.15255737E-07 -0.70703125
vn -0.70703125 0 -0.70703125
vn -0.577148438 0.577148438 0.577148438
vn 0.904296875 0.301513672 0.301513672
vn -0.904296875 0.301513672 0.301513672
vn 0.704589844 0.709472656 0.0076675415
vn -0.704589844 0.709472656 0.0076675415
vn -0.701660156 -0.712402344 0
vn -0.702148438 0.711425781 0.0312347412
vn -0.701660156 0.709472656 0.0643310547
vn -0.701660156 -0.711914062 -0.0342407227
vn 0.702148438 0.711425781 0.0312347412
vn 0.701660156 0.709472656 0.0643310547
vn 0.700683594 0.706054688 0.10168457
vn 0.701660156 -0.712402344 0
vn -0.700683594 0.706054688 0.10168457
vn -0.69921875 0.699707031 0.146850586
vn 0.69921875 0.699707031 0.146850586
vn -0.696289062 0.6875 0.205810547
vn 0.696289062 0.6875 0.205810547
vn -0.690917969 0.662109375 0.290283203
vn 0.690917969 0.662109375 0.290283203
vn 0.701660156 -0.711914062 0.0342407227
vn 0.573730469 -0.599609375 -0.557617188
vn -0.573730469 -0.599609375 -0.557617188
vn -0.701660156 -0.711914062 0.0342407227
vn 0.701660156 -0.711914062 -0.0342407227
vn 0.701171875 -0.709472656 -0.0711669922
vn 0.70703125 -0.701171875 -0.0897827148
vn -0.701171875 -0.709472656 -0.0711669922
vn -0.70703125 -0.701171875 -0.0897827148
vn 0.699707031 -0.705078125 -0.114318848
vn -0.699707031 -0.705078125 -0.114318848
vn -0.679199219 0.599121094 0.424072266
vn 0.679199219 0.599121094 0.424072266
vn 0.697265625 -0.696777344 -0.169677734
vn -0.697265625 -0.696777344 -0.169677734
vn -0.656738281 0.415039062 0.629394531
vn 0.656738281 0.415039062 0.629394531
vn 0.691894531 -0.677734375 -0.249267578
vn -0.670898438 0.125488281 0.730957031
vn 0.670898438 0.125488281 0.730957031
vn -0.661132812 -0.163574219 0.732421875
vn -0.691894531 -0.677734375 -0.249267578
vn 0.680175781 -0.626953125 -0.379882812
vn -0.680175781 -0.626953125 -0.379882812
vn 0.654296875 -0.455566406 -0.603515625
vn -0.654296875 -0.455566406 -0.603515625
vn 0.630859375 -2.20537186E-06 -0.775878906
vn -0.630859375 -2.56299973E-06 -0.775878906
vn 0.654296875 0.455566406 -0.603515625
vn -0.654296875 0.455566406 -0.603515625
vn 0.680175781 0.626953125 -0.379882812
vn -0.680175781 0.626953125 -0.379882812
vn 0.661132812 -0.163574219 0.732421875
vn -0.65234375 -0.491210938 0.577148438
vn -0.691894531 0.677734375 -0.249267578
vn 0.691894531 0.677734375 -0.249267578
vn 0.65234375 -0.491210938 0.577148438
vn 0.697265625 0.696777344 -0.169677734
vn -0.697265625 0.696777344 -0.169677734
vn 0.588867188 0.517089844 -0.62109375
vn -0.783691406 0.397460938 -0.477539062
vn -0.579589844 -0.572753906 -0.579589844
vn 0.681640625 -0.6484375 0.339355469
vn -1 -4.76837158E-07 0
vn -0.681640625 -0.6484375 0.339355469
vn -0.692871094 -0.688964844 0.212768555
vn 0.692871094 -0.688964844 0.212768555
vn -0.697753906 -0.703125 0.13684082
vn 0.697753906 -0.703125 0.13684082
vn -0.699707031 -0.709472656 0.0830078125
vn -0.700683594 -0.712402344 0.0394287109
vn 0.699707031 -0.709472656 0.0830078125
vn 0.700683594 -0.712402344 0.0394287109
vn -0.704101562 -0.709960938 0.00958251953
vn 0.576660156 -0.57421875 -0.581054688
vn 0.704101562 -0.709960938 0.00958251953
vn -0.654296875 0.756347656 0
vn -0.340576172 0.927246094 0.155761719
vn -0.65625 0.71484375 0.241943359
vn -0.330810547 0.943847656 0
vn -0.182861328 0.9765625 0.114196777
vn -0.241088867 0.6875 -0.685058594
vn -0.496582031 0.57421875 -0.650878906
vn -0.127563477 0.708007812 -0.694335938
vn -0.177368164 0.984375 0
vn -0.08203125 0.9921875 0.0963745117
vn -0.0570068359 0.713867188 -0.697753906
vn -0.0795898438 0.997070312 0
vn 1.1920929E-07 0.995605469 0.0913085938
vn -0 0.715332031 -0.698730469
vn -0 1 0
vn 0.0570068359 0.713867188 -0.697753906
vn 0.08203125 0.9921875 0.0963745117
vn 0.0795898438 0.997070312 0
vn 0.182861328 0.9765625 0.114196777
vn 0.177368164 0.984375 0
vn 0.340576172 0.927246094 0.155761719
vn 0.127563477 0.708007812 -0.694335938
vn 0.0570068359 0.713867188 -0.697753906
vn 0.241088867 0.6875 -0.685058594
vn 0.330810547 0.943847656 0
vn 0.496582031 0.57421875 -0.650878906
vn 0.65625 0.71484375 0.241943359
vn 0.306640625 0.940429688 0.145874023
vn 0.654296875 0.756347656 0
vn 0.798828125 -2.98023224E-07 -0.6015625
vn 1 -3.57627869E-07 0
vn 0.496582031 -0.57421875 -0.650878906
vn 0.654296875 -0.756347656 0
vn 0.65625 -0.71484375 0.241943359
vn 0.956054688 -3.57627869E-07 0.29296875
vn 0.59765625 0.766601562 0.235351562
vn 0.927734375 0.00340843201 0.372802734
vn 0.601074219 -0.763671875 0.235595703
vn 0.846679688 0.350341797 0.400146484
vn 0.733886719 -0.016784668 0.678710938
vn 0.457275391 0.85546875 0.242553711
vn 0.196533203 0.951660156 0.235229492
vn 0.0983886719 0.965820312 0.239013672
vn 0.166015625 0.979980469 0.112060547
vn 0.04296875 0.969726562 0.241210938
vn 0.0748291016 0.9921875 0.0979614258
vn 0.340576172 0.927246094 0.155761719
vn 0.306640625 0.940429688 0.145874023
vn 0.166015625 0.979980469 0.112060547
vn 0.182861328 0.9765625 0.114196777
vn 0.0748291016 0.9921875 0.0979614258
vn 0.08203125 0.9921875 0.0963745117
vn -0 0.995605469 0.0939941406
vn 1.1920929E-07 0.995605469 0.0913085938
vn -0.0748291016 0.9921875 0.0979614258
vn -0.08203125 0.9921875 0.0963745117
vn -0.166015625 0.979980469 0.112060547
vn -0.182861328 0.9765625 0.114196777
vn -0.306640625 0.940429688 0.145874023
vn -0.340576172 0.927246094 0.155761719
vn -0.59765625 0.766601562 0.235351562
vn -0.65625 0.71484375 0.241943359
vn -0.04296875 0.969726562 0.241210938
vn -1.1920929E-07 0.970214844 0.241821289
vn 0.04296875 0.969726562 0.241210938
vn -0.0983886719 0.965820312 0.239013672
vn 0.0983886719 0.965820312 0.239013672
vn -0.196533203 0.951660156 0.235229492
vn 0.196533203 0.951660156 0.235229492
vn -0.457275391 0.85546875 0.242553711
vn 0.457275391 0.85546875 0.242553711
vn -0.846679688 0.350341797 0.400146484
vn 0.846679688 0.350341797 0.400146484
vn -0.733886719 -0.016784668 0.678710938
vn 0.733886719 -0.016784668 0.678710938
vn -0.504882812 -0.165405273 0.847167969
vn 0.504882812 -0.165405273 0.847167969
vn -0.306640625 -0.2265625 0.924316406
vn 0.306640625 -0.2265625 0.924316406
vn -0.14453125 -0.251220703 0.95703125
vn 0.14453125 -0.251220703 0.95703125
vn -2.98023224E-07 -0.258056641 0.966308594
vn 0.0748291016 0.9921875 0.0979614258
vn 0.04296875 0.969726562 0.241210938
vn -1.1920929E-07 0.970214844 0.241821289
vn -0 0.995605469 0.0939941406
vn -0.04296875 0.969726562 0.241210938
vn -0.0748291016 0.9921875 0.0979614258
vn -0.0983886719 0.965820312 0.239013672
vn -0.166015625 0.979980469 0.112060547
vn -0.196533203 0.951660156 0.235229492
vn -0.306640625 0.940429688 0.145874023
vn -0.457275391 0.85546875 0.242553711
vn -0.59765625 0.766601562 0.235351562
vn -0.59765625 0.766601562 0.235351562
vn -0.457275391 0.85546875 0.242553711
vn -0.846679688 0.350341797 0.400146484
vn -0.927734375 0.0034122467 0.372802734
vn -0.733886719 -0.016784668 0.678710938
vn -0.65625 0.71484375 0.241943359
vn -0.601074219 -0.763671875 0.235595703
vn -0.504882812 -0.165405273 0.847167969
vn -0.956054688 1.90734863E-06 0.29296875
vn -0.308105469 -0.939941406 0.145751953
vn -0.306640625 -0.2265625 0.924316406
vn -1 8.34465027E-07 0
vn -0.654296875 0.756347656 0
vn -0.496582031 0.57421875 -0.650878906
vn -0.798828125 2.98023224E-07 -0.6015625
vn -0.654296875 -0.756347656 0
vn -0.496582031 -0.57421875 -0.650878906
vn -0.65625 -0.71484375 0.241943359
vn -0.330810547 -0.943847656 0
vn -0.241088867 -0.6875 -0.685058594
vn -0.166625977 -0.979492188 0.111999512
vn -0.14453125 -0.251220703 0.95703125
vn -0.0750732422 -0.9921875 0.0978393555
vn -0.340576172 -0.927246094 0.155761719
vn -0.177368164 -0.984375 0
vn -0.127563477 -0.708007812 -0.694335938
vn -0.182861328 -0.9765625 0.114196777
vn -0.08203125 -0.9921875 0.0963745117
vn -0.0795898438 -0.997070312 0
vn -0.0570068359 -0.713867188 -0.697753906
vn -0.0750732422 -0.9921875 0.0978393555
vn -0.14453125 -0.251220703 0.95703125
vn -2.98023224E-07 -0.258056641 0.966308594
vn -1.78813934E-07 -0.995605469 0.0938720703
vn 0.14453125 -0.251220703 0.95703125
vn -0.08203125 -0.9921875 0.0963745117
vn 0.0750732422 -0.9921875 0.0978393555
vn 0.306640625 -0.2265625 0.924316406
vn -1.78813934E-07 -0.995605469 0.0913085938
vn 0.166625977 -0.979492188 0.111999512
vn 0.504882812 -0.165405273 0.847167969
vn -0 -1 0
vn -0.0795898438 -0.997070312 0
vn -0.0570068359 -0.713867188 -0.697753906
vn -0 -0.715332031 -0.698730469
vn 0.0795898438 -0.997070312 0
vn 0.0570068359 -0.713867188 -0.697753906
vn 0.08203125 -0.9921875 0.0963745117
vn 0.177368164 -0.984375 0
vn 0.127563477 -0.708007812 -0.694335938
vn 0.308105469 -0.939941406 0.145751953
vn 0.733886719 -0.016784668 0.678710938
vn 0.601074219 -0.763671875 0.235595703
vn 0.182861328 -0.9765625 0.114196777
vn 0.330810547 -0.943847656 0
vn 0.241088867 -0.6875 -0.685058594
vn 0.340576172 -0.927246094 0.155761719
vn 0.65625 -0.71484375 0.241943359
vn 0.654296875 -0.756347656 0
vn 0.496582031 -0.57421875 -0.650878906
vn 0.496582031 -0.57421875 -0.650878906
vn 0.798828125 -2.98023224E-07 -0.6015625
vn 0.496582031 0.57421875 -0.650878906
vn 0.241088867 0.6875 -0.685058594
vn 0.241088867 -0.6875 -0.685058594
vn 0.127563477 -0.708007812 -0.694335938
vn 0.127563477 0.708007812 -0.694335938
vn 0.0570068359 -0.713867188 -0.697753906
vn 0.0570068359 0.713867188 -0.697753906
vn -0 0.715332031 -0.698730469
vn -0 -0.715332031 -0.698730469
vn -0.0570068359 0.713867188 -0.697753906
vn -0.0570068359 -0.713867188 -0.697753906
vn -0.127563477 0.708007812 -0.694335938
vn -0.127563477 -0.708007812 -0.694335938
vn -0.241088867 0.6875 -0.685058594
vn -0.241088867 -0.6875 -0.685058594
vn -0.496582031 0.57421875 -0.650878906
vn -0.496582031 -0.57421875 -0.650878906
vn -0.798828125 2.98023224E-07 -0.6015625
vn -0 -1 0
vn -0 -1 0
vn -0 -1 0
vn -0 -1 0
vn -0 -1 0
vn -0 -1 0
vn -0 -1 0
vn -0 -1 0
vn -0 -1 0
vn -0 -1 0
vn -0 1 0
vn -0 1 0
vn -0 1 0
vn -0 1 0
vn 1 0 0
vn 1 0 0
vn 1 0 0
vn 1 0 0
vn -0 0 -1
vn -0 0 -1
vn -0 0 -1
vn -0 0 -1
vn -0 0 -1
vn -0 0 -1
vn -0 0 -1
vn -0 0 -1
vn -0 0 -1
vn -0 0 -1
vn -0 0 -1
vn -0 0 -1
vn -0 0 -1
vn -0 0 1
vn -0 -1.1920929E-07 1
vn -0 0 1
vn -0 0 1
vn -0 -1.78813934E-07 1
vn -0 0 1
vn -0 0 1
vn -0 -3.57627869E-07 1
vn -0 -3.57627869E-07 1
vn -0 -1.1920929E-07 1
vn -0 -3.57627869E-07 1
vn -0 0 1
vn -0 0 1
vn -0 1 0
vn -0 1 0
vn -0 1 0
vn -0 1 0
vn -0 1 0
vn -0 1 0
vn 1 1.13248825E-06 0
vn 1 1.13248825E-06 0
vn 1 1.13248825E-06 0
vn 1 1.13248825E-06 0
vn -0 1 0
vn -0 1 0
vn -0 1 0
vn -0 1 0
vn 1 0 0
vn 1 0 0
vn 1 0 0
vn 1 0 0
vn 1 0 0
vn 1 0 0
vn -1 0 0
vn -1 0 0
vn -1 0 0
vn -1 0 0
vn -1 0 0
vn -1 0 0
vn -1 0 0
vn -1 0 0
vn -0.654296875 0.756347656 0
vn -0.340576172 0.927246094 0.155761719
vn -0.65625 0.71484375 0.241943359
vn -0.330810547 0.943847656 0
vn -0.182861328 0.9765625 0.114196777
vn -0.241088867 0.6875 -0.685058594
vn -0.496337891 0.57421875 -0.650878906
vn -0.127563477 0.708007812 -0.694335938
vn -0.177368164 0.984375 0
vn -0.08203125 0.9921875 0.0963745117
vn -0.0570068359 0.713867188 -0.697753906
vn -0.0795898438 0.997070312 0
vn 1.1920929E-07 0.995605469 0.0913085938
vn -1.1920929E-07 0.715332031 -0.698730469
vn -1.1920929E-07 1 0
vn 0.0570068359 0.713867188 -0.697753906
vn 0.08203125 0.9921875 0.0963745117
vn 0.0795898438 0.997070312 0
vn 0.182861328 0.9765625 0.114196777
vn 0.177368164 0.984375 0
vn 0.340576172 0.927246094 0.155761719
vn 0.127563477 0.708007812 -0.694335938
vn 0.0570068359 0.713867188 -0.697753906
vn 0.241088867 0.6875 -0.685058594
vn 0.330810547 0.943847656 0
vn 0.496582031 0.57421875 -0.650878906
vn 0.65625 0.71484375 0.241943359
vn 0.306640625 0.940429688 0.145874023
vn 0.654296875 0.756347656 0
vn 0.798828125 0 -0.6015625
vn 1 0 0
vn 0.496582031 -0.57421875 -0.650878906
vn 0.654296875 -0.756347656 0
vn 0.65625 -0.71484375 0.241943359
vn 0.956054688 1.1920929E-07 0.29296875
vn 0.59765625 0.766601562 0.235473633
vn 0.927734375 0.00340843201 0.372802734
vn 0.601074219 -0.763671875 0.235595703
vn 0.846679688 0.350341797 0.400146484
vn 0.733886719 -0.016784668 0.678710938
vn 0.457275391 0.85546875 0.242553711
vn 0.196533203 0.951660156 0.235229492
vn 0.0983886719 0.965820312 0.239013672
vn 0.166015625 0.979980469 0.112060547
vn 0.04296875 0.969726562 0.241210938
vn 0.0748291016 0.9921875 0.0979614258
vn 0.340576172 0.927246094 0.155761719
vn 0.306640625 0.940429688 0.145874023
vn 0.166015625 0.979980469 0.112060547
vn 0.182861328 0.9765625 0.114196777
vn 0.0748291016 0.9921875 0.0979614258
vn 0.08203125 0.9921875 0.0963745117
vn -0 0.995605469 0.0939941406
vn 1.1920929E-07 0.995605469 0.0913085938
vn -0.0748291016 0.9921875 0.0979614258
vn -0.08203125 0.9921875 0.0963745117
vn -0.166015625 0.979980469 0.112060547
vn -0.182861328 0.9765625 0.114196777
vn -0.306640625 0.940429688 0.145874023
vn -0.340576172 0.927246094 0.155761719
vn -0.59765625 0.766601562 0.235351562
vn -0.65625 0.71484375 0.241943359
vn -0.04296875 0.969726562 0.241210938
vn -1.78813934E-07 0.970214844 0.241821289
vn 0.04296875 0.969726562 0.241210938
vn -0.0983886719 0.965820312 0.239013672
vn 0.0983886719 0.965820312 0.239013672
vn -0.196533203 0.951660156 0.235229492
vn 0.196533203 0.951660156 0.235229492
vn -0.457275391 0.85546875 0.242553711
vn 0.457275391 0.85546875 0.242553711
vn -0.846679688 0.350341797 0.400146484
vn 0.846679688 0.350341797 0.400146484
vn -0.733886719 -0.016784668 0.678710938
vn 0.733886719 -0.016784668 0.678710938
vn -0.504882812 -0.165405273 0.847167969
vn 0.504882812 -0.165405273 0.847167969
vn -0.306640625 -0.2265625 0.924316406
vn 0.306640625 -0.2265625 0.924316406
vn -0.14453125 -0.251220703 0.95703125
vn 0.14453125 -0.251220703 0.95703125
vn -0 -0.258056641 0.966308594
vn 0.0748291016 0.9921875 0.0979614258
vn 0.04296875 0.969726562 0.241210938
vn -1.78813934E-07 0.970214844 0.241821289
vn -0 0.995605469 0.0939941406
vn -0.04296875 0.969726562 0.241210938
vn -0.0748291016 0.9921875 0.0979614258
vn -0.0983886719 0.965820312 0.239013672
vn -0.166015625 0.979980469 0.112060547
vn -0.196533203 0.951660156 0.235229492
vn -0.306640625 0.940429688 0.145874023
vn -0.457275391 0.85546875 0.242553711
vn -0.59765625 0.766601562 0.235351562
vn -0.59765625 0.766601562 0.235351562
vn -0.457275391 0.85546875 0.242553711
vn -0.846679688 0.350341797 0.400146484
vn -0.927734375 0.00341033936 0.372802734
vn -0.733886719 -0.016784668 0.678710938
vn -0.65625 0.71484375 0.241943359
vn -0.601074219 -0.763671875 0.235595703
vn -0.504882812 -0.165405273 0.847167969
vn -0.956054688 -8.34465027E-07 0.29296875
vn -0.308105469 -0.939941406 0.145751953
vn -0.306640625 -0.2265625 0.924316406
vn -1 -1.84774399E-06 0
vn -0.654296875 0.756347656 0
vn -0.496337891 0.57421875 -0.650878906
vn -0.798828125 -1.49011612E-06 -0.6015625
vn -0.654296875 -0.756347656 0
vn -0.496337891 -0.57421875 -0.650878906
vn -0.65625 -0.71484375 0.241943359
vn -0.330810547 -0.943847656 0
vn -0.241088867 -0.6875 -0.685058594
vn -0.166625977 -0.979492188 0.111999512
vn -0.14453125 -0.251220703 0.95703125
vn -0.0750732422 -0.9921875 0.0978393555
vn -0.340576172 -0.927246094 0.155761719
vn -0.177368164 -0.984375 0
vn -0.127563477 -0.708007812 -0.694335938
vn -0.182861328 -0.9765625 0.114196777
vn -0.08203125 -0.9921875 0.0963745117
vn -0.0795898438 -0.997070312 0
vn -0.0570068359 -0.713867188 -0.697753906
vn -0.0750732422 -0.9921875 0.0978393555
vn -0.14453125 -0.251220703 0.95703125
vn -0 -0.258056641 0.966308594
vn -0 -0.995605469 0.0938720703
vn 0.14453125 -0.251220703 0.95703125
vn -0.08203125 -0.9921875 0.0963745117
vn 0.0750732422 -0.9921875 0.0978393555
vn 0.306640625 -0.2265625 0.924316406
vn -1.1920929E-07 -0.995605469 0.0913085938
vn 0.166625977 -0.979492188 0.111999512
vn 0.504882812 -0.165405273 0.847167969
vn -0 -1 0
vn -0.0795898438 -0.997070312 0
vn -0.0570068359 -0.713867188 -0.697753906
vn -0 -0.715332031 -0.698730469
vn 0.0795898438 -0.997070312 0
vn 0.0570068359 -0.713867188 -0.697753906
vn 0.08203125 -0.9921875 0.0963745117
vn 0.177368164 -0.984375 0
vn 0.127563477 -0.708007812 -0.694335938
vn 0.308105469 -0.939941406 0.145751953
vn 0.733886719 -0.016784668 0.678710938
vn 0.601074219 -0.763671875 0.235595703
vn 0.182861328 -0.9765625 0.114196777
vn 0.330810547 -0.943847656 0
vn 0.241088867 -0.6875 -0.685058594
vn 0.340576172 -0.927246094 0.155761719
vn 0.65625 -0.71484375 0.241943359
vn 0.654296875 -0.756347656 0
vn 0.496582031 -0.57421875 -0.650878906
vn 0.496582031 -0.57421875 -0.650878906
vn 0.798828125 0 -0.6015625
vn 0.496582031 0.57421875 -0.650878906
vn 0.241088867 -0.6875 -0.685058594
vn 0.241088867 0.6875 -0.685058594
vn 0.127563477 -0.708007812 -0.694335938
vn 0.127563477 0.708007812 -0.694335938
vn 0.0570068359 -0.713867188 -0.697753906
vn 0.0570068359 0.713867188 -0.697753906
vn -0 -0.715332031 -0.698730469
vn -1.1920929E-07 0.715332031 -0.698730469
vn -0.0570068359 -0.713867188 -0.697753906
vn -0.0570068359 0.713867188 -0.697753906
vn -0.127563477 0.708007812 -0.694335938
vn -0.127563477 -0.708007812 -0.694335938
vn -0.241088867 0.6875 -0.685058594
vn -0.241088867 -0.6875 -0.685058594
vn -0.496337891 0.57421875 -0.650878906
vn -0.496337891 -0.57421875 -0.650878906
vn -0.798828125 -1.49011612E-06 -0.6015625
vn 0.408203125 -0.408203125 -0.81640625
vn 0.730957031 -0.12878418 -0.669921875
vn 0.664550781 -0.241577148 -0.70703125
vn 0.939941406 -0.341552734 0
vn 0.459472656 -0.655761719 -0.599121094
vn 0.574707031 -0.818359375 -0.00248908997
vn 0.292236328 -0.413330078 -0.862304688
vn 0.574707031 -0.818359375 -0.00248908997
vn 0.334228516 -0.662109375 -0.670898438
vn 0.292236328 -0.413330078 -0.862304688
vn -0 -1 -0.00408172607
vn 0.459472656 -0.655761719 -0.599121094
vn -0 -1 -0.00408172607
vn -0.511230469 -0.690917969 -0.511230469
vn -0.473632812 -0.741210938 -0.475341797
vn -0.556640625 -0.7421875 -0.372802734
vn -0.600097656 -0.691894531 -0.400878906
vn -0.618164062 -0.743164062 -0.256347656
vn -0.666015625 -0.692871094 -0.275878906
vn -0.655761719 -0.743652344 -0.130371094
vn -0.706054688 -0.693847656 -0.140991211
vn -0.6796875 -0.732421875 -0.0332336426
vn -0.708984375 -0.704589844 -0.0354614258
vn -0.692382812 -0.721679688 4.07099724E-05
vn -0.69921875 -0.715332031 -0.00057554245
vn -0.288330078 -0.911132812 0.293945312
vn -0.5703125 -0.583984375 0.577636719
vn -0.402099609 -0.689453125 -0.602539062
vn -0.473632812 -0.741210938 -0.475341797
vn -0.511230469 -0.690917969 -0.511230469
vn -0.372070312 -0.740234375 -0.560058594
vn -0.276855469 -0.6875 -0.670898438
vn -0.255126953 -0.739257812 -0.623535156
vn -0.139648438 -0.685546875 -0.714355469
vn -0.127197266 -0.737792969 -0.662597656
vn -0.0317993164 -0.694335938 -0.71875
vn -0.0271148682 -0.724609375 -0.688476562
vn 0.00369262695 -0.702148438 -0.712402344
vn 0.00359153748 -0.712402344 -0.701660156
vn 0.582519531 -0.570800781 -0.579101562
vn 0.301269531 -0.905761719 -0.297851562
vn 0.292236328 -0.413330078 -0.862304688
vn 0.703125 0.440185547 -0.55859375
vn 0.919921875 -0.00796508789 -0.391601562
vn 0.434814453 -0.666992188 -0.604980469
vn 0.334228516 -0.662109375 -0.670898438
vn 0.332519531 -0.665039062 -0.668945312
vn -0.00904083252 0.709472656 0.704589844
vn 0.328857422 0.625976562 0.70703125
vn 0.333251953 0.666503906 0.666503906
vn -0.00904083252 0.66015625 0.750976562
vn 0.0111694336 0.711914062 0.702148438
vn 0.0314941406 0.647460938 0.76171875
vn 0.11138916 0.705566406 0.699707031
vn 0.161254883 0.615722656 0.770996094
vn 0.257568359 0.679199219 0.687011719
vn 0.317382812 0.590332031 0.7421875
vn 0.401611328 0.654296875 0.640625
vn 0.465087891 0.567382812 0.6796875
vn 0.534667969 0.632324219 0.560546875
vn 0.59765625 0.547851562 0.585449219
vn 0.6484375 0.613769531 0.450195312
vn 0.708007812 0.531738281 0.464599609
vn 0.734863281 0.600585938 0.314697266
vn 0.790527344 0.520507812 0.322265625
vn 0.7890625 0.592285156 0.161865234
vn 0.842285156 0.513671875 0.164428711
vn 0.815429688 0.577148438 0.0408325195
vn 0.853027344 0.520507812 0.041229248
vn 0.825195312 0.564941406 0
vn 0.84765625 0.530761719 -9.08374786E-05
vn 0.919921875 -0.00796508789 -0.391601562
vn 0.703125 0.440185547 -0.55859375
vn -0.00904083252 0.66015625 0.750976562
vn 0.337402344 -0.701660156 0.627929688
vn 0.328857422 0.625976562 0.70703125
vn 0.0036907196 -0.743164062 0.668945312
vn 0.0349731445 -0.733886719 0.678710938
vn 0.0314941406 0.647460938 0.76171875
vn 0.128417969 -0.737304688 0.663085938
vn 0.161254883 0.615722656 0.770996094
vn 0.247924805 -0.758789062 0.602539062
vn 0.317382812 0.590332031 0.7421875
vn 0.349365234 -0.77734375 0.5234375
vn 0.465087891 0.567382812 0.6796875
vn 0.431884766 -0.792480469 0.430908203
vn 0.59765625 0.547851562 0.585449219
vn 0.59765625 0.547851562 0.585449219
vn 0.494873047 -0.804199219 0.329589844
vn 0.431884766 -0.792480469 0.430908203
vn 0.708007812 0.531738281 0.464599609
vn 0.5390625 -0.8125 0.222290039
vn 0.790527344 0.520507812 0.322265625
vn 0.565429688 -0.817382812 0.111938477
vn 0.842285156 0.513671875 0.164428711
vn 0.560546875 -0.827636719 0.0270843506
vn 0.853027344 0.520507812 0.041229248
vn 0.549316406 -0.835449219 -2.00271606E-05
vn 0.84765625 0.530761719 -9.08374786E-05
vn 0.434814453 -0.666992188 -0.604980469
vn 0.703125 0.440185547 -0.55859375
vn -0.5703125 -0.583984375 0.577636719
vn -0.288330078 -0.911132812 0.293945312
vn 0.302246094 -0.904785156 0.300292969
vn 0.583496094 -0.573730469 0.575195312
vn 0.664550781 -0.241577148 -0.70703125
vn -0 0 -1
vn 0.459472656 -0.655761719 -0.599121094
vn -0 0 -1
vn 0.730957031 -0.12878418 -0.669921875
vn -0 0 -1
vn 0.408203125 -0.408203125 -0.81640625
vn -0 0 -1
vn -0 0 -1
vn -0 0 -1
vn -0 0 -1
vn -0 0 -1
vn -0 0 -1
vn -0 0 -1
vn 0.577148438 0.577148438 -0.577148438
vn 0.887695312 0.336914062 -0.314453125
vn 0.584960938 0.592773438 -0.553222656
vn 0.57421875 0.583007812 0.574707031
vn 0.911132812 0.293212891 0.2890625
vn 0.378662109 0.653320312 0.655761719
vn 0.655761719 0.653320312 0.378662109
vn 0.916503906 -0.267333984 -0.297119141
vn 0.571777344 -0.548828125 -0.609863281
vn 0.584960938 0.592773438 -0.553222656
vn 0.887695312 0.336914062 -0.314453125
vn 0.301513672 0.904296875 0.301513672
vn 0.577148438 0.577148438 0.577148438
vn 0.577148438 -0.577148438 0.577148438
vn 0.301513672 -0.904296875 0.301513672
vn 0.70703125 0.70703125 0
vn 0.577148438 0.577148438 0.577148438
vn 0.904296875 0.301513672 0.301513672
vn 0.301513672 0.904296875 0.301513672
vn 0.577148438 0.577148438 -0.577148438
vn 3.39150429E-05 0.70703125 -0.70703125
vn 0.577148438 0.577148438 0.577148438
vn 0.577148438 0.577148438 -0.577148438
vn 0.70703125 -0.70703125 0
vn -3.39150429E-05 -0.70703125 -0.70703125
vn 0.408203125 -0.408203125 -0.81640625
vn 0.301513672 -0.904296875 0.301513672
vn 0.904296875 -0.301513672 0.301513672
vn 0.577148438 -0.577148438 0.577148438
vn 0.577148438 -0.577148438 -0.577148438
vn 0.577148438 -0.577148438 0.577148438
vn 0.904296875 0.301513672 0.301513672
vn 0.577148438 0.577148438 0.577148438
vn 0.577148438 -0.577148438 0.577148438
vn 0.904296875 -0.301513672 0.301513672
vn 0.577148438 -0.577148438 0.577148438
vn 0.577148438 0.577148438 0.577148438
vn 0.301513672 0.904296875 0.301513672
vn 0.301513672 -0.904296875 0.301513672
vn -1 0 0
vn -1 0 0
vn -1 0 0
vn -1 0 0
vn -1 0 0
vn -1 0 0
vn -1 0 0
vn -1 0 0
vn -1 0 0
vn -1 0 0
vn -1 0 0
vn -1 0 0
vn -1 0 0
vn -1 0 0
vn -1 0 0
vn -1 0 0
vn -1 0 0
vn -1 0 0
vn 0.577148438 -0.577148438 0.577148438
vn 0.577148438 0.577148438 0.577148438
vn 0.577148438 0.577148438 -0.577148438
vn 0.577148438 -0.577148438 -0.577148438
vn -0.987792969 0 -0.156494141
vn -0.987792969 0 -0.156494141
vn -0.987792969 0 -0.156494141
vn -0.987792969 0 -0.156494141
vn -0.987792969 0 0.156494141
vn -0.987792969 0 0.156494141
vn -0.987792969 0 0.156494141
vn -0.987792969 0 0.156494141
vn -0 0 -1
vn -0 0 -1
vn -0 0 -1
vn -0 0 -1
vn -0 0 -1
vn -0 0 -1
vn -0 0 -1
vn -0 0 -1
vn -0 0 -1
vn -0 0 -1
vn -0 0 -1
vn -0 0 -1
vn -0.730957031 -0.12878418 -0.669921875
vn -0.408203125 -0.408203125 -0.81640625
vn -0.664550781 -0.241577148 -0.70703125
vn -0.939941406 -0.341552734 0
vn -0.459472656 -0.655761719 -0.599121094
vn -0.574707031 -0.818359375 -0.00248908997
vn -0.292236328 -0.413330078 -0.862304688
vn -0.574707031 -0.818359375 -0.00248908997
vn -0.292236328 -0.413330078 -0.862304688
vn 0.334228516 -0.662109375 -0.670898438
vn -0 -1 -0.00408172607
vn -0.459472656 -0.655761719 -0.599121094
vn -0 -1 -0.00408172607
vn 0.333251953 0.666503906 0.666503906
vn 0.337158203 -0.701660156 0.627929688
vn 0.328857422 0.625976562 0.70703125
vn 1 -6.55651093E-07 0
vn 0.332519531 -0.665039062 -0.668945312
vn 0.334228516 -0.662109375 -0.670898438
vn 0.511230469 -0.690917969 -0.511230469
vn 0.556640625 -0.7421875 -0.372802734
vn 0.473632812 -0.741210938 -0.475341797
vn 0.600097656 -0.691894531 -0.400878906
vn 0.618164062 -0.743164062 -0.256347656
vn 0.666015625 -0.692871094 -0.275878906
vn 0.655761719 -0.743652344 -0.130371094
vn 0.706054688 -0.693847656 -0.140991211
vn 0.6796875 -0.732421875 -0.0332336426
vn 0.708984375 -0.704589844 -0.0354614258
vn 0.692382812 -0.721679688 4.07099724E-05
vn 0.69921875 -0.715332031 -0.00057554245
vn 0.288330078 -0.911132812 0.293945312
vn 0.5703125 -0.583984375 0.577636719
vn 0.402099609 -0.689453125 -0.602539062
vn 0.511230469 -0.690917969 -0.511230469
vn 0.473632812 -0.741210938 -0.475341797
vn 0.372070312 -0.740234375 -0.560058594
vn 0.276855469 -0.6875 -0.670898438
vn 0.255126953 -0.739257812 -0.623535156
vn 0.139648438 -0.685546875 -0.714355469
vn 0.127197266 -0.737792969 -0.662597656
vn 0.0317993164 -0.694335938 -0.71875
vn 0.0271148682 -0.724609375 -0.688476562
vn -0.0036907196 -0.702148438 -0.712402344
vn -0.00359153748 -0.712402344 -0.701660156
vn -0.582519531 -0.570800781 -0.579101562
vn -0.301269531 -0.905761719 -0.297851562
vn -0.292236328 -0.413330078 -0.862304688
vn -0.919921875 -0.00796508789 -0.391601562
vn -0.703125 0.440185547 -0.55859375
vn -0.434814453 -0.666992188 -0.604980469
vn 0.334228516 -0.662109375 -0.670898438
vn 0.332519531 -0.665039062 -0.668945312
vn 0.00904083252 0.709472656 0.704589844
vn 0.333251953 0.666503906 0.666503906
vn 0.328857422 0.625976562 0.70703125
vn 0.00904083252 0.66015625 0.750976562
vn -0.0111694336 0.711914062 0.702148438
vn -0.0314941406 0.647460938 0.76171875
vn -0.11138916 0.705566406 0.699707031
vn -0.161254883 0.615722656 0.770996094
vn -0.257568359 0.679199219 0.687011719
vn -0.317382812 0.590332031 0.7421875
vn -0.401611328 0.654296875 0.640625
vn -0.465087891 0.567382812 0.6796875
vn -0.534667969 0.632324219 0.560546875
vn -0.59765625 0.547851562 0.585449219
vn -0.6484375 0.613769531 0.450195312
vn -0.708007812 0.531738281 0.464599609
vn -0.734863281 0.600585938 0.314697266
vn -0.790527344 0.520507812 0.322265625
vn -0.7890625 0.592285156 0.161865234
vn -0.842285156 0.513671875 0.164428711
vn -0.815429688 0.577148438 0.0408325195
vn -0.853027344 0.520507812 0.041229248
vn -0.825195312 0.564941406 1.1920929E-07
vn -0.84765625 0.530761719 -9.0777874E-05
vn -0.919921875 -0.00796508789 -0.391601562
vn -0.703125 0.440185547 -0.55859375
vn 0.00904083252 0.66015625 0.750976562
vn 0.328857422 0.625976562 0.70703125
vn 0.337158203 -0.701660156 0.627929688
vn -0.0036907196 -0.743164062 0.668945312
vn -0.0349731445 -0.733886719 0.678710938
vn -0.0314941406 0.647460938 0.76171875
vn -0.128417969 -0.737304688 0.663085938
vn -0.161254883 0.615722656 0.770996094
vn -0.247924805 -0.758789062 0.602539062
vn -0.317382812 0.590332031 0.7421875
vn -0.349365234 -0.77734375 0.5234375
vn -0.465087891 0.567382812 0.6796875
vn -0.431884766 -0.792480469 0.430908203
vn -0.59765625 0.547851562 0.585449219
vn -0.59765625 0.547851562 0.585449219
vn -0.431884766 -0.792480469 0.430908203
vn -0.494873047 -0.804199219 0.329589844
vn -0.708007812 0.531738281 0.464599609
vn -0.5390625 -0.8125 0.222290039
vn -0.790527344 0.520507812 0.322265625
vn -0.565429688 -0.817382812 0.111938477
vn -0.842285156 0.513671875 0.164428711
vn -0.560546875 -0.827636719 0.0270843506
vn -0.853027344 0.520507812 0.041229248
vn -0.549316406 -0.835449219 -2.00867653E-05
vn -0.84765625 0.530761719 -9.0777874E-05
vn -0.434814453 -0.666992188 -0.604980469
vn -0.703125 0.440185547 -0.55859375
vn 0.5703125 -0.583984375 0.577636719
vn -0.583496094 -0.573730469 0.575195312
vn -0.302246094 -0.904785156 0.300292969
vn 0.288330078 -0.911132812 0.293945312
vn -0.664550781 -0.241577148 -0.70703125
vn -0.459472656 -0.655761719 -0.599121094
vn -0 0 -1
vn -0 0 -1
vn -0.730957031 -0.12878418 -0.669921875
vn -0 0 -1
vn -0.408203125 -0.408203125 -0.81640625
vn -0 0 -1
vn -0 0 -1
vn -0 0 -1
vn -0 0 -1
vn -0 0 -1
vn -0 0 -1
vn -0 0 -1
vn -0.577148438 0.577148438 -0.577148438
vn -0.887695312 0.336914062 -0.314453125
vn -0.911132812 0.293212891 0.2890625
vn -0.57421875 0.583007812 0.574707031
vn -0.584960938 0.592773438 -0.553222656
vn -0.378662109 0.653320312 0.655761719
vn -0.655761719 0.653320312 0.378662109
vn -0.916503906 -0.267333984 -0.297119141
vn -0.887695312 0.336914062 -0.314453125
vn -0.584960938 0.592773438 -0.553222656
vn -0.571777344 -0.548828125 -0.609863281
vn -0.301513672 0.904296875 0.301513672
vn -0.301513672 -0.904296875 0.301513672
vn -0.577148438 -0.577148438 0.577148438
vn -0.577148438 0.577148438 0.577148438
vn -0.70703125 0.70703125 0
vn -0.904296875 0.301513672 0.301513672
vn -0.577148438 0.577148438 0.577148438
vn -0.301513672 0.904296875 0.301513672
vn -0.577148438 0.577148438 -0.577148438
vn 3.39150429E-05 0.70703125 -0.70703125
vn -0.577148438 0.577148438 0.577148438
vn -0.577148438 0.577148438 -0.577148438
vn -0.70703125 -0.70703125 0
vn -0.408203125 -0.408203125 -0.81640625
vn -3.39150429E-05 -0.70703125 -0.70703125
vn -0.301513672 -0.904296875 0.301513672
vn -0.904296875 -0.301513672 0.301513672
vn -0.577148438 -0.577148438 0.577148438
vn -0.577148438 -0.577148438 -0.577148438
vn -0.577148438 -0.577148438 0.577148438
vn -0.904296875 0.301513672 0.301513672
vn -0.904296875 -0.301513672 0.301513672
vn -0.577148438 -0.577148438 0.577148438
vn -0.577148438 0.577148438 0.577148438
vn -0.577148438 -0.577148438 0.577148438
vn -0.301513672 -0.904296875 0.301513672
vn -0.301513672 0.904296875 0.301513672
vn -0.577148438 0.577148438 0.577148438
vn 1 0 0
vn 1 0 0
vn 1 0 0
vn 1 0 0
vn 1 0 0
vn 1 0 0
vn 1 0 0
vn 1 0 0
vn 1 0 0
vn 1 0 0
vn 1 0 0
vn 1 0 0
vn 1 0 0
vn 1 0 0
vn 1 0 0
vn 1 0 0
vn 1 0 0
vn 1 0 0
vn -0.577148438 -0.577148438 0.577148438
vn -0.577148438 -0.577148438 -0.577148438
vn -0.577148438 0.577148438 -0.577148438
vn -0.577148438 0.577148438 0.577148438
vn 0.987792969 0 -0.15637207
vn 0.987792969 0 -0.15637207
vn 0.987792969 0 -0.15637207
vn 0.987792969 0 -0.15637207
vn 0.987792969 0 0.156494141
vn 0.987792969 0 0.156494141
vn 0.987792969 0 0.156494141
vn 0.987792969 0 0.156494141
vn -0 0 -1
vn -0 0 -1
vn -0 0 -1
vn -0 0 -1
vn -0 0 -1
vn -0 0 -1
vn -0 0 -1
vn -0 0 -1
vn -0 0 -1
vn -0 0 -1
vn -0 0 -1
vn -0 0 -1
vn 0.473632812 -0.741210938 -0.475341797
vn 0.556640625 -0.7421875 -0.372802734
vn -0.494873047 -0.804199219 0.329589844
vn -0.431884766 -0.792480469 0.430908203
vn -0.5390625 -0.8125 0.222290039
vn 0.372070312 -0.740234375 -0.560058594
vn 0.618164062 -0.743164062 -0.256347656
vn -0.349365234 -0.77734375 0.5234375
vn -0.565429688 -0.817382812 0.111938477
vn 0.255126953 -0.739257812 -0.623535156
vn 0.655761719 -0.743652344 -0.130371094
vn -0.247924805 -0.758789062 0.602539062
vn -0.560546875 -0.827636719 0.0270843506
vn 0.127197266 -0.737792969 -0.662597656
vn 0.6796875 -0.732421875 -0.0332336426
vn -0.128417969 -0.737304688 0.663085938
vn -0.549316406 -0.835449219 -2.00867653E-05
vn 0.0271148682 -0.724609375 -0.688476562
vn 0.692382812 -0.721679688 4.07099724E-05
vn -0.0349731445 -0.733886719 0.678710938
vn -0.434814453 -0.666992188 -0.604980469
vn -0.00359153748 -0.712402344 -0.701660156
vn 0.288330078 -0.911132812 0.293945312
vn -0.0036907196 -0.743164062 0.668945312
vn 0.332519531 -0.665039062 -0.668945312
vn -0.301269531 -0.905761719 -0.297851562
vn -0.302246094 -0.904785156 0.300292969
vn 0.337158203 -0.701660156 0.627929688
vn -0.473632812 -0.741210938 -0.475341797
vn 0.494873047 -0.804199219 0.329589844
vn -0.556640625 -0.7421875 -0.372802734
vn 0.431884766 -0.792480469 0.430908203
vn 0.5390625 -0.8125 0.222290039
vn -0.372070312 -0.740234375 -0.560058594
vn -0.618164062 -0.743164062 -0.256347656
vn 0.349365234 -0.77734375 0.5234375
vn 0.565429688 -0.817382812 0.111938477
vn -0.255126953 -0.739257812 -0.623535156
vn -0.655761719 -0.743652344 -0.130371094
vn 0.247924805 -0.758789062 0.602539062
vn 0.560546875 -0.827636719 0.0270843506
vn -0.127197266 -0.737792969 -0.662597656
vn -0.6796875 -0.732421875 -0.0332336426
vn 0.128417969 -0.737304688 0.663085938
vn 0.549316406 -0.835449219 -2.00271606E-05
vn -0.0271148682 -0.724609375 -0.688476562
vn -0.692382812 -0.721679688 4.07099724E-05
vn 0.0349731445 -0.733886719 0.678710938
vn 0.434814453 -0.666992188 -0.604980469
vn 0.00359153748 -0.712402344 -0.701660156
vn -0.288330078 -0.911132812 0.293945312
vn 0.0036907196 -0.743164062 0.668945312
vn 0.332519531 -0.665039062 -0.668945312
vn 0.301269531 -0.905761719 -0.297851562
vn 0.302246094 -0.904785156 0.300292969
vn 0.337402344 -0.701660156 0.627929688
vn -0.161865234 -0.700683594 -0.694824219
vn -0.267333984 -0.676269531 -0.686523438
vn -0.267333984 -0.676269531 0.686523438
vn -0.161865234 -0.700683594 0.694824219
vn -0.0952148438 -0.709472656 -0.698242188
vn -0.0952148438 -0.709472656 0.698242188
vn -0.0445251465 -0.712890625 -0.699707031
vn -0.0445251465 -0.712890625 0.699707031
vn -0 -0.713867188 -0.700195312
vn 5.36441803E-07 -0.713867188 0.700195312
vn 0.0445251465 -0.712890625 -0.699707031
vn 0.0445251465 -0.712890625 0.699707031
vn 0.0952148438 -0.709472656 -0.698242188
vn 0.0952148438 -0.709472656 0.698242188
vn 0.161865234 -0.700683594 -0.694824219
vn 0.161865234 -0.700683594 0.694824219
vn -0.267333984 -0.676269531 -0.686523438
vn -0.473632812 -0.580566406 0.662109375
vn -0.267333984 -0.676269531 0.686523438
vn -0.473632812 -0.580566406 -0.662109375
vn -0.768554688 -0.162109375 0.618652344
vn -0.768554688 -0.162109375 -0.618652344
vn -0.636230469 0.431884766 0.639160156
vn -0.636230469 0.431884766 -0.639160156
vn -0.351318359 0.645996094 0.677734375
vn -0.351318359 0.645996094 -0.677734375
vn -0.207275391 0.691894531 0.691894531
vn -0.207275391 0.691894531 -0.691894531
vn -0.207275391 0.691894531 -0.691894531
vn -0.125610352 0.706054688 0.697265625
vn -0.207275391 0.691894531 0.691894531
vn -0.125610352 0.706054688 -0.697265625
vn -0.0686035156 0.711425781 0.69921875
vn -0.0686035156 0.711425781 -0.69921875
vn -0.0219116211 0.713378906 0.700195312
vn -0.0219116211 0.713378906 -0.700195312
vn 0.0219116211 0.713378906 0.700195312
vn 0.0219116211 0.713378906 -0.700195312
vn 0.0686035156 0.711425781 0.69921875
vn 0.0686035156 0.711425781 -0.69921875
vn 0.125610352 0.706054688 0.697265625
vn 0.125610352 0.706054688 -0.697265625
vn 0.125610352 0.706054688 -0.697265625
vn 0.207275391 0.691894531 0.691894531
vn 0.125610352 0.706054688 0.697265625
vn 0.207275391 0.691894531 -0.691894531
vn 0.351318359 0.645996094 0.677734375
vn 0.351318359 0.645996094 -0.677734375
vn 0.636230469 0.431884766 0.639160156
vn 0.636230469 0.431884766 -0.639160156
vn 0.768554688 -0.162109375 0.618652344
vn 0.768554688 -0.162109375 -0.618652344
vn 0.473632812 -0.580566406 0.662109375
vn 0.473632812 -0.580566406 -0.662109375
vn 0.267333984 -0.676269531 0.686523438
vn 0.267333984 -0.676269531 -0.686523438
vn 0.161865234 -0.700683594 0.694824219
vn 0.161865234 -0.700683594 -0.694824219
vn 0.636230469 0.431884766 0.639160156
vn 0.768554688 -0.162109375 0.618652344
vn 0.473632812 -0.580566406 0.662109375
vn 0.351318359 0.645996094 0.677734375
vn 0.267333984 -0.676269531 0.686523438
vn 0.207275391 0.691894531 0.691894531
vn 0.161865234 -0.700683594 0.694824219
vn 0.125610352 0.706054688 0.697265625
vn 0.0952148438 -0.709472656 0.698242188
vn 0.0686035156 0.711425781 0.69921875
vn 0.0445251465 -0.712890625 0.699707031
vn 0.0219116211 0.713378906 0.700195312
vn 5.36441803E-07 -0.713867188 0.700195312
vn -0.0219116211 0.713378906 0.700195312
vn -0.0445251465 -0.712890625 0.699707031
vn -0.0686035156 0.711425781 0.69921875
vn -0.0952148438 -0.709472656 0.698242188
vn -0.125610352 0.706054688 0.697265625
vn -0.161865234 -0.700683594 0.694824219
vn -0.207275391 0.691894531 0.691894531
vn -0.267333984 -0.676269531 0.686523438
vn -0.351318359 0.645996094 0.677734375
vn -0.473632812 -0.580566406 0.662109375
vn -0.636230469 0.431884766 0.639160156
vn -0.768554688 -0.162109375 0.618652344
vn 0.473632812 -0.580566406 -0.662109375
vn 0.768554688 -0.162109375 -0.618652344
vn 0.636230469 0.431884766 -0.639160156
vn 0.351318359 0.645996094 -0.677734375
vn 0.267333984 -0.676269531 -0.686523438
vn 0.207275391 0.691894531 -0.691894531
vn 0.161865234 -0.700683594 -0.694824219
vn 0.125610352 0.706054688 -0.697265625
vn 0.0952148438 -0.709472656 -0.698242188
vn 0.0686035156 0.711425781 -0.69921875
vn 0.0445251465 -0.712890625 -0.699707031
vn 0.0219116211 0.713378906 -0.700195312
vn -0 -0.713867188 -0.700195312
vn -0.0219116211 0.713378906 -0.700195312
vn -0.0445251465 -0.712890625 -0.699707031
vn -0.0686035156 0.711425781 -0.69921875
vn -0.0952148438 -0.709472656 -0.698242188
vn -0.125610352 0.706054688 -0.697265625
vn -0.161865234 -0.700683594 -0.694824219
vn -0.207275391 0.691894531 -0.691894531
vn -0.267333984 -0.676269531 -0.686523438
vn -0.351318359 0.645996094 -0.677734375
vn -0.473632812 -0.580566406 -0.662109375
vn -0.636230469 0.431884766 -0.639160156
vn -0.768554688 -0.162109375 -0.618652344
vn 0.161865234 0.700683594 -0.694824219
vn 0.267333984 0.676269531 -0.686523438
vn 0.267333984 0.676269531 0.686523438
vn 0.161865234 0.700683594 0.694824219
vn 0.0952148438 0.709472656 -0.698242188
vn 0.0952148438 0.709472656 0.698242188
vn 0.0445251465 0.712890625 -0.699707031
vn 0.0445251465 0.712890625 0.699707031
vn -0 0.713867188 -0.700195312
vn -1.78813934E-07 0.713867188 0.700195312
vn -0.0445251465 0.712890625 -0.699707031
vn -0.0445251465 0.712890625 0.699707031
vn -0.0952148438 0.709472656 -0.698242188
vn -0.0952148438 0.709472656 0.698242188
vn -0.161865234 0.700683594 -0.694824219
vn -0.161865234 0.700683594 0.694824219
vn 0.267333984 0.676269531 -0.686523438
vn 0.473632812 0.580566406 0.662109375
vn 0.267333984 0.676269531 0.686523438
vn 0.473632812 0.580566406 -0.662109375
vn 0.768554688 0.162109375 0.618652344
vn 0.768554688 0.162109375 -0.618652344
vn 0.636230469 -0.431884766 0.639160156
vn 0.636230469 -0.431884766 -0.639160156
vn 0.351318359 -0.645996094 0.677734375
vn 0.351318359 -0.645996094 -0.677734375
vn 0.207275391 -0.691894531 0.691894531
vn 0.207275391 -0.691894531 -0.691894531
vn 0.207275391 -0.691894531 -0.691894531
vn 0.125610352 -0.706054688 0.697265625
vn 0.207275391 -0.691894531 0.691894531
vn 0.125610352 -0.706054688 -0.697265625
vn 0.0686035156 -0.711425781 0.69921875
vn 0.0686035156 -0.711425781 -0.69921875
vn 0.0219116211 -0.713378906 0.700195312
vn 0.0219116211 -0.713378906 -0.700195312
vn -0.0219268799 -0.713378906 0.700195312
vn -0.0219116211 -0.713378906 -0.700195312
vn -0.0686035156 -0.711425781 0.69921875
vn -0.0686035156 -0.711425781 -0.69921875
vn -0.125610352 -0.706054688 0.697265625
vn -0.125610352 -0.706054688 -0.697265625
vn -0.125610352 -0.706054688 -0.697265625
vn -0.207275391 -0.691894531 0.691894531
vn -0.125610352 -0.706054688 0.697265625
vn -0.207275391 -0.691894531 -0.691894531
vn -0.351318359 -0.645996094 0.677734375
vn -0.351318359 -0.645996094 -0.677734375
vn -0.636230469 -0.431884766 0.639160156
vn -0.636230469 -0.431884766 -0.639160156
vn -0.768554688 0.162109375 0.618652344
vn -0.768554688 0.162109375 -0.618652344
vn -0.473632812 0.580566406 0.662109375
vn -0.473632812 0.580566406 -0.662109375
vn -0.267333984 0.676269531 0.686523438
vn -0.267333984 0.676269531 -0.686523438
vn -0.161865234 0.700683594 0.694824219
vn -0.161865234 0.700683594 -0.694824219
vn 0.473632812 0.580566406 0.662109375
vn 0.768554688 0.162109375 0.618652344
vn 0.636230469 -0.431884766 0.639160156
vn 0.351318359 -0.645996094 0.677734375
vn 0.267333984 0.676269531 0.686523438
vn 0.207275391 -0.691894531 0.691894531
vn 0.161865234 0.700683594 0.694824219
vn 0.125610352 -0.706054688 0.697265625
vn 0.0952148438 0.709472656 0.698242188
vn 0.0686035156 -0.711425781 0.69921875
vn 0.0445251465 0.712890625 0.699707031
vn 0.0219116211 -0.713378906 0.700195312
vn -1.78813934E-07 0.713867188 0.700195312
vn -0.0219268799 -0.713378906 0.700195312
vn -0.0445251465 0.712890625 0.699707031
vn -0.0686035156 -0.711425781 0.69921875
vn -0.0952148438 0.709472656 0.698242188
vn -0.125610352 -0.706054688 0.697265625
vn -0.161865234 0.700683594 0.694824219
vn -0.207275391 -0.691894531 0.691894531
vn -0.267333984 0.676269531 0.686523438
vn -0.351318359 -0.645996094 0.677734375
vn -0.473632812 0.580566406 0.662109375
vn -0.636230469 -0.431884766 0.639160156
vn -0.768554688 0.162109375 0.618652344
vn 0.636230469 -0.431884766 -0.639160156
vn 0.768554688 0.162109375 -0.618652344
vn 0.473632812 0.580566406 -0.662109375
vn 0.351318359 -0.645996094 -0.677734375
vn 0.267333984 0.676269531 -0.686523438
vn 0.207275391 -0.691894531 -0.691894531
vn 0.161865234 0.700683594 -0.694824219
vn 0.125610352 -0.706054688 -0.697265625
vn 0.0952148438 0.709472656 -0.698242188
vn 0.0686035156 -0.711425781 -0.69921875
vn 0.0445251465 0.712890625 -0.699707031
vn 0.0219116211 -0.713378906 -0.700195312
vn -0 0.713867188 -0.700195312
vn -0.0219116211 -0.713378906 -0.700195312
vn -0.0445251465 0.712890625 -0.699707031
vn -0.0686035156 -0.711425781 -0.69921875
vn -0.0952148438 0.709472656 -0.698242188
vn -0.125610352 -0.706054688 -0.697265625
vn -0.161865234 0.700683594 -0.694824219
vn -0.207275391 -0.691894531 -0.691894531
vn -0.267333984 0.676269531 -0.686523438
vn -0.351318359 -0.645996094 -0.677734375
vn -0.473632812 0.580566406 -0.662109375
vn -0.636230469 -0.431884766 -0.639160156
vn -0.768554688 0.162109375 -0.618652344
vn 0.583496094 -0.573730469 0.575195312
vn 0.302246094 -0.904785156 0.300292969
vn 0.301269531 -0.905761719 -0.297851562
vn 0.582519531 -0.570800781 -0.579101562
vn -0.0317993164 -0.694335938 -0.71875
vn -0.139648438 -0.685546875 -0.714355469
vn 0.00369262695 -0.702148438 -0.712402344
vn 0.582519531 -0.570800781 -0.579101562
vn -0.276855469 -0.6875 -0.670898438
vn -0.402099609 -0.689453125 -0.602539062
vn -0.511230469 -0.690917969 -0.511230469
vn -0.600097656 -0.691894531 -0.400878906
vn -0.666015625 -0.692871094 -0.275878906
vn -0.706054688 -0.693847656 -0.140991211
vn -0.708984375 -0.704589844 -0.0354614258
vn -0.69921875 -0.715332031 -0.00057554245
vn 0.583496094 -0.573730469 0.575195312
vn -0.5703125 -0.583984375 0.577636719
vn -0 0 1
vn -0 0 1
vn -0 0 1
vn -0 0 1
vn -0 0 1
vn -0 0 1
vn 0.904296875 0.301513672 0.301513672
vn 0.577148438 0.577148438 0.577148438
vn 0.904296875 0.301513672 0.301513672
vn 1 0 0
vn 0.904296875 -0.301513672 0.301513672
vn 0.577148438 0.577148438 0.577148438
vn 0.577148438 -0.577148438 0.577148438
vn 1 0 0
vn 0.70703125 0.000237226486 0.70703125
vn 0.89453125 0.447265625 0
vn 1 0 0
vn 0.70703125 0.70703125 0
vn 1 0 0
vn 0.70703125 -3.39150429E-05 -0.70703125
vn 0.577148438 0.577148438 -0.577148438
vn 0.70703125 -3.39150429E-05 -0.70703125
vn 0.577148438 0.577148438 -0.577148438
vn 0.904296875 0.301513672 -0.301513672
vn 0.70703125 0 -0.70703125
vn 0.70703125 0 0.70703125
vn 0.70703125 0 -0.70703125
vn 0.70703125 0 0.70703125
vn 0.70703125 0 -0.70703125
vn 0.70703125 0 0.70703125
vn -3.39150429E-05 0.70703125 0.70703125
vn -0.577148438 0.577148438 0.577148438
vn -0.70703125 0.70703125 -3.39150429E-05
vn -0.301513672 0.904296875 0.301513672
vn 0.577148438 0.577148438 0.577148438
vn 0.904296875 0.301513672 0.301513672
vn -0.70703125 0.70703125 -3.39150429E-05
vn -0.301513672 0.904296875 -0.301513672
vn -0.301513672 -0.301513672 0.904296875
vn -0.577148438 0.577148438 -0.577148438
vn 3.39150429E-05 0.70703125 -0.70703125
vn -0.301513672 -0.301513672 -0.904296875
vn 0.904296875 0.301513672 -0.301513672
vn 0.577148438 0.577148438 -0.577148438
vn 0.333251953 -0.666503906 0.666503906
vn 0.333251953 0.666503906 0.666503906
vn 0.333251953 -0.666503906 -0.666503906
vn 0.301513672 -0.301513672 0.904296875
vn -0.301513672 -0.301513672 -0.904296875
vn -0.301513672 0.301513672 -0.904296875
vn 0.301513672 -0.301513672 -0.904296875
vn 0.301513672 0.301513672 -0.904296875
vn 0.70703125 0 -0.70703125
vn 0.904296875 0.301513672 -0.301513672
vn -0.301513672 0.904296875 -0.301513672
vn 0.70703125 0 -0.70703125
vn -0.301513672 -0.301513672 -0.904296875
vn 0.70703125 0 -0.70703125
vn -0.70703125 0 -0.70703125
vn -0.904296875 0.301513672 -0.301513672
vn 0.301513672 0.904296875 -0.301513672
vn -0.70703125 0 -0.70703125
vn 0.301513672 -0.301513672 -0.904296875
vn -0.70703125 0 -0.70703125
vn -0.301513672 -0.301513672 0.904296875
vn -0.301513672 0.301513672 0.904296875
vn 0.333251953 -0.666503906 0.666503906
vn 0.333251953 -0.666503906 -0.666503906
vn -0.301513672 0.301513672 -0.904296875
vn 0.301513672 0.301513672 -0.904296875
vn 0.333251953 0.666503906 0.666503906
vn 0.301513672 -0.301513672 0.904296875
vn 0.301513672 0.301513672 0.904296875
vn 0.333251953 0.666503906 -0.666503906
vn -0.301513672 0.301513672 0.904296875
vn 0.301513672 0.301513672 0.904296875
vn 0.70703125 0 0.70703125
vn 0.70703125 0 0.70703125
vn 0.577148438 0.577148438 0.577148438
vn -0.70703125 0 0.70703125
vn -0.70703125 0 0.70703125
vn -0.577148438 0.577148438 0.577148438
vn -0.577148438 0.577148438 0.577148438
vn -0.577148438 0.577148438 -0.577148438
vn 0.577148438 0.577148438 -0.577148438
vn 0.70703125 0 -0.70703125
vn 0.577148438 0.577148438 0.577148438
vn 0.577148438 0.577148438 -0.577148438
vn -0.577148438 0.577148438 -0.577148438
vn -0.70703125 0 -0.70703125
vn 0.70703125 0 -0.70703125
vn 0.70703125 0 -0.70703125
vn -0.301513672 -0.301513672 -0.904296875
vn -0.70703125 0 -0.70703125
vn 0.301513672 -0.301513672 -0.904296875
vn -0.70703125 0 -0.70703125
vn 0.434570312 0.673339844 0.598144531
vn 0.598144531 0.673339844 0.434570312
vn 0.598144531 -0.673339844 0.434570312
vn 0.434570312 -0.673339844 0.598144531
vn 0.228393555 0.673339844 0.703125
vn 0.228393555 -0.673339844 0.703125
vn -2.38418579E-07 0.673339844 0.739257812
vn -2.38418579E-07 -0.673339844 0.739257812
vn -0.228393555 0.673339844 0.703125
vn -0.228393555 -0.673339844 0.703125
vn -0.434570312 0.673339844 0.598144531
vn -0.434570312 -0.673339844 0.598144531
vn 0.598144531 0.673339844 0.434570312
vn 0.703125 -0.673339844 0.228393555
vn 0.598144531 -0.673339844 0.434570312
vn 0.703125 0.673339844 0.228393555
vn 0.739257812 -0.673339844 0
vn 0.739257812 0.673339844 0
vn 0.703125 -0.673339844 -0.228393555
vn 0.703125 0.673339844 -0.228393555
vn 0.598144531 -0.673339844 -0.434570312
vn 0.598144531 0.673339844 -0.434570312
vn 0.598144531 0.673339844 -0.434570312
vn 0.434570312 -0.673339844 -0.598144531
vn 0.598144531 -0.673339844 -0.434570312
vn 0.434570312 0.673339844 -0.598144531
vn 0.228393555 -0.673339844 -0.703125
vn 0.228393555 0.673339844 -0.703125
vn -0 -0.673339844 -0.739257812
vn -0 0.673339844 -0.739257812
vn -0.228393555 -0.673339844 -0.703125
vn -0.228393555 0.673339844 -0.703125
vn -0.434570312 -0.673339844 -0.598144531
vn -0.434570312 0.673339844 -0.598144531
vn -0.434570312 0.673339844 -0.598144531
vn -0.598144531 0.673339844 -0.434570312
vn -0.598144531 -0.673339844 -0.434570312
vn -0.434570312 -0.673339844 -0.598144531
vn -0.891113281 0 -0.454101562
vn -0.891113281 0 -0.454101562
vn -0.891113281 0 -0.454101562
vn -0.891113281 0 -0.454101562
vn -0.891113281 0 0.454101562
vn -0.891113281 0 0.454101562
vn -0.891113281 0 0.454101562
vn -0.891113281 0 0.454101562
vn -0.598144531 0.673339844 0.434570312
vn -0.434570312 0.673339844 0.598144531
vn -0.434570312 -0.673339844 0.598144531
vn -0.598144531 -0.673339844 0.434570312
vn 0.228393555 -0.673339844 -0.703125
vn -0 -0.673339844 -0.739257812
vn -0.228393555 -0.673339844 -0.703125
vn 0.434570312 -0.673339844 -0.598144531
vn -0.434570312 -0.673339844 -0.598144531
vn 0.598144531 -0.673339844 -0.434570312
vn -0.598144531 -0.673339844 -0.434570312
vn 0.703125 -0.673339844 -0.228393555
vn -0.703125 -0.673339844 -0.228393555
vn 0.739257812 -0.673339844 0
vn -0.739257812 -0.673339844 -3.8921833E-05
vn 0.703125 -0.673339844 0.228393555
vn -0.703125 -0.673339844 0.228393555
vn 0.598144531 -0.673339844 0.434570312
vn -0.598144531 -0.673339844 0.434570312
vn 0.434570312 -0.673339844 0.598144531
vn -0.434570312 -0.673339844 0.598144531
vn 0.228393555 -0.673339844 0.703125
vn -0.228393555 -0.673339844 0.703125
vn -2.38418579E-07 -0.673339844 0.739257812
vn -0.228393555 0.673339844 -0.703125
vn -0 0.673339844 -0.739257812
vn 0.228393555 0.673339844 -0.703125
vn -0.434570312 0.673339844 -0.598144531
vn 0.434570312 0.673339844 -0.598144531
vn 0.598144531 0.673339844 -0.434570312
vn -0.598144531 0.673339844 -0.434570312
vn -0.703125 0.673339844 -0.228393555
vn 0.703125 0.673339844 -0.228393555
vn -0.739257812 0.673339844 -3.85642052E-05
vn 0.739257812 0.673339844 0
vn 0.703125 0.673339844 0.228393555
vn -0.703125 0.673339844 0.228393555
vn 0.598144531 0.673339844 0.434570312
vn -0.598144531 0.673339844 0.434570312
vn 0.434570312 0.673339844 0.598144531
vn -0.434570312 0.673339844 0.598144531
vn -0.228393555 0.673339844 0.703125
vn 0.228393555 0.673339844 0.703125
vn -2.38418579E-07 0.673339844 0.739257812
vn -0 -1 0
vn -0 -1 0
vn -0 -1 0
vn -0 -1 0
vn -0 -1 0
vn -0 -1 0
vn -0 0 1
vn -0 0 1
vn -0 0 1
vn -0 0 1
vn -0 0 1
vn -0 0 1
vn -0 0 1
vn -0 0 1
vn -0 0 1
vn -0 0 1
vn -0 0 1
vn -0 0 1
vn -0 1 0
vn -0 1 0
vn -0 1 0
vn -0 1 0
vn -0 1 0
vn -0 1 0
vn 0.70703125 0 0.70703125
vn 0.577148438 0.577148438 0.577148438
vn 0.577148438 0.577148438 -0.577148438
vn 0.70703125 0 -0.70703125
vn 0.70703125 0 0.70703125
vn 0.70703125 0 -0.70703125
vn -0.301513672 0.904296875 0.301513672
vn 0.70703125 0 0.70703125
vn 0.904296875 0.301513672 0.301513672
vn 0.70703125 0 0.70703125
vn 0.70703125 0 0.70703125
vn -0.301513672 0.301513672 0.904296875
vn 0.70703125 0 0.70703125
vn -0.301513672 -0.301513672 0.904296875
vn 0.333251953 0.666503906 -0.666503906
vn 0.301513672 0.301513672 0.904296875
vn -0.70703125 0 0.70703125
vn -0.70703125 0 0.70703125
vn -0.70703125 0 0.70703125
vn 0.301513672 -0.301513672 0.904296875
vn 0.301513672 0.904296875 -0.301513672
vn 0.301513672 -0.301513672 -0.904296875
vn 0.301513672 0.904296875 0.301513672
vn 0.70703125 0.70703125 3.39150429E-05
vn 0.577148438 0.577148438 -0.577148438
vn 3.39150429E-05 0.70703125 -0.70703125
vn -0.904296875 0.301513672 -0.301513672
vn -0.577148438 0.577148438 -0.577148438
vn 0.70703125 0.70703125 3.39150429E-05
vn -3.39150429E-05 0.70703125 0.70703125
vn 0.577148438 0.577148438 0.577148438
vn -0.577148438 0.577148438 0.577148438
vn -0.904296875 0.301513672 0.301513672
vn 0.301513672 0.904296875 0.301513672
vn -0.70703125 0 0.70703125
vn -0.904296875 0.301513672 0.301513672
vn -0.583496094 -0.573730469 0.575195312
vn -0.582519531 -0.570800781 -0.579101562
vn -0.301269531 -0.905761719 -0.297851562
vn -0.302246094 -0.904785156 0.300292969
vn -0.583496094 -0.573730469 0.575195312
vn 0.5703125 -0.583984375 0.577636719
vn 0.69921875 -0.715332031 -0.00057554245
vn -0.582519531 -0.570800781 -0.579101562
vn 0.708984375 -0.704589844 -0.0354614258
vn 0.706054688 -0.693847656 -0.140991211
vn 0.666015625 -0.692871094 -0.275878906
vn 0.600097656 -0.691894531 -0.400878906
vn 0.511230469 -0.690917969 -0.511230469
vn 0.402099609 -0.689453125 -0.602539062
vn 0.276855469 -0.6875 -0.670898438
vn 0.139648438 -0.685546875 -0.714355469
vn -0.0036907196 -0.702148438 -0.712402344
vn 0.0317993164 -0.694335938 -0.71875
vn -0 0 1
vn -0 0 1
vn -0 0 1
vn -0 0 1
vn -0 0 1
vn -0 0 1
vn -0.904296875 0.301513672 0.301513672
vn -0.904296875 0.301513672 0.301513672
vn -0.577148438 0.577148438 0.577148438
vn -1 0 0
vn -0.904296875 -0.301513672 0.301513672
vn -0.577148438 0.577148438 0.577148438
vn -0.577148438 -0.577148438 0.577148438
vn -1 0 0
vn -0.70703125 3.39150429E-05 0.70703125
vn -0.89453125 0.447265625 0
vn -1 0 0
vn -0.70703125 0.70703125 0
vn -1 0 0
vn -0.70703125 3.39150429E-05 -0.70703125
vn -0.577148438 0.577148438 -0.577148438
vn -0.70703125 3.39150429E-05 -0.70703125
vn -0.577148438 0.577148438 -0.577148438
vn -0.904296875 0.301513672 -0.301513672
vn -0.70703125 0 -0.70703125
vn -0.70703125 0 0.70703125
vn -0.70703125 0 -0.70703125
vn -0.70703125 0 0.70703125
vn -0.70703125 0 -0.70703125
vn -0.70703125 0 0.70703125
vn -0.434570312 0.673339844 0.598144531
vn -0.598144531 -0.673339844 0.434570312
vn -0.598144531 0.673339844 0.434570312
vn -0.434570312 -0.673339844 0.598144531
vn -0.228393555 0.673339844 0.703125
vn -0.228393555 -0.673339844 0.703125
vn 2.98023224E-07 0.673339844 0.739257812
vn 2.98023224E-07 -0.673339844 0.739257812
vn 0.228393555 0.673339844 0.703125
vn 0.228393555 -0.673339844 0.703125
vn 0.434570312 0.673339844 0.598144531
vn 0.434570312 -0.673339844 0.598144531
vn -0.598144531 0.673339844 0.434570312
vn -0.598144531 -0.673339844 0.434570312
vn -0.703125 -0.673339844 0.228393555
vn -0.703125 0.673339844 0.228393555
vn -0.739257812 -0.673339844 0
vn -0.739257812 0.673339844 0
vn -0.703125 -0.673339844 -0.228393555
vn -0.703125 0.673339844 -0.228393555
vn -0.598144531 -0.673339844 -0.434570312
vn -0.598144531 0.673339844 -0.434570312
vn -0.598144531 0.673339844 -0.434570312
vn -0.598144531 -0.673339844 -0.434570312
vn -0.434570312 -0.673339844 -0.598144531
vn -0.434570312 0.673339844 -0.598144531
vn -0.228393555 -0.673339844 -0.703125
vn -0.228393555 0.673339844 -0.703125
vn -0 -0.673339844 -0.739257812
vn -0 0.673339844 -0.739257812
vn 0.228393555 -0.673339844 -0.703125
vn 0.228393555 0.673339844 -0.703125
vn 0.434570312 -0.673339844 -0.598144531
vn 0.434570312 0.673339844 -0.598144531
vn 0.434570312 0.673339844 -0.598144531
vn 0.434570312 -0.673339844 -0.598144531
vn 0.598144531 -0.673339844 -0.434570312
vn 0.598144531 0.673339844 -0.434570312
vn 0.891113281 0 -0.454101562
vn 0.891113281 0 -0.454101562
vn 0.891113281 0 -0.454101562
vn 0.891113281 0 -0.454101562
vn 0.891113281 0 0.454101562
vn 0.891113281 0 0.454101562
vn 0.891113281 0 0.454101562
vn 0.891113281 0 0.454101562
vn 0.598144531 0.673339844 0.434570312
vn 0.598144531 -0.673339844 0.434570312
vn 0.434570312 -0.673339844 0.598144531
vn 0.434570312 0.673339844 0.598144531
vn 0.228393555 -0.673339844 -0.703125
vn -0 -0.673339844 -0.739257812
vn -0.228393555 -0.673339844 -0.703125
vn 0.434570312 -0.673339844 -0.598144531
vn -0.434570312 -0.673339844 -0.598144531
vn -0.598144531 -0.673339844 -0.434570312
vn 0.598144531 -0.673339844 -0.434570312
vn 0.703125 -0.673339844 -0.228393555
vn -0.703125 -0.673339844 -0.228393555
vn 0.739257812 -0.673339844 -3.79681587E-05
vn -0.739257812 -0.673339844 0
vn -0.703125 -0.673339844 0.228393555
vn 0.703125 -0.673339844 0.228393555
vn -0.598144531 -0.673339844 0.434570312
vn 0.598144531 -0.673339844 0.434570312
vn -0.434570312 -0.673339844 0.598144531
vn 0.434570312 -0.673339844 0.598144531
vn 0.228393555 -0.673339844 0.703125
vn -0.228393555 -0.673339844 0.703125
vn 2.98023224E-07 -0.673339844 0.739257812
vn -0.228393555 0.673339844 -0.703125
vn -0 0.673339844 -0.739257812
vn 0.228393555 0.673339844 -0.703125
vn -0.434570312 0.673339844 -0.598144531
vn 0.434570312 0.673339844 -0.598144531
vn -0.598144531 0.673339844 -0.434570312
vn 0.598144531 0.673339844 -0.434570312
vn -0.703125 0.673339844 -0.228393555
vn 0.703125 0.673339844 -0.228393555
vn -0.739257812 0.673339844 0
vn 0.739257812 0.673339844 -3.8087368E-05
vn -0.703125 0.673339844 0.228393555
vn 0.703125 0.673339844 0.228393555
vn -0.598144531 0.673339844 0.434570312
vn 0.598144531 0.673339844 0.434570312
vn -0.434570312 0.673339844 0.598144531
vn 0.434570312 0.673339844 0.598144531
vn -0.228393555 0.673339844 0.703125
vn 0.228393555 0.673339844 0.703125
vn 2.98023224E-07 0.673339844 0.739257812
vn -0 -1 0
vn -0 -1 0
vn -0 -1 0
vn -0 -1 0
vn -0 -1 0
vn -0 -1 0
vn -0 0 1
vn -0 0 1
vn -0 0 1
vn -0 0 1
vn -0 0 1
vn -0 0 1
vn -0 0 1
vn -0 0 1
vn -0 0 1
vn -0 0 1
vn -0 0 1
vn -0 0 1
vn -0 1 0
vn -0 1 0
vn -0 1 0
vn -0 1 0
vn -0 1 0
vn -0 1 0
vn -0.70703125 0 0.70703125
vn -0.577148438 0.577148438 -0.577148438
vn -0.577148438 0.577148438 0.577148438
vn -0.70703125 0 -0.70703125
vn -0.70703125 0 0.70703125
vn -0.70703125 0 -0.70703125
vn -0.360107422 -0.871582031 -0.332763672
vn -0.71484375 0 -0.69921875
vn 0.0184326172 0 -1
vn 0.0118560791 -0.740722656 -0.671875
vn 0.0118560791 0.740722656 -0.671875
vn -0.171264648 -0.974121094 -0.147460938
vn 0.00495529175 -0.940917969 -0.337890625
vn -0.360107422 0.871582031 -0.332763672
vn 0.00495529175 0.94140625 -0.337890625
vn -0.0804443359 -0.994628906 -0.067565918
vn 0.00169086456 -0.985839844 -0.166748047
vn -0.171264648 0.974121094 -0.147338867
vn 0.00169086456 0.985839844 -0.166748047
vn -0.0152816772 -1 -0.0127182007
vn 0.000317811966 -0.998535156 -0.050994873
vn -0.0803833008 0.994628906 -0.067565918
vn 0.000317811966 0.998535156 -0.0510559082
vn 0.0462036133 -0.998046875 0.0380249023
vn 0.000306844711 -0.998535156 0.05078125
vn -0.0152816772 1 -0.0127334595
vn 0.000306844711 0.998535156 0.05078125
vn 0.120300293 -0.987792969 0.0992431641
vn 0.00159358978 -0.986328125 0.165405273
vn 0.0462036133 0.998046875 0.0380249023
vn 0.00159358978 0.986328125 0.165405273
vn 0.236938477 -0.950683594 0.199951172
vn 0.00457382202 -0.942382812 0.334472656
vn 0.120300293 0.987792969 0.0992431641
vn 0.00457382202 0.942382812 0.334472656
vn 0.482177734 -0.755371094 0.443603516
vn 0.010848999 -0.744628906 0.667480469
vn 0.236938477 0.950683594 0.199951172
vn 0.0108566284 0.744628906 0.666992188
vn 0.727050781 5.2511692E-05 0.686523438
vn 0.0169219971 7.64727592E-05 1
vn 0.482177734 0.755371094 0.443603516
vn 0.236938477 -0.950683594 -0.199951172
vn 0.482177734 -0.755371094 -0.443603516
vn 0.727050781 5.2511692E-05 -0.686523438
vn 0.482177734 0.755371094 -0.443603516
vn 0.236938477 0.950683594 -0.199951172
vn 0.120300293 0.987792969 -0.0992431641
vn 0.120300293 -0.987792969 -0.0992431641
vn 0.0462036133 0.998046875 -0.0380249023
vn 0.0462036133 -0.998046875 -0.0380249023
vn -0.0152816772 1 0.0127334595
vn -0.0152816772 -1 0.0127182007
vn -0.0803833008 0.994628906 0.067565918
vn -0.0804443359 -0.994628906 0.067565918
vn -0.171264648 0.974121094 0.147338867
vn -0.171264648 -0.974121094 0.147460938
vn -0.360107422 0.871582031 0.332763672
vn -0.360107422 -0.871582031 0.332763672
vn -0.71484375 0 0.69921875
vn 0.000317811966 -0.998535156 0.050994873
vn 0.00169086456 -0.985839844 0.166748047
vn 0.000306844711 -0.998535156 -0.05078125
vn 0.00495529175 -0.940917969 0.337890625
vn 0.0118560791 -0.740722656 0.671875
vn 0.00159358978 -0.986328125 -0.165405273
vn 0.0184326172 0 1
vn 0.0118560791 0.740722656 0.671875
vn 0.00457382202 -0.942382812 -0.334472656
vn 0.00495529175 0.94140625 0.337890625
vn 0.010848999 -0.744628906 -0.667480469
vn 0.00169086456 0.985839844 0.166748047
vn 0.0169219971 7.64727592E-05 -1
vn 0.000317811966 0.998535156 0.0510559082
vn 0.0108566284 0.744628906 -0.666992188
vn 0.000306844711 0.998535156 -0.05078125
vn 0.00457382202 0.942382812 -0.334472656
vn 0.00159358978 0.986328125 -0.165405273
vn -0 -0.787109375 -0.616699219
vn -0 0 -1
vn -0 0 -1
vn -0 -0.787109375 -0.616699219
vn -0 0.787109375 -0.616699219
vn -0 -0.956542969 -0.291503906
vn -0 0.787109375 -0.616699219
vn -0 -0.956542969 -0.291503906
vn -0 0.956542969 -0.291503906
vn -0 -0.989746094 -0.142089844
vn -0 0.956542969 -0.291503906
vn -0 -0.989746094 -0.142089844
vn -0 0.989746094 -0.142089844
vn -0 -0.999023438 -0.0433959961
vn -0 0.989746094 -0.142089844
vn -0 -0.999023438 -0.0433959961
vn -0 0.999023438 -0.0434570312
vn -0 -0.999023438 0.0433959961
vn -0 0.999023438 -0.0434570312
vn -0 -0.999023438 0.0433959961
vn -0 0.999023438 0.0434570312
vn -0 -0.989746094 0.142089844
vn -0 0.999023438 0.0434570312
vn -0 -0.989746094 0.142089844
vn -0 0.989746094 0.142089844
vn -0 -0.956542969 0.291503906
vn -0 0.989746094 0.142089844
vn -0 -0.956542969 0.291503906
vn -0 0.956542969 0.291503906
vn -0 -0.787109375 0.616699219
vn -0 0.956542969 0.291503906
vn -0 -0.787109375 0.616699219
vn -0 0.787109375 0.616699219
vn -0 0 1
vn -0 0.787109375 0.616699219
vn -0 0 1
vn -0 -0.787109375 -0.616699219
vn -0 0 -1
vn -0 0 -1
vn -0 -0.787109375 -0.616699219
vn -0 0.787109375 -0.616699219
vn -0 -0.956542969 -0.291503906
vn -0 0.787109375 -0.616699219
vn -0 -0.956542969 -0.291503906
vn -0 0.956542969 -0.291503906
vn -0 -0.989746094 -0.142089844
vn -0 0.956542969 -0.291503906
vn -0 -0.989746094 -0.142089844
vn -0 0.989746094 -0.142089844
vn -0 -0.999023438 -0.0433959961
vn -0 0.989746094 -0.142089844
vn -0 -0.999023438 -0.0433959961
vn -0 0.999023438 -0.0434570312
vn -0 -0.999023438 0.0433959961
vn -0 0.999023438 -0.0434570312
vn -0 -0.999023438 0.0433959961
vn -0 0.999023438 0.0434570312
vn -0 -0.989746094 0.142089844
vn -0 0.999023438 0.0434570312
vn -0 -0.989746094 0.142089844
vn -0 0.989746094 0.142089844
vn -0 -0.956542969 0.291503906
vn -0 0.989746094 0.142089844
vn -0 -0.956542969 0.291503906
vn -0 0.956542969 0.291503906
vn -0 -0.787109375 0.616699219
vn -0 0.956542969 0.291503906
vn -0 -0.787109375 0.616699219
vn -0 0.787109375 0.616699219
vn -0 0 1
vn -0 0.787109375 0.616699219
vn -0 0 1
vn 0.331298828 -0.870117188 -0.364990234
vn 0.69140625 0 -0.72265625
vn 1 0 0.00155258179
vn 0.66796875 -0.744140625 0.000994682312
vn 0.66796875 0.744140625 0.000994682312
vn 0.146972656 -0.974121094 -0.172973633
vn 0.335449219 -0.941894531 0.000417232513
vn 0.331298828 0.870117188 -0.364990234
vn 0.335449219 0.941894531 0.000416994095
vn 0.067565918 -0.994628906 -0.0809936523
vn 0.165771484 -0.986328125 0.000143766403
vn 0.146972656 0.974121094 -0.173095703
vn 0.165771484 0.986328125 0.000143766403
vn 0.0127563477 -1 -0.01537323
vn 0.0508422852 -0.998535156 2.74181366E-05
vn 0.067565918 0.994628906 -0.0809936523
vn 0.0508422852 0.998535156 2.74181366E-05
vn -0.0381774902 -0.998046875 0.0459899902
vn -0.0508422852 -0.998535156 2.72989273E-05
vn 0.0127563477 1 -0.01537323
vn -0.0508422852 0.998535156 2.72989273E-05
vn -0.0997924805 -0.987792969 0.119384766
vn -0.165649414 -0.986328125 0.000142931938
vn -0.0381774902 0.998046875 0.0459899902
vn -0.165649414 0.986328125 0.000142931938
vn -0.201416016 -0.951171875 0.234619141
vn -0.335205078 -0.942382812 0.000414133072
vn -0.0997924805 0.987792969 0.11932373
vn -0.335205078 0.942382812 0.000414133072
vn -0.446777344 -0.756347656 0.477783203
vn -0.667480469 -0.744628906 0.000987052917
vn -0.201416016 0.951171875 0.234619141
vn -0.667480469 0.744628906 0.000987052917
vn -0.689941406 4.8160553E-05 0.723632812
vn -1 0 0.0015411377
vn -0.446777344 0.756347656 0.477783203
vn 0.201416016 -0.951171875 0.234619141
vn 0.446777344 -0.756347656 0.477783203
vn 0.689941406 4.8160553E-05 0.723632812
vn 0.446777344 0.756347656 0.477783203
vn 0.201416016 0.951171875 0.234619141
vn 0.0997924805 0.987792969 0.11932373
vn 0.0997924805 -0.987792969 0.119384766
vn 0.0381774902 0.998046875 0.0459899902
vn 0.0381774902 -0.998046875 0.0459899902
vn -0.0127563477 1 -0.01537323
vn -0.0127563477 -1 -0.01537323
vn -0.067565918 0.994628906 -0.0809936523
vn -0.067565918 -0.994628906 -0.0809936523
vn -0.146972656 0.974121094 -0.173095703
vn -0.146972656 -0.974121094 -0.172973633
vn -0.331298828 0.870117188 -0.364990234
vn -0.331298828 -0.870117188 -0.364990234
vn -0.69140625 0 -0.72265625
vn -0.0508422852 -0.998535156 2.72989273E-05
vn -0.165771484 -0.986328125 0.000143766403
vn 0.0508422852 -0.998535156 2.72989273E-05
vn -0.335449219 -0.941894531 0.000417232513
vn -0.66796875 -0.744140625 0.000994682312
vn 0.165649414 -0.986328125 0.000143051147
vn -1 0 0.00155258179
vn -0.66796875 0.744140625 0.000994682312
vn 0.335205078 -0.942382812 0.00041437149
vn -0.335449219 0.941894531 0.000416994095
vn 0.667480469 -0.744628906 0.000987052917
vn -0.165771484 0.986328125 0.000143766403
vn 1 0 0.0015411377
vn -0.0508422852 0.998535156 2.74181366E-05
vn 0.667480469 0.744628906 0.000987052917
vn 0.0508422852 0.998535156 2.72989273E-05
vn 0.335205078 0.942382812 0.000414133072
vn 0.165649414 0.986328125 0.000142931938
vn 0.331298828 -0.870117188 -0.364990234
vn 0.69140625 0 -0.72265625
vn 1 0 0.00155258179
vn 0.66796875 -0.744140625 0.000994682312
vn 0.66796875 0.744140625 0.000994682312
vn 0.146972656 -0.974121094 -0.172973633
vn 0.335449219 -0.941894531 0.000417232513
vn 0.331298828 0.870117188 -0.364990234
vn 0.335449219 0.941894531 0.000416994095
vn 0.067565918 -0.994628906 -0.0809326172
vn 0.165771484 -0.986328125 0.000143766403
vn 0.146972656 0.974121094 -0.173095703
vn 0.165771484 0.986328125 0.000143647194
vn 0.0127563477 -1 -0.0153579712
vn 0.0508728027 -0.998535156 2.74181366E-05
vn 0.067565918 0.994628906 -0.0809936523
vn 0.0508728027 0.998535156 2.74181366E-05
vn -0.0381469727 -0.998046875 0.0459899902
vn -0.0508422852 -0.998535156 2.72989273E-05
vn 0.0127563477 1 -0.01537323
vn -0.0508422852 0.998535156 2.72989273E-05
vn -0.0997924805 -0.987792969 0.119384766
vn -0.165649414 -0.986328125 0.000142931938
vn -0.0381469727 0.998046875 0.0459899902
vn -0.165649414 0.986328125 0.000142931938
vn -0.201416016 -0.951171875 0.234619141
vn -0.335205078 -0.942382812 0.000414133072
vn -0.0997924805 0.987792969 0.11932373
vn -0.335205078 0.942382812 0.000414133072
vn -0.446777344 -0.756347656 0.477783203
vn -0.667480469 -0.744628906 0.000987052917
vn -0.201416016 0.951171875 0.234619141
vn -0.667480469 0.744628906 0.000987052917
vn -0.689941406 4.8160553E-05 0.723632812
vn -1 0 0.0015411377
vn -0.446777344 0.756347656 0.477783203
vn 0.236206055 -0.942382812 0.236328125
vn 0.483886719 -0.729003906 0.483886719
vn 0.70703125 4.7147274E-05 0.70703125
vn 0.483886719 0.729003906 0.483886719
vn 0.236206055 0.942382812 0.236206055
vn 0.119567871 0.985839844 0.119506836
vn 0.119567871 -0.985839844 0.119567871
vn 0.0459899902 0.998046875 0.0459899902
vn 0.0459899902 -0.998046875 0.0459899902
vn -0.0153656006 1 -0.0153884888
vn -0.0153656006 -1 -0.01537323
vn -0.0811157227 0.993164062 -0.0811767578
vn -0.0811157227 -0.993164062 -0.0811157227
vn -0.174072266 0.969238281 -0.174072266
vn -0.174072266 -0.969238281 -0.174072266
vn -0.369873047 0.852539062 -0.369873047
vn -0.369873047 -0.852539062 -0.369873047
vn -0.70703125 0 -0.70703125
vn -0.0152816772 -1 0.0127334595
vn -0.0804443359 -0.994628906 0.067565918
vn -0.171264648 -0.974121094 0.147338867
vn -0.360107422 -0.871582031 0.332763672
vn -0.71484375 -1.43051147E-06 0.69921875
vn -0.360107422 0.871582031 0.332763672
vn 0.0462036133 -0.998046875 -0.0380249023
vn -0.171264648 0.974121094 0.147338867
vn 0.120239258 -0.987792969 -0.0992431641
vn -0.0804443359 0.994628906 0.0676269531
vn 0.236938477 -0.950683594 -0.199951172
vn -0.0152816772 1 0.0127487183
vn 0.482177734 -0.755371094 -0.443603516
vn 0.0462036133 0.998046875 -0.0380249023
vn 0.727050781 1.31130219E-06 -0.686523438
vn 0.120239258 0.987792969 -0.0992431641
vn 0.482177734 0.755371094 -0.443603516
vn 0.236938477 0.950683594 -0.199951172
vn 0.00542068481 -0.766601562 -0.642578125
vn 0.00863647461 9.53674316E-07 -1
vn 0.00542068481 0.766601562 -0.642578125
vn 0.00228691101 0.949707031 -0.312988281
vn 0.000796318054 0.98828125 -0.153808594
vn 0.000153422356 0.999023438 -0.0471191406
vn 0.00228691101 -0.949707031 -0.312988281
vn 0.000158786774 0.999023438 0.0472717285
vn 0.000796318054 -0.98828125 -0.153808594
vn 0.000844955444 0.987792969 0.154541016
vn 0.000153422356 -0.999023438 -0.047088623
vn 0.00247764587 0.94921875 0.314697266
vn 0.000158786774 -0.999023438 0.0472412109
vn 0.00592041016 0.764648438 0.64453125
vn 0.000844955444 -0.987792969 0.154418945
vn 0.00942230225 -1.07288361E-06 1
vn 0.00247764587 -0.94921875 0.314697266
vn 0.00592041016 -0.764648438 0.64453125
vn -0 -0.999023438 -0.0434265137
vn -0 -0.999023438 0.0434265137
vn -0 -0.989746094 0.142089844
vn -0 -0.956542969 0.291503906
vn -0 -0.787109375 0.616699219
vn -0 4.22000885E-05 1
vn -0 -0.989746094 -0.142089844
vn -0 0.787109375 0.616699219
vn -0 -0.956542969 -0.291503906
vn -0 0.956542969 0.291503906
vn -0 -0.787109375 -0.616699219
vn -0 0.989746094 0.142089844
vn -0 4.22000885E-05 -1
vn -0 0.999023438 0.0434570312
vn -0 0.787109375 -0.616699219
vn -0 0.999023438 -0.0434570312
vn -0 0.956542969 -0.291503906
vn -0 0.989746094 -0.142089844
vn -0 4.22000885E-05 -1
vn -0 0.787109375 -0.616699219
vn -0 0.956542969 -0.291503906
vn -0 0.989746094 -0.142089844
vn -0 0.999023438 -0.0434570312
vn -0 0.999023438 0.0434570312
vn -0 -0.787109375 -0.616699219
vn -0 0.989746094 0.142089844
vn -0 -0.956542969 -0.291503906
vn -0 0.956542969 0.291503906
vn -0 -0.989746094 -0.142089844
vn -0 0.787109375 0.616699219
vn -0 -0.999023438 -0.0434265137
vn -0 4.21404839E-05 1
vn -0 -0.999023438 0.0434265137
vn -0 -0.787109375 0.616699219
vn -0 -0.989746094 0.142089844
vn -0 -0.956542969 0.291503906
vn -0.000796318054 -0.98828125 -0.153808594
vn -0.000153422356 -0.999023438 -0.047088623
vn -0.000158786774 -0.999023438 0.0472412109
vn -0.000844955444 -0.987792969 0.154418945
vn -0.00247764587 -0.94921875 0.314697266
vn -0.00592041016 -0.764648438 0.64453125
vn -0.00228691101 -0.949707031 -0.312988281
vn -0.00942230225 0 1
vn -0.00542068481 -0.766601562 -0.642578125
vn -0.00592041016 0.764648438 0.64453125
vn -0.00863647461 0 -1
vn -0.00247764587 0.94921875 0.314697266
vn -0.00542068481 0.766601562 -0.642578125
vn -0.000844955444 0.987792969 0.154541016
vn -0.00228691101 0.949707031 -0.312988281
vn -0.000158786774 0.999023438 0.0472717285
vn -0.000796318054 0.98828125 -0.153808594
vn -0.000153422356 0.999023438 -0.0471191406
vn -0.482177734 0.755371094 -0.443603516
vn -0.236938477 0.950683594 -0.199951172
vn -0.120300293 0.987792969 -0.0992431641
vn -0.0462036133 0.998046875 -0.0380249023
vn 0.0152816772 1 0.0127487183
vn 0.0803833008 0.994628906 0.0676269531
vn -0.727050781 0 -0.686523438
vn 0.171264648 0.974121094 0.147338867
vn -0.482177734 -0.755371094 -0.443603516
vn 0.360107422 0.871582031 0.332763672
vn -0.236938477 -0.950683594 -0.199951172
vn 0.71484375 0 0.69921875
vn -0.120300293 -0.987792969 -0.0992431641
vn 0.360107422 -0.871582031 0.332763672
vn -0.0462036133 -0.998046875 -0.0380249023
vn 0.171264648 -0.974121094 0.147338867
vn 0.0152816772 -1 0.0127334595
vn 0.0804443359 -0.994628906 0.067565918
vn -0.236206055 -0.942382812 0.236328125
vn -0.119567871 -0.985839844 0.119567871
vn -0.0459899902 -0.998046875 0.0459899902
vn 0.0153656006 -1 -0.0153579712
vn 0.0811157227 -0.993164062 -0.0810546875
vn 0.174072266 -0.969238281 -0.174072266
vn -0.483886719 -0.729003906 0.483886719
vn 0.369873047 -0.852539062 -0.369873047
vn -0.70703125 4.7147274E-05 0.70703125
vn 0.70703125 0 -0.70703125
vn -0.483886719 0.729003906 0.483886719
vn 0.369873047 0.852539062 -0.369873047
vn -0.236206055 0.942382812 0.236206055
vn 0.174072266 0.969238281 -0.174072266
vn -0.119567871 0.985839844 0.119567871
vn 0.0811157227 0.993164062 -0.0811157227
vn -0.0459899902 0.998046875 0.0459594727
vn 0.0153656006 1 -0.01537323
vn 0.201416016 0.951171875 0.234619141
vn 0.0997924805 0.987792969 0.11932373
vn 0.0381469727 0.998046875 0.0459594727
vn -0.0127563477 1 -0.0153579712
vn -0.067565918 0.994628906 -0.0809936523
vn -0.146972656 0.973632812 -0.173095703
vn 0.446777344 0.756347656 0.477783203
vn -0.331298828 0.870117188 -0.364990234
vn 0.689941406 4.8160553E-05 0.723632812
vn -0.69140625 0 -0.72265625
vn 0.446777344 -0.756347656 0.477783203
vn -0.331298828 -0.870117188 -0.364990234
vn 0.201416016 -0.951171875 0.234619141
vn -0.146972656 -0.974121094 -0.172973633
vn 0.0997924805 -0.987792969 0.119384766
vn -0.067565918 -0.994628906 -0.0809326172
vn 0.0381469727 -0.998046875 0.0459899902
vn -0.0127563477 -1 -0.0153427124
vn 0.667480469 -0.744628906 0.000987052917
vn 0.335205078 -0.942382812 0.000414133072
vn 1 0 0.0015411377
vn 0.165649414 -0.986328125 0.000143051147
vn 0.0508422852 -0.998535156 2.72989273E-05
vn 0.667480469 0.744628906 0.000987052917
vn -0.0508728027 -0.998535156 2.74181366E-05
vn -0.165771484 -0.986328125 0.000143766403
vn 0.335205078 0.942382812 0.000413894653
vn -0.335449219 -0.941894531 0.000416994095
vn 0.165649414 0.986328125 0.000142931938
vn -0.66796875 -0.744140625 0.000994682312
vn 0.0508422852 0.998535156 2.72989273E-05
vn -1 0 0.00155258179
vn -0.0508728027 0.998535156 2.74181366E-05
vn -0.66796875 0.744140625 0.000994682312
vn -0.165771484 0.986328125 0.000143647194
vn -0.335449219 0.941894531 0.000416994095
vn -0.360107422 -0.871582031 -0.332763672
vn -0.71484375 -5.85913658E-05 -0.69921875
vn 0.0184326172 -8.38637352E-05 -1
vn 0.0118637085 -0.740722656 -0.671875
vn 0.0118560791 0.740722656 -0.671875
vn -0.171264648 -0.974121094 -0.147338867
vn 0.00495529175 -0.94140625 -0.337890625
vn -0.360107422 0.871582031 -0.332763672
vn 0.00495529175 0.940917969 -0.337890625
vn -0.0804443359 -0.994628906 -0.067565918
vn 0.00169086456 -0.985839844 -0.166748047
vn -0.171264648 0.974121094 -0.147460938
vn 0.00169086456 0.985839844 -0.166748047
vn -0.0152816772 -1 -0.0127716064
vn 0.000317811966 -0.998535156 -0.0511169434
vn -0.0804443359 0.994628906 -0.067565918
vn 0.000317811966 0.998535156 -0.0510559082
vn 0.0462036133 -0.998046875 0.0380554199
vn 0.000306844711 -0.998535156 0.05078125
vn -0.0152816772 1 -0.0127334595
vn 0.000306844711 0.998535156 0.05078125
vn 0.120239258 -0.987792969 0.0992431641
vn 0.00159358978 -0.986328125 0.165405273
vn 0.0462036133 0.998046875 0.0380249023
vn 0.00159358978 0.986328125 0.165405273
vn 0.236938477 -0.950683594 0.199951172
vn 0.00457382202 -0.942382812 0.334472656
vn 0.120239258 0.987792969 0.0992431641
vn 0.00457382202 0.942382812 0.334472656
vn 0.482177734 -0.755371094 0.443603516
vn 0.010848999 -0.744628906 0.667480469
vn 0.236938477 0.950683594 0.199951172
vn 0.010848999 0.744628906 0.667480469
vn 0.727050781 -4.86373901E-05 0.686523438
vn 0.0169219971 0 1
vn 0.482177734 0.755371094 0.443603516
vn 0.236938477 -0.950683594 -0.199951172
vn 0.482177734 -0.755371094 -0.443603516
vn 0.727050781 -4.7981739E-05 -0.686523438
vn 0.482177734 0.755371094 -0.443603516
vn 0.236938477 0.950683594 -0.199951172
vn 0.120239258 0.987792969 -0.0992431641
vn 0.120239258 -0.987792969 -0.0992431641
vn 0.0462036133 0.998046875 -0.0380249023
vn 0.0462036133 -0.998046875 -0.0380554199
vn -0.0152816772 1 0.0127334595
vn -0.0152816772 -1 0.0127716064
vn -0.0804443359 0.994628906 0.067565918
vn -0.0804443359 -0.994628906 0.067565918
vn -0.171264648 0.974121094 0.147460938
vn -0.171264648 -0.974121094 0.147338867
vn -0.360107422 0.871582031 0.332763672
vn -0.360107422 -0.871582031 0.332763672
vn -0.71484375 -5.79357147E-05 0.69921875
vn 0.000317811966 -0.998535156 0.0511169434
vn 0.00169086456 -0.985839844 0.166748047
vn 0.000306844711 -0.998535156 -0.0508117676
vn 0.00495529175 -0.94140625 0.337890625
vn 0.0118637085 -0.740722656 0.671875
vn 0.00159358978 -0.986328125 -0.165405273
vn 0.0184326172 -8.28504562E-05 1
vn 0.0118560791 0.740722656 0.671875
vn 0.00457382202 -0.942382812 -0.334472656
vn 0.00495529175 0.94140625 0.337890625
vn 0.010848999 -0.744628906 -0.667480469
vn 0.00169086456 0.985839844 0.166748047
vn 0.0169219971 9.53674316E-07 -1
vn 0.000317811966 0.998535156 0.0510559082
vn 0.010848999 0.744628906 -0.667480469
vn 0.000306844711 0.998535156 -0.05078125
vn 0.00457382202 0.942382812 -0.334472656
vn 0.00159358978 0.986328125 -0.165405273
vn -0 -0.787109375 -0.616699219
vn -0 0 -1
vn -0 0 -1
vn -0 -0.787109375 -0.616699219
vn -0 0.787109375 -0.616699219
vn -0 -0.956542969 -0.291503906
vn -0 0.787109375 -0.616699219
vn -0 -0.956542969 -0.291503906
vn -0 0.956542969 -0.291503906
vn -0 -0.989746094 -0.142089844
vn -0 0.956542969 -0.291503906
vn -0 -0.989746094 -0.142089844
vn -0 0.989746094 -0.142089844
vn -0 -0.999023438 -0.0433959961
vn -0 0.989746094 -0.142089844
vn -0 -0.999023438 -0.0433959961
vn -0 0.999023438 -0.0434570312
vn -0 -0.999023438 0.0433959961
vn -0 0.999023438 -0.0434570312
vn -0 -0.999023438 0.0433959961
vn -0 0.999023438 0.0434570312
vn -0 -0.989746094 0.142089844
vn -0 0.999023438 0.0434570312
vn -0 -0.989746094 0.142089844
vn -0 0.989746094 0.142089844
vn -0 -0.956542969 0.291503906
vn -0 0.989746094 0.142089844
vn -0 -0.956542969 0.291503906
vn -0 0.956542969 0.291503906
vn -0 -0.787109375 0.616699219
vn -0 0.956542969 0.291503906
vn -0 -0.787109375 0.616699219
vn -0 0.787109375 0.616699219
vn -0 0 1
vn -0 0.787109375 0.616699219
vn -0 0 1
vn -0 -0.787109375 -0.616699219
vn -0 0 -1
vn -0 0 -1
vn -0 -0.787109375 -0.616699219
vn -0 0.787109375 -0.616699219
vn -0 -0.956542969 -0.291503906
vn -0 0.787109375 -0.616699219
vn -0 -0.956542969 -0.291503906
vn -0 0.956542969 -0.291503906
vn -0 -0.989746094 -0.142089844
vn -0 0.956542969 -0.291503906
vn -0 -0.989746094 -0.142089844
vn -0 0.989746094 -0.142089844
vn -0 -0.999023438 -0.0433959961
vn -0 0.989746094 -0.142089844
vn -0 -0.999023438 -0.0433959961
vn -0 0.999023438 -0.0434570312
vn -0 -0.999023438 0.0433959961
vn -0 0.999023438 -0.0434570312
vn -0 -0.999023438 0.0433959961
vn -0 0.999023438 0.0434570312
vn -0 -0.989746094 0.142089844
vn -0 0.999023438 0.0434570312
vn -0 -0.989746094 0.142089844
vn -0 0.989746094 0.142089844
vn -0 -0.956542969 0.291503906
vn -0 0.989746094 0.142089844
vn -0 -0.956542969 0.291503906
vn -0 0.956542969 0.291503906
vn -0 -0.787109375 0.616699219
vn -0 0.956542969 0.291503906
vn -0 -0.787109375 0.616699219
vn -0 0.787109375 0.616699219
vn -0 0 1
vn -0 0.787109375 0.616699219
vn -0 0 1
vn 0.331298828 -0.870117188 -0.364990234
vn 0.69140625 0 -0.72265625
vn 1 0 0.00155258179
vn 0.66796875 -0.744140625 0.000994682312
vn 0.66796875 0.744140625 0.000994682312
vn 0.146972656 -0.973632812 -0.173095703
vn 0.335449219 -0.941894531 0.000417232513
vn 0.331298828 0.870117188 -0.364990234
vn 0.335449219 0.941894531 0.000416994095
vn 0.067565918 -0.994628906 -0.0809936523
vn 0.165771484 -0.986328125 0.000143766403
vn 0.146972656 0.974121094 -0.172973633
vn 0.165771484 0.986328125 0.000143766403
vn 0.0127563477 -1 -0.0153121948
vn 0.0508422852 -0.998535156 2.74181366E-05
vn 0.067565918 0.994628906 -0.080871582
vn 0.0508422852 0.998535156 2.74181366E-05
vn -0.0381774902 -0.998046875 0.0459594727
vn -0.0508422852 -0.998535156 2.7358532E-05
vn 0.0127563477 1 -0.0153427124
vn -0.0508422852 0.998535156 2.72989273E-05
vn -0.0997924805 -0.987792969 0.11932373
vn -0.165649414 -0.986328125 0.000143051147
vn -0.0381774902 0.998046875 0.0459899902
vn -0.165649414 0.986328125 0.000142931938
vn -0.201416016 -0.951171875 0.234619141
vn -0.335205078 -0.942382812 0.000414133072
vn -0.0997924805 0.987792969 0.119445801
vn -0.335205078 0.942382812 0.000414133072
vn -0.446777344 -0.756347656 0.477783203
vn -0.667480469 -0.744628906 0.000986099243
vn -0.201416016 0.951171875 0.234619141
vn -0.667480469 0.744628906 0.000987052917
vn -0.689941406 4.8160553E-05 0.723632812
vn -1 0 0.0015411377
vn -0.446777344 0.756347656 0.477783203
vn 0.201416016 -0.951171875 0.234619141
vn 0.446777344 -0.756347656 0.477783203
vn 0.689941406 4.8160553E-05 0.723632812
vn 0.446777344 0.756347656 0.477783203
vn 0.201416016 0.951171875 0.234619141
vn 0.0997924805 0.987792969 0.119445801
vn 0.0997924805 -0.987792969 0.11932373
vn 0.0381774902 0.998046875 0.0459899902
vn 0.0381774902 -0.998046875 0.0459594727
vn -0.0127563477 1 -0.0153427124
vn -0.0127563477 -1 -0.0153121948
vn -0.067565918 0.994628906 -0.080871582
vn -0.067565918 -0.994628906 -0.0809936523
vn -0.146972656 0.974121094 -0.172973633
vn -0.146972656 -0.973632812 -0.173095703
vn -0.331298828 0.870117188 -0.364990234
vn -0.331298828 -0.870117188 -0.364990234
vn -0.69140625 0 -0.72265625
vn -0.0508422852 -0.998535156 2.7358532E-05
vn -0.165771484 -0.986328125 0.000143885612
vn 0.0508422852 -0.998535156 2.72989273E-05
vn -0.335449219 -0.941894531 0.000417232513
vn -0.66796875 -0.744140625 0.000994682312
vn 0.165649414 -0.986328125 0.000143051147
vn -1 0 0.00155258179
vn -0.66796875 0.744140625 0.000994682312
vn 0.335205078 -0.942382812 0.00041437149
vn -0.335449219 0.941894531 0.000416994095
vn 0.667480469 -0.744628906 0.000987052917
vn -0.165771484 0.986328125 0.000143766403
vn 1 0 0.0015411377
vn -0.0508422852 0.998535156 2.74181366E-05
vn 0.667480469 0.744628906 0.000987052917
vn 0.0508422852 0.998535156 2.72989273E-05
vn 0.335205078 0.942382812 0.000414133072
vn 0.165649414 0.986328125 0.000142931938
vn 0.331298828 -0.870117188 -0.364990234
vn 0.69140625 -5.7220459E-05 -0.72265625
vn 1 0 0.00155258179
vn 0.66796875 -0.744140625 0.000994682312
vn 0.66796875 0.744140625 0.000994682312
vn 0.146972656 -0.974121094 -0.173095703
vn 0.335449219 -0.941894531 0.000417232513
vn 0.331298828 0.870117188 -0.364990234
vn 0.335449219 0.941894531 0.000416994095
vn 0.067565918 -0.994628906 -0.0809326172
vn 0.165771484 -0.986328125 0.000143766403
vn 0.146972656 0.974121094 -0.172973633
vn 0.165771484 0.986328125 0.000143766403
vn 0.0127563477 -1 -0.0153579712
vn 0.0508422852 -0.998535156 2.72989273E-05
vn 0.067565918 0.994628906 -0.0809326172
vn 0.0508422852 0.998535156 2.74181366E-05
vn -0.0381774902 -0.998046875 0.0459899902
vn -0.0508422852 -0.998535156 2.72989273E-05
vn 0.0127563477 1 -0.0153427124
vn -0.0508422852 0.998535156 2.72989273E-05
vn -0.0997924805 -0.987792969 0.11932373
vn -0.165649414 -0.986328125 0.000143051147
vn -0.0381774902 0.998046875 0.0459899902
vn -0.165649414 0.986328125 0.000142931938
vn -0.201416016 -0.951171875 0.234619141
vn -0.335205078 -0.942382812 0.000414133072
vn -0.0997924805 0.987792969 0.119384766
vn -0.335205078 0.942382812 0.000414133072
vn -0.446777344 -0.756347656 0.477783203
vn -0.667480469 -0.744628906 0.000986099243
vn -0.201416016 0.951171875 0.234619141
vn -0.667480469 0.744628906 0.000987052917
vn -0.689941406 4.8160553E-05 0.723632812
vn -1 0 0.0015411377
vn -0.446777344 0.756347656 0.477783203
vn 0.236206055 -0.942382812 0.236206055
vn 0.483886719 -0.729003906 0.483886719
vn 0.70703125 4.7147274E-05 0.70703125
vn 0.483886719 0.729003906 0.483886719
vn 0.236206055 0.942382812 0.236206055
vn 0.119567871 0.985839844 0.119567871
vn 0.119567871 -0.985839844 0.119506836
vn 0.0459899902 0.998046875 0.0459899902
vn 0.0459899902 -0.998046875 0.0459899902
vn -0.0153656006 1 -0.0153579712
vn -0.0153656006 -1 -0.01537323
vn -0.0811157227 0.993164062 -0.0810546875
vn -0.0811157227 -0.993164062 -0.0811157227
vn -0.174072266 0.969238281 -0.174072266
vn -0.174072266 -0.969238281 -0.174072266
vn -0.369873047 0.852539062 -0.369873047
vn -0.369873047 -0.852539062 -0.369873047
vn -0.70703125 -5.59091568E-05 -0.70703125
vn -0.0152816772 -1 0.0127334595
vn -0.0804443359 -0.994628906 0.067565918
vn -0.171264648 -0.974121094 0.147338867
vn -0.360107422 -0.871582031 0.332763672
vn -0.71484375 4.17232513E-07 0.69921875
vn -0.360107422 0.871582031 0.332763672
vn 0.0462036133 -0.998046875 -0.0380249023
vn -0.171264648 0.974121094 0.147338867
vn 0.120300293 -0.987792969 -0.0992431641
vn -0.0804443359 0.994628906 0.067565918
vn 0.236938477 -0.950683594 -0.199951172
vn -0.0152816772 1 0.0127334595
vn 0.482177734 -0.755371094 -0.443603516
vn 0.0462036133 0.998046875 -0.0380249023
vn 0.727050781 0 -0.686523438
vn 0.120300293 0.987792969 -0.0992431641
vn 0.482177734 0.755371094 -0.443603516
vn 0.236938477 0.950683594 -0.199951172
vn 0.00542068481 -0.766601562 -0.642578125
vn 0.00863647461 0 -1
vn 0.00542068481 0.766601562 -0.642578125
vn 0.00228691101 0.949707031 -0.312988281
vn 0.000796318054 0.98828125 -0.153808594
vn 0.000153422356 0.999023438 -0.0471191406
vn 0.00228691101 -0.949707031 -0.312988281
vn 0.000158786774 0.999023438 0.0472412109
vn 0.000796318054 -0.98828125 -0.153808594
vn 0.000844955444 0.987792969 0.154418945
vn 0.000153422356 -0.999023438 -0.047088623
vn 0.00247764587 0.94921875 0.314697266
vn 0.000158786774 -0.999023438 0.0472412109
vn 0.00592041016 0.764648438 0.64453125
vn 0.000844955444 -0.987792969 0.154418945
vn 0.00942230225 2.98023224E-07 1
vn 0.00247764587 -0.94921875 0.314697266
vn 0.00592041016 -0.764648438 0.64453125
vn -0 -0.999023438 -0.0434265137
vn -0 -0.999023438 0.0434265137
vn -0 -0.989746094 0.142089844
vn -0 -0.956542969 0.291503906
vn -0 -0.787109375 0.616699219
vn -0 0 1
vn -0 -0.989746094 -0.142089844
vn -0 0.787109375 0.616699219
vn -0 -0.956542969 -0.291503906
vn -0 0.956542969 0.291503906
vn -0 -0.787109375 -0.616699219
vn -0 0.989746094 0.142089844
vn -0 0 -1
vn -0 0.999023438 0.0434265137
vn -0 0.787109375 -0.616699219
vn -0 0.999023438 -0.0434265137
vn -0 0.956542969 -0.291503906
vn -0 0.989746094 -0.142089844
vn -0 0 -1
vn -0 0.787109375 -0.616699219
vn -0 0.956542969 -0.291503906
vn -0 0.989746094 -0.142089844
vn -0 0.999023438 -0.0433959961
vn -0 0.999023438 0.0433959961
vn -0 -0.787109375 -0.616699219
vn -0 0.989746094 0.142089844
vn -0 -0.956542969 -0.291503906
vn -0 0.956542969 0.291503906
vn -0 -0.989746094 -0.142089844
vn -0 0.787109375 0.616699219
vn -0 -0.999023438 -0.0434570312
vn -0 0 1
vn -0 -0.999023438 0.0434570312
vn -0 -0.787109375 0.616699219
vn -0 -0.989746094 0.142089844
vn -0 -0.956542969 0.291503906
vn -0.000796318054 -0.98828125 -0.153808594
vn -0.000153422356 -0.999023438 -0.0471191406
vn -0.000158786774 -0.999023438 0.0472412109
vn -0.000844955444 -0.987792969 0.154541016
vn -0.00247764587 -0.94921875 0.314697266
vn -0.00592041016 -0.764648438 0.64453125
vn -0.00228691101 -0.949707031 -0.312988281
vn -0.00942230225 1.1920929E-07 1
vn -0.00542068481 -0.766601562 -0.642578125
vn -0.00592041016 0.764648438 0.64453125
vn -0.00863647461 1.1920929E-07 -1
vn -0.00247764587 0.94921875 0.314697266
vn -0.00542068481 0.766601562 -0.642578125
vn -0.000844955444 0.987792969 0.154418945
vn -0.00228691101 0.949707031 -0.312988281
vn -0.000158786774 0.999023438 0.0472412109
vn -0.000796318054 0.98828125 -0.153808594
vn -0.000153422356 0.999023438 -0.047088623
vn -0.482177734 0.755371094 -0.443603516
vn -0.236938477 0.950683594 -0.199829102
vn -0.120300293 0.987792969 -0.0992431641
vn -0.0462036133 0.998046875 -0.0380249023
vn 0.0152816772 1 0.0127334595
vn 0.0804443359 0.994628906 0.067565918
vn -0.727050781 -1.19805336E-05 -0.686523438
vn 0.171264648 0.974121094 0.147338867
vn -0.482177734 -0.755371094 -0.443603516
vn 0.360107422 0.871582031 0.332763672
vn -0.236938477 -0.950683594 -0.199951172
vn 0.71484375 1.78813934E-07 0.69921875
vn -0.120300293 -0.987792969 -0.0992431641
vn 0.360107422 -0.871582031 0.332763672
vn -0.0462036133 -0.998046875 -0.0379943848
vn 0.171264648 -0.974121094 0.147338867
vn 0.0152816772 -1 0.0127105713
vn 0.0804443359 -0.994628906 0.0676269531
vn -0.236206055 -0.942382812 0.236206055
vn -0.119567871 -0.985839844 0.119506836
vn -0.0459899902 -0.998046875 0.0459899902
vn 0.0153656006 -1 -0.0153884888
vn 0.0811157227 -0.993164062 -0.0811767578
vn 0.174072266 -0.969238281 -0.174072266
vn -0.483886719 -0.729003906 0.483886719
vn 0.369873047 -0.852539062 -0.369873047
vn -0.70703125 -5.99622726E-05 0.70703125
vn 0.70703125 0 -0.70703125
vn -0.483886719 0.729003906 0.483886719
vn 0.369873047 0.852539062 -0.369873047
vn -0.236206055 0.942382812 0.236206055
vn 0.174072266 0.969238281 -0.174072266
vn -0.119567871 0.985839844 0.119567871
vn 0.0811157227 0.993164062 -0.0810546875
vn -0.0459899902 0.998046875 0.0459594727
vn 0.0153656006 1 -0.0153121948
vn 0.201416016 0.951171875 0.23449707
vn 0.0997924805 0.987792969 0.11932373
vn 0.0381774902 0.998046875 0.0459594727
vn -0.0127563477 1 -0.015296936
vn -0.067565918 0.994628906 -0.0809326172
vn -0.146972656 0.974121094 -0.173095703
vn 0.446777344 0.756347656 0.477783203
vn -0.331298828 0.870117188 -0.364990234
vn 0.689941406 -4.81009483E-05 0.723632812
vn -0.69140625 0 -0.72265625
vn 0.446777344 -0.756347656 0.477783203
vn -0.331298828 -0.870117188 -0.364990234
vn 0.201416016 -0.951171875 0.234619141
vn -0.146972656 -0.974121094 -0.172973633
vn 0.0997924805 -0.987792969 0.11932373
vn -0.067565918 -0.994628906 -0.0809936523
vn 0.0381469727 -0.998046875 0.0459899902
vn -0.0127563477 -1 -0.01537323
vn 0.667480469 -0.744628906 0.000987052917
vn 0.335205078 -0.942382812 0.00041437149
vn 1 0 0.0015411377
vn 0.165649414 -0.986328125 0.000142931938
vn 0.0508422852 -0.998535156 2.72393227E-05
vn 0.667480469 0.744628906 0.000987052917
vn -0.0508422852 -0.998535156 2.72989273E-05
vn -0.165771484 -0.986328125 0.000143647194
vn 0.335205078 0.942382812 0.000414133072
vn -0.335449219 -0.941894531 0.000416994095
vn 0.165649414 0.986328125 0.000142931938
vn -0.66796875 -0.744140625 0.000994682312
vn 0.0508422852 0.998535156 2.72989273E-05
vn -1 0 0.00155258179
vn -0.0508422852 0.998535156 2.74181366E-05
vn -0.66796875 0.744140625 0.000994682312
vn -0.165771484 0.986328125 0.000143766403
vn -0.335449219 0.941894531 0.000416994095
vn 0.900878906 -0.320800781 0.292724609
vn 0.947265625 -0.320800781 9.53674316E-07
vn 0.525390625 -0.851074219 5.96046448E-07
vn 0.499755859 -0.851074219 0.162353516
vn 0.766113281 -0.320800781 0.556640625
vn 0.425048828 -0.851074219 0.308837891
vn 0.556640625 -0.320800781 0.766113281
vn 0.308837891 -0.851074219 0.425048828
vn 0.292724609 -0.320800781 0.900878906
vn 0.162353516 -0.851074219 0.499755859
vn 1.96695328E-06 -0.320800781 0.947265625
vn 5.36441803E-07 -0.851074219 0.525390625
vn -0.292724609 -0.320800781 0.900878906
vn -0.162353516 -0.851074219 0.499755859
vn -0.556640625 -0.320800781 0.766113281
vn -0.308837891 -0.851074219 0.425048828
vn -0.766113281 -0.320800781 0.556640625
vn -0.425048828 -0.851074219 0.308837891
vn -0.900878906 -0.320800781 0.292724609
vn -0.499755859 -0.851074219 0.162353516
vn -0.947265625 -0.320800781 -1.1920929E-07
vn -0.525390625 -0.851074219 1.01327896E-06
vn 0.144287109 -0.969238281 0.198608398
vn 0.0758666992 -0.969238281 0.233520508
vn 2.38418579E-07 -0.969238281 0.245483398
vn -0.0758666992 -0.969238281 0.233520508
vn -0.144287109 -0.969238281 0.198608398
vn -0.198608398 -0.969238281 0.144287109
vn -0.233520508 -0.969238281 0.0758666992
vn 0.198608398 -0.969238281 0.144287109
vn -0.245483398 -0.969238281 9.53674316E-07
vn -0.499755859 -0.851074219 -0.162353516
vn 0.233520508 -0.969238281 0.0758666992
vn -0.233520508 -0.969238281 -0.0758666992
vn -0.425048828 -0.851074219 -0.308837891
vn 0.245483398 -0.969238281 -4.17232513E-07
vn -0.198608398 -0.969238281 -0.144287109
vn -0.308837891 -0.851074219 -0.425048828
vn 0.233520508 -0.969238281 -0.0758666992
vn 0.499755859 -0.851074219 -0.162353516
vn -0.144287109 -0.969238281 -0.198608398
vn -0.162353516 -0.851074219 -0.499755859
vn 0.198608398 -0.969238281 -0.144287109
vn 0.425048828 -0.851074219 -0.308837891
vn -0.0758666992 -0.969238281 -0.233520508
vn -0 -0.851074219 -0.525390625
vn 0.144287109 -0.969238281 -0.198608398
vn 0.308837891 -0.851074219 -0.425048828
vn -0 -0.969238281 -0.245483398
vn 0.162353516 -0.851074219 -0.499755859
vn 0.0758666992 -0.969238281 -0.233520508
vn -0.124084473 -0.98828125 -0.0901489258
vn -0.0901489258 -0.98828125 -0.124084473
vn -0.0473937988 -0.98828125 -0.145874023
vn -0 -0.98828125 -0.153442383
vn 0.0473937988 -0.98828125 -0.145874023
vn 0.0901489258 -0.98828125 -0.124084473
vn -0.145874023 -0.98828125 -0.0473937988
vn 0.124084473 -0.98828125 -0.0901489258
vn -0.153442383 -0.98828125 -4.17232513E-07
vn 0.145874023 -0.98828125 -0.0473937988
vn -0.145874023 -0.98828125 0.0473937988
vn 0.153442383 -0.98828125 0
vn -0.124084473 -0.98828125 0.0901489258
vn 0.145874023 -0.98828125 0.0473937988
vn -0.0901489258 -0.98828125 0.124084473
vn 0.124084473 -0.98828125 0.0901489258
vn -0.0473937988 -0.98828125 0.145874023
vn 0.0901489258 -0.98828125 0.124084473
vn 1.1920929E-07 -0.98828125 0.153442383
vn 0.0473937988 -0.98828125 0.145874023
vn -0.0626831055 -0.994140625 0.0863037109
vn -0.0329589844 -0.994140625 0.10144043
vn -0 -0.994140625 0.106689453
vn 0.0329589844 -0.994140625 0.10144043
vn 0.0626831055 -0.994140625 0.0863037109
vn 0.0863037109 -0.994140625 0.0626831055
vn -0.0863037109 -0.994140625 0.0626831055
vn 0.10144043 -0.994140625 0.0329589844
vn -0.10144043 -0.994140625 0.0329589844
vn 0.106689453 -0.994140625 7.74860382E-07
vn -0.106689453 -0.994140625 -5.36441803E-07
vn 0.10144043 -0.994140625 -0.0329589844
vn -0.10144043 -0.994140625 -0.0329589844
vn 0.0863037109 -0.994140625 -0.0626831055
vn -0.0863037109 -0.994140625 -0.0626831055
vn 0.0626831055 -0.994140625 -0.0863037109
vn -0.0626831055 -0.994140625 -0.0863037109
vn 0.0329589844 -0.994140625 -0.10144043
vn -0.0329589844 -0.994140625 -0.10144043
vn -0 -0.994140625 -0.106689453
vn -0.0734863281 -0.997070312 -0.0238647461
vn -0.0625 -0.997070312 -0.0454101562
vn -0.0454101562 -0.997070312 -0.0625
vn -0.0238647461 -0.997070312 -0.0734863281
vn -0 -0.997070312 -0.0772094727
vn 0.0238647461 -0.997070312 -0.0734863281
vn -0.0772705078 -0.997070312 0
vn 0.0454101562 -0.997070312 -0.0625
vn -0.0734863281 -0.997070312 0.0238647461
vn 0.0625 -0.997070312 -0.0454101562
vn -0.0625 -0.997070312 0.0454101562
vn 0.0734863281 -0.997070312 -0.0238647461
vn -0.0454101562 -0.997070312 0.0625
vn 0.0772705078 -0.997070312 9.53674316E-07
vn -0.0238647461 -0.997070312 0.0734863281
vn 0.0734863281 -0.997070312 0.0238647461
vn -0 -0.997070312 0.0772705078
vn 0.0625 -0.997070312 0.0454101562
vn 0.0238647461 -0.997070312 0.0734863281
vn 0.0454101562 -0.997070312 0.0625
vn -0.0173339844 -0.998535156 0.0533447266
vn -0 -0.998535156 0.0560913086
vn 0.0173339844 -0.998535156 0.0533447266
vn 0.0329589844 -0.998535156 0.0453796387
vn 0.0453796387 -0.998535156 0.0329589844
vn 0.0533447266 -0.998535156 0.0173339844
vn -0.0329589844 -0.998535156 0.0453796387
vn 0.0560913086 -0.998535156 0
vn -0.0453796387 -0.998535156 0.0329589844
vn 0.0533447266 -0.998535156 -0.0173339844
vn -0.0533447266 -0.998535156 0.0173339844
vn 0.0453796387 -0.998535156 -0.0329589844
vn -0.0560913086 -0.998535156 8.94069672E-07
vn 0.0329589844 -0.998535156 -0.0453796387
vn -0.0533447266 -0.998535156 -0.0173339844
vn 0.0173339844 -0.998535156 -0.0533447266
vn -0.0453796387 -0.998535156 -0.0329589844
vn -0 -0.998535156 -0.0560913086
vn -0.0329589844 -0.998535156 -0.0453796387
vn -0.0173339844 -0.998535156 -0.0533447266
vn -0.0393981934 -0.999023438 1.07288361E-06
vn -0.0374755859 -0.999023438 -0.0121765137
vn -0.0318908691 -0.999023438 -0.0231628418
vn -0.0231628418 -0.999023438 -0.0318908691
vn -0.0121765137 -0.999023438 -0.0374755859
vn -0 -0.999023438 -0.0393981934
vn -0.0374755859 -0.999023438 0.0121765137
vn 0.0121765137 -0.999023438 -0.0374755859
vn -0.0318908691 -0.999023438 0.0231628418
vn 0.0231628418 -0.999023438 -0.0318908691
vn -0.0231628418 -0.999023438 0.0318908691
vn 0.0318908691 -0.999023438 -0.0231628418
vn -0.0121765137 -0.999023438 0.0374755859
vn 0.0374755859 -0.999023438 -0.0121765137
vn -0 -0.999023438 0.0393981934
vn 0.0393981934 -0.999023438 0
vn 0.0121765137 -0.999023438 0.0374755859
vn 0.0374755859 -0.999023438 0.0121765137
vn 0.0231628418 -0.999023438 0.0318908691
vn 0.0318908691 -0.999023438 0.0231628418
vn -0 -0.999511719 0.0252990723
vn 0.00782012939 -0.999511719 0.0240631104
vn 0.0148696899 -0.999511719 0.0204772949
vn 0.0204620361 -0.999511719 0.0148696899
vn 0.0240631104 -0.999511719 0.00782012939
vn 0.0252990723 -0.999511719 1.66893005E-06
vn -0.00782012939 -0.999511719 0.0240631104
vn 0.0240631104 -0.999511719 -0.00782012939
vn -0.0148696899 -0.999511719 0.0204620361
vn 0.0204620361 -0.999511719 -0.0148696899
vn -0.0204620361 -0.999511719 0.0148696899
vn 0.0148696899 -0.999511719 -0.0204620361
vn -0.0240631104 -0.999511719 0.00782012939
vn 0.00782012939 -0.999511719 -0.0240631104
vn -0.0252990723 -0.999511719 0
vn -0 -0.999511719 -0.0252990723
vn -0.0240631104 -0.999511719 -0.00782012939
vn -0.00782012939 -0.999511719 -0.0240631104
vn -0.0204620361 -0.999511719 -0.0148696899
vn -0.0148696899 -0.999511719 -0.0204620361
vn -0.0120010376 -1 0.00389862061
vn -0.0126190186 -1 0
vn -0.0120010376 -1 -0.00390052795
vn -0.0102081299 -1 -0.00741195679
vn -0 -1 8.94069672E-07
vn -0.0102081299 -1 0.00741195679
vn -0.00741577148 -1 -0.0102005005
vn -0.00389862061 -1 -0.0120010376
vn -0.00741577148 -1 0.0102081299
vn -0 -1 -0.0126190186
vn -0.00389862061 -1 0.0120010376
vn 0.00389862061 -1 -0.0120010376
vn -0 -1 0.0126190186
vn 0.00741577148 -1 -0.0102081299
vn 0.00389862061 -1 0.012008667
vn 0.0102081299 -1 -0.00741958618
vn 0.00741577148 -1 0.0102157593
vn 0.0120010376 -1 -0.00390052795
vn 0.0102081299 -1 0.00741195679
vn 0.0126190186 -1 2.08616257E-06
vn 0.0120010376 -1 0.00389862061
vn 0.900878906 -0.320800781 0.292724609
vn 0.947265625 -0.320800781 7.15255737E-07
vn 0.525390625 -0.851074219 1.54972076E-06
vn 0.499755859 -0.851074219 0.162353516
vn 0.766113281 -0.320800781 0.556640625
vn 0.425048828 -0.851074219 0.308837891
vn 0.556640625 -0.320800781 0.766113281
vn 0.308837891 -0.851074219 0.425048828
vn 0.292724609 -0.320800781 0.900878906
vn 0.162353516 -0.851074219 0.499755859
vn 1.31130219E-06 -0.320800781 0.947265625
vn 8.34465027E-07 -0.851074219 0.525390625
vn -0.292724609 -0.320800781 0.900878906
vn -0.162353516 -0.851074219 0.499755859
vn -0.556640625 -0.320800781 0.766113281
vn -0.308837891 -0.851074219 0.425048828
vn -0.766113281 -0.320800781 0.556640625
vn -0.425048828 -0.851074219 0.308837891
vn -0.900878906 -0.320800781 0.292724609
vn -0.499755859 -0.851074219 0.162353516
vn -0.947265625 -0.320800781 -1.43051147E-06
vn -0.525390625 -0.851074219 -9.53674316E-07
vn 0.144287109 -0.969238281 0.198608398
vn 0.0758666992 -0.969238281 0.233520508
vn 2.38418579E-07 -0.969238281 0.245483398
vn -0.0758666992 -0.969238281 0.233520508
vn -0.144287109 -0.969238281 0.198608398
vn -0.198608398 -0.969238281 0.144287109
vn -0.233520508 -0.969238281 0.0758666992
vn 0.198608398 -0.969238281 0.144287109
vn -0.245483398 -0.969238281 0
vn -0.499755859 -0.851074219 -0.162353516
vn 0.233520508 -0.969238281 0.0758666992
vn -0.233520508 -0.969238281 -0.0758666992
vn -0.425048828 -0.851074219 -0.308837891
vn 0.245483398 -0.969238281 1.07288361E-06
vn -0.198608398 -0.969238281 -0.144287109
vn -0.308837891 -0.851074219 -0.425048828
vn 0.233520508 -0.969238281 -0.0758666992
vn 0.499755859 -0.851074219 -0.162353516
vn -0.144287109 -0.969238281 -0.198608398
vn -0.162353516 -0.851074219 -0.499755859
vn 0.198608398 -0.969238281 -0.144287109
vn 0.425048828 -0.851074219 -0.308837891
vn -0.0758666992 -0.969238281 -0.233520508
vn -0 -0.851074219 -0.525390625
vn 0.144287109 -0.969238281 -0.198608398
vn 0.308837891 -0.851074219 -0.425048828
vn -0 -0.969238281 -0.245483398
vn 0.162353516 -0.851074219 -0.499755859
vn 0.0758666992 -0.969238281 -0.233520508
vn -0.124084473 -0.98828125 -0.0901489258
vn -0.0901489258 -0.98828125 -0.124084473
vn -0.0473937988 -0.98828125 -0.145874023
vn -0 -0.98828125 -0.153442383
vn 0.0473937988 -0.98828125 -0.145874023
vn 0.0901489258 -0.98828125 -0.124084473
vn -0.145874023 -0.98828125 -0.0473937988
vn 0.124084473 -0.98828125 -0.0901489258
vn -0.153442383 -0.98828125 -1.13248825E-06
vn 0.145874023 -0.98828125 -0.0473937988
vn -0.145874023 -0.98828125 0.0473937988
vn 0.153442383 -0.98828125 3.57627869E-07
vn -0.124084473 -0.98828125 0.0901489258
vn 0.145874023 -0.98828125 0.0473937988
vn -0.0901489258 -0.98828125 0.124084473
vn 0.124084473 -0.98828125 0.0901489258
vn -0.0473937988 -0.98828125 0.145874023
vn 0.0901489258 -0.98828125 0.124084473
vn 1.1920929E-07 -0.98828125 0.153442383
vn 0.0473937988 -0.98828125 0.145874023
vn -0.0626831055 -0.994140625 0.0863037109
vn -0.0329589844 -0.994140625 0.10144043
vn -0 -0.994140625 0.106689453
vn 0.0329589844 -0.994140625 0.10144043
vn 0.0626831055 -0.994140625 0.0863037109
vn 0.0863037109 -0.994140625 0.0626831055
vn -0.0863037109 -0.994140625 0.0626831055
vn 0.10144043 -0.994140625 0.0329589844
vn -0.10144043 -0.994140625 0.0329589844
vn 0.106689453 -0.994140625 -2.98023224E-07
vn -0.106689453 -0.994140625 -5.36441803E-07
vn 0.10144043 -0.994140625 -0.0329589844
vn -0.10144043 -0.994140625 -0.0329589844
vn 0.0863037109 -0.994140625 -0.0626831055
vn -0.0863037109 -0.994140625 -0.0626831055
vn 0.0626831055 -0.994140625 -0.0863037109
vn -0.0626831055 -0.994140625 -0.0863037109
vn 0.0329589844 -0.994140625 -0.10144043
vn -0.0329589844 -0.994140625 -0.10144043
vn -0 -0.994140625 -0.106689453
vn -0.0734863281 -0.997070312 -0.0238647461
vn -0.0625 -0.997070312 -0.0454101562
vn -0.0454101562 -0.997070312 -0.0625
vn -0.0238647461 -0.997070312 -0.0734863281
vn -0 -0.997070312 -0.0772094727
vn 0.0238647461 -0.997070312 -0.0734863281
vn -0.0772705078 -0.997070312 0
vn 0.0454101562 -0.997070312 -0.0625
vn -0.0734863281 -0.997070312 0.0238647461
vn 0.0625 -0.997070312 -0.0454101562
vn -0.0625 -0.997070312 0.0454101562
vn 0.0734863281 -0.997070312 -0.0238647461
vn -0.0454101562 -0.997070312 0.0625
vn 0.0772705078 -0.997070312 -1.78813934E-07
vn -0.0238647461 -0.997070312 0.0734863281
vn 0.0734863281 -0.997070312 0.0238647461
vn -0 -0.997070312 0.0772094727
vn 0.0625 -0.997070312 0.0454101562
vn 0.0238647461 -0.997070312 0.0734863281
vn 0.0454101562 -0.997070312 0.0625
vn -0.0173339844 -0.998535156 0.0533447266
vn -0 -0.998535156 0.0560913086
vn 0.0173339844 -0.998535156 0.0533447266
vn 0.0329589844 -0.998535156 0.0453796387
vn 0.0453796387 -0.998535156 0.0329589844
vn 0.0533447266 -0.998535156 0.0173339844
vn -0.0329589844 -0.998535156 0.0453796387
vn 0.0560913086 -0.998535156 1.78813934E-06
vn -0.0453796387 -0.998535156 0.0329589844
vn 0.0533447266 -0.998535156 -0.0173339844
vn -0.0533447266 -0.998535156 0.0173339844
vn 0.0453796387 -0.998535156 -0.0329589844
vn -0.0560913086 -0.998535156 0
vn 0.0329589844 -0.998535156 -0.0453796387
vn -0.0533447266 -0.998535156 -0.0173339844
vn 0.0173339844 -0.998535156 -0.0533447266
vn -0.0453796387 -0.998535156 -0.0329589844
vn -0 -0.998535156 -0.0560913086
vn -0.0329589844 -0.998535156 -0.0453796387
vn -0.0173339844 -0.998535156 -0.0533447266
vn -0.0393981934 -0.999023438 0
vn -0.0374755859 -0.999023438 -0.0121765137
vn -0.0318908691 -0.999023438 -0.0231628418
vn -0.0231628418 -0.999023438 -0.0318908691
vn -0.0121765137 -0.999023438 -0.0374755859
vn -0 -0.999023438 -0.0393981934
vn -0.0374755859 -0.999023438 0.0121765137
vn 0.0121765137 -0.999023438 -0.0374755859
vn -0.0318908691 -0.999023438 0.0231628418
vn 0.0231628418 -0.999023438 -0.0318908691
vn -0.0231628418 -0.999023438 0.0318908691
vn 0.0318908691 -0.999023438 -0.0231628418
vn -0.0121765137 -0.999023438 0.0374755859
vn 0.0374755859 -0.999023438 -0.0121765137
vn -0 -0.999023438 0.0393981934
vn 0.0393981934 -0.999023438 1.07288361E-06
vn 0.0121765137 -0.999023438 0.0374755859
vn 0.0374755859 -0.999023438 0.0121765137
vn 0.0231628418 -0.999023438 0.0318908691
vn 0.0318908691 -0.999023438 0.0231628418
vn -0 -0.999511719 0.0252990723
vn 0.00782012939 -0.999511719 0.0240631104
vn 0.0148696899 -0.999511719 0.0204772949
vn 0.0204620361 -0.999511719 0.0148696899
vn 0.0240631104 -0.999511719 0.00782012939
vn 0.0252990723 -0.999511719 1.66893005E-06
vn -0.00782012939 -0.999511719 0.0240631104
vn 0.0240631104 -0.999511719 -0.00782012939
vn -0.0148696899 -0.999511719 0.0204620361
vn 0.0204620361 -0.999511719 -0.0148696899
vn -0.0204620361 -0.999511719 0.0148696899
vn 0.0148696899 -0.999511719 -0.0204620361
vn -0.0240631104 -0.999511719 0.00782012939
vn 0.00782012939 -0.999511719 -0.0240631104
vn -0.0252990723 -0.999511719 -1.66893005E-06
vn -0 -0.999511719 -0.0252990723
vn -0.0240631104 -0.999511719 -0.00782012939
vn -0.00782012939 -0.999511719 -0.0240631104
vn -0.0204620361 -0.999511719 -0.0148696899
vn -0.0148696899 -0.999511719 -0.0204772949
vn -0.0120010376 -1 0.00389862061
vn -0.0126190186 -1 -2.08616257E-06
vn -0.0120010376 -1 -0.00389862061
vn -0.0102081299 -1 -0.00741577148
vn -0 -1 1.49011612E-06
vn -0.0102081299 -1 0.00741577148
vn -0.00741577148 -1 -0.0102081299
vn -0.00389862061 -1 -0.0120010376
vn -0.00741577148 -1 0.0102081299
vn -0 -1 -0.0126190186
vn -0.00389862061 -1 0.012008667
vn 0.00389862061 -1 -0.0120010376
vn -0 -1 0.0126190186
vn 0.00741577148 -1 -0.0102157593
vn 0.00389862061 -1 0.012008667
vn 0.0102081299 -1 -0.00741958618
vn 0.00741577148 -1 0.0102157593
vn 0.0120010376 -1 -0.00389862061
vn 0.0102081299 -1 0.00741958618
vn 0.0126190186 -1 2.08616257E-06
vn 0.0120010376 -1 0.00389862061
vn -0 -1 0
vn -0 -1 0
vn -0 -1 0
vn -0 -1 0
vn -0 -1 0
vn -0 -1 0
vn -0 -1 0
vn -0 -1 0
vn -0 -1 0
vn -0 -1 0
vn -0 -1 0
vn -0 -1 0
vn -0 -1 0
vn -0 -1 0
vn -0 -1 0
vn -0 -1 0
vn -0 -1 0
vn -0 -1 0
vn -0 -1 0
vn -0 -1 0
vn -0 -1 0
vn -0 -1 0
vn -0 -1 0
vn -0 -1 0
vn -0 -1 0
vn -0 -1 0
vn -0 -1 0
vn -0 -1 0
vn -0 -1 0
vn -0 -1 0
vn -0 -1 0
vn -0 -1 0
vn -0 -1 0
vn -0 -1 0
vn -0 -1 0
vn -0 -1 0
vn -0 -1 0
vn -0 -1 0
vn -0 -1 0
vn -0 -1 0
vn -0 -1 0
vn -0 -1 0
vn -0 -1 0
vn -0 -1 0
vn -0 -1 0
vn -0 -1 0
vn -0 -1 0
vn -0 -1 0
vn -0 -1 0
vn -0 -1 0
vn -0 -1 0
vn -0 -1 0
vn -0 -1 0
vn -0 -1 0
vn -0 -1 0
vn -0 -1 0
vn -0 -1 0
vn -0 -1 0
vn -0 -1 0
vn -0 -1 0
vn -0 -1 0
vn -0 -1 0
vn -0 -1 0
vn -0 -1 0
vn -0 -1 -1.1920929E-07
vn -0 -1 -1.1920929E-07
vn -0 -1 -1.1920929E-07
vn -0 -1 -1.1920929E-07
vn -0 -1 -1.1920929E-07
vn -0 -1 -1.1920929E-07
vn -0 -1 -1.1920929E-07
vn -0 -1 -1.1920929E-07
vn -0 -1 -1.1920929E-07
vn -0 -1 -1.1920929E-07
vn -0 -1 -1.1920929E-07
vn -0 -1 -1.1920929E-07
vn -0 -1 -1.1920929E-07
vn -0 -1 -1.1920929E-07
vn -0 -1 -1.1920929E-07
vn -0 -1 -1.1920929E-07
vn -0 -1 -1.1920929E-07
vn -0 -1 -1.1920929E-07
vn -0 -1 -1.1920929E-07
vn -0 -1 -1.1920929E-07
vn -0 -1 -1.1920929E-07
vn -0 -1 -1.1920929E-07
vn -0 -1 -1.1920929E-07
vn -0 -1 -1.1920929E-07
vn -0 -1 -1.1920929E-07
vn -0 -1 -1.1920929E-07
vn -0 -1 -1.1920929E-07
vn -0 -1 -1.1920929E-07
vn -0 -1 -1.1920929E-07
vn -0 -1 -1.1920929E-07
vn -0 -1 -1.1920929E-07
vn -0 -1 -1.1920929E-07
vn -0 -1 -3.57627869E-07
vn -0 -1 -3.57627869E-07
vn -0 -1 -3.57627869E-07
vn -0 -1 -3.57627869E-07
vn -0 -1 -3.57627869E-07
vn -0 -1 -3.57627869E-07
vn -0 -1 -3.57627869E-07
vn -0 -1 -3.57627869E-07
vn -0 -1 -3.57627869E-07
vn -0 -1 -3.57627869E-07
vn -0 -1 -3.57627869E-07
vn -0 -1 -3.57627869E-07
vn -0 -1 -3.57627869E-07
vn -0 -1 -3.57627869E-07
vn -0 -1 -3.57627869E-07
vn -0 -1 -3.57627869E-07
vn -0 -1 -3.57627869E-07
vn -0 -1 -3.57627869E-07
vn -0 -1 -3.57627869E-07
vn -0 -1 -3.57627869E-07
vn -0 -1 -3.57627869E-07
vn -0 -1 -3.57627869E-07
vn -0 -1 -3.57627869E-07
vn -0 -1 -3.57627869E-07
vn -0 -1 -3.57627869E-07
vn -0 -1 -3.57627869E-07
vn -0 -1 -3.57627869E-07
vn -0 -1 -3.57627869E-07
vn -0 -1 -3.57627869E-07
vn -0 -1 -3.57627869E-07
vn -0 -1 -3.57627869E-07
vn -0 -1 -3.57627869E-07
vn -0 -1 -3.57627869E-07
vn -0 -1 -3.57627869E-07
vn -0 -1 -3.57627869E-07
vn -0 -1 -3.57627869E-07
vn -0 -1 -3.57627869E-07
vn -0 -1 -3.57627869E-07
vn -0 -1 -3.57627869E-07
vn -0 -1 -3.57627869E-07
vn -0 -1 -3.57627869E-07
vn -0 -1 -3.57627869E-07
vn -0 -1 -3.57627869E-07
vn -0 -1 -3.57627869E-07
vn -0 -1 -3.57627869E-07
vn -0 -1 -3.57627869E-07
vn -0 -1 -3.57627869E-07
vn -0 -1 -3.57627869E-07
vn -0 -1 -3.57627869E-07
vn -0 -1 -3.57627869E-07
vn -0 -1 -3.57627869E-07
vn -0 -1 -3.57627869E-07
vn -0 -1 -3.57627869E-07
vn -0 -1 -3.57627869E-07
vn -0 -1 -3.57627869E-07
vn -0 -1 -3.57627869E-07
vn -0 -1 -3.57627869E-07
vn -0 -1 -3.57627869E-07
vn -0 -1 -3.57627869E-07
vn -0 -1 -3.57627869E-07
vn -0 -1 -3.57627869E-07
vn -0 -1 -3.57627869E-07
vn -0 -1 -3.57627869E-07
vn -0 -1 -3.57627869E-07
vn -0 -1 -1.1920929E-07
vn -0 -1 -1.1920929E-07
vn -0 -1 -1.1920929E-07
vn -0 -1 -1.1920929E-07
vn -0 -1 -1.1920929E-07
vn -0 -1 -1.1920929E-07
vn -0 -1 -1.1920929E-07
vn -0 -1 -1.1920929E-07
vn -0 -1 -1.1920929E-07
vn -0 -1 -1.1920929E-07
vn -0 -1 -1.1920929E-07
vn -0 -1 -1.1920929E-07
vn -0 -1 -1.1920929E-07
vn -0 -1 -1.1920929E-07
vn -0 -1 -1.1920929E-07
vn -0 -1 -1.1920929E-07
vn -0 -1 -1.1920929E-07
vn -0 -1 -1.1920929E-07
vn -0 -1 -1.1920929E-07
vn -0 -1 -1.1920929E-07
vn -0 -1 -1.1920929E-07
vn -0 -1 -1.1920929E-07
vn -0 -1 -1.1920929E-07
vn -0 -1 -1.1920929E-07
vn -0 -1 -1.1920929E-07
vn -0 -1 -1.1920929E-07
vn -0 -1 -1.1920929E-07
vn -0 -1 -1.1920929E-07
vn -0 -1 -1.1920929E-07
vn -0 -1 -1.1920929E-07
vn -0 -1 -1.1920929E-07
vn -0 -1 -1.1920929E-07
vn -0 -1 -2.38418579E-07
vn -0 -1 -2.38418579E-07
vn -0 -1 -2.38418579E-07
vn -0 -1 -2.38418579E-07
vn -0 -1 -2.38418579E-07
vn -0 -1 -2.38418579E-07
vn -0 -1 -2.38418579E-07
vn -0 -1 -2.38418579E-07
vn -0 -1 -2.38418579E-07
vn -0 -1 -2.38418579E-07
vn -0 -1 -2.38418579E-07
vn -0 -1 -2.38418579E-07
vn -0 -1 -2.38418579E-07
vn -0 -1 -2.38418579E-07
vn -0 -1 -2.38418579E-07
vn -0 -1 -2.38418579E-07
vn -0 -1 -2.38418579E-07
vn -0 -1 -2.38418579E-07
vn -0 -1 -2.38418579E-07
vn -0 -1 -2.38418579E-07
vn -0 -1 -2.38418579E-07
vn -0 -1 -2.38418579E-07
vn -0 -1 -2.38418579E-07
vn -0 -1 -2.38418579E-07
vn -0 -1 -2.38418579E-07
vn -0 -1 -2.38418579E-07
vn -0 -1 -2.38418579E-07
vn -0 -1 -2.38418579E-07
vn -0 -1 -2.38418579E-07
vn -0 -1 -2.38418579E-07
vn -0 -1 -2.38418579E-07
vn -0 -1 -2.38418579E-07
vn -0 -1 -2.38418579E-07
vn -0 -1 -2.38418579E-07
vn -0 -1 -2.38418579E-07
vn -0 -1 -2.38418579E-07
vn -0 -1 -2.38418579E-07
vn -0 -1 -2.38418579E-07
vn -0 -1 -2.38418579E-07
vn -0 -1 -2.38418579E-07
vn -0 -1 -2.38418579E-07
vn -0 -1 -2.38418579E-07
vn -0 -1 -2.38418579E-07
vn -0 -1 -2.38418579E-07
vn -0 -1 -2.38418579E-07
vn -0 -1 -2.38418579E-07
vn -0 -1 -2.38418579E-07
vn -0 -1 -2.38418579E-07
vn -0 -1 -2.38418579E-07
vn -0 -1 -2.38418579E-07
vn -0 -1 -2.38418579E-07
vn -0 -1 -2.38418579E-07
vn -0 -1 -2.38418579E-07
vn -0 -1 -2.38418579E-07
vn -0 -1 -2.38418579E-07
vn -0 -1 -2.38418579E-07
vn -0 -1 -2.38418579E-07
vn -0 -1 -2.38418579E-07
vn -0 -1 -2.38418579E-07
vn -0 -1 -2.38418579E-07
vn -0 -1 -2.38418579E-07
vn -0 -1 -2.38418579E-07
vn -0 -1 -2.38418579E-07
vn -0 -1 -2.38418579E-07
vn 0.57421875 0.583007812 0.574707031
vn 0.584960938 0.592773438 -0.553222656
vn 0.571777344 -0.548828125 -0.609863281
vn 0.578613281 -0.583007812 0.5703125
vn -0.57421875 0.583007812 0.574707031
vn -0.578613281 -0.583007812 0.5703125
vn -0.571777344 -0.548828125 -0.609863281
vn -0.584960938 0.592773438 -0.553222656
g Body_0
f 3/3/3 2/2/2 1/1/1
f 2/2/2 4/4/4 1/1/1
f 2/2/2 5/5/5 4/4/4
f 5/5/5 6/6/6 4/4/4
f 5/5/5 7/7/7 6/6/6
f 7/7/7 8/8/8 6/6/6
f 7/7/7 9/9/9 8/8/8
f 9/9/9 10/10/10 8/8/8
f 9/9/9 11/11/11 10/10/10
f 11/11/11 12/12/12 10/10/10
f 11/11/11 13/13/13 12/12/12
f 13/13/13 14/14/14 12/12/12
f 13/13/13 15/15/15 14/14/14
f 15/15/15 16/16/16 14/14/14
f 15/15/15 17/17/17 16/16/16
f 17/17/17 18/18/18 16/16/16
f 17/17/17 19/19/19 18/18/18
f 19/19/19 20/20/20 18/18/18
f 19/19/19 21/21/21 20/20/20
f 21/21/21 22/22/22 20/20/20
f 8/8/8 10/10/10 23/23/23
f 10/10/10 12/12/12 24/24/24
f 10/10/10 24/24/24 23/23/23
f 12/12/12 14/14/14 25/25/25
f 12/12/12 25/25/25 24/24/24
f 14/14/14 16/16/16 26/26/26
f 14/14/14 26/26/26 25/25/25
f 16/16/16 18/18/18 27/27/27
f 16/16/16 27/27/27 26/26/26
f 18/18/18 20/20/20 28/28/28
f 18/18/18 28/28/28 27/27/27
f 20/20/20 22/22/22 29/29/29
f 20/20/20 29/29/29 28/28/28
f 8/8/8 23/23/23 30/30/30
f 6/6/6 8/8/8 30/30/30
f 22/22/22 31/31/31 29/29/29
f 22/22/22 32/32/32 31/31/31
f 6/6/6 30/30/30 33/33/33
f 4/4/4 6/6/6 33/33/33
f 32/32/32 34/34/34 31/31/31
f 32/32/32 35/35/35 34/34/34
f 4/4/4 33/33/33 36/36/36
f 1/1/1 4/4/4 36/36/36
f 35/35/35 37/37/37 34/34/34
f 35/35/35 38/38/38 37/37/37
f 1/1/1 36/36/36 39/39/39
f 40/40/40 1/1/1 39/39/39
f 38/38/38 41/41/41 37/37/37
f 38/38/38 42/42/42 41/41/41
f 40/40/40 39/39/39 43/43/43
f 44/44/44 40/40/40 43/43/43
f 42/42/42 45/45/45 41/41/41
f 42/42/42 46/46/46 45/45/45
f 44/44/44 43/43/43 47/47/47
f 48/48/48 44/44/44 47/47/47
f 46/46/46 49/49/49 45/45/45
f 46/46/46 50/50/50 49/49/49
f 50/50/50 48/48/48 51/51/51
f 48/48/48 47/47/47 51/51/51
f 50/50/50 51/51/51 49/49/49
f 37/37/37 41/41/41 52/52/52
f 41/41/41 45/45/45 53/53/53
f 41/41/41 53/53/53 52/52/52
f 45/45/45 49/49/49 54/54/54
f 45/45/45 54/54/54 53/53/53
f 49/49/49 51/51/51 55/55/55
f 49/49/49 55/55/55 54/54/54
f 51/51/51 47/47/47 56/56/56
f 51/51/51 56/56/56 55/55/55
f 47/47/47 43/43/43 57/57/57
f 47/47/47 57/57/57 56/56/56
f 37/37/37 52/52/52 58/58/58
f 34/34/34 37/37/37 58/58/58
f 43/43/43 59/59/59 57/57/57
f 43/43/43 39/39/39 59/59/59
f 34/34/34 58/58/58 60/60/60
f 31/31/31 34/34/34 60/60/60
f 39/39/39 61/61/61 59/59/59
f 39/39/39 36/36/36 61/61/61
f 31/31/31 60/60/60 62/62/62
f 29/29/29 31/31/31 62/62/62
f 36/36/36 63/63/63 61/61/61
f 36/36/36 33/33/33 63/63/63
f 29/29/29 62/62/62 64/64/64
f 28/28/28 29/29/29 64/64/64
f 33/33/33 65/65/65 63/63/63
f 33/33/33 30/30/30 65/65/65
f 28/28/28 64/64/64 66/66/66
f 27/27/27 28/28/28 66/66/66
f 30/30/30 67/67/67 65/65/65
f 30/30/30 23/23/23 67/67/67
f 27/27/27 66/66/66 68/68/68
f 26/26/26 27/27/27 68/68/68
f 23/23/23 69/69/69 67/67/67
f 23/23/23 24/24/24 69/69/69
f 26/26/26 68/68/68 70/70/70
f 25/25/25 26/26/26 70/70/70
f 24/24/24 25/25/25 71/71/71
f 24/24/24 71/71/71 69/69/69
f 25/25/25 70/70/70 71/71/71
f 66/66/66 64/64/64 72/72/72
f 68/68/68 66/66/66 73/73/73
f 66/66/66 72/72/72 73/73/73
f 70/70/70 68/68/68 74/74/74
f 68/68/68 73/73/73 74/74/74
f 71/71/71 70/70/70 75/75/75
f 70/70/70 74/74/74 75/75/75
f 69/69/69 71/71/71 76/76/76
f 71/71/71 75/75/75 76/76/76
f 67/67/67 69/69/69 77/77/77
f 69/69/69 76/76/76 77/77/77
f 64/64/64 78/78/78 72/72/72
f 64/64/64 62/62/62 78/78/78
f 67/67/67 77/77/77 79/79/79
f 65/65/65 67/67/67 79/79/79
f 62/62/62 80/80/80 78/78/78
f 62/62/62 60/60/60 80/80/80
f 65/65/65 79/79/79 81/81/81
f 63/63/63 65/65/65 81/81/81
f 60/60/60 82/82/82 80/80/80
f 60/60/60 58/58/58 82/82/82
f 63/63/63 81/81/81 83/83/83
f 61/61/61 63/63/63 83/83/83
f 58/58/58 84/84/84 82/82/82
f 58/58/58 52/52/52 84/84/84
f 61/61/61 83/83/83 85/85/85
f 59/59/59 61/61/61 85/85/85
f 52/52/52 86/86/86 84/84/84
f 52/52/52 53/53/53 86/86/86
f 59/59/59 85/85/85 87/87/87
f 57/57/57 59/59/59 87/87/87
f 53/53/53 88/88/88 86/86/86
f 53/53/53 54/54/54 88/88/88
f 57/57/57 87/87/87 89/89/89
f 56/56/56 57/57/57 89/89/89
f 54/54/54 90/90/90 88/88/88
f 54/54/54 55/55/55 90/90/90
f 55/55/55 56/56/56 91/91/91
f 56/56/56 89/89/89 91/91/91
f 55/55/55 91/91/91 90/90/90
f 84/84/84 86/86/86 92/92/92
f 86/86/86 88/88/88 93/93/93
f 86/86/86 93/93/93 92/92/92
f 88/88/88 90/90/90 94/94/94
f 88/88/88 94/94/94 93/93/93
f 90/90/90 91/91/91 95/95/95
f 90/90/90 95/95/95 94/94/94
f 91/91/91 89/89/89 96/96/96
f 91/91/91 96/96/96 95/95/95
f 89/89/89 87/87/87 97/97/97
f 89/89/89 97/97/97 96/96/96
f 84/84/84 92/92/92 98/98/98
f 82/82/82 84/84/84 98/98/98
f 87/87/87 99/99/99 97/97/97
f 87/87/87 85/85/85 99/99/99
f 82/82/82 98/98/98 100/100/100
f 80/80/80 82/82/82 100/100/100
f 85/85/85 101/101/101 99/99/99
f 85/85/85 83/83/83 101/101/101
f 80/80/80 100/100/100 102/102/102
f 78/78/78 80/80/80 102/102/102
f 83/83/83 103/103/103 101/101/101
f 83/83/83 81/81/81 103/103/103
f 78/78/78 102/102/102 104/104/104
f 72/72/72 78/78/78 104/104/104
f 81/81/81 105/105/105 103/103/103
f 81/81/81 79/79/79 105/105/105
f 72/72/72 104/104/104 106/106/106
f 73/73/73 72/72/72 106/106/106
f 79/79/79 107/107/107 105/105/105
f 79/79/79 77/77/77 107/107/107
f 73/73/73 106/106/106 108/108/108
f 74/74/74 73/73/73 108/108/108
f 77/77/77 109/109/109 107/107/107
f 77/77/77 76/76/76 109/109/109
f 74/74/74 108/108/108 110/110/110
f 75/75/75 74/74/74 110/110/110
f 76/76/76 75/75/75 111/111/111
f 76/76/76 111/111/111 109/109/109
f 75/75/75 110/110/110 111/111/111
f 106/106/106 104/104/104 112/112/112
f 108/108/108 106/106/106 113/113/113
f 106/106/106 112/112/112 113/113/113
f 110/110/110 108/108/108 114/114/114
f 108/108/108 113/113/113 114/114/114
f 111/111/111 110/110/110 115/115/115
f 110/110/110 114/114/114 115/115/115
f 109/109/109 111/111/111 116/116/116
f 111/111/111 115/115/115 116/116/116
f 107/107/107 109/109/109 117/117/117
f 109/109/109 116/116/116 117/117/117
f 104/104/104 118/118/118 112/112/112
f 104/104/104 102/102/102 118/118/118
f 107/107/107 117/117/117 119/119/119
f 105/105/105 107/107/107 119/119/119
f 102/102/102 120/120/120 118/118/118
f 102/102/102 100/100/100 120/120/120
f 105/105/105 119/119/119 121/121/121
f 103/103/103 105/105/105 121/121/121
f 100/100/100 122/122/122 120/120/120
f 100/100/100 98/98/98 122/122/122
f 103/103/103 121/121/121 123/123/123
f 101/101/101 103/103/103 123/123/123
f 98/98/98 124/124/124 122/122/122
f 98/98/98 92/92/92 124/124/124
f 101/101/101 123/123/123 125/125/125
f 99/99/99 101/101/101 125/125/125
f 92/92/92 126/126/126 124/124/124
f 92/92/92 93/93/93 126/126/126
f 99/99/99 125/125/125 127/127/127
f 97/97/97 99/99/99 127/127/127
f 93/93/93 128/128/128 126/126/126
f 93/93/93 94/94/94 128/128/128
f 97/97/97 127/127/127 129/129/129
f 96/96/96 97/97/97 129/129/129
f 94/94/94 130/130/130 128/128/128
f 94/94/94 95/95/95 130/130/130
f 95/95/95 96/96/96 131/131/131
f 96/96/96 129/129/129 131/131/131
f 95/95/95 131/131/131 130/130/130
f 124/124/124 126/126/126 132/132/132
f 126/126/126 128/128/128 133/133/133
f 126/126/126 133/133/133 132/132/132
f 128/128/128 130/130/130 134/134/134
f 128/128/128 134/134/134 133/133/133
f 130/130/130 131/131/131 135/135/135
f 130/130/130 135/135/135 134/134/134
f 131/131/131 129/129/129 136/136/136
f 131/131/131 136/136/136 135/135/135
f 129/129/129 127/127/127 137/137/137
f 129/129/129 137/137/137 136/136/136
f 124/124/124 132/132/132 138/138/138
f 122/122/122 124/124/124 138/138/138
f 127/127/127 139/139/139 137/137/137
f 127/127/127 125/125/125 139/139/139
f 122/122/122 138/138/138 140/140/140
f 120/120/120 122/122/122 140/140/140
f 125/125/125 141/141/141 139/139/139
f 125/125/125 123/123/123 141/141/141
f 120/120/120 140/140/140 142/142/142
f 118/118/118 120/120/120 142/142/142
f 123/123/123 143/143/143 141/141/141
f 123/123/123 121/121/121 143/143/143
f 118/118/118 142/142/142 144/144/144
f 112/112/112 118/118/118 144/144/144
f 121/121/121 145/145/145 143/143/143
f 121/121/121 119/119/119 145/145/145
f 112/112/112 144/144/144 146/146/146
f 113/113/113 112/112/112 146/146/146
f 119/119/119 147/147/147 145/145/145
f 119/119/119 117/117/117 147/147/147
f 113/113/113 146/146/146 148/148/148
f 114/114/114 113/113/113 148/148/148
f 117/117/117 149/149/149 147/147/147
f 117/117/117 116/116/116 149/149/149
f 114/114/114 148/148/148 150/150/150
f 115/115/115 114/114/114 150/150/150
f 116/116/116 115/115/115 151/151/151
f 116/116/116 151/151/151 149/149/149
f 115/115/115 150/150/150 151/151/151
f 146/146/146 144/144/144 152/152/152
f 148/148/148 146/146/146 153/153/153
f 146/146/146 152/152/152 153/153/153
f 150/150/150 148/148/148 154/154/154
f 148/148/148 153/153/153 154/154/154
f 151/151/151 150/150/150 155/155/155
f 150/150/150 154/154/154 155/155/155
f 149/149/149 151/151/151 156/156/156
f 151/151/151 155/155/155 156/156/156
f 147/147/147 149/149/149 157/157/157
f 149/149/149 156/156/156 157/157/157
f 144/144/144 158/158/158 152/152/152
f 144/144/144 142/142/142 158/158/158
f 147/147/147 157/157/157 159/159/159
f 145/145/145 147/147/147 159/159/159
f 142/142/142 160/160/160 158/158/158
f 142/142/142 140/140/140 160/160/160
f 145/145/145 159/159/159 161/161/161
f 143/143/143 145/145/145 161/161/161
f 140/140/140 162/162/162 160/160/160
f 140/140/140 138/138/138 162/162/162
f 143/143/143 161/161/161 163/163/163
f 141/141/141 143/143/143 163/163/163
f 138/138/138 164/164/164 162/162/162
f 138/138/138 132/132/132 164/164/164
f 141/141/141 163/163/163 165/165/165
f 139/139/139 141/141/141 165/165/165
f 132/132/132 166/166/166 164/164/164
f 132/132/132 133/133/133 166/166/166
f 139/139/139 165/165/165 167/167/167
f 137/137/137 139/139/139 167/167/167
f 133/133/133 168/168/168 166/166/166
f 133/133/133 134/134/134 168/168/168
f 137/137/137 167/167/167 169/169/169
f 136/136/136 137/137/137 169/169/169
f 134/134/134 170/170/170 168/168/168
f 134/134/134 135/135/135 170/170/170
f 135/135/135 136/136/136 171/171/171
f 136/136/136 169/169/169 171/171/171
f 135/135/135 171/171/171 170/170/170
f 164/164/164 166/166/166 172/172/172
f 166/166/166 168/168/168 173/173/173
f 166/166/166 173/173/173 172/172/172
f 168/168/168 170/170/170 174/174/174
f 168/168/168 174/174/174 173/173/173
f 170/170/170 171/171/171 175/175/175
f 170/170/170 175/175/175 174/174/174
f 171/171/171 169/169/169 176/176/176
f 171/171/171 176/176/176 175/175/175
f 169/169/169 167/167/167 177/177/177
f 169/169/169 177/177/177 176/176/176
f 164/164/164 172/172/172 178/178/178
f 162/162/162 164/164/164 178/178/178
f 167/167/167 179/179/179 177/177/177
f 167/167/167 165/165/165 179/179/179
f 162/162/162 178/178/178 180/180/180
f 160/160/160 162/162/162 180/180/180
f 165/165/165 181/181/181 179/179/179
f 165/165/165 163/163/163 181/181/181
f 160/160/160 180/180/180 182/182/182
f 158/158/158 160/160/160 182/182/182
f 163/163/163 183/183/183 181/181/181
f 163/163/163 161/161/161 183/183/183
f 158/158/158 182/182/182 184/184/184
f 152/152/152 158/158/158 184/184/184
f 161/161/161 185/185/185 183/183/183
f 161/161/161 159/159/159 185/185/185
f 152/152/152 184/184/184 186/186/186
f 153/153/153 152/152/152 186/186/186
f 159/159/159 187/187/187 185/185/185
f 159/159/159 157/157/157 187/187/187
f 153/153/153 186/186/186 188/188/188
f 154/154/154 153/153/153 188/188/188
f 157/157/157 189/189/189 187/187/187
f 157/157/157 156/156/156 189/189/189
f 154/154/154 188/188/188 190/190/190
f 155/155/155 154/154/154 190/190/190
f 156/156/156 155/155/155 191/191/191
f 156/156/156 191/191/191 189/189/189
f 155/155/155 190/190/190 191/191/191
f 186/186/186 184/184/184 192/192/192
f 188/188/188 186/186/186 193/193/193
f 186/186/186 192/192/192 193/193/193
f 190/190/190 188/188/188 194/194/194
f 188/188/188 193/193/193 194/194/194
f 191/191/191 190/190/190 195/195/195
f 190/190/190 194/194/194 195/195/195
f 194/194/194 193/193/193 196/196/196
f 193/193/193 192/192/192 196/196/196
f 195/195/195 194/194/194 196/196/196
f 192/192/192 197/197/197 196/196/196
f 184/184/184 197/197/197 192/192/192
f 198/198/198 195/195/195 196/196/196
f 191/191/191 195/195/195 198/198/198
f 189/189/189 191/191/191 198/198/198
f 184/184/184 182/182/182 197/197/197
f 189/189/189 198/198/198 199/199/199
f 199/199/199 198/198/198 196/196/196
f 187/187/187 189/189/189 199/199/199
f 182/182/182 200/200/200 197/197/197
f 197/197/197 200/200/200 196/196/196
f 182/182/182 180/180/180 200/200/200
f 187/187/187 199/199/199 201/201/201
f 201/201/201 199/199/199 196/196/196
f 185/185/185 187/187/187 201/201/201
f 180/180/180 202/202/202 200/200/200
f 200/200/200 202/202/202 196/196/196
f 180/180/180 178/178/178 202/202/202
f 185/185/185 201/201/201 203/203/203
f 203/203/203 201/201/201 196/196/196
f 183/183/183 185/185/185 203/203/203
f 178/178/178 204/204/204 202/202/202
f 202/202/202 204/204/204 196/196/196
f 205/205/205 203/203/203 196/196/196
f 183/183/183 203/203/203 205/205/205
f 204/204/204 206/206/206 196/196/196
f 178/178/178 172/172/172 204/204/204
f 172/172/172 206/206/206 204/204/204
f 181/181/181 183/183/183 205/205/205
f 172/172/172 173/173/173 206/206/206
f 181/181/181 205/205/205 207/207/207
f 207/207/207 205/205/205 196/196/196
f 179/179/179 181/181/181 207/207/207
f 173/173/173 208/208/208 206/206/206
f 206/206/206 208/208/208 196/196/196
f 173/173/173 174/174/174 208/208/208
f 179/179/179 207/207/207 209/209/209
f 209/209/209 207/207/207 196/196/196
f 177/177/177 179/179/179 209/209/209
f 174/174/174 210/210/210 208/208/208
f 208/208/208 210/210/210 196/196/196
f 174/174/174 175/175/175 210/210/210
f 177/177/177 209/209/209 211/211/211
f 211/211/211 209/209/209 196/196/196
f 176/176/176 177/177/177 211/211/211
f 210/210/210 212/212/212 196/196/196
f 175/175/175 212/212/212 210/210/210
f 212/212/212 211/211/211 196/196/196
f 176/176/176 211/211/211 212/212/212
f 175/175/175 176/176/176 212/212/212
f 215/215/215 214/214/214 213/213/213
f 216/216/216 215/215/215 213/213/213
f 219/219/219 218/218/218 217/217/217
f 218/218/218 220/220/220 217/217/217
f 218/218/218 221/221/221 220/220/220
f 221/221/221 222/222/222 220/220/220
f 221/221/221 223/223/223 222/222/222
f 223/223/223 224/224/224 222/222/222
f 223/223/223 225/225/225 224/224/224
f 225/225/225 226/226/226 224/224/224
f 225/225/225 227/227/227 226/226/226
f 227/227/227 228/228/228 226/226/226
f 227/227/227 229/229/229 228/228/228
f 229/229/229 230/230/230 228/228/228
f 229/229/229 231/231/231 230/230/230
f 231/231/231 232/232/232 230/230/230
f 231/231/231 233/233/233 232/232/232
f 233/233/233 234/234/234 232/232/232
f 233/233/233 235/235/235 234/234/234
f 235/235/235 236/236/236 234/234/234
f 235/235/235 237/237/237 236/236/236
f 237/237/237 238/238/238 236/236/236
f 224/224/224 226/226/226 239/239/239
f 226/226/226 228/228/228 240/240/240
f 226/226/226 240/240/240 239/239/239
f 228/228/228 230/230/230 241/241/241
f 228/228/228 241/241/241 240/240/240
f 230/230/230 232/232/232 242/242/242
f 230/230/230 242/242/242 241/241/241
f 232/232/232 234/234/234 243/243/243
f 232/232/232 243/243/243 242/242/242
f 234/234/234 236/236/236 244/244/244
f 234/234/234 244/244/244 243/243/243
f 236/236/236 238/238/238 245/245/245
f 236/236/236 245/245/245 244/244/244
f 224/224/224 239/239/239 246/246/246
f 222/222/222 224/224/224 246/246/246
f 238/238/238 247/247/247 245/245/245
f 238/238/238 248/248/248 247/247/247
f 222/222/222 246/246/246 249/249/249
f 220/220/220 222/222/222 249/249/249
f 248/248/248 250/250/250 247/247/247
f 248/248/248 251/251/251 250/250/250
f 220/220/220 249/249/249 252/252/252
f 217/217/217 220/220/220 252/252/252
f 251/251/251 253/253/253 250/250/250
f 251/251/251 254/254/254 253/253/253
f 217/217/217 252/252/252 255/255/255
f 256/256/256 217/217/217 255/255/255
f 254/254/254 257/257/257 253/253/253
f 254/254/254 258/258/258 257/257/257
f 256/256/256 255/255/255 259/259/259
f 260/260/260 256/256/256 259/259/259
f 258/258/258 261/261/261 257/257/257
f 258/258/258 262/262/262 261/261/261
f 260/260/260 259/259/259 263/263/263
f 264/264/264 260/260/260 263/263/263
f 262/262/262 265/265/265 261/261/261
f 262/262/262 266/266/266 265/265/265
f 266/266/266 264/264/264 267/267/267
f 264/264/264 263/263/263 267/267/267
f 266/266/266 267/267/267 265/265/265
f 253/253/253 257/257/257 268/268/268
f 257/257/257 261/261/261 269/269/269
f 257/257/257 269/269/269 268/268/268
f 261/261/261 265/265/265 270/270/270
f 261/261/261 270/270/270 269/269/269
f 265/265/265 267/267/267 271/271/271
f 265/265/265 271/271/271 270/270/270
f 267/267/267 263/263/263 272/272/272
f 267/267/267 272/272/272 271/271/271
f 263/263/263 259/259/259 273/273/273
f 263/263/263 273/273/273 272/272/272
f 253/253/253 268/268/268 274/274/274
f 250/250/250 253/253/253 274/274/274
f 259/259/259 275/275/275 273/273/273
f 259/259/259 255/255/255 275/275/275
f 250/250/250 274/274/274 276/276/276
f 247/247/247 250/250/250 276/276/276
f 255/255/255 277/277/277 275/275/275
f 255/255/255 252/252/252 277/277/277
f 247/247/247 276/276/276 278/278/278
f 245/245/245 247/247/247 278/278/278
f 252/252/252 279/279/279 277/277/277
f 252/252/252 249/249/249 279/279/279
f 245/245/245 278/278/278 280/280/280
f 244/244/244 245/245/245 280/280/280
f 249/249/249 281/281/281 279/279/279
f 249/249/249 246/246/246 281/281/281
f 244/244/244 280/280/280 282/282/282
f 243/243/243 244/244/244 282/282/282
f 246/246/246 283/283/283 281/281/281
f 246/246/246 239/239/239 283/283/283
f 243/243/243 282/282/282 284/284/284
f 242/242/242 243/243/243 284/284/284
f 239/239/239 285/285/285 283/283/283
f 239/239/239 240/240/240 285/285/285
f 242/242/242 284/284/284 286/286/286
f 241/241/241 242/242/242 286/286/286
f 240/240/240 241/241/241 287/287/287
f 240/240/240 287/287/287 285/285/285
f 241/241/241 286/286/286 287/287/287
f 282/282/282 280/280/280 288/288/288
f 284/284/284 282/282/282 289/289/289
f 282/282/282 288/288/288 289/289/289
f 286/286/286 284/284/284 290/290/290
f 284/284/284 289/289/289 290/290/290
f 287/287/287 286/286/286 291/291/291
f 286/286/286 290/290/290 291/291/291
f 285/285/285 287/287/287 292/292/292
f 287/287/287 291/291/291 292/292/292
f 283/283/283 285/285/285 293/293/293
f 285/285/285 292/292/292 293/293/293
f 280/280/280 294/294/294 288/288/288
f 280/280/280 278/278/278 294/294/294
f 283/283/283 293/293/293 295/295/295
f 281/281/281 283/283/283 295/295/295
f 278/278/278 296/296/296 294/294/294
f 278/278/278 276/276/276 296/296/296
f 281/281/281 295/295/295 297/297/297
f 279/279/279 281/281/281 297/297/297
f 276/276/276 298/298/298 296/296/296
f 276/276/276 274/274/274 298/298/298
f 279/279/279 297/297/297 299/299/299
f 277/277/277 279/279/279 299/299/299
f 274/274/274 300/300/300 298/298/298
f 274/274/274 268/268/268 300/300/300
f 277/277/277 299/299/299 301/301/301
f 275/275/275 277/277/277 301/301/301
f 268/268/268 302/302/302 300/300/300
f 268/268/268 269/269/269 302/302/302
f 275/275/275 301/301/301 303/303/303
f 273/273/273 275/275/275 303/303/303
f 269/269/269 304/304/304 302/302/302
f 269/269/269 270/270/270 304/304/304
f 273/273/273 303/303/303 305/305/305
f 272/272/272 273/273/273 305/305/305
f 270/270/270 306/306/306 304/304/304
f 270/270/270 271/271/271 306/306/306
f 271/271/271 272/272/272 307/307/307
f 272/272/272 305/305/305 307/307/307
f 271/271/271 307/307/307 306/306/306
f 300/300/300 302/302/302 308/308/308
f 302/302/302 304/304/304 309/309/309
f 302/302/302 309/309/309 308/308/308
f 304/304/304 306/306/306 310/310/310
f 304/304/304 310/310/310 309/309/309
f 306/306/306 307/307/307 311/311/311
f 306/306/306 311/311/311 310/310/310
f 307/307/307 305/305/305 312/312/312
f 307/307/307 312/312/312 311/311/311
f 305/305/305 303/303/303 313/313/313
f 305/305/305 313/313/313 312/312/312
f 300/300/300 308/308/308 314/314/314
f 298/298/298 300/300/300 314/314/314
f 303/303/303 315/315/315 313/313/313
f 303/303/303 301/301/301 315/315/315
f 298/298/298 314/314/314 316/316/316
f 296/296/296 298/298/298 316/316/316
f 301/301/301 317/317/317 315/315/315
f 301/301/301 299/299/299 317/317/317
f 296/296/296 316/316/316 318/318/318
f 294/294/294 296/296/296 318/318/318
f 299/299/299 319/319/319 317/317/317
f 299/299/299 297/297/297 319/319/319
f 294/294/294 318/318/318 320/320/320
f 288/288/288 294/294/294 320/320/320
f 297/297/297 321/321/321 319/319/319
f 297/297/297 295/295/295 321/321/321
f 288/288/288 320/320/320 322/322/322
f 289/289/289 288/288/288 322/322/322
f 295/295/295 323/323/323 321/321/321
f 295/295/295 293/293/293 323/323/323
f 289/289/289 322/322/322 324/324/324
f 290/290/290 289/289/289 324/324/324
f 293/293/293 325/325/325 323/323/323
f 293/293/293 292/292/292 325/325/325
f 290/290/290 324/324/324 326/326/326
f 291/291/291 290/290/290 326/326/326
f 292/292/292 291/291/291 327/327/327
f 292/292/292 327/327/327 325/325/325
f 291/291/291 326/326/326 327/327/327
f 322/322/322 320/320/320 328/328/328
f 324/324/324 322/322/322 329/329/329
f 322/322/322 328/328/328 329/329/329
f 326/326/326 324/324/324 330/330/330
f 324/324/324 329/329/329 330/330/330
f 327/327/327 326/326/326 331/331/331
f 326/326/326 330/330/330 331/331/331
f 325/325/325 327/327/327 332/332/332
f 327/327/327 331/331/331 332/332/332
f 323/323/323 325/325/325 333/333/333
f 325/325/325 332/332/332 333/333/333
f 320/320/320 334/334/334 328/328/328
f 320/320/320 318/318/318 334/334/334
f 323/323/323 333/333/333 335/335/335
f 321/321/321 323/323/323 335/335/335
f 318/318/318 336/336/336 334/334/334
f 318/318/318 316/316/316 336/336/336
f 321/321/321 335/335/335 337/337/337
f 319/319/319 321/321/321 337/337/337
f 316/316/316 338/338/338 336/336/336
f 316/316/316 314/314/314 338/338/338
f 319/319/319 337/337/337 339/339/339
f 317/317/317 319/319/319 339/339/339
f 314/314/314 340/340/340 338/338/338
f 314/314/314 308/308/308 340/340/340
f 317/317/317 339/339/339 341/341/341
f 315/315/315 317/317/317 341/341/341
f 308/308/308 342/342/342 340/340/340
f 308/308/308 309/309/309 342/342/342
f 315/315/315 341/341/341 343/343/343
f 313/313/313 315/315/315 343/343/343
f 309/309/309 344/344/344 342/342/342
f 309/309/309 310/310/310 344/344/344
f 313/313/313 343/343/343 345/345/345
f 312/312/312 313/313/313 345/345/345
f 310/310/310 346/346/346 344/344/344
f 310/310/310 311/311/311 346/346/346
f 311/311/311 312/312/312 347/347/347
f 312/312/312 345/345/345 347/347/347
f 311/311/311 347/347/347 346/346/346
f 340/340/340 342/342/342 348/348/348
f 342/342/342 344/344/344 349/349/349
f 342/342/342 349/349/349 348/348/348
f 344/344/344 346/346/346 350/350/350
f 344/344/344 350/350/350 349/349/349
f 346/346/346 347/347/347 351/351/351
f 346/346/346 351/351/351 350/350/350
f 347/347/347 345/345/345 352/352/352
f 347/347/347 352/352/352 351/351/351
f 345/345/345 343/343/343 353/353/353
f 345/345/345 353/353/353 352/352/352
f 340/340/340 348/348/348 354/354/354
f 338/338/338 340/340/340 354/354/354
f 343/343/343 355/355/355 353/353/353
f 343/343/343 341/341/341 355/355/355
f 338/338/338 354/354/354 356/356/356
f 336/336/336 338/338/338 356/356/356
f 341/341/341 357/357/357 355/355/355
f 341/341/341 339/339/339 357/357/357
f 336/336/336 356/356/356 358/358/358
f 334/334/334 336/336/336 358/358/358
f 339/339/339 359/359/359 357/357/357
f 339/339/339 337/337/337 359/359/359
f 334/334/334 358/358/358 360/360/360
f 328/328/328 334/334/334 360/360/360
f 337/337/337 361/361/361 359/359/359
f 337/337/337 335/335/335 361/361/361
f 328/328/328 360/360/360 362/362/362
f 329/329/329 328/328/328 362/362/362
f 335/335/335 363/363/363 361/361/361
f 335/335/335 333/333/333 363/363/363
f 329/329/329 362/362/362 364/364/364
f 330/330/330 329/329/329 364/364/364
f 333/333/333 365/365/365 363/363/363
f 333/333/333 332/332/332 365/365/365
f 330/330/330 364/364/364 366/366/366
f 331/331/331 330/330/330 366/366/366
f 332/332/332 331/331/331 367/367/367
f 332/332/332 367/367/367 365/365/365
f 331/331/331 366/366/366 367/367/367
f 362/362/362 360/360/360 368/368/368
f 364/364/364 362/362/362 369/369/369
f 362/362/362 368/368/368 369/369/369
f 366/366/366 364/364/364 370/370/370
f 364/364/364 369/369/369 370/370/370
f 367/367/367 366/366/366 371/371/371
f 366/366/366 370/370/370 371/371/371
f 365/365/365 367/367/367 372/372/372
f 367/367/367 371/371/371 372/372/372
f 363/363/363 365/365/365 373/373/373
f 365/365/365 372/372/372 373/373/373
f 360/360/360 374/374/374 368/368/368
f 360/360/360 358/358/358 374/374/374
f 363/363/363 373/373/373 375/375/375
f 361/361/361 363/363/363 375/375/375
f 358/358/358 376/376/376 374/374/374
f 358/358/358 356/356/356 376/376/376
f 361/361/361 375/375/375 377/377/377
f 359/359/359 361/361/361 377/377/377
f 356/356/356 378/378/378 376/376/376
f 356/356/356 354/354/354 378/378/378
f 359/359/359 377/377/377 379/379/379
f 357/357/357 359/359/359 379/379/379
f 354/354/354 380/380/380 378/378/378
f 354/354/354 348/348/348 380/380/380
f 357/357/357 379/379/379 381/381/381
f 355/355/355 357/357/357 381/381/381
f 348/348/348 382/382/382 380/380/380
f 348/348/348 349/349/349 382/382/382
f 355/355/355 381/381/381 383/383/383
f 353/353/353 355/355/355 383/383/383
f 349/349/349 384/384/384 382/382/382
f 349/349/349 350/350/350 384/384/384
f 353/353/353 383/383/383 385/385/385
f 352/352/352 353/353/353 385/385/385
f 350/350/350 386/386/386 384/384/384
f 350/350/350 351/351/351 386/386/386
f 351/351/351 352/352/352 387/387/387
f 352/352/352 385/385/385 387/387/387
f 351/351/351 387/387/387 386/386/386
f 380/380/380 382/382/382 388/388/388
f 382/382/382 384/384/384 389/389/389
f 382/382/382 389/389/389 388/388/388
f 384/384/384 386/386/386 390/390/390
f 384/384/384 390/390/390 389/389/389
f 386/386/386 387/387/387 391/391/391
f 386/386/386 391/391/391 390/390/390
f 387/387/387 385/385/385 392/392/392
f 387/387/387 392/392/392 391/391/391
f 385/385/385 383/383/383 393/393/393
f 385/385/385 393/393/393 392/392/392
f 380/380/380 388/388/388 394/394/394
f 378/378/378 380/380/380 394/394/394
f 383/383/383 395/395/395 393/393/393
f 383/383/383 381/381/381 395/395/395
f 378/378/378 394/394/394 396/396/396
f 376/376/376 378/378/378 396/396/396
f 381/381/381 397/397/397 395/395/395
f 381/381/381 379/379/379 397/397/397
f 376/376/376 396/396/396 398/398/398
f 374/374/374 376/376/376 398/398/398
f 379/379/379 399/399/399 397/397/397
f 379/379/379 377/377/377 399/399/399
f 374/374/374 398/398/398 400/400/400
f 368/368/368 374/374/374 400/400/400
f 377/377/377 401/401/401 399/399/399
f 377/377/377 375/375/375 401/401/401
f 368/368/368 400/400/400 402/402/402
f 369/369/369 368/368/368 402/402/402
f 375/375/375 403/403/403 401/401/401
f 375/375/375 373/373/373 403/403/403
f 369/369/369 402/402/402 404/404/404
f 370/370/370 369/369/369 404/404/404
f 373/373/373 405/405/405 403/403/403
f 373/373/373 372/372/372 405/405/405
f 370/370/370 404/404/404 406/406/406
f 371/371/371 370/370/370 406/406/406
f 372/372/372 371/371/371 407/407/407
f 372/372/372 407/407/407 405/405/405
f 371/371/371 406/406/406 407/407/407
f 402/402/402 400/400/400 408/408/408
f 404/404/404 402/402/402 409/409/409
f 402/402/402 408/408/408 409/409/409
f 406/406/406 404/404/404 410/410/410
f 404/404/404 409/409/409 410/410/410
f 407/407/407 406/406/406 411/411/411
f 406/406/406 410/410/410 411/411/411
f 410/410/410 409/409/409 412/412/412
f 409/409/409 408/408/408 412/412/412
f 411/411/411 410/410/410 412/412/412
f 408/408/408 413/413/413 412/412/412
f 400/400/400 413/413/413 408/408/408
f 414/414/414 411/411/411 412/412/412
f 407/407/407 411/411/411 414/414/414
f 405/405/405 407/407/407 414/414/414
f 400/400/400 398/398/398 413/413/413
f 405/405/405 414/414/414 415/415/415
f 415/415/415 414/414/414 412/412/412
f 403/403/403 405/405/405 415/415/415
f 398/398/398 416/416/416 413/413/413
f 413/413/413 416/416/416 412/412/412
f 398/398/398 396/396/396 416/416/416
f 403/403/403 415/415/415 417/417/417
f 417/417/417 415/415/415 412/412/412
f 401/401/401 403/403/403 417/417/417
f 396/396/396 418/418/418 416/416/416
f 416/416/416 418/418/418 412/412/412
f 396/396/396 394/394/394 418/418/418
f 401/401/401 417/417/417 419/419/419
f 419/419/419 417/417/417 412/412/412
f 399/399/399 401/401/401 419/419/419
f 394/394/394 420/420/420 418/418/418
f 418/418/418 420/420/420 412/412/412
f 421/421/421 419/419/419 412/412/412
f 399/399/399 419/419/419 421/421/421
f 420/420/420 422/422/422 412/412/412
f 394/394/394 388/388/388 420/420/420
f 388/388/388 422/422/422 420/420/420
f 397/397/397 399/399/399 421/421/421
f 388/388/388 389/389/389 422/422/422
f 397/397/397 421/421/421 423/423/423
f 423/423/423 421/421/421 412/412/412
f 395/395/395 397/397/397 423/423/423
f 389/389/389 424/424/424 422/422/422
f 422/422/422 424/424/424 412/412/412
f 389/389/389 390/390/390 424/424/424
f 395/395/395 423/423/423 425/425/425
f 425/425/425 423/423/423 412/412/412
f 393/393/393 395/395/395 425/425/425
f 390/390/390 426/426/426 424/424/424
f 424/424/424 426/426/426 412/412/412
f 390/390/390 391/391/391 426/426/426
f 393/393/393 425/425/425 427/427/427
f 427/427/427 425/425/425 412/412/412
f 392/392/392 393/393/393 427/427/427
f 426/426/426 428/428/428 412/412/412
f 391/391/391 428/428/428 426/426/426
f 428/428/428 427/427/427 412/412/412
f 392/392/392 427/427/427 428/428/428
f 391/391/391 392/392/392 428/428/428
f 431/431/431 430/430/430 429/429/429
f 432/432/432 431/431/431 429/429/429
f 435/435/435 434/434/434 433/433/433
f 436/436/436 435/435/435 433/433/433
f 433/433/433 437/437/437 436/436/436
f 437/437/437 438/438/438 436/436/436
f 438/438/438 439/439/439 436/436/436
f 436/436/436 440/440/440 435/435/435
f 439/439/439 440/440/440 436/436/436
f 440/440/440 441/441/441 435/435/435
f 439/439/439 442/442/442 440/440/440
f 441/441/441 440/440/440 443/443/443
f 442/442/442 443/443/443 440/440/440
f 444/444/444 441/441/441 443/443/443
f 442/442/442 445/445/445 443/443/443
f 444/444/444 443/443/443 446/446/446
f 445/445/445 446/446/446 443/443/443
f 447/447/447 444/444/444 446/446/446
f 445/445/445 448/448/448 446/446/446
f 447/447/447 446/446/446 449/449/449
f 448/448/448 449/449/449 446/446/446
f 448/448/448 450/450/450 449/449/449
f 451/451/451 447/447/447 449/449/449
f 450/450/450 452/452/452 449/449/449
f 451/451/451 449/449/449 452/452/452
f 453/453/453 451/451/451 452/452/452
f 456/456/456 455/455/455 454/454/454
f 455/455/455 457/457/457 454/454/454
f 458/458/458 454/454/454 457/457/457
f 455/455/455 459/459/459 457/457/457
f 460/460/460 458/458/458 457/457/457
f 459/459/459 461/461/461 457/457/457
f 460/460/460 457/457/457 461/461/461
f 459/459/459 462/462/462 461/461/461
f 463/463/463 460/460/460 461/461/461
f 462/462/462 464/464/464 461/461/461
f 463/463/463 461/461/461 464/464/464
f 462/462/462 465/465/465 464/464/464
f 466/466/466 463/463/463 464/464/464
f 465/465/465 467/467/467 464/464/464
f 466/466/466 464/464/464 467/467/467
f 465/465/465 468/468/468 467/467/467
f 469/469/469 466/466/466 467/467/467
f 468/468/468 470/470/470 467/467/467
f 467/467/467 470/470/470 469/469/469
f 468/468/468 471/471/471 470/470/470
f 471/471/471 472/472/472 470/470/470
f 470/470/470 472/472/472 473/473/473
f 470/470/470 473/473/473 469/469/469
f 472/472/472 474/474/474 473/473/473
f 472/472/472 475/475/475 474/474/474
f 475/475/475 476/476/476 474/474/474
f 474/474/474 477/477/477 473/473/473
f 473/473/473 478/478/478 469/469/469
f 477/477/477 478/478/478 473/473/473
f 478/478/478 479/479/479 469/469/469
f 479/479/479 480/480/480 469/469/469
f 480/480/480 481/481/481 469/469/469
f 477/477/477 482/482/482 478/478/478
f 478/478/478 483/483/483 479/479/479
f 482/482/482 483/483/483 478/478/478
f 484/484/484 482/482/482 477/477/477
f 485/485/485 484/484/484 477/477/477
f 481/481/481 480/480/480 486/486/486
f 487/487/487 481/481/481 486/486/486
f 488/488/488 481/481/481 487/487/487
f 486/486/486 480/480/480 489/489/489
f 490/490/490 488/488/488 487/487/487
f 489/489/489 491/491/491 490/490/490
f 491/491/491 488/488/488 490/490/490
f 480/480/480 491/491/491 489/489/489
f 488/488/488 491/491/491 492/492/492
f 493/493/493 488/488/488 492/492/492
f 493/493/493 492/492/492 494/494/494
f 495/495/495 493/493/493 494/494/494
f 494/494/494 492/492/492 496/496/496
f 492/492/492 497/497/497 496/496/496
f 492/492/492 491/491/491 497/497/497
f 491/491/491 498/498/498 497/497/497
f 498/498/498 491/491/491 480/480/480
f 499/499/499 498/498/498 480/480/480
f 499/499/499 480/480/480 479/479/479
f 500/500/500 499/499/499 479/479/479
f 483/483/483 500/500/500 479/479/479
f 483/483/483 501/501/501 500/500/500
f 502/502/502 501/501/501 483/483/483
f 482/482/482 502/502/502 483/483/483
f 503/503/503 502/502/502 482/482/482
f 484/484/484 503/503/503 482/482/482
f 504/504/504 503/503/503 484/484/484
f 505/505/505 504/504/504 484/484/484
f 504/504/504 506/506/506 503/503/503
f 506/506/506 507/507/507 503/503/503
f 503/503/503 507/507/507 502/502/502
f 506/506/506 508/508/508 507/507/507
f 508/508/508 509/509/509 507/507/507
f 507/507/507 510/510/510 502/502/502
f 507/507/507 509/509/509 510/510/510
f 502/502/502 510/510/510 501/501/501
f 509/509/509 511/511/511 510/510/510
f 510/510/510 511/511/511 512/512/512
f 510/510/510 512/512/512 501/501/501
f 511/511/511 513/513/513 512/512/512
f 512/512/512 513/513/513 514/514/514
f 513/513/513 515/515/515 514/514/514
f 515/515/515 516/516/516 514/514/514
f 516/516/516 517/517/517 514/514/514
f 516/516/516 518/518/518 517/517/517
f 518/518/518 519/519/519 517/517/517
f 517/517/517 519/519/519 520/520/520
f 519/519/519 518/518/518 521/521/521
f 522/522/522 519/519/519 521/521/521
f 523/523/523 519/519/519 522/522/522
f 519/519/519 523/523/523 520/520/520
f 524/524/524 523/523/523 522/522/522
f 525/525/525 523/523/523 524/524/524
f 526/526/526 525/525/525 524/524/524
f 523/523/523 525/525/525 527/527/527
f 520/520/520 523/523/523 527/527/527
f 520/520/520 527/527/527 500/500/500
f 528/528/528 520/520/520 500/500/500
f 501/501/501 528/528/528 500/500/500
f 517/517/517 529/529/529 514/514/514
f 520/520/520 530/530/530 517/517/517
f 530/530/530 529/529/529 517/517/517
f 531/531/531 530/530/530 520/520/520
f 528/528/528 531/531/531 520/520/520
f 529/529/529 530/530/530 531/531/531
f 529/529/529 532/532/532 514/514/514
f 532/532/532 529/529/529 531/531/531
f 514/514/514 532/532/532 512/512/512
f 532/532/532 533/533/533 512/512/512
f 512/512/512 533/533/533 501/501/501
f 533/533/533 532/532/532 531/531/531
f 534/534/534 531/531/531 528/528/528
f 501/501/501 534/534/534 528/528/528
f 534/534/534 533/533/533 531/531/531
f 533/533/533 534/534/534 501/501/501
f 537/537/537 536/536/536 535/535/535
f 538/538/538 537/537/537 535/535/535
f 539/539/539 537/537/537 538/538/538
f 538/538/538 535/535/535 540/540/540
f 541/541/541 539/539/539 538/538/538
f 542/542/542 538/538/538 540/540/540
f 541/541/541 538/538/538 542/542/542
f 540/540/540 543/543/543 542/542/542
f 544/544/544 541/541/541 542/542/542
f 543/543/543 545/545/545 542/542/542
f 542/542/542 545/545/545 544/544/544
f 543/543/543 546/546/546 545/545/545
f 545/545/545 547/547/547 544/544/544
f 546/546/546 548/548/548 545/545/545
f 545/545/545 548/548/548 547/547/547
f 548/548/548 549/549/549 547/547/547
f 552/552/552 551/551/551 550/550/550
f 552/552/552 550/550/550 553/553/553
f 552/552/552 553/553/553 554/554/554
f 554/554/554 555/555/555 552/552/552
f 556/556/556 555/555/555 554/554/554
f 557/557/557 556/556/556 554/554/554
f 558/558/558 556/556/556 557/557/557
f 559/559/559 558/558/558 557/557/557
f 562/562/562 561/561/561 560/560/560
f 563/563/563 562/562/562 560/560/560
f 562/562/562 563/563/563 564/564/564
f 564/564/564 563/563/563 565/565/565
f 566/566/566 562/562/562 564/564/564
f 567/567/567 562/562/562 566/566/566
f 568/568/568 567/567/567 566/566/566
f 565/565/565 569/569/569 564/564/564
f 567/567/567 568/568/568 569/569/569
f 565/565/565 570/570/570 569/569/569
f 569/569/569 570/570/570 567/567/567
f 570/570/570 565/565/565 571/571/571
f 570/570/570 572/572/572 567/567/567
f 571/571/571 572/572/572 570/570/570
f 571/571/571 573/573/573 572/572/572
f 573/573/573 574/574/574 572/572/572
f 577/577/577 576/576/576 575/575/575
f 578/578/578 577/577/577 575/575/575
f 581/581/581 580/580/580 579/579/579
f 582/582/582 581/581/581 579/579/579
f 585/585/585 584/584/584 583/583/583
f 586/586/586 585/585/585 583/583/583
f 589/589/589 588/588/588 587/587/587
f 590/590/590 589/589/589 587/587/587
f 591/591/591 589/589/589 590/590/590
f 592/592/592 591/591/591 590/590/590
f 593/593/593 591/591/591 592/592/592
f 594/594/594 593/593/593 592/592/592
f 597/597/597 596/596/596 595/595/595
f 596/596/596 598/598/598 595/595/595
f 595/595/595 598/598/598 599/599/599
f 598/598/598 600/600/600 599/599/599
f 603/603/603 602/602/602 601/601/601
f 604/604/604 603/603/603 601/601/601
f 601/601/601 605/605/605 604/604/604
f 606/606/606 603/603/603 604/604/604
f 605/605/605 607/607/607 604/604/604
f 605/605/605 608/608/608 607/607/607
f 608/608/608 609/609/609 607/607/607
f 610/610/610 606/606/606 604/604/604
f 604/604/604 607/607/607 610/610/610
f 611/611/611 606/606/606 610/610/610
f 612/612/612 611/611/611 610/610/610
f 607/607/607 609/609/609 613/613/613
f 607/607/607 613/613/613 610/610/610
f 610/610/610 613/613/613 612/612/612
f 609/609/609 614/614/614 613/613/613
f 613/613/613 615/615/615 612/612/612
f 613/613/613 614/614/614 615/615/615
f 614/614/614 616/616/616 615/615/615
f 619/619/619 618/618/618 617/617/617
f 618/618/618 620/620/620 617/617/617
f 621/621/621 617/617/617 620/620/620
f 622/622/622 621/621/621 620/620/620
f 623/623/623 622/622/622 620/620/620
f 624/624/624 620/620/620 618/618/618
f 624/624/624 623/623/623 620/620/620
f 625/625/625 624/624/624 618/618/618
f 626/626/626 623/623/623 624/624/624
f 624/624/624 625/625/625 627/627/627
f 627/627/627 626/626/626 624/624/624
f 625/625/625 628/628/628 627/627/627
f 629/629/629 626/626/626 627/627/627
f 627/627/627 628/628/628 630/630/630
f 630/630/630 629/629/629 627/627/627
f 628/628/628 631/631/631 630/630/630
f 632/632/632 629/629/629 630/630/630
f 630/630/630 631/631/631 633/633/633
f 633/633/633 632/632/632 630/630/630
f 634/634/634 632/632/632 633/633/633
f 631/631/631 635/635/635 633/633/633
f 636/636/636 634/634/634 633/633/633
f 633/633/633 635/635/635 636/636/636
f 635/635/635 637/637/637 636/636/636
f 640/640/640 639/639/639 638/638/638
f 641/641/641 640/640/640 638/638/638
f 638/638/638 642/642/642 641/641/641
f 643/643/643 640/640/640 641/641/641
f 642/642/642 644/644/644 641/641/641
f 645/645/645 643/643/643 641/641/641
f 641/641/641 644/644/644 645/645/645
f 646/646/646 643/643/643 645/645/645
f 644/644/644 647/647/647 645/645/645
f 648/648/648 646/646/646 645/645/645
f 645/645/645 647/647/647 648/648/648
f 649/649/649 646/646/646 648/648/648
f 647/647/647 650/650/650 648/648/648
f 651/651/651 649/649/649 648/648/648
f 648/648/648 650/650/650 651/651/651
f 652/652/652 649/649/649 651/651/651
f 650/650/650 653/653/653 651/651/651
f 654/654/654 652/652/652 651/651/651
f 654/654/654 651/651/651 653/653/653
f 655/655/655 652/652/652 654/654/654
f 656/656/656 655/655/655 654/654/654
f 656/656/656 654/654/654 657/657/657
f 657/657/657 654/654/654 653/653/653
f 658/658/658 656/656/656 657/657/657
f 659/659/659 656/656/656 658/658/658
f 660/660/660 659/659/659 658/658/658
f 661/661/661 658/658/658 657/657/657
f 662/662/662 657/657/657 653/653/653
f 662/662/662 661/661/661 657/657/657
f 663/663/663 662/662/662 653/653/653
f 664/664/664 663/663/663 653/653/653
f 665/665/665 664/664/664 653/653/653
f 666/666/666 661/661/661 662/662/662
f 667/667/667 662/662/662 663/663/663
f 667/667/667 666/666/666 662/662/662
f 666/666/666 668/668/668 661/661/661
f 668/668/668 669/669/669 661/661/661
f 664/664/664 670/670/670 663/663/663
f 670/670/670 671/671/671 663/663/663
f 671/671/671 667/667/667 663/663/663
f 672/672/672 667/667/667 671/671/671
f 673/673/673 670/670/670 664/664/664
f 674/674/674 666/666/666 667/667/667
f 672/672/672 674/674/674 667/667/667
f 675/675/675 668/668/668 666/666/666
f 674/674/674 675/675/675 666/666/666
f 675/675/675 676/676/676 668/668/668
f 676/676/676 677/677/677 668/668/668
f 678/678/678 676/676/676 675/675/675
f 679/679/679 678/678/678 675/675/675
f 679/679/679 675/675/675 674/674/674
f 680/680/680 678/678/678 679/679/679
f 681/681/681 680/680/680 679/679/679
f 682/682/682 679/679/679 674/674/674
f 681/681/681 679/679/679 682/682/682
f 682/682/682 674/674/674 672/672/672
f 683/683/683 681/681/681 682/682/682
f 683/683/683 682/682/682 684/684/684
f 684/684/684 682/682/682 672/672/672
f 685/685/685 683/683/683 684/684/684
f 685/685/685 684/684/684 686/686/686
f 687/687/687 685/685/685 686/686/686
f 688/688/688 687/687/687 686/686/686
f 689/689/689 688/688/688 686/686/686
f 690/690/690 688/688/688 689/689/689
f 691/691/691 690/690/690 689/689/689
f 691/691/691 689/689/689 692/692/692
f 690/690/690 691/691/691 693/693/693
f 691/691/691 694/694/694 693/693/693
f 691/691/691 695/695/695 694/694/694
f 695/695/695 691/691/691 692/692/692
f 695/695/695 696/696/696 694/694/694
f 695/695/695 697/697/697 696/696/696
f 697/697/697 698/698/698 696/696/696
f 697/697/697 695/695/695 699/699/699
f 695/695/695 692/692/692 699/699/699
f 699/699/699 692/692/692 671/671/671
f 692/692/692 700/700/700 671/671/671
f 700/700/700 672/672/672 671/671/671
f 701/701/701 689/689/689 686/686/686
f 702/702/702 692/692/692 689/689/689
f 701/701/701 702/702/702 689/689/689
f 702/702/702 703/703/703 692/692/692
f 703/703/703 700/700/700 692/692/692
f 702/702/702 701/701/701 703/703/703
f 704/704/704 701/701/701 686/686/686
f 701/701/701 704/704/704 703/703/703
f 704/704/704 686/686/686 684/684/684
f 705/705/705 704/704/704 684/684/684
f 705/705/705 684/684/684 672/672/672
f 704/704/704 705/705/705 703/703/703
f 706/706/706 672/672/672 700/700/700
f 703/703/703 706/706/706 700/700/700
f 705/705/705 706/706/706 703/703/703
f 706/706/706 705/705/705 672/672/672
f 709/709/709 708/708/708 707/707/707
f 708/708/708 710/710/710 707/707/707
f 708/708/708 711/711/711 710/710/710
f 707/707/707 710/710/710 712/712/712
f 711/711/711 713/713/713 710/710/710
f 710/710/710 714/714/714 712/712/712
f 710/710/710 713/713/713 714/714/714
f 715/715/715 712/712/712 714/714/714
f 713/713/713 716/716/716 714/714/714
f 717/717/717 715/715/715 714/714/714
f 717/717/717 714/714/714 716/716/716
f 718/718/718 715/715/715 717/717/717
f 719/719/719 717/717/717 716/716/716
f 720/720/720 718/718/718 717/717/717
f 720/720/720 717/717/717 719/719/719
f 721/721/721 720/720/720 719/719/719
f 724/724/724 723/723/723 722/722/722
f 725/725/725 724/724/724 722/722/722
f 725/725/725 722/722/722 726/726/726
f 726/726/726 727/727/727 725/725/725
f 726/726/726 728/728/728 727/727/727
f 728/728/728 729/729/729 727/727/727
f 728/728/728 730/730/730 729/729/729
f 730/730/730 731/731/731 729/729/729
f 734/734/734 733/733/733 732/732/732
f 733/733/733 735/735/735 732/732/732
f 735/735/735 733/733/733 736/736/736
f 737/737/737 735/735/735 736/736/736
f 733/733/733 738/738/738 736/736/736
f 733/733/733 739/739/739 738/738/738
f 739/739/739 740/740/740 738/738/738
f 736/736/736 741/741/741 737/737/737
f 741/741/741 740/740/740 739/739/739
f 741/741/741 742/742/742 737/737/737
f 739/739/739 742/742/742 741/741/741
f 743/743/743 737/737/737 742/742/742
f 739/739/739 744/744/744 742/742/742
f 742/742/742 744/744/744 743/743/743
f 744/744/744 745/745/745 743/743/743
f 744/744/744 746/746/746 745/745/745
f 749/749/749 748/748/748 747/747/747
f 750/750/750 749/749/749 747/747/747
f 750/750/750 747/747/747 751/751/751
f 752/752/752 750/750/750 751/751/751
f 753/753/753 749/749/749 750/750/750
f 754/754/754 750/750/750 752/752/752
f 754/754/754 753/753/753 750/750/750
f 673/673/673 754/754/754 752/752/752
f 754/754/754 673/673/673 664/664/664
f 753/753/753 754/754/754 755/755/755
f 754/754/754 756/756/756 755/755/755
f 754/754/754 664/664/664 756/756/756
f 753/753/753 755/755/755 757/757/757
f 664/664/664 758/758/758 756/756/756
f 665/665/665 753/753/753 757/757/757
f 665/665/665 757/757/757 758/758/758
f 664/664/664 665/665/665 758/758/758
f 761/761/761 760/760/760 759/759/759
f 762/762/762 761/761/761 759/759/759
f 765/765/765 764/764/764 763/763/763
f 766/766/766 765/765/765 763/763/763
f 769/769/769 768/768/768 767/767/767
f 770/770/770 769/769/769 767/767/767
f 773/773/773 772/772/772 771/771/771
f 772/772/772 774/774/774 771/771/771
f 772/772/772 775/775/775 774/774/774
f 775/775/775 776/776/776 774/774/774
f 775/775/775 777/777/777 776/776/776
f 777/777/777 778/778/778 776/776/776
f 781/781/781 780/780/780 779/779/779
f 782/782/782 781/781/781 779/779/779
f 782/782/782 779/779/779 783/783/783
f 784/784/784 782/782/782 783/783/783
f 787/787/787 786/786/786 785/785/785
f 786/786/786 788/788/788 785/785/785
f 789/789/789 785/785/785 788/788/788
f 786/786/786 790/790/790 788/788/788
f 791/791/791 789/789/789 788/788/788
f 792/792/792 789/789/789 791/791/791
f 793/793/793 792/792/792 791/791/791
f 790/790/790 794/794/794 788/788/788
f 791/791/791 788/788/788 794/794/794
f 790/790/790 795/795/795 794/794/794
f 795/795/795 796/796/796 794/794/794
f 793/793/793 791/791/791 797/797/797
f 797/797/797 791/791/791 794/794/794
f 797/797/797 794/794/794 796/796/796
f 798/798/798 793/793/793 797/797/797
f 799/799/799 797/797/797 796/796/796
f 798/798/798 797/797/797 799/799/799
f 800/800/800 798/798/798 799/799/799
f 803/803/803 802/802/802 801/801/801
f 802/802/802 804/804/804 801/801/801
f 804/804/804 802/802/802 803/803/803
f 804/804/804 805/805/805 801/801/801
f 801/801/801 805/805/805 806/806/806
f 805/805/805 804/804/804 807/807/807
f 807/807/807 804/804/804 803/803/803
f 807/807/807 803/803/803 808/808/808
f 808/808/808 803/803/803 801/801/801
f 809/809/809 807/807/807 808/808/808
f 805/805/805 807/807/807 809/809/809
f 809/809/809 808/808/808 810/810/810
f 810/810/810 808/808/808 801/801/801
f 811/811/811 809/809/809 810/810/810
f 805/805/805 809/809/809 811/811/811
f 811/811/811 810/810/810 812/812/812
f 812/812/812 810/810/810 801/801/801
f 813/813/813 811/811/811 812/812/812
f 805/805/805 811/811/811 813/813/813
f 813/813/813 812/812/812 814/814/814
f 814/814/814 812/812/812 801/801/801
f 805/805/805 813/813/813 815/815/815
f 815/815/815 813/813/813 814/814/814
f 801/801/801 806/806/806 816/816/816
f 817/817/817 801/801/801 816/816/816
f 801/801/801 817/817/817 814/814/814
f 814/814/814 817/817/817 818/818/818
f 816/816/816 806/806/806 819/819/819
f 820/820/820 814/814/814 818/818/818
f 814/814/814 820/820/820 815/815/815
f 820/820/820 818/818/818 821/821/821
f 806/806/806 822/822/822 819/819/819
f 819/819/819 822/822/822 823/823/823
f 805/805/805 824/824/824 806/806/806
f 806/806/806 824/824/824 822/822/822
f 815/815/815 825/825/825 805/805/805
f 805/805/805 825/825/825 824/824/824
f 826/826/826 820/820/820 821/821/821
f 826/826/826 821/821/821 827/827/827
f 820/820/820 828/828/828 815/815/815
f 815/815/815 828/828/828 825/825/825
f 820/820/820 826/826/826 828/828/828
f 825/825/825 829/829/829 824/824/824
f 828/828/828 830/830/830 825/825/825
f 824/824/824 829/829/829 831/831/831
f 824/824/824 831/831/831 822/822/822
f 829/829/829 832/832/832 831/831/831
f 828/828/828 833/833/833 830/830/830
f 826/826/826 833/833/833 828/828/828
f 833/833/833 834/834/834 830/830/830
f 835/835/835 826/826/826 827/827/827
f 826/826/826 835/835/835 833/833/833
f 835/835/835 827/827/827 836/836/836
f 833/833/833 837/837/837 834/834/834
f 835/835/835 837/837/837 833/833/833
f 837/837/837 838/838/838 834/834/834
f 839/839/839 835/835/835 836/836/836
f 835/835/835 839/839/839 837/837/837
f 839/839/839 836/836/836 840/840/840
f 837/837/837 841/841/841 838/838/838
f 839/839/839 841/841/841 837/837/837
f 841/841/841 842/842/842 838/838/838
f 843/843/843 839/839/839 840/840/840
f 839/839/839 843/843/843 841/841/841
f 843/843/843 840/840/840 844/844/844
f 841/841/841 845/845/845 842/842/842
f 843/843/843 845/845/845 841/841/841
f 845/845/845 846/846/846 842/842/842
f 847/847/847 843/843/843 844/844/844
f 843/843/843 847/847/847 845/845/845
f 847/847/847 844/844/844 848/848/848
f 845/845/845 849/849/849 846/846/846
f 847/847/847 849/849/849 845/845/845
f 849/849/849 850/850/850 846/846/846
f 851/851/851 847/847/847 848/848/848
f 847/847/847 851/851/851 849/849/849
f 851/851/851 848/848/848 852/852/852
f 849/849/849 853/853/853 850/850/850
f 851/851/851 853/853/853 849/849/849
f 853/853/853 854/854/854 850/850/850
f 855/855/855 851/851/851 852/852/852
f 851/851/851 855/855/855 853/853/853
f 855/855/855 852/852/852 856/856/856
f 853/853/853 857/857/857 854/854/854
f 855/855/855 857/857/857 853/853/853
f 857/857/857 858/858/858 854/854/854
f 859/859/859 855/855/855 856/856/856
f 855/855/855 859/859/859 857/857/857
f 859/859/859 856/856/856 860/860/860
f 857/857/857 861/861/861 858/858/858
f 859/859/859 861/861/861 857/857/857
f 861/861/861 862/862/862 858/858/858
f 863/863/863 859/859/859 860/860/860
f 859/859/859 863/863/863 861/861/861
f 864/864/864 863/863/863 860/860/860
f 865/865/865 864/864/864 860/860/860
f 861/861/861 866/866/866 862/862/862
f 863/863/863 866/866/866 861/861/861
f 863/863/863 864/864/864 866/866/866
f 866/866/866 867/867/867 862/862/862
f 867/867/867 866/866/866 868/868/868
f 864/864/864 868/868/868 866/866/866
f 864/864/864 865/865/865 868/868/868
f 865/865/865 869/869/869 868/868/868
f 867/867/867 868/868/868 869/869/869
f 865/865/865 870/870/870 869/869/869
f 870/870/870 865/865/865 860/860/860
f 870/870/870 871/871/871 869/869/869
f 867/867/867 869/869/869 871/871/871
f 870/870/870 872/872/872 871/871/871
f 872/872/872 870/870/870 860/860/860
f 872/872/872 873/873/873 871/871/871
f 867/867/867 871/871/871 873/873/873
f 872/872/872 874/874/874 873/873/873
f 874/874/874 872/872/872 860/860/860
f 874/874/874 875/875/875 873/873/873
f 867/867/867 873/873/873 875/875/875
f 874/874/874 876/876/876 875/875/875
f 876/876/876 874/874/874 860/860/860
f 867/867/867 875/875/875 877/877/877
f 876/876/876 877/877/877 875/875/875
f 860/860/860 878/878/878 876/876/876
f 876/876/876 878/878/878 877/877/877
f 877/877/877 879/879/879 867/867/867
f 878/878/878 879/879/879 877/877/877
f 867/867/867 879/879/879 880/880/880
f 879/879/879 881/881/881 880/880/880
f 879/879/879 878/878/878 881/881/881
f 880/880/880 881/881/881 882/882/882
f 878/878/878 860/860/860 883/883/883
f 878/878/878 883/883/883 881/881/881
f 860/860/860 884/884/884 883/883/883
f 881/881/881 885/885/885 882/882/882
f 881/881/881 883/883/883 885/885/885
f 882/882/882 885/885/885 886/886/886
f 883/883/883 884/884/884 887/887/887
f 883/883/883 887/887/887 885/885/885
f 884/884/884 888/888/888 887/887/887
f 885/885/885 889/889/889 886/886/886
f 885/885/885 887/887/887 889/889/889
f 886/886/886 889/889/889 890/890/890
f 888/888/888 890/890/890 891/891/891
f 887/887/887 888/888/888 891/891/891
f 889/889/889 891/891/891 890/890/890
f 887/887/887 891/891/891 889/889/889
f 832/832/832 893/893/893 892/892/892
f 831/831/831 832/832/832 892/892/892
f 892/892/892 893/893/893 894/894/894
f 831/831/831 892/892/892 894/894/894
f 893/893/893 823/823/823 894/894/894
f 822/822/822 831/831/831 894/894/894
f 822/822/822 894/894/894 823/823/823
f 897/897/897 896/896/896 895/895/895
f 896/896/896 898/898/898 895/895/895
f 898/898/898 896/896/896 897/897/897
f 898/898/898 899/899/899 895/895/895
f 895/895/895 899/899/899 900/900/900
f 899/899/899 898/898/898 901/901/901
f 901/901/901 898/898/898 897/897/897
f 901/901/901 897/897/897 902/902/902
f 902/902/902 897/897/897 895/895/895
f 903/903/903 901/901/901 902/902/902
f 899/899/899 901/901/901 903/903/903
f 903/903/903 902/902/902 904/904/904
f 904/904/904 902/902/902 895/895/895
f 905/905/905 903/903/903 904/904/904
f 899/899/899 903/903/903 905/905/905
f 905/905/905 904/904/904 906/906/906
f 906/906/906 904/904/904 895/895/895
f 907/907/907 905/905/905 906/906/906
f 899/899/899 905/905/905 907/907/907
f 907/907/907 906/906/906 908/908/908
f 908/908/908 906/906/906 895/895/895
f 899/899/899 907/907/907 909/909/909
f 909/909/909 907/907/907 908/908/908
f 895/895/895 900/900/900 910/910/910
f 911/911/911 895/895/895 910/910/910
f 895/895/895 911/911/911 908/908/908
f 908/908/908 911/911/911 912/912/912
f 910/910/910 900/900/900 913/913/913
f 914/914/914 908/908/908 912/912/912
f 908/908/908 914/914/914 909/909/909
f 914/914/914 912/912/912 915/915/915
f 900/900/900 916/916/916 913/913/913
f 913/913/913 916/916/916 917/917/917
f 899/899/899 918/918/918 900/900/900
f 900/900/900 918/918/918 916/916/916
f 909/909/909 919/919/919 899/899/899
f 899/899/899 919/919/919 918/918/918
f 920/920/920 914/914/914 915/915/915
f 920/920/920 915/915/915 921/921/921
f 914/914/914 922/922/922 909/909/909
f 909/909/909 922/922/922 919/919/919
f 914/914/914 920/920/920 922/922/922
f 919/919/919 923/923/923 918/918/918
f 922/922/922 924/924/924 919/919/919
f 918/918/918 923/923/923 925/925/925
f 918/918/918 925/925/925 916/916/916
f 923/923/923 926/926/926 925/925/925
f 922/922/922 927/927/927 924/924/924
f 920/920/920 927/927/927 922/922/922
f 927/927/927 928/928/928 924/924/924
f 929/929/929 920/920/920 921/921/921
f 920/920/920 929/929/929 927/927/927
f 929/929/929 921/921/921 930/930/930
f 927/927/927 931/931/931 928/928/928
f 929/929/929 931/931/931 927/927/927
f 931/931/931 932/932/932 928/928/928
f 933/933/933 929/929/929 930/930/930
f 929/929/929 933/933/933 931/931/931
f 933/933/933 930/930/930 934/934/934
f 931/931/931 935/935/935 932/932/932
f 933/933/933 935/935/935 931/931/931
f 935/935/935 936/936/936 932/932/932
f 937/937/937 933/933/933 934/934/934
f 933/933/933 937/937/937 935/935/935
f 937/937/937 934/934/934 938/938/938
f 935/935/935 939/939/939 936/936/936
f 937/937/937 939/939/939 935/935/935
f 939/939/939 940/940/940 936/936/936
f 941/941/941 937/937/937 938/938/938
f 937/937/937 941/941/941 939/939/939
f 941/941/941 938/938/938 942/942/942
f 939/939/939 943/943/943 940/940/940
f 941/941/941 943/943/943 939/939/939
f 943/943/943 944/944/944 940/940/940
f 945/945/945 941/941/941 942/942/942
f 941/941/941 945/945/945 943/943/943
f 945/945/945 942/942/942 946/946/946
f 943/943/943 947/947/947 944/944/944
f 945/945/945 947/947/947 943/943/943
f 947/947/947 948/948/948 944/944/944
f 949/949/949 945/945/945 946/946/946
f 945/945/945 949/949/949 947/947/947
f 949/949/949 946/946/946 950/950/950
f 947/947/947 951/951/951 948/948/948
f 949/949/949 951/951/951 947/947/947
f 951/951/951 952/952/952 948/948/948
f 953/953/953 949/949/949 950/950/950
f 949/949/949 953/953/953 951/951/951
f 953/953/953 950/950/950 954/954/954
f 951/951/951 955/955/955 952/952/952
f 953/953/953 955/955/955 951/951/951
f 955/955/955 956/956/956 952/952/952
f 957/957/957 953/953/953 954/954/954
f 953/953/953 957/957/957 955/955/955
f 958/958/958 957/957/957 954/954/954
f 959/959/959 958/958/958 954/954/954
f 955/955/955 960/960/960 956/956/956
f 957/957/957 960/960/960 955/955/955
f 957/957/957 958/958/958 960/960/960
f 960/960/960 961/961/961 956/956/956
f 961/961/961 960/960/960 962/962/962
f 958/958/958 962/962/962 960/960/960
f 958/958/958 959/959/959 962/962/962
f 959/959/959 963/963/963 962/962/962
f 961/961/961 962/962/962 963/963/963
f 959/959/959 964/964/964 963/963/963
f 964/964/964 959/959/959 954/954/954
f 964/964/964 965/965/965 963/963/963
f 961/961/961 963/963/963 965/965/965
f 964/964/964 966/966/966 965/965/965
f 966/966/966 964/964/964 954/954/954
f 966/966/966 967/967/967 965/965/965
f 961/961/961 965/965/965 967/967/967
f 966/966/966 968/968/968 967/967/967
f 968/968/968 966/966/966 954/954/954
f 968/968/968 969/969/969 967/967/967
f 961/961/961 967/967/967 969/969/969
f 968/968/968 970/970/970 969/969/969
f 970/970/970 968/968/968 954/954/954
f 961/961/961 969/969/969 971/971/971
f 970/970/970 971/971/971 969/969/969
f 954/954/954 972/972/972 970/970/970
f 970/970/970 972/972/972 971/971/971
f 971/971/971 973/973/973 961/961/961
f 972/972/972 973/973/973 971/971/971
f 961/961/961 973/973/973 974/974/974
f 973/973/973 975/975/975 974/974/974
f 973/973/973 972/972/972 975/975/975
f 974/974/974 975/975/975 976/976/976
f 972/972/972 954/954/954 977/977/977
f 972/972/972 977/977/977 975/975/975
f 954/954/954 978/978/978 977/977/977
f 975/975/975 979/979/979 976/976/976
f 975/975/975 977/977/977 979/979/979
f 976/976/976 979/979/979 980/980/980
f 977/977/977 978/978/978 981/981/981
f 977/977/977 981/981/981 979/979/979
f 978/978/978 982/982/982 981/981/981
f 979/979/979 983/983/983 980/980/980
f 979/979/979 981/981/981 983/983/983
f 980/980/980 983/983/983 984/984/984
f 982/982/982 984/984/984 985/985/985
f 981/981/981 982/982/982 985/985/985
f 983/983/983 985/985/985 984/984/984
f 981/981/981 985/985/985 983/983/983
f 926/926/926 987/987/987 986/986/986
f 925/925/925 926/926/926 986/986/986
f 986/986/986 987/987/987 988/988/988
f 925/925/925 986/986/986 988/988/988
f 987/987/987 917/917/917 988/988/988
f 916/916/916 925/925/925 988/988/988
f 916/916/916 988/988/988 917/917/917
f 991/991/991 990/990/990 989/989/989
f 989/989/989 990/990/990 992/992/992
f 993/993/993 989/989/989 992/992/992
f 994/994/994 989/989/989 993/993/993
f 994/994/994 991/991/991 989/989/989
f 990/990/990 991/991/991 995/995/995
f 992/992/992 990/990/990 995/995/995
f 991/991/991 994/994/994 996/996/996
f 995/995/995 991/991/991 996/996/996
f 996/996/996 994/994/994 993/993/993
f 997/997/997 995/995/995 996/996/996
f 992/992/992 995/995/995 997/997/997
f 998/998/998 996/996/996 993/993/993
f 998/998/998 997/997/997 996/996/996
f 999/999/999 998/998/998 993/993/993
f 997/997/997 998/998/998 1000/1000/1000
f 1001/1001/1001 1000/1000/1000 998/998/998
f 998/998/998 999/999/999 1002/1002/1002
f 1003/1003/1003 997/997/997 1000/1000/1000
f 1003/1003/1003 1000/1000/1000 1001/1001/1001
f 997/997/997 1003/1003/1003 1004/1004/1004
f 1004/1004/1004 1003/1003/1003 1001/1001/1001
f 997/997/997 1004/1004/1004 1005/1005/1005
f 1006/1006/1006 992/992/992 997/997/997
f 1004/1004/1004 1001/1001/1001 1007/1007/1007
f 1007/1007/1007 1001/1001/1001 998/998/998
f 1005/1005/1005 1004/1004/1004 1007/1007/1007
f 1005/1005/1005 1007/1007/1007 1008/1008/1008
f 1008/1008/1008 1007/1007/1007 998/998/998
f 1009/1009/1009 1005/1005/1005 1008/1008/1008
f 997/997/997 1005/1005/1005 1009/1009/1009
f 1009/1009/1009 1008/1008/1008 1010/1010/1010
f 1010/1010/1010 1008/1008/1008 998/998/998
f 1011/1011/1011 1009/1009/1009 1010/1010/1010
f 997/997/997 1009/1009/1009 1011/1011/1011
f 1011/1011/1011 1010/1010/1010 1012/1012/1012
f 1012/1012/1012 1010/1010/1010 998/998/998
f 997/997/997 1011/1011/1011 1013/1013/1013
f 1013/1013/1013 1011/1011/1011 1012/1012/1012
f 992/992/992 1006/1006/1006 1014/1014/1014
f 1014/1014/1014 1015/1015/1015 992/992/992
f 992/992/992 1015/1015/1015 993/993/993
f 1016/1016/1016 1015/1015/1015 1014/1014/1014
f 1015/1015/1015 1016/1016/1016 993/993/993
f 1017/1017/1017 1016/1016/1016 1014/1014/1014
f 993/993/993 1016/1016/1016 1017/1017/1017
f 1014/1014/1014 1006/1006/1006 1017/1017/1017
f 1017/1017/1017 999/999/999 993/993/993
f 1006/1006/1006 999/999/999 1017/1017/1017
f 1006/1006/1006 1018/1018/1018 999/999/999
f 1018/1018/1018 1006/1006/1006 997/997/997
f 1018/1018/1018 1002/1002/1002 999/999/999
f 1019/1019/1019 1018/1018/1018 997/997/997
f 1018/1018/1018 1019/1019/1019 1002/1002/1002
f 997/997/997 1020/1020/1020 1019/1019/1019
f 1020/1020/1020 997/997/997 1013/1013/1013
f 1019/1019/1019 1021/1021/1021 1002/1002/1002
f 1021/1021/1021 1019/1019/1019 1020/1020/1020
f 998/998/998 1002/1002/1002 1021/1021/1021
f 1021/1021/1021 1022/1022/1022 998/998/998
f 1020/1020/1020 1022/1022/1022 1021/1021/1021
f 1012/1012/1012 998/998/998 1022/1022/1022
f 1020/1020/1020 1023/1023/1023 1022/1022/1022
f 1023/1023/1023 1020/1020/1020 1013/1013/1013
f 1012/1012/1012 1022/1022/1022 1024/1024/1024
f 1023/1023/1023 1024/1024/1024 1022/1022/1022
f 1013/1013/1013 1012/1012/1012 1025/1025/1025
f 1025/1025/1025 1012/1012/1012 1024/1024/1024
f 1023/1023/1023 1013/1013/1013 1026/1026/1026
f 1026/1026/1026 1013/1013/1013 1025/1025/1025
f 1023/1023/1023 1027/1027/1027 1024/1024/1024
f 1027/1027/1027 1023/1023/1023 1026/1026/1026
f 1025/1025/1025 1024/1024/1024 1028/1028/1028
f 1027/1027/1027 1028/1028/1028 1024/1024/1024
f 1026/1026/1026 1025/1025/1025 1029/1029/1029
f 1029/1029/1029 1025/1025/1025 1028/1028/1028
f 1027/1027/1027 1026/1026/1026 1030/1030/1030
f 1030/1030/1030 1026/1026/1026 1029/1029/1029
f 1027/1027/1027 1031/1031/1031 1028/1028/1028
f 1031/1031/1031 1027/1027/1027 1030/1030/1030
f 1030/1030/1030 1029/1029/1029 1032/1032/1032
f 1033/1033/1033 1030/1030/1030 1032/1032/1032
f 1031/1031/1031 1030/1030/1030 1033/1033/1033
f 1032/1032/1032 1034/1034/1034 1033/1033/1033
f 1029/1029/1029 1028/1028/1028 1035/1035/1035
f 1031/1031/1031 1035/1035/1035 1028/1028/1028
f 1032/1032/1032 1029/1029/1029 1035/1035/1035
f 1031/1031/1031 1036/1036/1036 1035/1035/1035
f 1036/1036/1036 1031/1031/1031 1033/1033/1033
f 1036/1036/1036 1037/1037/1037 1035/1035/1035
f 1032/1032/1032 1035/1035/1035 1037/1037/1037
f 1036/1036/1036 1038/1038/1038 1037/1037/1037
f 1038/1038/1038 1036/1036/1036 1033/1033/1033
f 1038/1038/1038 1039/1039/1039 1037/1037/1037
f 1032/1032/1032 1037/1037/1037 1039/1039/1039
f 1038/1038/1038 1040/1040/1040 1039/1039/1039
f 1040/1040/1040 1038/1038/1038 1033/1033/1033
f 1040/1040/1040 1041/1041/1041 1039/1039/1039
f 1032/1032/1032 1039/1039/1039 1041/1041/1041
f 1040/1040/1040 1042/1042/1042 1041/1041/1041
f 1042/1042/1042 1040/1040/1040 1033/1033/1033
f 1032/1032/1032 1041/1041/1041 1043/1043/1043
f 1042/1042/1042 1043/1043/1043 1041/1041/1041
f 1044/1044/1044 1042/1042/1042 1033/1033/1033
f 1042/1042/1042 1044/1044/1044 1043/1043/1043
f 1032/1032/1032 1043/1043/1043 1045/1045/1045
f 1044/1044/1044 1045/1045/1045 1043/1043/1043
f 1034/1034/1034 1032/1032/1032 1045/1045/1045
f 1044/1044/1044 1033/1033/1033 1046/1046/1046
f 1034/1034/1034 1046/1046/1046 1033/1033/1033
f 1034/1034/1034 1047/1047/1047 1046/1046/1046
f 1034/1034/1034 1045/1045/1045 1048/1048/1048
f 1047/1047/1047 1034/1034/1034 1048/1048/1048
f 1044/1044/1044 1049/1049/1049 1045/1045/1045
f 1049/1049/1049 1044/1044/1044 1046/1046/1046
f 1049/1049/1049 1048/1048/1048 1045/1045/1045
f 1049/1049/1049 1046/1046/1046 1050/1050/1050
f 1047/1047/1047 1050/1050/1050 1046/1046/1046
f 1049/1049/1049 1051/1051/1051 1048/1048/1048
f 1051/1051/1051 1049/1049/1049 1050/1050/1050
f 1051/1051/1051 1052/1052/1052 1048/1048/1048
f 1047/1047/1047 1048/1048/1048 1052/1052/1052
f 1051/1051/1051 1053/1053/1053 1052/1052/1052
f 1053/1053/1053 1051/1051/1051 1050/1050/1050
f 1053/1053/1053 1054/1054/1054 1052/1052/1052
f 1047/1047/1047 1052/1052/1052 1054/1054/1054
f 1054/1054/1054 1053/1053/1053 1055/1055/1055
f 1053/1053/1053 1050/1050/1050 1056/1056/1056
f 1047/1047/1047 1054/1054/1054 1057/1057/1057
f 1047/1047/1047 1058/1058/1058 1050/1050/1050
f 1058/1058/1058 1056/1056/1056 1050/1050/1050
f 1058/1058/1058 1047/1047/1047 1057/1057/1057
f 1058/1058/1058 1059/1059/1059 1056/1056/1056
f 1059/1059/1059 1058/1058/1058 1057/1057/1057
f 1059/1059/1059 1060/1060/1060 1056/1056/1056
f 1053/1053/1053 1056/1056/1056 1060/1060/1060
f 1059/1059/1059 1061/1061/1061 1060/1060/1060
f 1061/1061/1061 1059/1059/1059 1057/1057/1057
f 1061/1061/1061 1062/1062/1062 1060/1060/1060
f 1053/1053/1053 1060/1060/1060 1062/1062/1062
f 1063/1063/1063 1061/1061/1061 1057/1057/1057
f 1061/1061/1061 1063/1063/1063 1062/1062/1062
f 1064/1064/1064 1063/1063/1063 1057/1057/1057
f 1064/1064/1064 1057/1057/1057 1055/1055/1055
f 1063/1063/1063 1065/1065/1065 1062/1062/1062
f 1053/1053/1053 1062/1062/1062 1065/1065/1065
f 1063/1063/1063 1064/1064/1064 1065/1065/1065
f 1064/1064/1064 1066/1066/1066 1065/1065/1065
f 1053/1053/1053 1065/1065/1065 1066/1066/1066
f 1055/1055/1055 1067/1067/1067 1064/1064/1064
f 1064/1064/1064 1067/1067/1067 1066/1066/1066
f 1053/1053/1053 1068/1068/1068 1055/1055/1055
f 1067/1067/1067 1055/1055/1055 1068/1068/1068
f 1067/1067/1067 1069/1069/1069 1066/1066/1066
f 1053/1053/1053 1066/1066/1066 1069/1069/1069
f 1069/1069/1069 1067/1067/1067 1068/1068/1068
f 1069/1069/1069 1068/1068/1068 1053/1053/1053
f 1072/1072/1072 1071/1071/1071 1070/1070/1070
f 1070/1070/1070 1071/1071/1071 1073/1073/1073
f 1074/1074/1074 1070/1070/1070 1073/1073/1073
f 1075/1075/1075 1070/1070/1070 1074/1074/1074
f 1075/1075/1075 1072/1072/1072 1070/1070/1070
f 1071/1071/1071 1072/1072/1072 1076/1076/1076
f 1073/1073/1073 1071/1071/1071 1076/1076/1076
f 1072/1072/1072 1075/1075/1075 1077/1077/1077
f 1076/1076/1076 1072/1072/1072 1077/1077/1077
f 1077/1077/1077 1075/1075/1075 1074/1074/1074
f 1078/1078/1078 1076/1076/1076 1077/1077/1077
f 1073/1073/1073 1076/1076/1076 1078/1078/1078
f 1079/1079/1079 1077/1077/1077 1074/1074/1074
f 1079/1079/1079 1078/1078/1078 1077/1077/1077
f 1080/1080/1080 1079/1079/1079 1074/1074/1074
f 1078/1078/1078 1079/1079/1079 1081/1081/1081
f 1082/1082/1082 1081/1081/1081 1079/1079/1079
f 1079/1079/1079 1080/1080/1080 1083/1083/1083
f 1084/1084/1084 1078/1078/1078 1081/1081/1081
f 1084/1084/1084 1081/1081/1081 1082/1082/1082
f 1078/1078/1078 1084/1084/1084 1085/1085/1085
f 1085/1085/1085 1084/1084/1084 1082/1082/1082
f 1078/1078/1078 1085/1085/1085 1086/1086/1086
f 1087/1087/1087 1073/1073/1073 1078/1078/1078
f 1085/1085/1085 1082/1082/1082 1088/1088/1088
f 1088/1088/1088 1082/1082/1082 1079/1079/1079
f 1086/1086/1086 1085/1085/1085 1088/1088/1088
f 1086/1086/1086 1088/1088/1088 1089/1089/1089
f 1089/1089/1089 1088/1088/1088 1079/1079/1079
f 1090/1090/1090 1086/1086/1086 1089/1089/1089
f 1078/1078/1078 1086/1086/1086 1090/1090/1090
f 1090/1090/1090 1089/1089/1089 1091/1091/1091
f 1091/1091/1091 1089/1089/1089 1079/1079/1079
f 1092/1092/1092 1090/1090/1090 1091/1091/1091
f 1078/1078/1078 1090/1090/1090 1092/1092/1092
f 1092/1092/1092 1091/1091/1091 1093/1093/1093
f 1093/1093/1093 1091/1091/1091 1079/1079/1079
f 1078/1078/1078 1092/1092/1092 1094/1094/1094
f 1094/1094/1094 1092/1092/1092 1093/1093/1093
f 1073/1073/1073 1087/1087/1087 1095/1095/1095
f 1095/1095/1095 1096/1096/1096 1073/1073/1073
f 1073/1073/1073 1096/1096/1096 1074/1074/1074
f 1097/1097/1097 1096/1096/1096 1095/1095/1095
f 1096/1096/1096 1097/1097/1097 1074/1074/1074
f 1098/1098/1098 1097/1097/1097 1095/1095/1095
f 1074/1074/1074 1097/1097/1097 1098/1098/1098
f 1095/1095/1095 1087/1087/1087 1098/1098/1098
f 1098/1098/1098 1080/1080/1080 1074/1074/1074
f 1087/1087/1087 1080/1080/1080 1098/1098/1098
f 1087/1087/1087 1099/1099/1099 1080/1080/1080
f 1099/1099/1099 1087/1087/1087 1078/1078/1078
f 1099/1099/1099 1083/1083/1083 1080/1080/1080
f 1100/1100/1100 1099/1099/1099 1078/1078/1078
f 1099/1099/1099 1100/1100/1100 1083/1083/1083
f 1078/1078/1078 1101/1101/1101 1100/1100/1100
f 1101/1101/1101 1078/1078/1078 1094/1094/1094
f 1100/1100/1100 1102/1102/1102 1083/1083/1083
f 1102/1102/1102 1100/1100/1100 1101/1101/1101
f 1079/1079/1079 1083/1083/1083 1102/1102/1102
f 1102/1102/1102 1103/1103/1103 1079/1079/1079
f 1101/1101/1101 1103/1103/1103 1102/1102/1102
f 1093/1093/1093 1079/1079/1079 1103/1103/1103
f 1101/1101/1101 1104/1104/1104 1103/1103/1103
f 1104/1104/1104 1101/1101/1101 1094/1094/1094
f 1093/1093/1093 1103/1103/1103 1105/1105/1105
f 1104/1104/1104 1105/1105/1105 1103/1103/1103
f 1094/1094/1094 1093/1093/1093 1106/1106/1106
f 1106/1106/1106 1093/1093/1093 1105/1105/1105
f 1104/1104/1104 1094/1094/1094 1107/1107/1107
f 1107/1107/1107 1094/1094/1094 1106/1106/1106
f 1104/1104/1104 1108/1108/1108 1105/1105/1105
f 1108/1108/1108 1104/1104/1104 1107/1107/1107
f 1106/1106/1106 1105/1105/1105 1109/1109/1109
f 1108/1108/1108 1109/1109/1109 1105/1105/1105
f 1107/1107/1107 1106/1106/1106 1110/1110/1110
f 1110/1110/1110 1106/1106/1106 1109/1109/1109
f 1108/1108/1108 1107/1107/1107 1111/1111/1111
f 1111/1111/1111 1107/1107/1107 1110/1110/1110
f 1108/1108/1108 1112/1112/1112 1109/1109/1109
f 1112/1112/1112 1108/1108/1108 1111/1111/1111
f 1111/1111/1111 1110/1110/1110 1113/1113/1113
f 1114/1114/1114 1111/1111/1111 1113/1113/1113
f 1112/1112/1112 1111/1111/1111 1114/1114/1114
f 1113/1113/1113 1115/1115/1115 1114/1114/1114
f 1110/1110/1110 1109/1109/1109 1116/1116/1116
f 1112/1112/1112 1116/1116/1116 1109/1109/1109
f 1113/1113/1113 1110/1110/1110 1116/1116/1116
f 1112/1112/1112 1117/1117/1117 1116/1116/1116
f 1117/1117/1117 1112/1112/1112 1114/1114/1114
f 1117/1117/1117 1118/1118/1118 1116/1116/1116
f 1113/1113/1113 1116/1116/1116 1118/1118/1118
f 1117/1117/1117 1119/1119/1119 1118/1118/1118
f 1119/1119/1119 1117/1117/1117 1114/1114/1114
f 1119/1119/1119 1120/1120/1120 1118/1118/1118
f 1113/1113/1113 1118/1118/1118 1120/1120/1120
f 1119/1119/1119 1121/1121/1121 1120/1120/1120
f 1121/1121/1121 1119/1119/1119 1114/1114/1114
f 1121/1121/1121 1122/1122/1122 1120/1120/1120
f 1113/1113/1113 1120/1120/1120 1122/1122/1122
f 1121/1121/1121 1123/1123/1123 1122/1122/1122
f 1123/1123/1123 1121/1121/1121 1114/1114/1114
f 1113/1113/1113 1122/1122/1122 1124/1124/1124
f 1123/1123/1123 1124/1124/1124 1122/1122/1122
f 1125/1125/1125 1123/1123/1123 1114/1114/1114
f 1123/1123/1123 1125/1125/1125 1124/1124/1124
f 1113/1113/1113 1124/1124/1124 1126/1126/1126
f 1125/1125/1125 1126/1126/1126 1124/1124/1124
f 1115/1115/1115 1113/1113/1113 1126/1126/1126
f 1125/1125/1125 1114/1114/1114 1127/1127/1127
f 1115/1115/1115 1127/1127/1127 1114/1114/1114
f 1115/1115/1115 1128/1128/1128 1127/1127/1127
f 1115/1115/1115 1126/1126/1126 1129/1129/1129
f 1128/1128/1128 1115/1115/1115 1129/1129/1129
f 1125/1125/1125 1130/1130/1130 1126/1126/1126
f 1130/1130/1130 1125/1125/1125 1127/1127/1127
f 1130/1130/1130 1129/1129/1129 1126/1126/1126
f 1130/1130/1130 1127/1127/1127 1131/1131/1131
f 1128/1128/1128 1131/1131/1131 1127/1127/1127
f 1130/1130/1130 1132/1132/1132 1129/1129/1129
f 1132/1132/1132 1130/1130/1130 1131/1131/1131
f 1132/1132/1132 1133/1133/1133 1129/1129/1129
f 1128/1128/1128 1129/1129/1129 1133/1133/1133
f 1132/1132/1132 1134/1134/1134 1133/1133/1133
f 1134/1134/1134 1132/1132/1132 1131/1131/1131
f 1134/1134/1134 1135/1135/1135 1133/1133/1133
f 1128/1128/1128 1133/1133/1133 1135/1135/1135
f 1135/1135/1135 1134/1134/1134 1136/1136/1136
f 1134/1134/1134 1131/1131/1131 1137/1137/1137
f 1128/1128/1128 1135/1135/1135 1138/1138/1138
f 1128/1128/1128 1139/1139/1139 1131/1131/1131
f 1139/1139/1139 1137/1137/1137 1131/1131/1131
f 1139/1139/1139 1128/1128/1128 1138/1138/1138
f 1139/1139/1139 1140/1140/1140 1137/1137/1137
f 1140/1140/1140 1139/1139/1139 1138/1138/1138
f 1140/1140/1140 1141/1141/1141 1137/1137/1137
f 1134/1134/1134 1137/1137/1137 1141/1141/1141
f 1140/1140/1140 1142/1142/1142 1141/1141/1141
f 1142/1142/1142 1140/1140/1140 1138/1138/1138
f 1142/1142/1142 1143/1143/1143 1141/1141/1141
f 1134/1134/1134 1141/1141/1141 1143/1143/1143
f 1144/1144/1144 1142/1142/1142 1138/1138/1138
f 1142/1142/1142 1144/1144/1144 1143/1143/1143
f 1145/1145/1145 1144/1144/1144 1138/1138/1138
f 1145/1145/1145 1138/1138/1138 1136/1136/1136
f 1144/1144/1144 1146/1146/1146 1143/1143/1143
f 1134/1134/1134 1143/1143/1143 1146/1146/1146
f 1144/1144/1144 1145/1145/1145 1146/1146/1146
f 1145/1145/1145 1147/1147/1147 1146/1146/1146
f 1134/1134/1134 1146/1146/1146 1147/1147/1147
f 1136/1136/1136 1148/1148/1148 1145/1145/1145
f 1145/1145/1145 1148/1148/1148 1147/1147/1147
f 1134/1134/1134 1149/1149/1149 1136/1136/1136
f 1148/1148/1148 1136/1136/1136 1149/1149/1149
f 1148/1148/1148 1150/1150/1150 1147/1147/1147
f 1134/1134/1134 1147/1147/1147 1150/1150/1150
f 1150/1150/1150 1148/1148/1148 1149/1149/1149
f 1150/1150/1150 1149/1149/1149 1134/1134/1134
g Body_1
f 1153/1153/1153 1152/1152/1152 1151/1151/1151
f 1152/1152/1152 1154/1154/1154 1151/1151/1151
f 1152/1152/1152 1155/1155/1155 1154/1154/1154
f 1154/1154/1154 1156/1156/1156 1151/1151/1151
f 1156/1156/1156 1157/1157/1157 1151/1151/1151
f 1158/1158/1158 1156/1156/1156 1154/1154/1154
f 1155/1155/1155 1159/1159/1159 1154/1154/1154
f 1159/1159/1159 1158/1158/1158 1154/1154/1154
f 1155/1155/1155 1160/1160/1160 1159/1159/1159
f 1161/1161/1161 1158/1158/1158 1159/1159/1159
f 1160/1160/1160 1162/1162/1162 1159/1159/1159
f 1162/1162/1162 1161/1161/1161 1159/1159/1159
f 1160/1160/1160 1163/1163/1163 1162/1162/1162
f 1164/1164/1164 1161/1161/1161 1162/1162/1162
f 1163/1163/1163 1165/1165/1165 1162/1162/1162
f 1165/1165/1165 1164/1164/1164 1162/1162/1162
f 1166/1166/1166 1164/1164/1164 1165/1165/1165
f 1163/1163/1163 1167/1167/1167 1165/1165/1165
f 1168/1168/1168 1166/1166/1166 1165/1165/1165
f 1167/1167/1167 1168/1168/1168 1165/1165/1165
f 1167/1167/1167 1169/1169/1169 1168/1168/1168
f 1169/1169/1169 1170/1170/1170 1168/1168/1168
f 1169/1169/1169 1171/1171/1171 1170/1170/1170
f 1170/1170/1170 1172/1172/1172 1168/1168/1168
f 1172/1172/1172 1173/1173/1173 1168/1168/1168
f 1174/1174/1174 1172/1172/1172 1170/1170/1170
f 1175/1175/1175 1174/1174/1174 1170/1170/1170
f 1171/1171/1171 1175/1175/1175 1170/1170/1170
f 1176/1176/1176 1174/1174/1174 1175/1175/1175
f 1171/1171/1171 1177/1177/1177 1175/1175/1175
f 1171/1171/1171 1178/1178/1178 1177/1177/1177
f 1179/1179/1179 1176/1176/1176 1175/1175/1175
f 1177/1177/1177 1179/1179/1179 1175/1175/1175
f 1180/1180/1180 1176/1176/1176 1179/1179/1179
f 1181/1181/1181 1180/1180/1180 1179/1179/1179
f 1182/1182/1182 1180/1180/1180 1181/1181/1181
f 1183/1183/1183 1182/1182/1182 1181/1181/1181
f 1184/1184/1184 1183/1183/1183 1181/1181/1181
f 1185/1185/1185 1181/1181/1181 1179/1179/1179
f 1177/1177/1177 1185/1185/1185 1179/1179/1179
f 1185/1185/1185 1184/1184/1184 1181/1181/1181
f 1177/1177/1177 1186/1186/1186 1185/1185/1185
f 1178/1178/1178 1186/1186/1186 1177/1177/1177
f 1185/1185/1185 1187/1187/1187 1184/1184/1184
f 1186/1186/1186 1187/1187/1187 1185/1185/1185
f 1187/1187/1187 1188/1188/1188 1184/1184/1184
f 1187/1187/1187 1189/1189/1189 1188/1188/1188
f 1189/1189/1189 1190/1190/1190 1188/1188/1188
f 1191/1191/1191 1189/1189/1189 1187/1187/1187
f 1186/1186/1186 1191/1191/1191 1187/1187/1187
f 1192/1192/1192 1191/1191/1191 1186/1186/1186
f 1178/1178/1178 1192/1192/1192 1186/1186/1186
f 1193/1193/1193 1192/1192/1192 1178/1178/1178
f 1194/1194/1194 1193/1193/1193 1178/1178/1178
f 1195/1195/1195 1193/1193/1193 1194/1194/1194
f 1196/1196/1196 1195/1195/1195 1194/1194/1194
f 1199/1199/1199 1198/1198/1198 1197/1197/1197
f 1200/1200/1200 1199/1199/1199 1197/1197/1197
f 1201/1201/1201 1199/1199/1199 1200/1200/1200
f 1202/1202/1202 1201/1201/1201 1200/1200/1200
f 1203/1203/1203 1201/1201/1201 1202/1202/1202
f 1204/1204/1204 1203/1203/1203 1202/1202/1202
f 1205/1205/1205 1203/1203/1203 1204/1204/1204
f 1206/1206/1206 1205/1205/1205 1204/1204/1204
f 1207/1207/1207 1205/1205/1205 1206/1206/1206
f 1208/1208/1208 1207/1207/1207 1206/1206/1206
f 1209/1209/1209 1207/1207/1207 1208/1208/1208
f 1210/1210/1210 1209/1209/1209 1208/1208/1208
f 1211/1211/1211 1209/1209/1209 1210/1210/1210
f 1212/1212/1212 1211/1211/1211 1210/1210/1210
f 1215/1215/1215 1214/1214/1214 1213/1213/1213
f 1213/1213/1213 1216/1216/1216 1215/1215/1215
f 1216/1216/1216 1217/1217/1217 1215/1215/1215
f 1216/1216/1216 1218/1218/1218 1217/1217/1217
f 1218/1218/1218 1219/1219/1219 1217/1217/1217
f 1218/1218/1218 1220/1220/1220 1219/1219/1219
f 1220/1220/1220 1221/1221/1221 1219/1219/1219
f 1220/1220/1220 1222/1222/1222 1221/1221/1221
f 1222/1222/1222 1223/1223/1223 1221/1221/1221
f 1222/1222/1222 1224/1224/1224 1223/1223/1223
f 1224/1224/1224 1225/1225/1225 1223/1223/1223
f 1224/1224/1224 1226/1226/1226 1225/1225/1225
f 1226/1226/1226 1227/1227/1227 1225/1225/1225
f 1226/1226/1226 1228/1228/1228 1227/1227/1227
f 1228/1228/1228 1229/1229/1229 1227/1227/1227
f 1228/1228/1228 1230/1230/1230 1229/1229/1229
f 1230/1230/1230 1231/1231/1231 1229/1229/1229
f 1230/1230/1230 1232/1232/1232 1231/1231/1231
f 1235/1235/1235 1234/1234/1234 1233/1233/1233
f 1236/1236/1236 1235/1235/1235 1233/1233/1233
f 1237/1237/1237 1235/1235/1235 1236/1236/1236
f 1238/1238/1238 1237/1237/1237 1236/1236/1236
f 1239/1239/1239 1237/1237/1237 1238/1238/1238
f 1240/1240/1240 1239/1239/1239 1238/1238/1238
f 1241/1241/1241 1239/1239/1239 1240/1240/1240
f 1242/1242/1242 1241/1241/1241 1240/1240/1240
f 1243/1243/1243 1241/1241/1241 1242/1242/1242
f 1244/1244/1244 1243/1243/1243 1242/1242/1242
f 1247/1247/1247 1246/1246/1246 1245/1245/1245
f 1248/1248/1248 1247/1247/1247 1245/1245/1245
f 1249/1249/1249 1247/1247/1247 1248/1248/1248
f 1248/1248/1248 1245/1245/1245 1250/1250/1250
f 1251/1251/1251 1249/1249/1249 1248/1248/1248
f 1252/1252/1252 1249/1249/1249 1251/1251/1251
f 1253/1253/1253 1248/1248/1248 1250/1250/1250
f 1251/1251/1251 1248/1248/1248 1253/1253/1253
f 1254/1254/1254 1252/1252/1252 1251/1251/1251
f 1255/1255/1255 1252/1252/1252 1254/1254/1254
f 1253/1253/1253 1250/1250/1250 1256/1256/1256
f 1250/1250/1250 1257/1257/1257 1256/1256/1256
f 1257/1257/1257 1258/1258/1258 1256/1256/1256
f 1258/1258/1258 1259/1259/1259 1256/1256/1256
f 1256/1256/1256 1259/1259/1259 1260/1260/1260
f 1253/1253/1253 1256/1256/1256 1260/1260/1260
f 1259/1259/1259 1261/1261/1261 1260/1260/1260
f 1262/1262/1262 1251/1251/1251 1253/1253/1253
f 1262/1262/1262 1253/1253/1253 1260/1260/1260
f 1254/1254/1254 1251/1251/1251 1262/1262/1262
f 1260/1260/1260 1261/1261/1261 1263/1263/1263
f 1262/1262/1262 1260/1260/1260 1263/1263/1263
f 1261/1261/1261 1264/1264/1264 1263/1263/1263
f 1265/1265/1265 1255/1255/1255 1254/1254/1254
f 1266/1266/1266 1255/1255/1255 1265/1265/1265
f 1267/1267/1267 1266/1266/1266 1265/1265/1265
f 1268/1268/1268 1254/1254/1254 1262/1262/1262
f 1268/1268/1268 1262/1262/1262 1263/1263/1263
f 1265/1265/1265 1254/1254/1254 1268/1268/1268
f 1263/1263/1263 1264/1264/1264 1269/1269/1269
f 1268/1268/1268 1263/1263/1263 1269/1269/1269
f 1264/1264/1264 1270/1270/1270 1269/1269/1269
f 1267/1267/1267 1265/1265/1265 1271/1271/1271
f 1271/1271/1271 1265/1265/1265 1268/1268/1268
f 1271/1271/1271 1268/1268/1268 1269/1269/1269
f 1272/1272/1272 1267/1267/1267 1271/1271/1271
f 1272/1272/1272 1271/1271/1271 1273/1273/1273
f 1271/1271/1271 1269/1269/1269 1273/1273/1273
f 1269/1269/1269 1270/1270/1270 1273/1273/1273
f 1270/1270/1270 1274/1274/1274 1273/1273/1273
f 1277/1277/1277 1276/1276/1276 1275/1275/1275
f 1278/1278/1278 1277/1277/1277 1275/1275/1275
f 1279/1279/1279 1277/1277/1277 1278/1278/1278
f 1278/1278/1278 1275/1275/1275 1280/1280/1280
f 1281/1281/1281 1279/1279/1279 1278/1278/1278
f 1282/1282/1282 1279/1279/1279 1281/1281/1281
f 1283/1283/1283 1278/1278/1278 1280/1280/1280
f 1281/1281/1281 1278/1278/1278 1283/1283/1283
f 1284/1284/1284 1282/1282/1282 1281/1281/1281
f 1285/1285/1285 1282/1282/1282 1284/1284/1284
f 1283/1283/1283 1280/1280/1280 1286/1286/1286
f 1280/1280/1280 1287/1287/1287 1286/1286/1286
f 1287/1287/1287 1288/1288/1288 1286/1286/1286
f 1288/1288/1288 1289/1289/1289 1286/1286/1286
f 1286/1286/1286 1289/1289/1289 1290/1290/1290
f 1283/1283/1283 1286/1286/1286 1290/1290/1290
f 1289/1289/1289 1291/1291/1291 1290/1290/1290
f 1292/1292/1292 1281/1281/1281 1283/1283/1283
f 1292/1292/1292 1283/1283/1283 1290/1290/1290
f 1284/1284/1284 1281/1281/1281 1292/1292/1292
f 1290/1290/1290 1291/1291/1291 1293/1293/1293
f 1292/1292/1292 1290/1290/1290 1293/1293/1293
f 1291/1291/1291 1294/1294/1294 1293/1293/1293
f 1295/1295/1295 1285/1285/1285 1284/1284/1284
f 1296/1296/1296 1285/1285/1285 1295/1295/1295
f 1297/1297/1297 1296/1296/1296 1295/1295/1295
f 1298/1298/1298 1284/1284/1284 1292/1292/1292
f 1298/1298/1298 1292/1292/1292 1293/1293/1293
f 1295/1295/1295 1284/1284/1284 1298/1298/1298
f 1293/1293/1293 1294/1294/1294 1299/1299/1299
f 1298/1298/1298 1293/1293/1293 1299/1299/1299
f 1294/1294/1294 1300/1300/1300 1299/1299/1299
f 1297/1297/1297 1295/1295/1295 1301/1301/1301
f 1301/1301/1301 1295/1295/1295 1298/1298/1298
f 1301/1301/1301 1298/1298/1298 1299/1299/1299
f 1302/1302/1302 1297/1297/1297 1301/1301/1301
f 1302/1302/1302 1301/1301/1301 1303/1303/1303
f 1301/1301/1301 1299/1299/1299 1303/1303/1303
f 1299/1299/1299 1300/1300/1300 1303/1303/1303
f 1300/1300/1300 1304/1304/1304 1303/1303/1303
f 1307/1307/1307 1306/1306/1306 1305/1305/1305
f 1305/1305/1305 1308/1308/1308 1307/1307/1307
f 1305/1305/1305 1309/1309/1309 1308/1308/1308
f 1309/1309/1309 1310/1310/1310 1308/1308/1308
f 1310/1310/1310 1311/1311/1311 1308/1308/1308
f 1310/1310/1310 1312/1312/1312 1311/1311/1311
f 1312/1312/1312 1313/1313/1313 1311/1311/1311
f 1312/1312/1312 1314/1314/1314 1313/1313/1313
f 1312/1312/1312 1315/1315/1315 1314/1314/1314
f 1315/1315/1315 1316/1316/1316 1314/1314/1314
f 1315/1315/1315 1317/1317/1317 1316/1316/1316
f 1317/1317/1317 1318/1318/1318 1316/1316/1316
f 1317/1317/1317 1319/1319/1319 1318/1318/1318
f 1319/1319/1319 1320/1320/1320 1318/1318/1318
f 1319/1319/1319 1321/1321/1321 1320/1320/1320
f 1321/1321/1321 1322/1322/1322 1320/1320/1320
f 1321/1321/1321 1323/1323/1323 1322/1322/1322
f 1323/1323/1323 1324/1324/1324 1322/1322/1322
f 1327/1327/1327 1326/1326/1326 1325/1325/1325
f 1326/1326/1326 1328/1328/1328 1325/1325/1325
f 1325/1325/1325 1328/1328/1328 1329/1329/1329
f 1328/1328/1328 1330/1330/1330 1329/1329/1329
f 1330/1330/1330 1331/1331/1331 1329/1329/1329
f 1331/1331/1331 1332/1332/1332 1329/1329/1329
f 1331/1331/1331 1333/1333/1333 1332/1332/1332
f 1333/1333/1333 1334/1334/1334 1332/1332/1332
f 1337/1337/1337 1336/1336/1336 1335/1335/1335
f 1338/1338/1338 1337/1337/1337 1335/1335/1335
f 1341/1341/1341 1340/1340/1340 1339/1339/1339
f 1342/1342/1342 1341/1341/1341 1339/1339/1339
f 1345/1345/1345 1344/1344/1344 1343/1343/1343
f 1346/1346/1346 1345/1345/1345 1343/1343/1343
f 1346/1346/1346 1343/1343/1343 1347/1347/1347
f 1348/1348/1348 1346/1346/1346 1347/1347/1347
f 1349/1349/1349 1346/1346/1346 1348/1348/1348
f 1350/1350/1350 1349/1349/1349 1348/1348/1348
f 1351/1351/1351 1350/1350/1350 1348/1348/1348
f 1352/1352/1352 1351/1351/1351 1348/1348/1348
f 1352/1352/1352 1348/1348/1348 1347/1347/1347
f 1353/1353/1353 1352/1352/1352 1347/1347/1347
f 1354/1354/1354 1352/1352/1352 1353/1353/1353
f 1355/1355/1355 1354/1354/1354 1353/1353/1353
f 1358/1358/1358 1357/1357/1357 1356/1356/1356
f 1357/1357/1357 1359/1359/1359 1356/1356/1356
f 1357/1357/1357 1360/1360/1360 1359/1359/1359
f 1360/1360/1360 1361/1361/1361 1359/1359/1359
f 1361/1361/1361 1360/1360/1360 1362/1362/1362
f 1363/1363/1363 1360/1360/1360 1357/1357/1357
f 1364/1364/1364 1363/1363/1363 1357/1357/1357
f 1360/1360/1360 1365/1365/1365 1362/1362/1362
f 1360/1360/1360 1363/1363/1363 1365/1365/1365
f 1363/1363/1363 1366/1366/1366 1365/1365/1365
f 1362/1362/1362 1365/1365/1365 1367/1367/1367
f 1365/1365/1365 1368/1368/1368 1367/1367/1367
f 1371/1371/1371 1370/1370/1370 1369/1369/1369
f 1372/1372/1372 1371/1371/1371 1369/1369/1369
f 1373/1373/1373 1372/1372/1372 1369/1369/1369
f 1374/1374/1374 1373/1373/1373 1369/1369/1369
f 1377/1377/1377 1376/1376/1376 1375/1375/1375
f 1378/1378/1378 1377/1377/1377 1375/1375/1375
f 1381/1381/1381 1380/1380/1380 1379/1379/1379
f 1382/1382/1382 1381/1381/1381 1379/1379/1379
f 1385/1385/1385 1384/1384/1384 1383/1383/1383
f 1384/1384/1384 1386/1386/1386 1383/1383/1383
f 1384/1384/1384 1387/1387/1387 1386/1386/1386
f 1387/1387/1387 1388/1388/1388 1386/1386/1386
f 1391/1391/1391 1390/1390/1390 1389/1389/1389
f 1392/1392/1392 1391/1391/1391 1389/1389/1389
f 1395/1395/1395 1394/1394/1394 1393/1393/1393
f 1396/1396/1396 1395/1395/1395 1393/1393/1393
f 1399/1399/1399 1398/1398/1398 1397/1397/1397
f 1398/1398/1398 1400/1400/1400 1397/1397/1397
f 1398/1398/1398 1401/1401/1401 1400/1400/1400
f 1400/1400/1400 1402/1402/1402 1397/1397/1397
f 1402/1402/1402 1403/1403/1403 1397/1397/1397
f 1404/1404/1404 1402/1402/1402 1400/1400/1400
f 1401/1401/1401 1405/1405/1405 1400/1400/1400
f 1405/1405/1405 1404/1404/1404 1400/1400/1400
f 1401/1401/1401 1406/1406/1406 1405/1405/1405
f 1407/1407/1407 1404/1404/1404 1405/1405/1405
f 1406/1406/1406 1408/1408/1408 1405/1405/1405
f 1408/1408/1408 1407/1407/1407 1405/1405/1405
f 1406/1406/1406 1409/1409/1409 1408/1408/1408
f 1410/1410/1410 1407/1407/1407 1408/1408/1408
f 1409/1409/1409 1411/1411/1411 1408/1408/1408
f 1411/1411/1411 1410/1410/1410 1408/1408/1408
f 1412/1412/1412 1410/1410/1410 1411/1411/1411
f 1409/1409/1409 1413/1413/1413 1411/1411/1411
f 1414/1414/1414 1412/1412/1412 1411/1411/1411
f 1413/1413/1413 1414/1414/1414 1411/1411/1411
f 1413/1413/1413 1415/1415/1415 1414/1414/1414
f 1415/1415/1415 1416/1416/1416 1414/1414/1414
f 1415/1415/1415 1417/1417/1417 1416/1416/1416
f 1416/1416/1416 1418/1418/1418 1414/1414/1414
f 1418/1418/1418 1419/1419/1419 1414/1414/1414
f 1420/1420/1420 1418/1418/1418 1416/1416/1416
f 1421/1421/1421 1420/1420/1420 1416/1416/1416
f 1417/1417/1417 1421/1421/1421 1416/1416/1416
f 1422/1422/1422 1420/1420/1420 1421/1421/1421
f 1417/1417/1417 1423/1423/1423 1421/1421/1421
f 1417/1417/1417 1424/1424/1424 1423/1423/1423
f 1425/1425/1425 1422/1422/1422 1421/1421/1421
f 1423/1423/1423 1425/1425/1425 1421/1421/1421
f 1426/1426/1426 1422/1422/1422 1425/1425/1425
f 1427/1427/1427 1426/1426/1426 1425/1425/1425
f 1428/1428/1428 1426/1426/1426 1427/1427/1427
f 1429/1429/1429 1428/1428/1428 1427/1427/1427
f 1430/1430/1430 1429/1429/1429 1427/1427/1427
f 1431/1431/1431 1427/1427/1427 1425/1425/1425
f 1423/1423/1423 1431/1431/1431 1425/1425/1425
f 1431/1431/1431 1430/1430/1430 1427/1427/1427
f 1423/1423/1423 1432/1432/1432 1431/1431/1431
f 1424/1424/1424 1432/1432/1432 1423/1423/1423
f 1431/1431/1431 1433/1433/1433 1430/1430/1430
f 1432/1432/1432 1433/1433/1433 1431/1431/1431
f 1433/1433/1433 1434/1434/1434 1430/1430/1430
f 1433/1433/1433 1435/1435/1435 1434/1434/1434
f 1435/1435/1435 1436/1436/1436 1434/1434/1434
f 1437/1437/1437 1435/1435/1435 1433/1433/1433
f 1432/1432/1432 1437/1437/1437 1433/1433/1433
f 1438/1438/1438 1437/1437/1437 1432/1432/1432
f 1424/1424/1424 1438/1438/1438 1432/1432/1432
f 1439/1439/1439 1438/1438/1438 1424/1424/1424
f 1440/1440/1440 1439/1439/1439 1424/1424/1424
f 1441/1441/1441 1439/1439/1439 1440/1440/1440
f 1442/1442/1442 1441/1441/1441 1440/1440/1440
f 1445/1445/1445 1444/1444/1444 1443/1443/1443
f 1446/1446/1446 1445/1445/1445 1443/1443/1443
f 1447/1447/1447 1445/1445/1445 1446/1446/1446
f 1448/1448/1448 1447/1447/1447 1446/1446/1446
f 1449/1449/1449 1447/1447/1447 1448/1448/1448
f 1450/1450/1450 1449/1449/1449 1448/1448/1448
f 1451/1451/1451 1449/1449/1449 1450/1450/1450
f 1452/1452/1452 1451/1451/1451 1450/1450/1450
f 1453/1453/1453 1451/1451/1451 1452/1452/1452
f 1454/1454/1454 1453/1453/1453 1452/1452/1452
f 1455/1455/1455 1453/1453/1453 1454/1454/1454
f 1456/1456/1456 1455/1455/1455 1454/1454/1454
f 1457/1457/1457 1455/1455/1455 1456/1456/1456
f 1458/1458/1458 1457/1457/1457 1456/1456/1456
f 1461/1461/1461 1460/1460/1460 1459/1459/1459
f 1459/1459/1459 1462/1462/1462 1461/1461/1461
f 1462/1462/1462 1463/1463/1463 1461/1461/1461
f 1462/1462/1462 1464/1464/1464 1463/1463/1463
f 1464/1464/1464 1465/1465/1465 1463/1463/1463
f 1464/1464/1464 1466/1466/1466 1465/1465/1465
f 1466/1466/1466 1467/1467/1467 1465/1465/1465
f 1466/1466/1466 1468/1468/1468 1467/1467/1467
f 1468/1468/1468 1469/1469/1469 1467/1467/1467
f 1468/1468/1468 1470/1470/1470 1469/1469/1469
f 1470/1470/1470 1471/1471/1471 1469/1469/1469
f 1470/1470/1470 1472/1472/1472 1471/1471/1471
f 1472/1472/1472 1473/1473/1473 1471/1471/1471
f 1472/1472/1472 1474/1474/1474 1473/1473/1473
f 1474/1474/1474 1475/1475/1475 1473/1473/1473
f 1474/1474/1474 1476/1476/1476 1475/1475/1475
f 1476/1476/1476 1477/1477/1477 1475/1475/1475
f 1476/1476/1476 1478/1478/1478 1477/1477/1477
f 1481/1481/1481 1480/1480/1480 1479/1479/1479
f 1482/1482/1482 1481/1481/1481 1479/1479/1479
f 1483/1483/1483 1481/1481/1481 1482/1482/1482
f 1484/1484/1484 1483/1483/1483 1482/1482/1482
f 1485/1485/1485 1483/1483/1483 1484/1484/1484
f 1486/1486/1486 1485/1485/1485 1484/1484/1484
f 1487/1487/1487 1485/1485/1485 1486/1486/1486
f 1488/1488/1488 1487/1487/1487 1486/1486/1486
f 1489/1489/1489 1487/1487/1487 1488/1488/1488
f 1490/1490/1490 1489/1489/1489 1488/1488/1488
f 1493/1493/1493 1492/1492/1492 1491/1491/1491
f 1494/1494/1494 1493/1493/1493 1491/1491/1491
f 1495/1495/1495 1493/1493/1493 1494/1494/1494
f 1494/1494/1494 1491/1491/1491 1496/1496/1496
f 1497/1497/1497 1495/1495/1495 1494/1494/1494
f 1498/1498/1498 1495/1495/1495 1497/1497/1497
f 1499/1499/1499 1494/1494/1494 1496/1496/1496
f 1497/1497/1497 1494/1494/1494 1499/1499/1499
f 1500/1500/1500 1498/1498/1498 1497/1497/1497
f 1501/1501/1501 1498/1498/1498 1500/1500/1500
f 1499/1499/1499 1496/1496/1496 1502/1502/1502
f 1496/1496/1496 1503/1503/1503 1502/1502/1502
f 1503/1503/1503 1504/1504/1504 1502/1502/1502
f 1504/1504/1504 1505/1505/1505 1502/1502/1502
f 1502/1502/1502 1505/1505/1505 1506/1506/1506
f 1499/1499/1499 1502/1502/1502 1506/1506/1506
f 1505/1505/1505 1507/1507/1507 1506/1506/1506
f 1508/1508/1508 1497/1497/1497 1499/1499/1499
f 1508/1508/1508 1499/1499/1499 1506/1506/1506
f 1500/1500/1500 1497/1497/1497 1508/1508/1508
f 1506/1506/1506 1507/1507/1507 1509/1509/1509
f 1508/1508/1508 1506/1506/1506 1509/1509/1509
f 1507/1507/1507 1510/1510/1510 1509/1509/1509
f 1511/1511/1511 1501/1501/1501 1500/1500/1500
f 1512/1512/1512 1501/1501/1501 1511/1511/1511
f 1513/1513/1513 1512/1512/1512 1511/1511/1511
f 1514/1514/1514 1500/1500/1500 1508/1508/1508
f 1514/1514/1514 1508/1508/1508 1509/1509/1509
f 1511/1511/1511 1500/1500/1500 1514/1514/1514
f 1509/1509/1509 1510/1510/1510 1515/1515/1515
f 1514/1514/1514 1509/1509/1509 1515/1515/1515
f 1510/1510/1510 1516/1516/1516 1515/1515/1515
f 1513/1513/1513 1511/1511/1511 1517/1517/1517
f 1517/1517/1517 1511/1511/1511 1514/1514/1514
f 1517/1517/1517 1514/1514/1514 1515/1515/1515
f 1518/1518/1518 1513/1513/1513 1517/1517/1517
f 1518/1518/1518 1517/1517/1517 1519/1519/1519
f 1517/1517/1517 1515/1515/1515 1519/1519/1519
f 1515/1515/1515 1516/1516/1516 1519/1519/1519
f 1516/1516/1516 1520/1520/1520 1519/1519/1519
f 1523/1523/1523 1522/1522/1522 1521/1521/1521
f 1524/1524/1524 1523/1523/1523 1521/1521/1521
f 1525/1525/1525 1523/1523/1523 1524/1524/1524
f 1524/1524/1524 1521/1521/1521 1526/1526/1526
f 1527/1527/1527 1525/1525/1525 1524/1524/1524
f 1528/1528/1528 1525/1525/1525 1527/1527/1527
f 1529/1529/1529 1524/1524/1524 1526/1526/1526
f 1527/1527/1527 1524/1524/1524 1529/1529/1529
f 1530/1530/1530 1528/1528/1528 1527/1527/1527
f 1531/1531/1531 1528/1528/1528 1530/1530/1530
f 1529/1529/1529 1526/1526/1526 1532/1532/1532
f 1526/1526/1526 1533/1533/1533 1532/1532/1532
f 1533/1533/1533 1534/1534/1534 1532/1532/1532
f 1534/1534/1534 1535/1535/1535 1532/1532/1532
f 1532/1532/1532 1535/1535/1535 1536/1536/1536
f 1529/1529/1529 1532/1532/1532 1536/1536/1536
f 1535/1535/1535 1537/1537/1537 1536/1536/1536
f 1538/1538/1538 1527/1527/1527 1529/1529/1529
f 1538/1538/1538 1529/1529/1529 1536/1536/1536
f 1530/1530/1530 1527/1527/1527 1538/1538/1538
f 1536/1536/1536 1537/1537/1537 1539/1539/1539
f 1538/1538/1538 1536/1536/1536 1539/1539/1539
f 1537/1537/1537 1540/1540/1540 1539/1539/1539
f 1541/1541/1541 1531/1531/1531 1530/1530/1530
f 1542/1542/1542 1531/1531/1531 1541/1541/1541
f 1543/1543/1543 1542/1542/1542 1541/1541/1541
f 1544/1544/1544 1530/1530/1530 1538/1538/1538
f 1544/1544/1544 1538/1538/1538 1539/1539/1539
f 1541/1541/1541 1530/1530/1530 1544/1544/1544
f 1539/1539/1539 1540/1540/1540 1545/1545/1545
f 1544/1544/1544 1539/1539/1539 1545/1545/1545
f 1540/1540/1540 1546/1546/1546 1545/1545/1545
f 1543/1543/1543 1541/1541/1541 1547/1547/1547
f 1547/1547/1547 1541/1541/1541 1544/1544/1544
f 1547/1547/1547 1544/1544/1544 1545/1545/1545
f 1548/1548/1548 1543/1543/1543 1547/1547/1547
f 1548/1548/1548 1547/1547/1547 1549/1549/1549
f 1547/1547/1547 1545/1545/1545 1549/1549/1549
f 1545/1545/1545 1546/1546/1546 1549/1549/1549
f 1546/1546/1546 1550/1550/1550 1549/1549/1549
f 1553/1553/1553 1552/1552/1552 1551/1551/1551
f 1551/1551/1551 1554/1554/1554 1553/1553/1553
f 1554/1554/1554 1555/1555/1555 1553/1553/1553
f 1554/1554/1554 1556/1556/1556 1555/1555/1555
f 1556/1556/1556 1557/1557/1557 1555/1555/1555
f 1556/1556/1556 1558/1558/1558 1557/1557/1557
f 1558/1558/1558 1559/1559/1559 1557/1557/1557
f 1558/1558/1558 1560/1560/1560 1559/1559/1559
f 1560/1560/1560 1561/1561/1561 1559/1559/1559
f 1560/1560/1560 1562/1562/1562 1561/1561/1561
f 1562/1562/1562 1563/1563/1563 1561/1561/1561
f 1562/1562/1562 1564/1564/1564 1563/1563/1563
f 1562/1562/1562 1565/1565/1565 1564/1564/1564
f 1565/1565/1565 1566/1566/1566 1564/1564/1564
f 1565/1565/1565 1567/1567/1567 1566/1566/1566
f 1567/1567/1567 1568/1568/1568 1566/1566/1566
f 1567/1567/1567 1569/1569/1569 1568/1568/1568
f 1569/1569/1569 1570/1570/1570 1568/1568/1568
f 1572/1572/1572 1571/1571/1571 476/476/476
f 475/475/475 1572/1572/1572 476/476/476
f 1573/1573/1573 1572/1572/1572 475/475/475
f 1574/1574/1574 1573/1573/1573 475/475/475
f 1574/1574/1574 475/475/475 472/472/472
f 1575/1575/1575 1573/1573/1573 1574/1574/1574
f 471/471/471 1574/1574/1574 472/472/472
f 1576/1576/1576 1575/1575/1575 1574/1574/1574
f 1576/1576/1576 1574/1574/1574 471/471/471
f 1577/1577/1577 1576/1576/1576 471/471/471
f 1580/1580/1580 1579/1579/1579 1578/1578/1578
f 1579/1579/1579 1581/1581/1581 1578/1578/1578
f 1578/1578/1578 1581/1581/1581 1582/1582/1582
f 1581/1581/1581 1583/1583/1583 1582/1582/1582
f 1586/1586/1586 1585/1585/1585 1584/1584/1584
f 1587/1587/1587 1586/1586/1586 1584/1584/1584
f 1588/1588/1588 1586/1586/1586 1587/1587/1587
f 1589/1589/1589 1588/1588/1588 1587/1587/1587
f 1590/1590/1590 1588/1588/1588 1589/1589/1589
f 1591/1591/1591 1590/1590/1590 1589/1589/1589
f 1592/1592/1592 1590/1590/1590 1591/1591/1591
f 1593/1593/1593 1592/1592/1592 1591/1591/1591
f 1594/1594/1594 1592/1592/1592 1593/1593/1593
f 1595/1595/1595 1594/1594/1594 1593/1593/1593
f 1596/1596/1596 1594/1594/1594 1595/1595/1595
f 1597/1597/1597 1596/1596/1596 1595/1595/1595
f 1600/1600/1600 1599/1599/1599 1598/1598/1598
f 1599/1599/1599 1601/1601/1601 1598/1598/1598
f 1598/1598/1598 1601/1601/1601 1602/1602/1602
f 1601/1601/1601 1603/1603/1603 1602/1602/1602
f 1602/1602/1602 1603/1603/1603 1604/1604/1604
f 1603/1603/1603 1605/1605/1605 1604/1604/1604
f 1604/1604/1604 1605/1605/1605 1606/1606/1606
f 1605/1605/1605 1607/1607/1607 1606/1606/1606
f 1606/1606/1606 1607/1607/1607 1608/1608/1608
f 1607/1607/1607 1609/1609/1609 1608/1608/1608
f 1608/1608/1608 1609/1609/1609 1610/1610/1610
f 1609/1609/1609 1611/1611/1611 1610/1610/1610
f 1614/1614/1614 1613/1613/1613 1612/1612/1612
f 1613/1613/1613 1615/1615/1615 1612/1612/1612
f 1612/1612/1612 1615/1615/1615 1616/1616/1616
f 1615/1615/1615 1617/1617/1617 1616/1616/1616
f 1620/1620/1620 1619/1619/1619 1618/1618/1618
f 1619/1619/1619 1621/1621/1621 1618/1618/1618
f 1618/1618/1618 1621/1621/1621 1622/1622/1622
f 1621/1621/1621 1623/1623/1623 1622/1622/1622
f 1622/1622/1622 1623/1623/1623 1624/1624/1624
f 1623/1623/1623 1625/1625/1625 1624/1624/1624
f 1624/1624/1624 1625/1625/1625 1626/1626/1626
f 1625/1625/1625 1627/1627/1627 1626/1626/1626
f 1626/1626/1626 1627/1627/1627 1628/1628/1628
f 1627/1627/1627 1629/1629/1629 1628/1628/1628
f 1628/1628/1628 1629/1629/1629 1630/1630/1630
f 1629/1629/1629 1631/1631/1631 1630/1630/1630
f 1630/1630/1630 1631/1631/1631 1632/1632/1632
f 1631/1631/1631 1633/1633/1633 1632/1632/1632
f 1632/1632/1632 1633/1633/1633 1634/1634/1634
f 1633/1633/1633 1635/1635/1635 1634/1634/1634
f 1634/1634/1634 1635/1635/1635 1636/1636/1636
f 1635/1635/1635 1637/1637/1637 1636/1636/1636
f 1636/1636/1636 1637/1637/1637 1638/1638/1638
f 1637/1637/1637 1639/1639/1639 1638/1638/1638
f 1638/1638/1638 1639/1639/1639 1640/1640/1640
f 1639/1639/1639 1641/1641/1641 1640/1640/1640
f 1640/1640/1640 1641/1641/1641 1642/1642/1642
f 1641/1641/1641 1643/1643/1643 1642/1642/1642
f 1646/1646/1646 1645/1645/1645 1644/1644/1644
f 1645/1645/1645 1647/1647/1647 1644/1644/1644
f 1647/1647/1647 1648/1648/1648 1644/1644/1644
f 1648/1648/1648 1649/1649/1649 1644/1644/1644
f 1648/1648/1648 1650/1650/1650 1649/1649/1649
f 1650/1650/1650 1651/1651/1651 1649/1649/1649
f 1650/1650/1650 1652/1652/1652 1651/1651/1651
f 1652/1652/1652 1653/1653/1653 1651/1651/1651
f 1652/1652/1652 1654/1654/1654 1653/1653/1653
f 1654/1654/1654 1655/1655/1655 1653/1653/1653
f 1654/1654/1654 1656/1656/1656 1655/1655/1655
f 1656/1656/1656 1657/1657/1657 1655/1655/1655
f 1660/1660/1660 1659/1659/1659 1658/1658/1658
f 1659/1659/1659 1661/1661/1661 1658/1658/1658
f 1659/1659/1659 1662/1662/1662 1661/1661/1661
f 1662/1662/1662 1663/1663/1663 1661/1661/1661
f 1662/1662/1662 1664/1664/1664 1663/1663/1663
f 1664/1664/1664 1665/1665/1665 1663/1663/1663
f 1664/1664/1664 1666/1666/1666 1665/1665/1665
f 1666/1666/1666 1667/1667/1667 1665/1665/1665
f 1666/1666/1666 1668/1668/1668 1667/1667/1667
f 1668/1668/1668 1669/1669/1669 1667/1667/1667
f 1668/1668/1668 1670/1670/1670 1669/1669/1669
f 1670/1670/1670 1671/1671/1671 1669/1669/1669
f 1674/1674/1674 1673/1673/1673 1672/1672/1672
f 1675/1675/1675 1674/1674/1674 1672/1672/1672
f 1678/1678/1678 1677/1677/1677 1676/1676/1676
f 1677/1677/1677 1679/1679/1679 1676/1676/1676
f 1676/1676/1676 1679/1679/1679 1680/1680/1680
f 1679/1679/1679 1681/1681/1681 1680/1680/1680
f 1680/1680/1680 1681/1681/1681 1682/1682/1682
f 1681/1681/1681 1683/1683/1683 1682/1682/1682
f 1686/1686/1686 1685/1685/1685 1684/1684/1684
f 1685/1685/1685 1687/1687/1687 1684/1684/1684
f 1685/1685/1685 1688/1688/1688 1687/1687/1687
f 1688/1688/1688 1689/1689/1689 1687/1687/1687
f 505/505/505 484/484/484 485/485/485
f 1690/1690/1690 505/505/505 485/485/485
f 1693/1693/1693 1692/1692/1692 1691/1691/1691
f 1694/1694/1694 1693/1693/1693 1691/1691/1691
f 1696/1696/1696 551/551/551 1695/1695/1695
f 550/550/550 551/551/551 1696/1696/1696
f 1699/1699/1699 1698/1698/1698 1697/1697/1697
f 1700/1700/1700 1699/1699/1699 1697/1697/1697
f 1703/1703/1703 1702/1702/1702 1701/1701/1701
f 1704/1704/1704 1703/1703/1703 1701/1701/1701
f 1707/1707/1707 1706/1706/1706 1705/1705/1705
f 1706/1706/1706 1708/1708/1708 1705/1705/1705
f 1705/1705/1705 1708/1708/1708 1709/1709/1709
f 1708/1708/1708 1710/1710/1710 1709/1709/1709
f 1708/1708/1708 1711/1711/1711 1710/1710/1710
f 1711/1711/1711 1712/1712/1712 1710/1710/1710
f 1715/1715/1715 1714/1714/1714 1713/1713/1713
f 1714/1714/1714 1716/1716/1716 1713/1713/1713
f 1713/1713/1713 1716/1716/1716 1717/1717/1717
f 1716/1716/1716 1718/1718/1718 1717/1717/1717
f 1714/1714/1714 1719/1719/1719 1716/1716/1716
f 1719/1719/1719 1720/1720/1720 1716/1716/1716
f 1723/1723/1723 1722/1722/1722 1721/1721/1721
f 1724/1724/1724 1723/1723/1723 1721/1721/1721
f 1727/1727/1727 1726/1726/1726 1725/1725/1725
f 1728/1728/1728 1727/1727/1727 1725/1725/1725
f 1731/1731/1731 1730/1730/1730 1729/1729/1729
f 1732/1732/1732 1731/1731/1731 1729/1729/1729
f 1732/1732/1732 1729/1729/1729 1733/1733/1733
f 1734/1734/1734 1731/1731/1731 1732/1732/1732
f 1735/1735/1735 1732/1732/1732 1733/1733/1733
f 1735/1735/1735 1733/1733/1733 1736/1736/1736
f 1737/1737/1737 1735/1735/1735 1736/1736/1736
f 1738/1738/1738 1734/1734/1734 1732/1732/1732
f 1738/1738/1738 1732/1732/1732 1735/1735/1735
f 1739/1739/1739 1734/1734/1734 1738/1738/1738
f 1740/1740/1740 1739/1739/1739 1738/1738/1738
f 1741/1741/1741 1735/1735/1735 1737/1737/1737
f 1741/1741/1741 1738/1738/1738 1735/1735/1735
f 1740/1740/1740 1738/1738/1738 1741/1741/1741
f 1742/1742/1742 1741/1741/1741 1737/1737/1737
f 1743/1743/1743 1741/1741/1741 1742/1742/1742
f 1743/1743/1743 1740/1740/1740 1741/1741/1741
f 1744/1744/1744 1743/1743/1743 1742/1742/1742
f 1743/1743/1743 1745/1745/1745 1740/1740/1740
f 1745/1745/1745 1746/1746/1746 1740/1740/1740
f 1749/1749/1749 1748/1748/1748 1747/1747/1747
f 1750/1750/1750 1749/1749/1749 1747/1747/1747
f 1753/1753/1753 1752/1752/1752 1751/1751/1751
f 1754/1754/1754 1753/1753/1753 1751/1751/1751
f 1757/1757/1757 1756/1756/1756 1755/1755/1755
f 1758/1758/1758 1757/1757/1757 1755/1755/1755
f 1761/1761/1761 1760/1760/1760 1759/1759/1759
f 1760/1760/1760 1762/1762/1762 1759/1759/1759
f 1759/1759/1759 1762/1762/1762 1763/1763/1763
f 1760/1760/1760 1764/1764/1764 1762/1762/1762
f 1762/1762/1762 1765/1765/1765 1763/1763/1763
f 1764/1764/1764 1766/1766/1766 1762/1762/1762
f 1762/1762/1762 1766/1766/1766 1765/1765/1765
f 1764/1764/1764 1767/1767/1767 1766/1766/1766
f 1766/1766/1766 1768/1768/1768 1765/1765/1765
f 1767/1767/1767 1769/1769/1769 1766/1766/1766
f 1766/1766/1766 1769/1769/1769 1768/1768/1768
f 1769/1769/1769 1770/1770/1770 1768/1768/1768
f 1772/1772/1772 1771/1771/1771 660/660/660
f 1771/1771/1771 659/659/659 660/660/660
f 1771/1771/1771 1773/1773/1773 659/659/659
f 1773/1773/1773 1774/1774/1774 659/659/659
f 659/659/659 1774/1774/1774 656/656/656
f 1773/1773/1773 1775/1775/1775 1774/1774/1774
f 1774/1774/1774 655/655/655 656/656/656
f 1775/1775/1775 1776/1776/1776 1774/1774/1774
f 1774/1774/1774 1776/1776/1776 655/655/655
f 1776/1776/1776 1777/1777/1777 655/655/655
f 1780/1780/1780 1779/1779/1779 1778/1778/1778
f 1781/1781/1781 1780/1780/1780 1778/1778/1778
f 1781/1781/1781 1778/1778/1778 1782/1782/1782
f 1783/1783/1783 1781/1781/1781 1782/1782/1782
f 1786/1786/1786 1785/1785/1785 1784/1784/1784
f 1785/1785/1785 1787/1787/1787 1784/1784/1784
f 1785/1785/1785 1788/1788/1788 1787/1787/1787
f 1788/1788/1788 1789/1789/1789 1787/1787/1787
f 1792/1792/1792 1791/1791/1791 1790/1790/1790
f 1791/1791/1791 1793/1793/1793 1790/1790/1790
f 1791/1791/1791 1794/1794/1794 1793/1793/1793
f 1794/1794/1794 1795/1795/1795 1793/1793/1793
f 1794/1794/1794 1796/1796/1796 1795/1795/1795
f 1796/1796/1796 1797/1797/1797 1795/1795/1795
f 1796/1796/1796 1798/1798/1798 1797/1797/1797
f 1798/1798/1798 1799/1799/1799 1797/1797/1797
f 1798/1798/1798 1800/1800/1800 1799/1799/1799
f 1800/1800/1800 1801/1801/1801 1799/1799/1799
f 1800/1800/1800 1802/1802/1802 1801/1801/1801
f 1802/1802/1802 1803/1803/1803 1801/1801/1801
f 1806/1806/1806 1805/1805/1805 1804/1804/1804
f 1807/1807/1807 1806/1806/1806 1804/1804/1804
f 1807/1807/1807 1804/1804/1804 1808/1808/1808
f 1809/1809/1809 1807/1807/1807 1808/1808/1808
f 1809/1809/1809 1808/1808/1808 1810/1810/1810
f 1811/1811/1811 1809/1809/1809 1810/1810/1810
f 1811/1811/1811 1810/1810/1810 1812/1812/1812
f 1813/1813/1813 1811/1811/1811 1812/1812/1812
f 1813/1813/1813 1812/1812/1812 1814/1814/1814
f 1815/1815/1815 1813/1813/1813 1814/1814/1814
f 1815/1815/1815 1814/1814/1814 1816/1816/1816
f 1817/1817/1817 1815/1815/1815 1816/1816/1816
f 1820/1820/1820 1819/1819/1819 1818/1818/1818
f 1821/1821/1821 1820/1820/1820 1818/1818/1818
f 1821/1821/1821 1818/1818/1818 1822/1822/1822
f 1823/1823/1823 1821/1821/1821 1822/1822/1822
f 1826/1826/1826 1825/1825/1825 1824/1824/1824
f 1827/1827/1827 1826/1826/1826 1824/1824/1824
f 1827/1827/1827 1824/1824/1824 1828/1828/1828
f 1829/1829/1829 1827/1827/1827 1828/1828/1828
f 1829/1829/1829 1828/1828/1828 1830/1830/1830
f 1831/1831/1831 1829/1829/1829 1830/1830/1830
f 1831/1831/1831 1830/1830/1830 1832/1832/1832
f 1833/1833/1833 1831/1831/1831 1832/1832/1832
f 1833/1833/1833 1832/1832/1832 1834/1834/1834
f 1835/1835/1835 1833/1833/1833 1834/1834/1834
f 1835/1835/1835 1834/1834/1834 1836/1836/1836
f 1837/1837/1837 1835/1835/1835 1836/1836/1836
f 1837/1837/1837 1836/1836/1836 1838/1838/1838
f 1839/1839/1839 1837/1837/1837 1838/1838/1838
f 1839/1839/1839 1838/1838/1838 1840/1840/1840
f 1841/1841/1841 1839/1839/1839 1840/1840/1840
f 1841/1841/1841 1840/1840/1840 1842/1842/1842
f 1843/1843/1843 1841/1841/1841 1842/1842/1842
f 1843/1843/1843 1842/1842/1842 1844/1844/1844
f 1845/1845/1845 1843/1843/1843 1844/1844/1844
f 1845/1845/1845 1844/1844/1844 1846/1846/1846
f 1847/1847/1847 1845/1845/1845 1846/1846/1846
f 1847/1847/1847 1846/1846/1846 1848/1848/1848
f 1849/1849/1849 1847/1847/1847 1848/1848/1848
f 1852/1852/1852 1851/1851/1851 1850/1850/1850
f 1853/1853/1853 1852/1852/1852 1850/1850/1850
f 1854/1854/1854 1853/1853/1853 1850/1850/1850
f 1855/1855/1855 1854/1854/1854 1850/1850/1850
f 1856/1856/1856 1854/1854/1854 1855/1855/1855
f 1857/1857/1857 1856/1856/1856 1855/1855/1855
f 1858/1858/1858 1856/1856/1856 1857/1857/1857
f 1859/1859/1859 1858/1858/1858 1857/1857/1857
f 1860/1860/1860 1858/1858/1858 1859/1859/1859
f 1861/1861/1861 1860/1860/1860 1859/1859/1859
f 1862/1862/1862 1860/1860/1860 1861/1861/1861
f 1863/1863/1863 1862/1862/1862 1861/1861/1861
f 1866/1866/1866 1865/1865/1865 1864/1864/1864
f 1867/1867/1867 1866/1866/1866 1864/1864/1864
f 1868/1868/1868 1866/1866/1866 1867/1867/1867
f 1869/1869/1869 1868/1868/1868 1867/1867/1867
f 1870/1870/1870 1868/1868/1868 1869/1869/1869
f 1871/1871/1871 1870/1870/1870 1869/1869/1869
f 1872/1872/1872 1870/1870/1870 1871/1871/1871
f 1873/1873/1873 1872/1872/1872 1871/1871/1871
f 1874/1874/1874 1872/1872/1872 1873/1873/1873
f 1875/1875/1875 1874/1874/1874 1873/1873/1873
f 1876/1876/1876 1874/1874/1874 1875/1875/1875
f 1877/1877/1877 1876/1876/1876 1875/1875/1875
f 1880/1880/1880 1879/1879/1879 1878/1878/1878
f 1881/1881/1881 1880/1880/1880 1878/1878/1878
f 1884/1884/1884 1883/1883/1883 1882/1882/1882
f 1885/1885/1885 1884/1884/1884 1882/1882/1882
f 1885/1885/1885 1882/1882/1882 1886/1886/1886
f 1887/1887/1887 1885/1885/1885 1886/1886/1886
f 1887/1887/1887 1886/1886/1886 1888/1888/1888
f 1889/1889/1889 1887/1887/1887 1888/1888/1888
f 1892/1892/1892 1891/1891/1891 1890/1890/1890
f 1893/1893/1893 1892/1892/1892 1890/1890/1890
f 1894/1894/1894 1892/1892/1892 1893/1893/1893
f 1895/1895/1895 1894/1894/1894 1893/1893/1893
f 677/677/677 1896/1896/1896 669/669/669
f 668/668/668 677/677/677 669/669/669
f 1899/1899/1899 1898/1898/1898 1897/1897/1897
f 1900/1900/1900 1899/1899/1899 1897/1897/1897
f 723/723/723 1902/1902/1902 1901/1901/1901
f 723/723/723 724/724/724 1902/1902/1902
f 1905/1905/1905 1904/1904/1904 1903/1903/1903
f 1906/1906/1906 1905/1905/1905 1903/1903/1903
f 1909/1909/1909 1908/1908/1908 1907/1907/1907
f 1910/1910/1910 1909/1909/1909 1907/1907/1907
f 1913/1913/1913 1912/1912/1912 1911/1911/1911
f 1914/1914/1914 1913/1913/1913 1911/1911/1911
f 1914/1914/1914 1911/1911/1911 1915/1915/1915
f 1916/1916/1916 1914/1914/1914 1915/1915/1915
f 1917/1917/1917 1914/1914/1914 1916/1916/1916
f 1918/1918/1918 1917/1917/1917 1916/1916/1916
f 1921/1921/1921 1920/1920/1920 1919/1919/1919
f 1922/1922/1922 1921/1921/1921 1919/1919/1919
f 1922/1922/1922 1919/1919/1919 1923/1923/1923
f 1924/1924/1924 1922/1922/1922 1923/1923/1923
f 1925/1925/1925 1921/1921/1921 1922/1922/1922
f 1926/1926/1926 1925/1925/1925 1922/1922/1922
f 1929/1929/1929 1928/1928/1928 1927/1927/1927
f 1930/1930/1930 1929/1929/1929 1927/1927/1927
f 1933/1933/1933 1932/1932/1932 1931/1931/1931
f 1934/1934/1934 1933/1933/1933 1931/1931/1931
f 1937/1937/1937 1936/1936/1936 1935/1935/1935
f 1936/1936/1936 1938/1938/1938 1935/1935/1935
f 1935/1935/1935 1938/1938/1938 1939/1939/1939
f 1936/1936/1936 1940/1940/1940 1938/1938/1938
f 1938/1938/1938 1941/1941/1941 1939/1939/1939
f 1939/1939/1939 1941/1941/1941 1942/1942/1942
f 1941/1941/1941 1943/1943/1943 1942/1942/1942
f 1940/1940/1940 1944/1944/1944 1938/1938/1938
f 1938/1938/1938 1944/1944/1944 1941/1941/1941
f 1940/1940/1940 1945/1945/1945 1944/1944/1944
f 1945/1945/1945 1946/1946/1946 1944/1944/1944
f 1941/1941/1941 1947/1947/1947 1943/1943/1943
f 1944/1944/1944 1947/1947/1947 1941/1941/1941
f 1944/1944/1944 1946/1946/1946 1947/1947/1947
f 1947/1947/1947 1948/1948/1948 1943/1943/1943
f 1947/1947/1947 1949/1949/1949 1948/1948/1948
f 1946/1946/1946 1949/1949/1949 1947/1947/1947
f 1949/1949/1949 1950/1950/1950 1948/1948/1948
f 1951/1951/1951 1949/1949/1949 1946/1946/1946
f 1952/1952/1952 1951/1951/1951 1946/1946/1946
f 1955/1955/1955 1954/1954/1954 1953/1953/1953
f 1956/1956/1956 1955/1955/1955 1953/1953/1953
f 1959/1959/1959 1958/1958/1958 1957/1957/1957
f 1960/1960/1960 1959/1959/1959 1957/1957/1957
f 1963/1963/1963 1962/1962/1962 1961/1961/1961
f 1964/1964/1964 1963/1963/1963 1961/1961/1961
f 1967/1967/1967 1966/1966/1966 1965/1965/1965
f 1968/1968/1968 1967/1967/1967 1965/1965/1965
f 1968/1968/1968 1965/1965/1965 1969/1969/1969
f 1970/1970/1970 1967/1967/1967 1968/1968/1968
f 1971/1971/1971 1968/1968/1968 1969/1969/1969
f 1972/1972/1972 1970/1970/1970 1968/1968/1968
f 1972/1972/1972 1968/1968/1968 1971/1971/1971
f 1973/1973/1973 1970/1970/1970 1972/1972/1972
f 1974/1974/1974 1972/1972/1972 1971/1971/1971
f 1975/1975/1975 1973/1973/1973 1972/1972/1972
f 1975/1975/1975 1972/1972/1972 1974/1974/1974
f 1976/1976/1976 1975/1975/1975 1974/1974/1974
f 1979/1979/1979 1978/1978/1978 1977/1977/1977
f 1980/1980/1980 1979/1979/1979 1977/1977/1977
f 1979/1979/1979 1981/1981/1981 1978/1978/1978
f 1980/1980/1980 1977/1977/1977 1982/1982/1982
f 1981/1981/1981 1983/1983/1983 1978/1978/1978
f 1984/1984/1984 1980/1980/1980 1982/1982/1982
f 1981/1981/1981 1985/1985/1985 1983/1983/1983
f 1984/1984/1984 1982/1982/1982 1986/1986/1986
f 1985/1985/1985 1987/1987/1987 1983/1983/1983
f 1988/1988/1988 1984/1984/1984 1986/1986/1986
f 1985/1985/1985 1989/1989/1989 1987/1987/1987
f 1988/1988/1988 1986/1986/1986 1990/1990/1990
f 1989/1989/1989 1991/1991/1991 1987/1987/1987
f 1992/1992/1992 1988/1988/1988 1990/1990/1990
f 1989/1989/1989 1993/1993/1993 1991/1991/1991
f 1992/1992/1992 1990/1990/1990 1994/1994/1994
f 1993/1993/1993 1995/1995/1995 1991/1991/1991
f 1996/1996/1996 1992/1992/1992 1994/1994/1994
f 1993/1993/1993 1997/1997/1997 1995/1995/1995
f 1996/1996/1996 1994/1994/1994 1998/1998/1998
f 1997/1997/1997 1999/1999/1999 1995/1995/1995
f 2000/2000/2000 1996/1996/1996 1998/1998/1998
f 1997/1997/1997 2001/2001/2001 1999/1999/1999
f 2000/2000/2000 1998/1998/1998 2002/2002/2002
f 2001/2001/2001 2003/2003/2003 1999/1999/1999
f 2004/2004/2004 2000/2000/2000 2002/2002/2002
f 2004/2004/2004 2002/2002/2002 2003/2003/2003
f 2001/2001/2001 2004/2004/2004 2003/2003/2003
f 2007/2007/2007 2006/2006/2006 2005/2005/2005
f 2006/2006/2006 2008/2008/2008 2005/2005/2005
f 2009/2009/2009 2006/2006/2006 2007/2007/2007
f 2005/2005/2005 2008/2008/2008 2010/2010/2010
f 2011/2011/2011 2009/2009/2009 2007/2007/2007
f 2008/2008/2008 2012/2012/2012 2010/2010/2010
f 2013/2013/2013 2009/2009/2009 2011/2011/2011
f 2010/2010/2010 2012/2012/2012 2014/2014/2014
f 2015/2015/2015 2013/2013/2013 2011/2011/2011
f 2012/2012/2012 2016/2016/2016 2014/2014/2014
f 2017/2017/2017 2013/2013/2013 2015/2015/2015
f 2014/2014/2014 2016/2016/2016 2018/2018/2018
f 2019/2019/2019 2017/2017/2017 2015/2015/2015
f 2016/2016/2016 2020/2020/2020 2018/2018/2018
f 2021/2021/2021 2017/2017/2017 2019/2019/2019
f 2018/2018/2018 2020/2020/2020 2022/2022/2022
f 2023/2023/2023 2021/2021/2021 2019/2019/2019
f 2020/2020/2020 2024/2024/2024 2022/2022/2022
f 2025/2025/2025 2021/2021/2021 2023/2023/2023
f 2022/2022/2022 2024/2024/2024 2026/2026/2026
f 2027/2027/2027 2025/2025/2025 2023/2023/2023
f 2024/2024/2024 2028/2028/2028 2026/2026/2026
f 2029/2029/2029 2025/2025/2025 2027/2027/2027
f 2026/2026/2026 2028/2028/2028 2030/2030/2030
f 2031/2031/2031 2029/2029/2029 2027/2027/2027
f 2028/2028/2028 2032/2032/2032 2030/2030/2030
f 2032/2032/2032 2029/2029/2029 2031/2031/2031
f 2030/2030/2030 2032/2032/2032 2031/2031/2031
g Body_2
f 2035/2035/2035 2034/2034/2034 2033/2033/2033
f 2036/2036/2036 2035/2035/2035 2033/2033/2033
f 2036/2036/2036 2033/2033/2033 2037/2037/2037
f 2038/2038/2038 2036/2036/2036 2037/2037/2037
f 2038/2038/2038 2037/2037/2037 2039/2039/2039
f 2040/2040/2040 2038/2038/2038 2039/2039/2039
f 2040/2040/2040 2039/2039/2039 2041/2041/2041
f 2042/2042/2042 2040/2040/2040 2041/2041/2041
f 2042/2042/2042 2041/2041/2041 2043/2043/2043
f 2044/2044/2044 2042/2042/2042 2043/2043/2043
f 2044/2044/2044 2043/2043/2043 2045/2045/2045
f 2046/2046/2046 2044/2044/2044 2045/2045/2045
f 2046/2046/2046 2045/2045/2045 2047/2047/2047
f 2048/2048/2048 2046/2046/2046 2047/2047/2047
f 2051/2051/2051 2050/2050/2050 2049/2049/2049
f 2050/2050/2050 2052/2052/2052 2049/2049/2049
f 2050/2050/2050 2053/2053/2053 2052/2052/2052
f 2053/2053/2053 2054/2054/2054 2052/2052/2052
f 2053/2053/2053 2055/2055/2055 2054/2054/2054
f 2055/2055/2055 2056/2056/2056 2054/2054/2054
f 2055/2055/2055 2057/2057/2057 2056/2056/2056
f 2057/2057/2057 2058/2058/2058 2056/2056/2056
f 2057/2057/2057 2059/2059/2059 2058/2058/2058
f 2059/2059/2059 2060/2060/2060 2058/2058/2058
f 2063/2063/2063 2062/2062/2062 2061/2061/2061
f 2062/2062/2062 2064/2064/2064 2061/2061/2061
f 2062/2062/2062 2065/2065/2065 2064/2064/2064
f 2065/2065/2065 2066/2066/2066 2064/2064/2064
f 2065/2065/2065 2067/2067/2067 2066/2066/2066
f 2067/2067/2067 2068/2068/2068 2066/2066/2066
f 2067/2067/2067 2069/2069/2069 2068/2068/2068
f 2069/2069/2069 2070/2070/2070 2068/2068/2068
f 2069/2069/2069 2071/2071/2071 2070/2070/2070
f 2071/2071/2071 2072/2072/2072 2070/2070/2070
f 2071/2071/2071 2073/2073/2073 2072/2072/2072
f 2073/2073/2073 2074/2074/2074 2072/2072/2072
f 2077/2077/2077 2076/2076/2076 2075/2075/2075
f 2076/2076/2076 2078/2078/2078 2075/2075/2075
f 2076/2076/2076 2079/2079/2079 2078/2078/2078
f 2079/2079/2079 2080/2080/2080 2078/2078/2078
f 2079/2079/2079 2081/2081/2081 2080/2080/2080
f 2081/2081/2081 2082/2082/2082 2080/2080/2080
f 2081/2081/2081 2083/2083/2083 2082/2082/2082
f 2083/2083/2083 2084/2084/2084 2082/2082/2082
f 2083/2083/2083 2085/2085/2085 2084/2084/2084
f 2085/2085/2085 2086/2086/2086 2084/2084/2084
f 2085/2085/2085 2087/2087/2087 2086/2086/2086
f 2087/2087/2087 2088/2088/2088 2086/2086/2086
f 2087/2087/2087 2089/2089/2089 2088/2088/2088
f 2089/2089/2089 2090/2090/2090 2088/2088/2088
f 2093/2093/2093 2092/2092/2092 2091/2091/2091
f 2091/2091/2091 2094/2094/2094 2093/2093/2093
f 2094/2094/2094 2095/2095/2095 2093/2093/2093
f 2094/2094/2094 2096/2096/2096 2095/2095/2095
f 2096/2096/2096 2097/2097/2097 2095/2095/2095
f 2096/2096/2096 2098/2098/2098 2097/2097/2097
f 2098/2098/2098 2099/2099/2099 2097/2097/2097
f 2098/2098/2098 2100/2100/2100 2099/2099/2099
f 2100/2100/2100 2101/2101/2101 2099/2099/2099
f 2100/2100/2100 2102/2102/2102 2101/2101/2101
f 2102/2102/2102 2103/2103/2103 2101/2101/2101
f 2102/2102/2102 2104/2104/2104 2103/2103/2103
f 2104/2104/2104 2105/2105/2105 2103/2103/2103
f 2104/2104/2104 2106/2106/2106 2105/2105/2105
f 2106/2106/2106 2107/2107/2107 2105/2105/2105
f 2106/2106/2106 2108/2108/2108 2107/2107/2107
f 2108/2108/2108 2109/2109/2109 2107/2107/2107
f 2108/2108/2108 2110/2110/2110 2109/2109/2109
f 2110/2110/2110 2111/2111/2111 2109/2109/2109
f 2110/2110/2110 2112/2112/2112 2111/2111/2111
f 2112/2112/2112 2113/2113/2113 2111/2111/2111
f 2112/2112/2112 2114/2114/2114 2113/2113/2113
f 2114/2114/2114 2115/2115/2115 2113/2113/2113
f 2118/2118/2118 2117/2117/2117 2116/2116/2116
f 2116/2116/2116 2119/2119/2119 2118/2118/2118
f 2116/2116/2116 2120/2120/2120 2119/2119/2119
f 2120/2120/2120 2121/2121/2121 2119/2119/2119
f 2120/2120/2120 2122/2122/2122 2121/2121/2121
f 2122/2122/2122 2123/2123/2123 2121/2121/2121
f 2122/2122/2122 2124/2124/2124 2123/2123/2123
f 2124/2124/2124 2125/2125/2125 2123/2123/2123
f 2124/2124/2124 2126/2126/2126 2125/2125/2125
f 2126/2126/2126 2127/2127/2127 2125/2125/2125
f 2126/2126/2126 2128/2128/2128 2127/2127/2127
f 2128/2128/2128 2129/2129/2129 2127/2127/2127
f 2128/2128/2128 2130/2130/2130 2129/2129/2129
f 2130/2130/2130 2131/2131/2131 2129/2129/2129
f 2130/2130/2130 2132/2132/2132 2131/2131/2131
f 2132/2132/2132 2133/2133/2133 2131/2131/2131
f 2132/2132/2132 2134/2134/2134 2133/2133/2133
f 2134/2134/2134 2135/2135/2135 2133/2133/2133
f 2134/2134/2134 2136/2136/2136 2135/2135/2135
f 2136/2136/2136 2137/2137/2137 2135/2135/2135
f 2136/2136/2136 2138/2138/2138 2137/2137/2137
f 2138/2138/2138 2139/2139/2139 2137/2137/2137
f 2138/2138/2138 2140/2140/2140 2139/2139/2139
f 2143/2143/2143 2142/2142/2142 2141/2141/2141
f 2144/2144/2144 2143/2143/2143 2141/2141/2141
f 2144/2144/2144 2141/2141/2141 2145/2145/2145
f 2146/2146/2146 2144/2144/2144 2145/2145/2145
f 2146/2146/2146 2145/2145/2145 2147/2147/2147
f 2148/2148/2148 2146/2146/2146 2147/2147/2147
f 2148/2148/2148 2147/2147/2147 2149/2149/2149
f 2150/2150/2150 2148/2148/2148 2149/2149/2149
f 2150/2150/2150 2149/2149/2149 2151/2151/2151
f 2152/2152/2152 2150/2150/2150 2151/2151/2151
f 2152/2152/2152 2151/2151/2151 2153/2153/2153
f 2154/2154/2154 2152/2152/2152 2153/2153/2153
f 2154/2154/2154 2153/2153/2153 2155/2155/2155
f 2156/2156/2156 2154/2154/2154 2155/2155/2155
f 2159/2159/2159 2158/2158/2158 2157/2157/2157
f 2158/2158/2158 2160/2160/2160 2157/2157/2157
f 2158/2158/2158 2161/2161/2161 2160/2160/2160
f 2161/2161/2161 2162/2162/2162 2160/2160/2160
f 2161/2161/2161 2163/2163/2163 2162/2162/2162
f 2163/2163/2163 2164/2164/2164 2162/2162/2162
f 2163/2163/2163 2165/2165/2165 2164/2164/2164
f 2165/2165/2165 2166/2166/2166 2164/2164/2164
f 2165/2165/2165 2167/2167/2167 2166/2166/2166
f 2167/2167/2167 2168/2168/2168 2166/2166/2166
f 2171/2171/2171 2170/2170/2170 2169/2169/2169
f 2170/2170/2170 2172/2172/2172 2169/2169/2169
f 2170/2170/2170 2173/2173/2173 2172/2172/2172
f 2173/2173/2173 2174/2174/2174 2172/2172/2172
f 2173/2173/2173 2175/2175/2175 2174/2174/2174
f 2175/2175/2175 2176/2176/2176 2174/2174/2174
f 2175/2175/2175 2177/2177/2177 2176/2176/2176
f 2177/2177/2177 2178/2178/2178 2176/2176/2176
f 2177/2177/2177 2179/2179/2179 2178/2178/2178
f 2179/2179/2179 2180/2180/2180 2178/2178/2178
f 2179/2179/2179 2181/2181/2181 2180/2180/2180
f 2181/2181/2181 2182/2182/2182 2180/2180/2180
f 2185/2185/2185 2184/2184/2184 2183/2183/2183
f 2184/2184/2184 2186/2186/2186 2183/2183/2183
f 2184/2184/2184 2187/2187/2187 2186/2186/2186
f 2187/2187/2187 2188/2188/2188 2186/2186/2186
f 2187/2187/2187 2189/2189/2189 2188/2188/2188
f 2189/2189/2189 2190/2190/2190 2188/2188/2188
f 2189/2189/2189 2191/2191/2191 2190/2190/2190
f 2191/2191/2191 2192/2192/2192 2190/2190/2190
f 2191/2191/2191 2193/2193/2193 2192/2192/2192
f 2193/2193/2193 2194/2194/2194 2192/2192/2192
f 2193/2193/2193 2195/2195/2195 2194/2194/2194
f 2195/2195/2195 2196/2196/2196 2194/2194/2194
f 2195/2195/2195 2197/2197/2197 2196/2196/2196
f 2197/2197/2197 2198/2198/2198 2196/2196/2196
f 2201/2201/2201 2200/2200/2200 2199/2199/2199
f 2199/2199/2199 2202/2202/2202 2201/2201/2201
f 2199/2199/2199 2203/2203/2203 2202/2202/2202
f 2203/2203/2203 2204/2204/2204 2202/2202/2202
f 2203/2203/2203 2205/2205/2205 2204/2204/2204
f 2205/2205/2205 2206/2206/2206 2204/2204/2204
f 2205/2205/2205 2207/2207/2207 2206/2206/2206
f 2207/2207/2207 2208/2208/2208 2206/2206/2206
f 2207/2207/2207 2209/2209/2209 2208/2208/2208
f 2209/2209/2209 2210/2210/2210 2208/2208/2208
f 2209/2209/2209 2211/2211/2211 2210/2210/2210
f 2211/2211/2211 2212/2212/2212 2210/2210/2210
f 2211/2211/2211 2213/2213/2213 2212/2212/2212
f 2213/2213/2213 2214/2214/2214 2212/2212/2212
f 2213/2213/2213 2215/2215/2215 2214/2214/2214
f 2215/2215/2215 2216/2216/2216 2214/2214/2214
f 2215/2215/2215 2217/2217/2217 2216/2216/2216
f 2217/2217/2217 2218/2218/2218 2216/2216/2216
f 2217/2217/2217 2219/2219/2219 2218/2218/2218
f 2219/2219/2219 2220/2220/2220 2218/2218/2218
f 2219/2219/2219 2221/2221/2221 2220/2220/2220
f 2221/2221/2221 2222/2222/2222 2220/2220/2220
f 2221/2221/2221 2223/2223/2223 2222/2222/2222
f 2226/2226/2226 2225/2225/2225 2224/2224/2224
f 2224/2224/2224 2227/2227/2227 2226/2226/2226
f 2227/2227/2227 2228/2228/2228 2226/2226/2226
f 2227/2227/2227 2229/2229/2229 2228/2228/2228
f 2229/2229/2229 2230/2230/2230 2228/2228/2228
f 2229/2229/2229 2231/2231/2231 2230/2230/2230
f 2231/2231/2231 2232/2232/2232 2230/2230/2230
f 2231/2231/2231 2233/2233/2233 2232/2232/2232
f 2233/2233/2233 2234/2234/2234 2232/2232/2232
f 2233/2233/2233 2235/2235/2235 2234/2234/2234
f 2235/2235/2235 2236/2236/2236 2234/2234/2234
f 2235/2235/2235 2237/2237/2237 2236/2236/2236
f 2237/2237/2237 2238/2238/2238 2236/2236/2236
f 2237/2237/2237 2239/2239/2239 2238/2238/2238
f 2239/2239/2239 2240/2240/2240 2238/2238/2238
f 2239/2239/2239 2241/2241/2241 2240/2240/2240
f 2241/2241/2241 2242/2242/2242 2240/2240/2240
f 2241/2241/2241 2243/2243/2243 2242/2242/2242
f 2243/2243/2243 2244/2244/2244 2242/2242/2242
f 2243/2243/2243 2245/2245/2245 2244/2244/2244
f 2245/2245/2245 2246/2246/2246 2244/2244/2244
f 2245/2245/2245 2247/2247/2247 2246/2246/2246
f 2247/2247/2247 2248/2248/2248 2246/2246/2246
f 2251/2251/2251 2250/2250/2250 2249/2249/2249
f 2252/2252/2252 2251/2251/2251 2249/2249/2249
f 2255/2255/2255 2254/2254/2254 2253/2253/2253
f 2254/2254/2254 2255/2255/2255 2256/2256/2256
f 2257/2257/2257 2254/2254/2254 2256/2256/2256
f 2258/2258/2258 2257/2257/2257 2256/2256/2256
f 2259/2259/2259 2258/2258/2258 2256/2256/2256
f 2260/2260/2260 2259/2259/2259 2256/2256/2256
f 2261/2261/2261 2260/2260/2260 2256/2256/2256
f 2262/2262/2262 2261/2261/2261 2256/2256/2256
f 2263/2263/2263 2262/2262/2262 2256/2256/2256
f 2264/2264/2264 2263/2263/2263 2256/2256/2256
f 2264/2264/2264 2256/2256/2256 2265/2265/2265
f 2265/2265/2265 2266/2266/2266 2264/2264/2264
f 2269/2269/2269 2268/2268/2268 2267/2267/2267
f 2268/2268/2268 2270/2270/2270 2267/2267/2267
f 2267/2267/2267 2270/2270/2270 2271/2271/2271
f 2270/2270/2270 2272/2272/2272 2271/2271/2271
f 2275/2275/2275 2274/2274/2274 2273/2273/2273
f 2276/2276/2276 2275/2275/2275 2273/2273/2273
f 2276/2276/2276 2273/2273/2273 2277/2277/2277
f 2273/2273/2273 2278/2278/2278 2277/2277/2277
f 2278/2278/2278 2279/2279/2279 2277/2277/2277
f 2280/2280/2280 2276/2276/2276 2277/2277/2277
f 2280/2280/2280 2277/2277/2277 2281/2281/2281
f 2282/2282/2282 2280/2280/2280 2281/2281/2281
f 2283/2283/2283 2280/2280/2280 2282/2282/2282
f 2284/2284/2284 2283/2283/2283 2282/2282/2282
f 2285/2285/2285 2276/2276/2276 2280/2280/2280
f 2283/2283/2283 2285/2285/2285 2280/2280/2280
f 2286/2286/2286 2283/2283/2283 2284/2284/2284
f 2287/2287/2287 2286/2286/2286 2284/2284/2284
f 2286/2286/2286 2288/2288/2288 2283/2283/2283
f 2288/2288/2288 2285/2285/2285 2283/2283/2283
f 2288/2288/2288 2289/2289/2289 2285/2285/2285
f 2289/2289/2289 2290/2290/2290 2285/2285/2285
f 2285/2285/2285 2290/2290/2290 2276/2276/2276
f 2290/2290/2290 2275/2275/2275 2276/2276/2276
f 2290/2290/2290 2291/2291/2291 2275/2275/2275
f 2291/2291/2291 2292/2292/2292 2275/2275/2275
f 2291/2291/2291 2293/2293/2293 2292/2292/2292
f 2293/2293/2293 2294/2294/2294 2292/2292/2292
f 2293/2293/2293 2295/2295/2295 2294/2294/2294
f 2295/2295/2295 2296/2296/2296 2294/2294/2294
f 2299/2299/2299 2298/2298/2298 2297/2297/2297
f 2300/2300/2300 2299/2299/2299 2297/2297/2297
f 2300/2300/2300 2297/2297/2297 2301/2301/2301
f 2302/2302/2302 2300/2300/2300 2301/2301/2301
f 2303/2303/2303 2299/2299/2299 2300/2300/2300
f 2304/2304/2304 2303/2303/2303 2300/2300/2300
f 2300/2300/2300 2305/2305/2305 2304/2304/2304
f 2306/2306/2306 2303/2303/2303 2304/2304/2304
f 2307/2307/2307 2306/2306/2306 2304/2304/2304
f 2305/2305/2305 2308/2308/2308 2304/2304/2304
f 2307/2307/2307 2304/2304/2304 2309/2309/2309
f 2310/2310/2310 2307/2307/2307 2309/2309/2309
f 2312/2312/2312 2311/2311/2311 2305/2305/2305
f 2312/2312/2312 2311/2311/2311 2313/2313/2313
f 2311/2311/2311 2312/2312/2312 2314/2314/2314
f 2305/2305/2305 2311/2311/2311 2315/2315/2315
f 2311/2311/2311 2313/2313/2313 2315/2315/2315
f 2315/2315/2315 2313/2313/2313 2316/2316/2316
f 2311/2311/2311 2314/2314/2314 2317/2317/2317
f 2313/2313/2313 2311/2311/2311 2317/2317/2317
f 2313/2313/2313 2317/2317/2317 2318/2318/2318
f 2315/2315/2315 2316/2316/2316 2319/2319/2319
f 2315/2315/2315 2319/2319/2319 2320/2320/2320
f 2321/2321/2321 2315/2315/2315 2320/2320/2320
f 2316/2316/2316 2322/2322/2322 2319/2319/2319
f 2316/2316/2316 2323/2323/2323 2322/2322/2322
f 2323/2323/2323 2324/2324/2324 2322/2322/2322
f 2318/2318/2318 2317/2317/2317 2325/2325/2325
f 2325/2325/2325 2317/2317/2317 2326/2326/2326
f 2317/2317/2317 2327/2327/2327 2326/2326/2326
f 2328/2328/2328 2318/2318/2318 2325/2325/2325
f 2329/2329/2329 2318/2318/2318 2328/2328/2328
f 2330/2330/2330 2329/2329/2329 2328/2328/2328
f 2331/2331/2331 2323/2323/2323 2316/2316/2316
f 2332/2332/2332 2331/2331/2331 2316/2316/2316
f 2331/2331/2331 2333/2333/2333 2323/2323/2323
f 2333/2333/2333 2334/2334/2334 2323/2323/2323
f 2334/2334/2334 2333/2333/2333 2329/2329/2329
f 2323/2323/2323 2334/2334/2334 2335/2335/2335
f 2334/2334/2334 2329/2329/2329 2336/2336/2336
f 2337/2337/2337 2333/2333/2333 2331/2331/2331
f 2337/2337/2337 2333/2333/2333 2334/2334/2334
f 2333/2333/2333 2338/2338/2338 2329/2329/2329
f 2329/2329/2329 2338/2338/2338 2318/2318/2318
f 2333/2333/2333 2337/2337/2337 2338/2338/2338
f 2338/2338/2338 2339/2339/2339 2318/2318/2318
f 2334/2334/2334 2340/2340/2340 2335/2335/2335
f 2340/2340/2340 2334/2334/2334 2336/2336/2336
f 2340/2340/2340 2337/2337/2337 2334/2334/2334
f 2341/2341/2341 2337/2337/2337 2331/2331/2331
f 2340/2340/2340 2337/2337/2337 2341/2341/2341
f 2335/2335/2335 2340/2340/2340 2341/2341/2341
f 2337/2337/2337 2340/2340/2340 2342/2342/2342
f 2337/2337/2337 2342/2342/2342 2338/2338/2338
f 2340/2340/2340 2336/2336/2336 2342/2342/2342
f 2343/2343/2343 2341/2341/2341 2331/2331/2331
f 2344/2344/2344 2343/2343/2343 2331/2331/2331
f 2343/2343/2343 2345/2345/2345 2341/2341/2341
f 2342/2342/2342 2346/2346/2346 2338/2338/2338
f 2346/2346/2346 2347/2347/2347 2338/2338/2338
f 2348/2348/2348 2346/2346/2346 2342/2342/2342
f 2345/2345/2345 2349/2349/2349 2341/2341/2341
f 2341/2341/2341 2349/2349/2349 2335/2335/2335
f 2350/2350/2350 2349/2349/2349 2345/2345/2345
f 2349/2349/2349 2350/2350/2350 2335/2335/2335
f 2351/2351/2351 2350/2350/2350 2345/2345/2345
f 2350/2350/2350 2351/2351/2351 2352/2352/2352
f 2335/2335/2335 2350/2350/2350 2352/2352/2352
f 2353/2353/2353 2348/2348/2348 2342/2342/2342
f 2353/2353/2353 2342/2342/2342 2336/2336/2336
f 2353/2353/2353 2354/2354/2354 2348/2348/2348
f 2354/2354/2354 2353/2353/2353 2336/2336/2336
f 2354/2354/2354 2355/2355/2355 2348/2348/2348
f 2355/2355/2355 2354/2354/2354 2356/2356/2356
f 2354/2354/2354 2336/2336/2336 2356/2356/2356
f 2335/2335/2335 2358/2358/2358 2357/2357/2357
f 2359/2359/2359 2335/2335/2335 2357/2357/2357
f 2336/2336/2336 2361/2361/2361 2360/2360/2360
f 2362/2362/2362 2336/2336/2336 2360/2360/2360
f 2365/2365/2365 2364/2364/2364 2363/2363/2363
f 2366/2366/2366 2365/2365/2365 2363/2363/2363
f 2366/2366/2366 2363/2363/2363 2367/2367/2367
f 2368/2368/2368 2366/2366/2366 2367/2367/2367
f 2368/2368/2368 2367/2367/2367 2369/2369/2369
f 2370/2370/2370 2368/2368/2368 2369/2369/2369
f 2370/2370/2370 2369/2369/2369 2371/2371/2371
f 2372/2372/2372 2370/2370/2370 2371/2371/2371
f 2372/2372/2372 2371/2371/2371 2373/2373/2373
f 2374/2374/2374 2372/2372/2372 2373/2373/2373
f 2377/2377/2377 2376/2376/2376 2375/2375/2375
f 2376/2376/2376 2378/2378/2378 2375/2375/2375
f 2376/2376/2376 2379/2379/2379 2378/2378/2378
f 2379/2379/2379 2380/2380/2380 2378/2378/2378
f 2379/2379/2379 2381/2381/2381 2380/2380/2380
f 2381/2381/2381 2382/2382/2382 2380/2380/2380
f 2381/2381/2381 2383/2383/2383 2382/2382/2382
f 2383/2383/2383 2384/2384/2384 2382/2382/2382
f 2387/2387/2387 2386/2386/2386 2385/2385/2385
f 2386/2386/2386 2388/2388/2388 2385/2385/2385
f 2386/2386/2386 2389/2389/2389 2388/2388/2388
f 2389/2389/2389 2390/2390/2390 2388/2388/2388
f 2389/2389/2389 2391/2391/2391 2390/2390/2390
f 2391/2391/2391 2392/2392/2392 2390/2390/2390
f 2391/2391/2391 2393/2393/2393 2392/2392/2392
f 2393/2393/2393 2394/2394/2394 2392/2392/2392
f 2393/2393/2393 2395/2395/2395 2394/2394/2394
f 2395/2395/2395 2396/2396/2396 2394/2394/2394
f 2399/2399/2399 2398/2398/2398 2397/2397/2397
f 2400/2400/2400 2399/2399/2399 2397/2397/2397
f 2403/2403/2403 2402/2402/2402 2401/2401/2401
f 2404/2404/2404 2403/2403/2403 2401/2401/2401
f 2407/2407/2407 2406/2406/2406 2405/2405/2405
f 2408/2408/2408 2407/2407/2407 2405/2405/2405
f 2411/2411/2411 2410/2410/2410 2409/2409/2409
f 2412/2412/2412 2411/2411/2411 2409/2409/2409
f 2415/2415/2415 2414/2414/2414 2413/2413/2413
f 2413/2413/2413 2416/2416/2416 2415/2415/2415
f 2416/2416/2416 2417/2417/2417 2415/2415/2415
f 2416/2416/2416 2418/2418/2418 2417/2417/2417
f 2418/2418/2418 2419/2419/2419 2417/2417/2417
f 2418/2418/2418 2420/2420/2420 2419/2419/2419
f 2420/2420/2420 2421/2421/2421 2419/2419/2419
f 2420/2420/2420 2422/2422/2422 2421/2421/2421
f 2422/2422/2422 2423/2423/2423 2421/2421/2421
f 2422/2422/2422 2424/2424/2424 2423/2423/2423
f 2424/2424/2424 2425/2425/2425 2423/2423/2423
f 2424/2424/2424 2426/2426/2426 2425/2425/2425
f 2426/2426/2426 2427/2427/2427 2425/2425/2425
f 2426/2426/2426 2428/2428/2428 2427/2427/2427
f 2428/2428/2428 2429/2429/2429 2427/2427/2427
f 2428/2428/2428 2430/2430/2430 2429/2429/2429
f 2430/2430/2430 2431/2431/2431 2429/2429/2429
f 2430/2430/2430 2432/2432/2432 2431/2431/2431
f 2435/2435/2435 2434/2434/2434 2433/2433/2433
f 2433/2433/2433 2436/2436/2436 2435/2435/2435
f 2436/2436/2436 2437/2437/2437 2435/2435/2435
f 2436/2436/2436 2438/2438/2438 2437/2437/2437
f 2436/2436/2436 2439/2439/2439 2438/2438/2438
f 2439/2439/2439 2440/2440/2440 2438/2438/2438
f 2440/2440/2440 2441/2441/2441 2438/2438/2438
f 2440/2440/2440 2442/2442/2442 2441/2441/2441
f 2442/2442/2442 2443/2443/2443 2441/2441/2441
f 2442/2442/2442 2444/2444/2444 2443/2443/2443
f 2442/2442/2442 2445/2445/2445 2444/2444/2444
f 2445/2445/2445 2446/2446/2446 2444/2444/2444
f 2445/2445/2445 2447/2447/2447 2446/2446/2446
f 2447/2447/2447 2448/2448/2448 2446/2446/2446
f 2447/2447/2447 2449/2449/2449 2448/2448/2448
f 2449/2449/2449 2450/2450/2450 2448/2448/2448
f 2450/2450/2450 2451/2451/2451 2448/2448/2448
f 2450/2450/2450 2452/2452/2452 2451/2451/2451
f 2455/2455/2455 2454/2454/2454 2453/2453/2453
f 2454/2454/2454 2456/2456/2456 2453/2453/2453
f 2453/2453/2453 2456/2456/2456 2457/2457/2457
f 2456/2456/2456 2458/2458/2458 2457/2457/2457
f 2461/2461/2461 2460/2460/2460 2459/2459/2459
f 2460/2460/2460 2462/2462/2462 2459/2459/2459
f 2459/2459/2459 2462/2462/2462 2463/2463/2463
f 2462/2462/2462 2464/2464/2464 2463/2463/2463
f 2467/2467/2467 2466/2466/2466 2465/2465/2465
f 2466/2466/2466 2468/2468/2468 2465/2465/2465
f 2465/2465/2465 2468/2468/2468 2469/2469/2469
f 2468/2468/2468 2470/2470/2470 2469/2469/2469
f 2473/2473/2473 2472/2472/2472 2471/2471/2471
f 2472/2472/2472 2474/2474/2474 2471/2471/2471
f 2471/2471/2471 2474/2474/2474 2475/2475/2475
f 2474/2474/2474 2476/2476/2476 2475/2475/2475
f 2479/2479/2479 2478/2478/2478 2477/2477/2477
f 2480/2480/2480 2479/2479/2479 2477/2477/2477
f 2480/2480/2480 2477/2477/2477 2481/2481/2481
f 2482/2482/2482 2480/2480/2480 2481/2481/2481
f 2485/2485/2485 2484/2484/2484 2483/2483/2483
f 2484/2484/2484 2305/2305/2305 2483/2483/2483
f 2487/2487/2487 2486/2486/2486 2305/2305/2305
f 2486/2486/2486 2488/2488/2488 2305/2305/2305
f 2486/2486/2486 2489/2489/2489 2488/2488/2488
f 2489/2489/2489 2490/2490/2490 2488/2488/2488
f 2488/2488/2488 2312/2312/2312 2305/2305/2305
f 2491/2491/2491 2312/2312/2312 2488/2488/2488
f 2316/2316/2316 2491/2491/2491 2488/2488/2488
f 2313/2313/2313 2491/2491/2491 2316/2316/2316
f 2491/2491/2491 2312/2312/2312 2313/2313/2313
f 2491/2491/2491 2313/2313/2313 2318/2318/2318
f 2491/2491/2491 2318/2318/2318 2492/2492/2492
f 2312/2312/2312 2491/2491/2491 2492/2492/2492
f 2312/2312/2312 2492/2492/2492 2314/2314/2314
f 2492/2492/2492 2493/2493/2493 2314/2314/2314
f 2493/2493/2493 2494/2494/2494 2314/2314/2314
f 2495/2495/2495 2493/2493/2493 2492/2492/2492
f 2496/2496/2496 2495/2495/2495 2492/2492/2492
f 2498/2498/2498 2314/2314/2314 2497/2497/2497
f 2314/2314/2314 2499/2499/2499 2497/2497/2497
f 2500/2500/2500 2497/2497/2497 2499/2499/2499
f 2500/2500/2500 2501/2501/2501 2497/2497/2497
f 2501/2501/2501 2502/2502/2502 2497/2497/2497
f 2497/2497/2497 2502/2502/2502 2503/2503/2503
f 2502/2502/2502 2504/2504/2504 2503/2503/2503
f 2505/2505/2505 2500/2500/2500 2499/2499/2499
f 2505/2505/2505 2499/2499/2499 2506/2506/2506
f 2507/2507/2507 2505/2505/2505 2506/2506/2506
f 2506/2506/2506 2499/2499/2499 2508/2508/2508
f 2499/2499/2499 2509/2509/2509 2508/2508/2508
f 2314/2314/2314 2511/2511/2511 2510/2510/2510
f 2511/2511/2511 2512/2512/2512 2510/2510/2510
f 2515/2515/2515 2514/2514/2514 2513/2513/2513
f 2516/2516/2516 2515/2515/2515 2513/2513/2513
f 2519/2519/2519 2518/2518/2518 2517/2517/2517
f 2517/2517/2517 2520/2520/2520 2519/2519/2519
f 2520/2520/2520 2521/2521/2521 2519/2519/2519
f 2520/2520/2520 2522/2522/2522 2521/2521/2521
f 2520/2520/2520 2523/2523/2523 2522/2522/2522
f 2520/2520/2520 2524/2524/2524 2523/2523/2523
f 2520/2520/2520 2525/2525/2525 2524/2524/2524
f 2520/2520/2520 2526/2526/2526 2525/2525/2525
f 2520/2520/2520 2527/2527/2527 2526/2526/2526
f 2520/2520/2520 2528/2528/2528 2527/2527/2527
f 2520/2520/2520 2529/2529/2529 2528/2528/2528
f 2528/2528/2528 2529/2529/2529 2530/2530/2530
f 2533/2533/2533 2532/2532/2532 2531/2531/2531
f 2534/2534/2534 2533/2533/2533 2531/2531/2531
f 2534/2534/2534 2531/2531/2531 2535/2535/2535
f 2536/2536/2536 2534/2534/2534 2535/2535/2535
f 2539/2539/2539 2538/2538/2538 2537/2537/2537
f 2538/2538/2538 2540/2540/2540 2537/2537/2537
f 2537/2537/2537 2540/2540/2540 2541/2541/2541
f 2542/2542/2542 2537/2537/2537 2541/2541/2541
f 2543/2543/2543 2542/2542/2542 2541/2541/2541
f 2540/2540/2540 2544/2544/2544 2541/2541/2541
f 2541/2541/2541 2544/2544/2544 2545/2545/2545
f 2544/2544/2544 2546/2546/2546 2545/2545/2545
f 2544/2544/2544 2547/2547/2547 2546/2546/2546
f 2547/2547/2547 2548/2548/2548 2546/2546/2546
f 2540/2540/2540 2549/2549/2549 2544/2544/2544
f 2549/2549/2549 2547/2547/2547 2544/2544/2544
f 2547/2547/2547 2550/2550/2550 2548/2548/2548
f 2550/2550/2550 2551/2551/2551 2548/2548/2548
f 2552/2552/2552 2550/2550/2550 2547/2547/2547
f 2549/2549/2549 2552/2552/2552 2547/2547/2547
f 2553/2553/2553 2552/2552/2552 2549/2549/2549
f 2554/2554/2554 2553/2553/2553 2549/2549/2549
f 2554/2554/2554 2549/2549/2549 2540/2540/2540
f 2538/2538/2538 2554/2554/2554 2540/2540/2540
f 2555/2555/2555 2554/2554/2554 2538/2538/2538
f 2556/2556/2556 2555/2555/2555 2538/2538/2538
f 2557/2557/2557 2555/2555/2555 2556/2556/2556
f 2558/2558/2558 2557/2557/2557 2556/2556/2556
f 2559/2559/2559 2557/2557/2557 2558/2558/2558
f 2560/2560/2560 2559/2559/2559 2558/2558/2558
f 2563/2563/2563 2562/2562/2562 2561/2561/2561
f 2562/2562/2562 2564/2564/2564 2561/2561/2561
f 2561/2561/2561 2564/2564/2564 2565/2565/2565
f 2564/2564/2564 2566/2566/2566 2565/2565/2565
f 2565/2565/2565 2566/2566/2566 2567/2567/2567
f 2566/2566/2566 2568/2568/2568 2567/2567/2567
f 2567/2567/2567 2568/2568/2568 2569/2569/2569
f 2568/2568/2568 2570/2570/2570 2569/2569/2569
f 2569/2569/2569 2570/2570/2570 2571/2571/2571
f 2570/2570/2570 2572/2572/2572 2571/2571/2571
f 2575/2575/2575 2574/2574/2574 2573/2573/2573
f 2576/2576/2576 2575/2575/2575 2573/2573/2573
f 2577/2577/2577 2575/2575/2575 2576/2576/2576
f 2578/2578/2578 2577/2577/2577 2576/2576/2576
f 2579/2579/2579 2577/2577/2577 2578/2578/2578
f 2580/2580/2580 2579/2579/2579 2578/2578/2578
f 2581/2581/2581 2579/2579/2579 2580/2580/2580
f 2582/2582/2582 2581/2581/2581 2580/2580/2580
f 2585/2585/2585 2584/2584/2584 2583/2583/2583
f 2586/2586/2586 2585/2585/2585 2583/2583/2583
f 2587/2587/2587 2585/2585/2585 2586/2586/2586
f 2588/2588/2588 2587/2587/2587 2586/2586/2586
f 2589/2589/2589 2587/2587/2587 2588/2588/2588
f 2590/2590/2590 2589/2589/2589 2588/2588/2588
f 2591/2591/2591 2589/2589/2589 2590/2590/2590
f 2592/2592/2592 2591/2591/2591 2590/2590/2590
f 2593/2593/2593 2591/2591/2591 2592/2592/2592
f 2594/2594/2594 2593/2593/2593 2592/2592/2592
f 2597/2597/2597 2596/2596/2596 2595/2595/2595
f 2598/2598/2598 2597/2597/2597 2595/2595/2595
f 2601/2601/2601 2600/2600/2600 2599/2599/2599
f 2602/2602/2602 2601/2601/2601 2599/2599/2599
f 2605/2605/2605 2604/2604/2604 2603/2603/2603
f 2606/2606/2606 2605/2605/2605 2603/2603/2603
f 2609/2609/2609 2608/2608/2608 2607/2607/2607
f 2610/2610/2610 2609/2609/2609 2607/2607/2607
f 2613/2613/2613 2612/2612/2612 2611/2611/2611
f 2611/2611/2611 2614/2614/2614 2613/2613/2613
f 2614/2614/2614 2615/2615/2615 2613/2613/2613
f 2614/2614/2614 2616/2616/2616 2615/2615/2615
f 2614/2614/2614 2617/2617/2617 2616/2616/2616
f 2617/2617/2617 2618/2618/2618 2616/2616/2616
f 2618/2618/2618 2619/2619/2619 2616/2616/2616
f 2618/2618/2618 2620/2620/2620 2619/2619/2619
f 2620/2620/2620 2621/2621/2621 2619/2619/2619
f 2620/2620/2620 2622/2622/2622 2621/2621/2621
f 2620/2620/2620 2623/2623/2623 2622/2622/2622
f 2623/2623/2623 2624/2624/2624 2622/2622/2622
f 2623/2623/2623 2625/2625/2625 2624/2624/2624
f 2625/2625/2625 2626/2626/2626 2624/2624/2624
f 2625/2625/2625 2627/2627/2627 2626/2626/2626
f 2627/2627/2627 2628/2628/2628 2626/2626/2626
f 2628/2628/2628 2629/2629/2629 2626/2626/2626
f 2628/2628/2628 2630/2630/2630 2629/2629/2629
f 2633/2633/2633 2632/2632/2632 2631/2631/2631
f 2631/2631/2631 2634/2634/2634 2633/2633/2633
f 2634/2634/2634 2635/2635/2635 2633/2633/2633
f 2634/2634/2634 2636/2636/2636 2635/2635/2635
f 2636/2636/2636 2637/2637/2637 2635/2635/2635
f 2636/2636/2636 2638/2638/2638 2637/2637/2637
f 2638/2638/2638 2639/2639/2639 2637/2637/2637
f 2638/2638/2638 2640/2640/2640 2639/2639/2639
f 2640/2640/2640 2641/2641/2641 2639/2639/2639
f 2640/2640/2640 2642/2642/2642 2641/2641/2641
f 2642/2642/2642 2643/2643/2643 2641/2641/2641
f 2642/2642/2642 2644/2644/2644 2643/2643/2643
f 2644/2644/2644 2645/2645/2645 2643/2643/2643
f 2644/2644/2644 2646/2646/2646 2645/2645/2645
f 2646/2646/2646 2647/2647/2647 2645/2645/2645
f 2646/2646/2646 2648/2648/2648 2647/2647/2647
f 2648/2648/2648 2649/2649/2649 2647/2647/2647
f 2648/2648/2648 2650/2650/2650 2649/2649/2649
f 2653/2653/2653 2652/2652/2652 2651/2651/2651
f 2654/2654/2654 2653/2653/2653 2651/2651/2651
f 2654/2654/2654 2651/2651/2651 2655/2655/2655
f 2656/2656/2656 2654/2654/2654 2655/2655/2655
f 2659/2659/2659 2658/2658/2658 2657/2657/2657
f 2660/2660/2660 2659/2659/2659 2657/2657/2657
f 2660/2660/2660 2657/2657/2657 2661/2661/2661
f 2662/2662/2662 2660/2660/2660 2661/2661/2661
f 2665/2665/2665 2664/2664/2664 2663/2663/2663
f 2666/2666/2666 2665/2665/2665 2663/2663/2663
f 2666/2666/2666 2663/2663/2663 2667/2667/2667
f 2668/2668/2668 2666/2666/2666 2667/2667/2667
f 2671/2671/2671 2670/2670/2670 2669/2669/2669
f 2672/2672/2672 2671/2671/2671 2669/2669/2669
f 2672/2672/2672 2669/2669/2669 2673/2673/2673
f 2674/2674/2674 2672/2672/2672 2673/2673/2673
f 2677/2677/2677 2676/2676/2676 2675/2675/2675
f 2676/2676/2676 2678/2678/2678 2675/2675/2675
f 2675/2675/2675 2678/2678/2678 2679/2679/2679
f 2678/2678/2678 2680/2680/2680 2679/2679/2679
f 2683/2683/2683 2682/2682/2682 2681/2681/2681
f 2684/2684/2684 2683/2683/2683 2681/2681/2681
f 2683/2683/2683 2685/2685/2685 2682/2682/2682
f 2684/2684/2684 2681/2681/2681 2686/2686/2686
f 2687/2687/2687 2684/2684/2684 2686/2686/2686
f 2685/2685/2685 2688/2688/2688 2682/2682/2682
f 2685/2685/2685 2689/2689/2689 2688/2688/2688
f 2687/2687/2687 2686/2686/2686 2690/2690/2690
f 2691/2691/2691 2687/2687/2687 2690/2690/2690
f 2689/2689/2689 2692/2692/2692 2688/2688/2688
f 2689/2689/2689 2693/2693/2693 2692/2692/2692
f 2691/2691/2691 2690/2690/2690 2694/2694/2694
f 2695/2695/2695 2691/2691/2691 2694/2694/2694
f 2693/2693/2693 2696/2696/2696 2692/2692/2692
f 2693/2693/2693 2697/2697/2697 2696/2696/2696
f 2695/2695/2695 2694/2694/2694 2698/2698/2698
f 2699/2699/2699 2695/2695/2695 2698/2698/2698
f 2697/2697/2697 2700/2700/2700 2696/2696/2696
f 2697/2697/2697 2701/2701/2701 2700/2700/2700
f 2699/2699/2699 2698/2698/2698 2702/2702/2702
f 2703/2703/2703 2699/2699/2699 2702/2702/2702
f 2701/2701/2701 2704/2704/2704 2700/2700/2700
f 2701/2701/2701 2705/2705/2705 2704/2704/2704
f 2703/2703/2703 2702/2702/2702 2706/2706/2706
f 2707/2707/2707 2703/2703/2703 2706/2706/2706
f 2705/2705/2705 2708/2708/2708 2704/2704/2704
f 2705/2705/2705 2709/2709/2709 2708/2708/2708
f 2707/2707/2707 2706/2706/2706 2710/2710/2710
f 2711/2711/2711 2707/2707/2707 2710/2710/2710
f 2709/2709/2709 2712/2712/2712 2708/2708/2708
f 2709/2709/2709 2713/2713/2713 2712/2712/2712
f 2711/2711/2711 2710/2710/2710 2714/2714/2714
f 2715/2715/2715 2711/2711/2711 2714/2714/2714
f 2713/2713/2713 2715/2715/2715 2716/2716/2716
f 2713/2713/2713 2716/2716/2716 2712/2712/2712
f 2715/2715/2715 2714/2714/2714 2716/2716/2716
f 2706/2706/2706 2702/2702/2702 2717/2717/2717
f 2710/2710/2710 2706/2706/2706 2718/2718/2718
f 2706/2706/2706 2717/2717/2717 2718/2718/2718
f 2714/2714/2714 2710/2710/2710 2719/2719/2719
f 2710/2710/2710 2718/2718/2718 2719/2719/2719
f 2716/2716/2716 2714/2714/2714 2720/2720/2720
f 2714/2714/2714 2719/2719/2719 2720/2720/2720
f 2712/2712/2712 2716/2716/2716 2721/2721/2721
f 2716/2716/2716 2720/2720/2720 2721/2721/2721
f 2708/2708/2708 2712/2712/2712 2722/2722/2722
f 2712/2712/2712 2721/2721/2721 2722/2722/2722
f 2702/2702/2702 2723/2723/2723 2717/2717/2717
f 2702/2702/2702 2698/2698/2698 2723/2723/2723
f 2708/2708/2708 2722/2722/2722 2724/2724/2724
f 2704/2704/2704 2708/2708/2708 2724/2724/2724
f 2698/2698/2698 2725/2725/2725 2723/2723/2723
f 2698/2698/2698 2694/2694/2694 2725/2725/2725
f 2704/2704/2704 2724/2724/2724 2726/2726/2726
f 2700/2700/2700 2704/2704/2704 2726/2726/2726
f 2694/2694/2694 2727/2727/2727 2725/2725/2725
f 2694/2694/2694 2690/2690/2690 2727/2727/2727
f 2700/2700/2700 2726/2726/2726 2728/2728/2728
f 2696/2696/2696 2700/2700/2700 2728/2728/2728
f 2690/2690/2690 2729/2729/2729 2727/2727/2727
f 2690/2690/2690 2686/2686/2686 2729/2729/2729
f 2696/2696/2696 2728/2728/2728 2730/2730/2730
f 2692/2692/2692 2696/2696/2696 2730/2730/2730
f 2686/2686/2686 2731/2731/2731 2729/2729/2729
f 2686/2686/2686 2681/2681/2681 2731/2731/2731
f 2692/2692/2692 2730/2730/2730 2732/2732/2732
f 2688/2688/2688 2692/2692/2692 2732/2732/2732
f 2681/2681/2681 2733/2733/2733 2731/2731/2731
f 2681/2681/2681 2682/2682/2682 2733/2733/2733
f 2682/2682/2682 2688/2688/2688 2734/2734/2734
f 2688/2688/2688 2732/2732/2732 2734/2734/2734
f 2682/2682/2682 2734/2734/2734 2733/2733/2733
f 2727/2727/2727 2729/2729/2729 2735/2735/2735
f 2729/2729/2729 2736/2736/2736 2735/2735/2735
f 2729/2729/2729 2731/2731/2731 2736/2736/2736
f 2727/2727/2727 2735/2735/2735 2737/2737/2737
f 2731/2731/2731 2738/2738/2738 2736/2736/2736
f 2731/2731/2731 2733/2733/2733 2738/2738/2738
f 2725/2725/2725 2727/2727/2727 2737/2737/2737
f 2733/2733/2733 2739/2739/2739 2738/2738/2738
f 2733/2733/2733 2734/2734/2734 2739/2739/2739
f 2725/2725/2725 2737/2737/2737 2740/2740/2740
f 2734/2734/2734 2741/2741/2741 2739/2739/2739
f 2734/2734/2734 2732/2732/2732 2741/2741/2741
f 2723/2723/2723 2725/2725/2725 2740/2740/2740
f 2732/2732/2732 2742/2742/2742 2741/2741/2741
f 2723/2723/2723 2740/2740/2740 2743/2743/2743
f 2732/2732/2732 2730/2730/2730 2742/2742/2742
f 2717/2717/2717 2723/2723/2723 2743/2743/2743
f 2730/2730/2730 2744/2744/2744 2742/2742/2742
f 2717/2717/2717 2743/2743/2743 2745/2745/2745
f 2730/2730/2730 2728/2728/2728 2744/2744/2744
f 2718/2718/2718 2717/2717/2717 2745/2745/2745
f 2728/2728/2728 2746/2746/2746 2744/2744/2744
f 2718/2718/2718 2745/2745/2745 2747/2747/2747
f 2728/2728/2728 2726/2726/2726 2746/2746/2746
f 2719/2719/2719 2718/2718/2718 2747/2747/2747
f 2726/2726/2726 2748/2748/2748 2746/2746/2746
f 2719/2719/2719 2747/2747/2747 2749/2749/2749
f 2726/2726/2726 2724/2724/2724 2748/2748/2748
f 2720/2720/2720 2719/2719/2719 2749/2749/2749
f 2724/2724/2724 2750/2750/2750 2748/2748/2748
f 2720/2720/2720 2749/2749/2749 2751/2751/2751
f 2724/2724/2724 2722/2722/2722 2750/2750/2750
f 2721/2721/2721 2720/2720/2720 2751/2751/2751
f 2722/2722/2722 2752/2752/2752 2750/2750/2750
f 2721/2721/2721 2751/2751/2751 2752/2752/2752
f 2722/2722/2722 2721/2721/2721 2752/2752/2752
f 2755/2755/2755 2754/2754/2754 2753/2753/2753
f 2756/2756/2756 2755/2755/2755 2753/2753/2753
f 2755/2755/2755 2757/2757/2757 2754/2754/2754
f 2756/2756/2756 2753/2753/2753 2758/2758/2758
f 2757/2757/2757 2759/2759/2759 2754/2754/2754
f 2760/2760/2760 2756/2756/2756 2758/2758/2758
f 2757/2757/2757 2761/2761/2761 2759/2759/2759
f 2760/2760/2760 2758/2758/2758 2762/2762/2762
f 2761/2761/2761 2763/2763/2763 2759/2759/2759
f 2764/2764/2764 2760/2760/2760 2762/2762/2762
f 2761/2761/2761 2765/2765/2765 2763/2763/2763
f 2764/2764/2764 2762/2762/2762 2766/2766/2766
f 2765/2765/2765 2767/2767/2767 2763/2763/2763
f 2768/2768/2768 2764/2764/2764 2766/2766/2766
f 2765/2765/2765 2769/2769/2769 2767/2767/2767
f 2768/2768/2768 2766/2766/2766 2770/2770/2770
f 2769/2769/2769 2771/2771/2771 2767/2767/2767
f 2772/2772/2772 2768/2768/2768 2770/2770/2770
f 2769/2769/2769 2773/2773/2773 2771/2771/2771
f 2772/2772/2772 2770/2770/2770 2774/2774/2774
f 2773/2773/2773 2775/2775/2775 2771/2771/2771
f 2776/2776/2776 2772/2772/2772 2774/2774/2774
f 2773/2773/2773 2777/2777/2777 2775/2775/2775
f 2776/2776/2776 2774/2774/2774 2778/2778/2778
f 2777/2777/2777 2779/2779/2779 2775/2775/2775
f 2780/2780/2780 2776/2776/2776 2778/2778/2778
f 2777/2777/2777 2781/2781/2781 2779/2779/2779
f 2780/2780/2780 2778/2778/2778 2782/2782/2782
f 2781/2781/2781 2783/2783/2783 2779/2779/2779
f 2784/2784/2784 2780/2780/2780 2782/2782/2782
f 2781/2781/2781 2785/2785/2785 2783/2783/2783
f 2784/2784/2784 2782/2782/2782 2786/2786/2786
f 2785/2785/2785 2787/2787/2787 2783/2783/2783
f 2788/2788/2788 2784/2784/2784 2786/2786/2786
f 2788/2788/2788 2786/2786/2786 2787/2787/2787
f 2785/2785/2785 2788/2788/2788 2787/2787/2787
f 2791/2791/2791 2790/2790/2790 2789/2789/2789
f 2792/2792/2792 2791/2791/2791 2789/2789/2789
f 2791/2791/2791 2793/2793/2793 2790/2790/2790
f 2792/2792/2792 2789/2789/2789 2794/2794/2794
f 2793/2793/2793 2795/2795/2795 2790/2790/2790
f 2796/2796/2796 2792/2792/2792 2794/2794/2794
f 2793/2793/2793 2797/2797/2797 2795/2795/2795
f 2796/2796/2796 2794/2794/2794 2798/2798/2798
f 2797/2797/2797 2799/2799/2799 2795/2795/2795
f 2800/2800/2800 2796/2796/2796 2798/2798/2798
f 2797/2797/2797 2801/2801/2801 2799/2799/2799
f 2800/2800/2800 2798/2798/2798 2802/2802/2802
f 2801/2801/2801 2803/2803/2803 2799/2799/2799
f 2804/2804/2804 2800/2800/2800 2802/2802/2802
f 2801/2801/2801 2805/2805/2805 2803/2803/2803
f 2804/2804/2804 2802/2802/2802 2806/2806/2806
f 2805/2805/2805 2807/2807/2807 2803/2803/2803
f 2808/2808/2808 2804/2804/2804 2806/2806/2806
f 2805/2805/2805 2809/2809/2809 2807/2807/2807
f 2808/2808/2808 2806/2806/2806 2810/2810/2810
f 2809/2809/2809 2811/2811/2811 2807/2807/2807
f 2812/2812/2812 2808/2808/2808 2810/2810/2810
f 2809/2809/2809 2813/2813/2813 2811/2811/2811
f 2812/2812/2812 2810/2810/2810 2814/2814/2814
f 2813/2813/2813 2815/2815/2815 2811/2811/2811
f 2816/2816/2816 2812/2812/2812 2814/2814/2814
f 2813/2813/2813 2817/2817/2817 2815/2815/2815
f 2816/2816/2816 2814/2814/2814 2818/2818/2818
f 2817/2817/2817 2819/2819/2819 2815/2815/2815
f 2820/2820/2820 2816/2816/2816 2818/2818/2818
f 2817/2817/2817 2821/2821/2821 2819/2819/2819
f 2820/2820/2820 2818/2818/2818 2822/2822/2822
f 2821/2821/2821 2823/2823/2823 2819/2819/2819
f 2824/2824/2824 2820/2820/2820 2822/2822/2822
f 2824/2824/2824 2822/2822/2822 2823/2823/2823
f 2821/2821/2821 2824/2824/2824 2823/2823/2823
f 2827/2827/2827 2826/2826/2826 2825/2825/2825
f 2828/2828/2828 2827/2827/2827 2825/2825/2825
f 2827/2827/2827 2829/2829/2829 2826/2826/2826
f 2828/2828/2828 2825/2825/2825 2830/2830/2830
f 2831/2831/2831 2828/2828/2828 2830/2830/2830
f 2829/2829/2829 2832/2832/2832 2826/2826/2826
f 2829/2829/2829 2833/2833/2833 2832/2832/2832
f 2831/2831/2831 2830/2830/2830 2834/2834/2834
f 2835/2835/2835 2831/2831/2831 2834/2834/2834
f 2833/2833/2833 2836/2836/2836 2832/2832/2832
f 2833/2833/2833 2837/2837/2837 2836/2836/2836
f 2835/2835/2835 2834/2834/2834 2838/2838/2838
f 2839/2839/2839 2835/2835/2835 2838/2838/2838
f 2837/2837/2837 2840/2840/2840 2836/2836/2836
f 2837/2837/2837 2841/2841/2841 2840/2840/2840
f 2839/2839/2839 2838/2838/2838 2842/2842/2842
f 2843/2843/2843 2839/2839/2839 2842/2842/2842
f 2841/2841/2841 2844/2844/2844 2840/2840/2840
f 2841/2841/2841 2845/2845/2845 2844/2844/2844
f 2843/2843/2843 2842/2842/2842 2846/2846/2846
f 2847/2847/2847 2843/2843/2843 2846/2846/2846
f 2845/2845/2845 2848/2848/2848 2844/2844/2844
f 2845/2845/2845 2849/2849/2849 2848/2848/2848
f 2847/2847/2847 2846/2846/2846 2850/2850/2850
f 2851/2851/2851 2847/2847/2847 2850/2850/2850
f 2849/2849/2849 2852/2852/2852 2848/2848/2848
f 2849/2849/2849 2853/2853/2853 2852/2852/2852
f 2851/2851/2851 2850/2850/2850 2854/2854/2854
f 2855/2855/2855 2851/2851/2851 2854/2854/2854
f 2853/2853/2853 2856/2856/2856 2852/2852/2852
f 2853/2853/2853 2857/2857/2857 2856/2856/2856
f 2855/2855/2855 2854/2854/2854 2858/2858/2858
f 2859/2859/2859 2855/2855/2855 2858/2858/2858
f 2857/2857/2857 2859/2859/2859 2860/2860/2860
f 2857/2857/2857 2860/2860/2860 2856/2856/2856
f 2859/2859/2859 2858/2858/2858 2860/2860/2860
f 2850/2850/2850 2846/2846/2846 2861/2861/2861
f 2854/2854/2854 2850/2850/2850 2862/2862/2862
f 2850/2850/2850 2861/2861/2861 2862/2862/2862
f 2858/2858/2858 2854/2854/2854 2863/2863/2863
f 2854/2854/2854 2862/2862/2862 2863/2863/2863
f 2860/2860/2860 2858/2858/2858 2864/2864/2864
f 2858/2858/2858 2863/2863/2863 2864/2864/2864
f 2856/2856/2856 2860/2860/2860 2865/2865/2865
f 2860/2860/2860 2864/2864/2864 2865/2865/2865
f 2852/2852/2852 2856/2856/2856 2866/2866/2866
f 2856/2856/2856 2865/2865/2865 2866/2866/2866
f 2846/2846/2846 2867/2867/2867 2861/2861/2861
f 2846/2846/2846 2842/2842/2842 2867/2867/2867
f 2852/2852/2852 2866/2866/2866 2868/2868/2868
f 2848/2848/2848 2852/2852/2852 2868/2868/2868
f 2842/2842/2842 2869/2869/2869 2867/2867/2867
f 2842/2842/2842 2838/2838/2838 2869/2869/2869
f 2848/2848/2848 2868/2868/2868 2870/2870/2870
f 2844/2844/2844 2848/2848/2848 2870/2870/2870
f 2838/2838/2838 2871/2871/2871 2869/2869/2869
f 2838/2838/2838 2834/2834/2834 2871/2871/2871
f 2844/2844/2844 2870/2870/2870 2872/2872/2872
f 2840/2840/2840 2844/2844/2844 2872/2872/2872
f 2834/2834/2834 2873/2873/2873 2871/2871/2871
f 2834/2834/2834 2830/2830/2830 2873/2873/2873
f 2840/2840/2840 2872/2872/2872 2874/2874/2874
f 2836/2836/2836 2840/2840/2840 2874/2874/2874
f 2830/2830/2830 2875/2875/2875 2873/2873/2873
f 2830/2830/2830 2825/2825/2825 2875/2875/2875
f 2836/2836/2836 2874/2874/2874 2876/2876/2876
f 2832/2832/2832 2836/2836/2836 2876/2876/2876
f 2825/2825/2825 2877/2877/2877 2875/2875/2875
f 2825/2825/2825 2826/2826/2826 2877/2877/2877
f 2826/2826/2826 2832/2832/2832 2878/2878/2878
f 2832/2832/2832 2876/2876/2876 2878/2878/2878
f 2826/2826/2826 2878/2878/2878 2877/2877/2877
f 2871/2871/2871 2873/2873/2873 2879/2879/2879
f 2873/2873/2873 2880/2880/2880 2879/2879/2879
f 2873/2873/2873 2875/2875/2875 2880/2880/2880
f 2871/2871/2871 2879/2879/2879 2881/2881/2881
f 2875/2875/2875 2882/2882/2882 2880/2880/2880
f 2875/2875/2875 2877/2877/2877 2882/2882/2882
f 2869/2869/2869 2871/2871/2871 2881/2881/2881
f 2877/2877/2877 2883/2883/2883 2882/2882/2882
f 2877/2877/2877 2878/2878/2878 2883/2883/2883
f 2869/2869/2869 2881/2881/2881 2884/2884/2884
f 2878/2878/2878 2885/2885/2885 2883/2883/2883
f 2878/2878/2878 2876/2876/2876 2885/2885/2885
f 2867/2867/2867 2869/2869/2869 2884/2884/2884
f 2876/2876/2876 2886/2886/2886 2885/2885/2885
f 2867/2867/2867 2884/2884/2884 2887/2887/2887
f 2876/2876/2876 2874/2874/2874 2886/2886/2886
f 2861/2861/2861 2867/2867/2867 2887/2887/2887
f 2874/2874/2874 2888/2888/2888 2886/2886/2886
f 2861/2861/2861 2887/2887/2887 2889/2889/2889
f 2874/2874/2874 2872/2872/2872 2888/2888/2888
f 2862/2862/2862 2861/2861/2861 2889/2889/2889
f 2872/2872/2872 2890/2890/2890 2888/2888/2888
f 2862/2862/2862 2889/2889/2889 2891/2891/2891
f 2872/2872/2872 2870/2870/2870 2890/2890/2890
f 2863/2863/2863 2862/2862/2862 2891/2891/2891
f 2870/2870/2870 2892/2892/2892 2890/2890/2890
f 2863/2863/2863 2891/2891/2891 2893/2893/2893
f 2870/2870/2870 2868/2868/2868 2892/2892/2892
f 2864/2864/2864 2863/2863/2863 2893/2893/2893
f 2868/2868/2868 2894/2894/2894 2892/2892/2892
f 2864/2864/2864 2893/2893/2893 2895/2895/2895
f 2868/2868/2868 2866/2866/2866 2894/2894/2894
f 2865/2865/2865 2864/2864/2864 2895/2895/2895
f 2866/2866/2866 2896/2896/2896 2894/2894/2894
f 2865/2865/2865 2895/2895/2895 2896/2896/2896
f 2866/2866/2866 2865/2865/2865 2896/2896/2896
f 2899/2899/2899 2898/2898/2898 2897/2897/2897
f 2900/2900/2900 2899/2899/2899 2897/2897/2897
f 2899/2899/2899 2901/2901/2901 2898/2898/2898
f 2900/2900/2900 2897/2897/2897 2902/2902/2902
f 2903/2903/2903 2900/2900/2900 2902/2902/2902
f 2901/2901/2901 2904/2904/2904 2898/2898/2898
f 2901/2901/2901 2905/2905/2905 2904/2904/2904
f 2903/2903/2903 2902/2902/2902 2906/2906/2906
f 2907/2907/2907 2903/2903/2903 2906/2906/2906
f 2905/2905/2905 2908/2908/2908 2904/2904/2904
f 2905/2905/2905 2909/2909/2909 2908/2908/2908
f 2907/2907/2907 2906/2906/2906 2910/2910/2910
f 2911/2911/2911 2907/2907/2907 2910/2910/2910
f 2909/2909/2909 2912/2912/2912 2908/2908/2908
f 2909/2909/2909 2913/2913/2913 2912/2912/2912
f 2911/2911/2911 2910/2910/2910 2914/2914/2914
f 2915/2915/2915 2911/2911/2911 2914/2914/2914
f 2913/2913/2913 2916/2916/2916 2912/2912/2912
f 2913/2913/2913 2917/2917/2917 2916/2916/2916
f 2915/2915/2915 2914/2914/2914 2918/2918/2918
f 2919/2919/2919 2915/2915/2915 2918/2918/2918
f 2917/2917/2917 2920/2920/2920 2916/2916/2916
f 2917/2917/2917 2921/2921/2921 2920/2920/2920
f 2919/2919/2919 2918/2918/2918 2922/2922/2922
f 2923/2923/2923 2919/2919/2919 2922/2922/2922
f 2921/2921/2921 2924/2924/2924 2920/2920/2920
f 2921/2921/2921 2925/2925/2925 2924/2924/2924
f 2923/2923/2923 2922/2922/2922 2926/2926/2926
f 2927/2927/2927 2923/2923/2923 2926/2926/2926
f 2925/2925/2925 2928/2928/2928 2924/2924/2924
f 2925/2925/2925 2929/2929/2929 2928/2928/2928
f 2927/2927/2927 2926/2926/2926 2930/2930/2930
f 2931/2931/2931 2927/2927/2927 2930/2930/2930
f 2929/2929/2929 2931/2931/2931 2932/2932/2932
f 2929/2929/2929 2932/2932/2932 2928/2928/2928
f 2931/2931/2931 2930/2930/2930 2932/2932/2932
f 2922/2922/2922 2918/2918/2918 2933/2933/2933
f 2926/2926/2926 2922/2922/2922 2934/2934/2934
f 2922/2922/2922 2933/2933/2933 2934/2934/2934
f 2930/2930/2930 2926/2926/2926 2935/2935/2935
f 2926/2926/2926 2934/2934/2934 2935/2935/2935
f 2932/2932/2932 2930/2930/2930 2936/2936/2936
f 2930/2930/2930 2935/2935/2935 2936/2936/2936
f 2928/2928/2928 2932/2932/2932 2937/2937/2937
f 2932/2932/2932 2936/2936/2936 2937/2937/2937
f 2924/2924/2924 2928/2928/2928 2938/2938/2938
f 2928/2928/2928 2937/2937/2937 2938/2938/2938
f 2918/2918/2918 2939/2939/2939 2933/2933/2933
f 2918/2918/2918 2914/2914/2914 2939/2939/2939
f 2924/2924/2924 2938/2938/2938 2940/2940/2940
f 2920/2920/2920 2924/2924/2924 2940/2940/2940
f 2914/2914/2914 2941/2941/2941 2939/2939/2939
f 2914/2914/2914 2910/2910/2910 2941/2941/2941
f 2920/2920/2920 2940/2940/2940 2942/2942/2942
f 2916/2916/2916 2920/2920/2920 2942/2942/2942
f 2910/2910/2910 2943/2943/2943 2941/2941/2941
f 2910/2910/2910 2906/2906/2906 2943/2943/2943
f 2916/2916/2916 2942/2942/2942 2944/2944/2944
f 2912/2912/2912 2916/2916/2916 2944/2944/2944
f 2906/2906/2906 2945/2945/2945 2943/2943/2943
f 2906/2906/2906 2902/2902/2902 2945/2945/2945
f 2912/2912/2912 2944/2944/2944 2946/2946/2946
f 2908/2908/2908 2912/2912/2912 2946/2946/2946
f 2902/2902/2902 2947/2947/2947 2945/2945/2945
f 2902/2902/2902 2897/2897/2897 2947/2947/2947
f 2908/2908/2908 2946/2946/2946 2948/2948/2948
f 2904/2904/2904 2908/2908/2908 2948/2948/2948
f 2897/2897/2897 2949/2949/2949 2947/2947/2947
f 2897/2897/2897 2898/2898/2898 2949/2949/2949
f 2898/2898/2898 2904/2904/2904 2950/2950/2950
f 2904/2904/2904 2948/2948/2948 2950/2950/2950
f 2898/2898/2898 2950/2950/2950 2949/2949/2949
f 2943/2943/2943 2945/2945/2945 2951/2951/2951
f 2945/2945/2945 2947/2947/2947 2952/2952/2952
f 2945/2945/2945 2952/2952/2952 2951/2951/2951
f 2947/2947/2947 2949/2949/2949 2953/2953/2953
f 2947/2947/2947 2953/2953/2953 2952/2952/2952
f 2949/2949/2949 2950/2950/2950 2954/2954/2954
f 2949/2949/2949 2954/2954/2954 2953/2953/2953
f 2950/2950/2950 2948/2948/2948 2955/2955/2955
f 2950/2950/2950 2955/2955/2955 2954/2954/2954
f 2948/2948/2948 2946/2946/2946 2956/2956/2956
f 2948/2948/2948 2956/2956/2956 2955/2955/2955
f 2943/2943/2943 2951/2951/2951 2957/2957/2957
f 2941/2941/2941 2943/2943/2943 2957/2957/2957
f 2946/2946/2946 2958/2958/2958 2956/2956/2956
f 2946/2946/2946 2944/2944/2944 2958/2958/2958
f 2941/2941/2941 2957/2957/2957 2959/2959/2959
f 2939/2939/2939 2941/2941/2941 2959/2959/2959
f 2944/2944/2944 2960/2960/2960 2958/2958/2958
f 2944/2944/2944 2942/2942/2942 2960/2960/2960
f 2939/2939/2939 2959/2959/2959 2961/2961/2961
f 2933/2933/2933 2939/2939/2939 2961/2961/2961
f 2942/2942/2942 2962/2962/2962 2960/2960/2960
f 2942/2942/2942 2940/2940/2940 2962/2962/2962
f 2933/2933/2933 2961/2961/2961 2963/2963/2963
f 2934/2934/2934 2933/2933/2933 2963/2963/2963
f 2940/2940/2940 2964/2964/2964 2962/2962/2962
f 2940/2940/2940 2938/2938/2938 2964/2964/2964
f 2934/2934/2934 2963/2963/2963 2965/2965/2965
f 2935/2935/2935 2934/2934/2934 2965/2965/2965
f 2938/2938/2938 2966/2966/2966 2964/2964/2964
f 2938/2938/2938 2937/2937/2937 2966/2966/2966
f 2935/2935/2935 2965/2965/2965 2967/2967/2967
f 2936/2936/2936 2935/2935/2935 2967/2967/2967
f 2937/2937/2937 2936/2936/2936 2968/2968/2968
f 2937/2937/2937 2968/2968/2968 2966/2966/2966
f 2936/2936/2936 2967/2967/2967 2968/2968/2968
f 2963/2963/2963 2961/2961/2961 2969/2969/2969
f 2965/2965/2965 2963/2963/2963 2970/2970/2970
f 2963/2963/2963 2969/2969/2969 2970/2970/2970
f 2967/2967/2967 2965/2965/2965 2971/2971/2971
f 2965/2965/2965 2970/2970/2970 2971/2971/2971
f 2968/2968/2968 2967/2967/2967 2972/2972/2972
f 2967/2967/2967 2971/2971/2971 2972/2972/2972
f 2966/2966/2966 2968/2968/2968 2973/2973/2973
f 2968/2968/2968 2972/2972/2972 2973/2973/2973
f 2964/2964/2964 2966/2966/2966 2974/2974/2974
f 2966/2966/2966 2973/2973/2973 2974/2974/2974
f 2961/2961/2961 2975/2975/2975 2969/2969/2969
f 2961/2961/2961 2959/2959/2959 2975/2975/2975
f 2964/2964/2964 2974/2974/2974 2976/2976/2976
f 2962/2962/2962 2964/2964/2964 2976/2976/2976
f 2959/2959/2959 2977/2977/2977 2975/2975/2975
f 2959/2959/2959 2957/2957/2957 2977/2977/2977
f 2962/2962/2962 2976/2976/2976 2978/2978/2978
f 2960/2960/2960 2962/2962/2962 2978/2978/2978
f 2957/2957/2957 2979/2979/2979 2977/2977/2977
f 2957/2957/2957 2951/2951/2951 2979/2979/2979
f 2960/2960/2960 2978/2978/2978 2980/2980/2980
f 2958/2958/2958 2960/2960/2960 2980/2980/2980
f 2951/2951/2951 2981/2981/2981 2979/2979/2979
f 2951/2951/2951 2952/2952/2952 2981/2981/2981
f 2958/2958/2958 2980/2980/2980 2982/2982/2982
f 2956/2956/2956 2958/2958/2958 2982/2982/2982
f 2952/2952/2952 2983/2983/2983 2981/2981/2981
f 2952/2952/2952 2953/2953/2953 2983/2983/2983
f 2956/2956/2956 2982/2982/2982 2984/2984/2984
f 2955/2955/2955 2956/2956/2956 2984/2984/2984
f 2953/2953/2953 2985/2985/2985 2983/2983/2983
f 2953/2953/2953 2954/2954/2954 2985/2985/2985
f 2954/2954/2954 2955/2955/2955 2986/2986/2986
f 2955/2955/2955 2984/2984/2984 2986/2986/2986
f 2954/2954/2954 2986/2986/2986 2985/2985/2985
f 2979/2979/2979 2981/2981/2981 2987/2987/2987
f 2981/2981/2981 2983/2983/2983 2988/2988/2988
f 2981/2981/2981 2988/2988/2988 2987/2987/2987
f 2983/2983/2983 2985/2985/2985 2989/2989/2989
f 2983/2983/2983 2989/2989/2989 2988/2988/2988
f 2985/2985/2985 2986/2986/2986 2990/2990/2990
f 2985/2985/2985 2990/2990/2990 2989/2989/2989
f 2986/2986/2986 2984/2984/2984 2991/2991/2991
f 2986/2986/2986 2991/2991/2991 2990/2990/2990
f 2984/2984/2984 2982/2982/2982 2992/2992/2992
f 2984/2984/2984 2992/2992/2992 2991/2991/2991
f 2979/2979/2979 2987/2987/2987 2993/2993/2993
f 2977/2977/2977 2979/2979/2979 2993/2993/2993
f 2982/2982/2982 2994/2994/2994 2992/2992/2992
f 2982/2982/2982 2980/2980/2980 2994/2994/2994
f 2977/2977/2977 2993/2993/2993 2995/2995/2995
f 2975/2975/2975 2977/2977/2977 2995/2995/2995
f 2980/2980/2980 2996/2996/2996 2994/2994/2994
f 2980/2980/2980 2978/2978/2978 2996/2996/2996
f 2975/2975/2975 2995/2995/2995 2997/2997/2997
f 2969/2969/2969 2975/2975/2975 2997/2997/2997
f 2978/2978/2978 2998/2998/2998 2996/2996/2996
f 2978/2978/2978 2976/2976/2976 2998/2998/2998
f 2969/2969/2969 2997/2997/2997 2999/2999/2999
f 2970/2970/2970 2969/2969/2969 2999/2999/2999
f 2976/2976/2976 3000/3000/3000 2998/2998/2998
f 2976/2976/2976 2974/2974/2974 3000/3000/3000
f 2970/2970/2970 2999/2999/2999 3001/3001/3001
f 2971/2971/2971 2970/2970/2970 3001/3001/3001
f 2974/2974/2974 3002/3002/3002 3000/3000/3000
f 2974/2974/2974 2973/2973/2973 3002/3002/3002
f 2971/2971/2971 3001/3001/3001 3003/3003/3003
f 2972/2972/2972 2971/2971/2971 3003/3003/3003
f 2973/2973/2973 2972/2972/2972 3004/3004/3004
f 2973/2973/2973 3004/3004/3004 3002/3002/3002
f 2972/2972/2972 3003/3003/3003 3004/3004/3004
f 2999/2999/2999 2997/2997/2997 3005/3005/3005
f 3001/3001/3001 2999/2999/2999 3006/3006/3006
f 2999/2999/2999 3005/3005/3005 3006/3006/3006
f 3003/3003/3003 3001/3001/3001 3007/3007/3007
f 3001/3001/3001 3006/3006/3006 3007/3007/3007
f 3004/3004/3004 3003/3003/3003 3008/3008/3008
f 3003/3003/3003 3007/3007/3007 3008/3008/3008
f 3002/3002/3002 3004/3004/3004 3009/3009/3009
f 3004/3004/3004 3008/3008/3008 3009/3009/3009
f 3000/3000/3000 3002/3002/3002 3010/3010/3010
f 3002/3002/3002 3009/3009/3009 3010/3010/3010
f 2997/2997/2997 3011/3011/3011 3005/3005/3005
f 2997/2997/2997 2995/2995/2995 3011/3011/3011
f 3000/3000/3000 3010/3010/3010 3012/3012/3012
f 2998/2998/2998 3000/3000/3000 3012/3012/3012
f 2995/2995/2995 3013/3013/3013 3011/3011/3011
f 2995/2995/2995 2993/2993/2993 3013/3013/3013
f 2998/2998/2998 3012/3012/3012 3014/3014/3014
f 2996/2996/2996 2998/2998/2998 3014/3014/3014
f 2993/2993/2993 3015/3015/3015 3013/3013/3013
f 2993/2993/2993 2987/2987/2987 3015/3015/3015
f 2996/2996/2996 3014/3014/3014 3016/3016/3016
f 2994/2994/2994 2996/2996/2996 3016/3016/3016
f 2987/2987/2987 3017/3017/3017 3015/3015/3015
f 2987/2987/2987 2988/2988/2988 3017/3017/3017
f 2994/2994/2994 3016/3016/3016 3018/3018/3018
f 2992/2992/2992 2994/2994/2994 3018/3018/3018
f 2988/2988/2988 3019/3019/3019 3017/3017/3017
f 2988/2988/2988 2989/2989/2989 3019/3019/3019
f 2992/2992/2992 3018/3018/3018 3020/3020/3020
f 2991/2991/2991 2992/2992/2992 3020/3020/3020
f 2989/2989/2989 3021/3021/3021 3019/3019/3019
f 2989/2989/2989 2990/2990/2990 3021/3021/3021
f 2990/2990/2990 2991/2991/2991 3022/3022/3022
f 2991/2991/2991 3020/3020/3020 3022/3022/3022
f 2990/2990/2990 3022/3022/3022 3021/3021/3021
f 3015/3015/3015 3017/3017/3017 3023/3023/3023
f 3017/3017/3017 3019/3019/3019 3024/3024/3024
f 3017/3017/3017 3024/3024/3024 3023/3023/3023
f 3019/3019/3019 3021/3021/3021 3025/3025/3025
f 3019/3019/3019 3025/3025/3025 3024/3024/3024
f 3021/3021/3021 3022/3022/3022 3026/3026/3026
f 3021/3021/3021 3026/3026/3026 3025/3025/3025
f 3022/3022/3022 3020/3020/3020 3027/3027/3027
f 3022/3022/3022 3027/3027/3027 3026/3026/3026
f 3020/3020/3020 3018/3018/3018 3028/3028/3028
f 3020/3020/3020 3028/3028/3028 3027/3027/3027
f 3015/3015/3015 3023/3023/3023 3029/3029/3029
f 3013/3013/3013 3015/3015/3015 3029/3029/3029
f 3018/3018/3018 3030/3030/3030 3028/3028/3028
f 3018/3018/3018 3016/3016/3016 3030/3030/3030
f 3013/3013/3013 3029/3029/3029 3031/3031/3031
f 3011/3011/3011 3013/3013/3013 3031/3031/3031
f 3016/3016/3016 3032/3032/3032 3030/3030/3030
f 3016/3016/3016 3014/3014/3014 3032/3032/3032
f 3011/3011/3011 3031/3031/3031 3033/3033/3033
f 3005/3005/3005 3011/3011/3011 3033/3033/3033
f 3014/3014/3014 3034/3034/3034 3032/3032/3032
f 3014/3014/3014 3012/3012/3012 3034/3034/3034
f 3005/3005/3005 3033/3033/3033 3035/3035/3035
f 3006/3006/3006 3005/3005/3005 3035/3035/3035
f 3012/3012/3012 3036/3036/3036 3034/3034/3034
f 3012/3012/3012 3010/3010/3010 3036/3036/3036
f 3006/3006/3006 3035/3035/3035 3037/3037/3037
f 3007/3007/3007 3006/3006/3006 3037/3037/3037
f 3010/3010/3010 3038/3038/3038 3036/3036/3036
f 3010/3010/3010 3009/3009/3009 3038/3038/3038
f 3007/3007/3007 3037/3037/3037 3039/3039/3039
f 3008/3008/3008 3007/3007/3007 3039/3039/3039
f 3009/3009/3009 3008/3008/3008 3040/3040/3040
f 3009/3009/3009 3040/3040/3040 3038/3038/3038
f 3008/3008/3008 3039/3039/3039 3040/3040/3040
f 3035/3035/3035 3033/3033/3033 3041/3041/3041
f 3037/3037/3037 3035/3035/3035 3042/3042/3042
f 3035/3035/3035 3041/3041/3041 3042/3042/3042
f 3039/3039/3039 3037/3037/3037 3043/3043/3043
f 3037/3037/3037 3042/3042/3042 3043/3043/3043
f 3040/3040/3040 3039/3039/3039 3044/3044/3044
f 3039/3039/3039 3043/3043/3043 3044/3044/3044
f 3038/3038/3038 3040/3040/3040 3045/3045/3045
f 3040/3040/3040 3044/3044/3044 3045/3045/3045
f 3036/3036/3036 3038/3038/3038 3046/3046/3046
f 3038/3038/3038 3045/3045/3045 3046/3046/3046
f 3033/3033/3033 3047/3047/3047 3041/3041/3041
f 3033/3033/3033 3031/3031/3031 3047/3047/3047
f 3036/3036/3036 3046/3046/3046 3048/3048/3048
f 3034/3034/3034 3036/3036/3036 3048/3048/3048
f 3031/3031/3031 3049/3049/3049 3047/3047/3047
f 3031/3031/3031 3029/3029/3029 3049/3049/3049
f 3034/3034/3034 3048/3048/3048 3050/3050/3050
f 3032/3032/3032 3034/3034/3034 3050/3050/3050
f 3029/3029/3029 3051/3051/3051 3049/3049/3049
f 3029/3029/3029 3023/3023/3023 3051/3051/3051
f 3032/3032/3032 3050/3050/3050 3052/3052/3052
f 3030/3030/3030 3032/3032/3032 3052/3052/3052
f 3023/3023/3023 3053/3053/3053 3051/3051/3051
f 3023/3023/3023 3024/3024/3024 3053/3053/3053
f 3030/3030/3030 3052/3052/3052 3054/3054/3054
f 3028/3028/3028 3030/3030/3030 3054/3054/3054
f 3024/3024/3024 3055/3055/3055 3053/3053/3053
f 3024/3024/3024 3025/3025/3025 3055/3055/3055
f 3028/3028/3028 3054/3054/3054 3056/3056/3056
f 3027/3027/3027 3028/3028/3028 3056/3056/3056
f 3025/3025/3025 3057/3057/3057 3055/3055/3055
f 3025/3025/3025 3026/3026/3026 3057/3057/3057
f 3026/3026/3026 3027/3027/3027 3058/3058/3058
f 3027/3027/3027 3056/3056/3056 3058/3058/3058
f 3026/3026/3026 3058/3058/3058 3057/3057/3057
f 3051/3051/3051 3053/3053/3053 3059/3059/3059
f 3053/3053/3053 3055/3055/3055 3060/3060/3060
f 3053/3053/3053 3060/3060/3060 3059/3059/3059
f 3055/3055/3055 3057/3057/3057 3061/3061/3061
f 3055/3055/3055 3061/3061/3061 3060/3060/3060
f 3057/3057/3057 3058/3058/3058 3062/3062/3062
f 3057/3057/3057 3062/3062/3062 3061/3061/3061
f 3058/3058/3058 3056/3056/3056 3063/3063/3063
f 3058/3058/3058 3063/3063/3063 3062/3062/3062
f 3056/3056/3056 3054/3054/3054 3064/3064/3064
f 3056/3056/3056 3064/3064/3064 3063/3063/3063
f 3051/3051/3051 3059/3059/3059 3065/3065/3065
f 3049/3049/3049 3051/3051/3051 3065/3065/3065
f 3054/3054/3054 3066/3066/3066 3064/3064/3064
f 3054/3054/3054 3052/3052/3052 3066/3066/3066
f 3049/3049/3049 3065/3065/3065 3067/3067/3067
f 3047/3047/3047 3049/3049/3049 3067/3067/3067
f 3052/3052/3052 3068/3068/3068 3066/3066/3066
f 3052/3052/3052 3050/3050/3050 3068/3068/3068
f 3047/3047/3047 3067/3067/3067 3069/3069/3069
f 3041/3041/3041 3047/3047/3047 3069/3069/3069
f 3050/3050/3050 3070/3070/3070 3068/3068/3068
f 3050/3050/3050 3048/3048/3048 3070/3070/3070
f 3041/3041/3041 3069/3069/3069 3071/3071/3071
f 3042/3042/3042 3041/3041/3041 3071/3071/3071
f 3048/3048/3048 3072/3072/3072 3070/3070/3070
f 3048/3048/3048 3046/3046/3046 3072/3072/3072
f 3042/3042/3042 3071/3071/3071 3073/3073/3073
f 3043/3043/3043 3042/3042/3042 3073/3073/3073
f 3046/3046/3046 3074/3074/3074 3072/3072/3072
f 3046/3046/3046 3045/3045/3045 3074/3074/3074
f 3043/3043/3043 3073/3073/3073 3075/3075/3075
f 3044/3044/3044 3043/3043/3043 3075/3075/3075
f 3045/3045/3045 3044/3044/3044 3076/3076/3076
f 3045/3045/3045 3076/3076/3076 3074/3074/3074
f 3044/3044/3044 3075/3075/3075 3076/3076/3076
f 3071/3071/3071 3069/3069/3069 3077/3077/3077
f 3073/3073/3073 3071/3071/3071 3078/3078/3078
f 3071/3071/3071 3077/3077/3077 3078/3078/3078
f 3075/3075/3075 3073/3073/3073 3079/3079/3079
f 3073/3073/3073 3078/3078/3078 3079/3079/3079
f 3076/3076/3076 3075/3075/3075 3080/3080/3080
f 3075/3075/3075 3079/3079/3079 3080/3080/3080
f 3074/3074/3074 3076/3076/3076 3081/3081/3081
f 3076/3076/3076 3080/3080/3080 3081/3081/3081
f 3072/3072/3072 3074/3074/3074 3082/3082/3082
f 3074/3074/3074 3081/3081/3081 3082/3082/3082
f 3069/3069/3069 3083/3083/3083 3077/3077/3077
f 3069/3069/3069 3067/3067/3067 3083/3083/3083
f 3072/3072/3072 3082/3082/3082 3084/3084/3084
f 3070/3070/3070 3072/3072/3072 3084/3084/3084
f 3067/3067/3067 3085/3085/3085 3083/3083/3083
f 3067/3067/3067 3065/3065/3065 3085/3085/3085
f 3070/3070/3070 3084/3084/3084 3086/3086/3086
f 3068/3068/3068 3070/3070/3070 3086/3086/3086
f 3065/3065/3065 3087/3087/3087 3085/3085/3085
f 3065/3065/3065 3059/3059/3059 3087/3087/3087
f 3068/3068/3068 3086/3086/3086 3088/3088/3088
f 3066/3066/3066 3068/3068/3068 3088/3088/3088
f 3059/3059/3059 3089/3089/3089 3087/3087/3087
f 3059/3059/3059 3060/3060/3060 3089/3089/3089
f 3066/3066/3066 3088/3088/3088 3090/3090/3090
f 3064/3064/3064 3066/3066/3066 3090/3090/3090
f 3060/3060/3060 3091/3091/3091 3089/3089/3089
f 3060/3060/3060 3061/3061/3061 3091/3091/3091
f 3064/3064/3064 3090/3090/3090 3092/3092/3092
f 3063/3063/3063 3064/3064/3064 3092/3092/3092
f 3061/3061/3061 3093/3093/3093 3091/3091/3091
f 3061/3061/3061 3062/3062/3062 3093/3093/3093
f 3062/3062/3062 3063/3063/3063 3094/3094/3094
f 3063/3063/3063 3092/3092/3092 3094/3094/3094
f 3062/3062/3062 3094/3094/3094 3093/3093/3093
f 3087/3087/3087 3089/3089/3089 3095/3095/3095
f 3089/3089/3089 3096/3096/3096 3095/3095/3095
f 3089/3089/3089 3091/3091/3091 3096/3096/3096
f 3087/3087/3087 3095/3095/3095 3097/3097/3097
f 3091/3091/3091 3098/3098/3098 3096/3096/3096
f 3091/3091/3091 3093/3093/3093 3098/3098/3098
f 3085/3085/3085 3087/3087/3087 3097/3097/3097
f 3093/3093/3093 3099/3099/3099 3098/3098/3098
f 3093/3093/3093 3094/3094/3094 3099/3099/3099
f 3085/3085/3085 3097/3097/3097 3100/3100/3100
f 3094/3094/3094 3101/3101/3101 3099/3099/3099
f 3094/3094/3094 3092/3092/3092 3101/3101/3101
f 3083/3083/3083 3085/3085/3085 3100/3100/3100
f 3092/3092/3092 3102/3102/3102 3101/3101/3101
f 3083/3083/3083 3100/3100/3100 3103/3103/3103
f 3092/3092/3092 3090/3090/3090 3102/3102/3102
f 3077/3077/3077 3083/3083/3083 3103/3103/3103
f 3090/3090/3090 3104/3104/3104 3102/3102/3102
f 3077/3077/3077 3103/3103/3103 3105/3105/3105
f 3090/3090/3090 3088/3088/3088 3104/3104/3104
f 3078/3078/3078 3077/3077/3077 3105/3105/3105
f 3088/3088/3088 3106/3106/3106 3104/3104/3104
f 3078/3078/3078 3105/3105/3105 3107/3107/3107
f 3088/3088/3088 3086/3086/3086 3106/3106/3106
f 3079/3079/3079 3078/3078/3078 3107/3107/3107
f 3086/3086/3086 3108/3108/3108 3106/3106/3106
f 3079/3079/3079 3107/3107/3107 3109/3109/3109
f 3086/3086/3086 3084/3084/3084 3108/3108/3108
f 3080/3080/3080 3079/3079/3079 3109/3109/3109
f 3084/3084/3084 3110/3110/3110 3108/3108/3108
f 3080/3080/3080 3109/3109/3109 3111/3111/3111
f 3084/3084/3084 3082/3082/3082 3110/3110/3110
f 3081/3081/3081 3080/3080/3080 3111/3111/3111
f 3082/3082/3082 3112/3112/3112 3110/3110/3110
f 3081/3081/3081 3111/3111/3111 3112/3112/3112
f 3082/3082/3082 3081/3081/3081 3112/3112/3112
f 3115/3115/3115 3114/3114/3114 3113/3113/3113
f 3116/3116/3116 3115/3115/3115 3113/3113/3113
f 3115/3115/3115 3117/3117/3117 3114/3114/3114
f 3116/3116/3116 3113/3113/3113 3118/3118/3118
f 3119/3119/3119 3116/3116/3116 3118/3118/3118
f 3117/3117/3117 3120/3120/3120 3114/3114/3114
f 3117/3117/3117 3121/3121/3121 3120/3120/3120
f 3119/3119/3119 3118/3118/3118 3122/3122/3122
f 3123/3123/3123 3119/3119/3119 3122/3122/3122
f 3121/3121/3121 3124/3124/3124 3120/3120/3120
f 3121/3121/3121 3125/3125/3125 3124/3124/3124
f 3123/3123/3123 3122/3122/3122 3126/3126/3126
f 3127/3127/3127 3123/3123/3123 3126/3126/3126
f 3125/3125/3125 3128/3128/3128 3124/3124/3124
f 3125/3125/3125 3129/3129/3129 3128/3128/3128
f 3127/3127/3127 3126/3126/3126 3130/3130/3130
f 3131/3131/3131 3127/3127/3127 3130/3130/3130
f 3129/3129/3129 3132/3132/3132 3128/3128/3128
f 3129/3129/3129 3133/3133/3133 3132/3132/3132
f 3131/3131/3131 3130/3130/3130 3134/3134/3134
f 3135/3135/3135 3131/3131/3131 3134/3134/3134
f 3133/3133/3133 3136/3136/3136 3132/3132/3132
f 3133/3133/3133 3137/3137/3137 3136/3136/3136
f 3135/3135/3135 3134/3134/3134 3138/3138/3138
f 3139/3139/3139 3135/3135/3135 3138/3138/3138
f 3137/3137/3137 3140/3140/3140 3136/3136/3136
f 3137/3137/3137 3141/3141/3141 3140/3140/3140
f 3139/3139/3139 3138/3138/3138 3142/3142/3142
f 3143/3143/3143 3139/3139/3139 3142/3142/3142
f 3141/3141/3141 3144/3144/3144 3140/3140/3140
f 3141/3141/3141 3145/3145/3145 3144/3144/3144
f 3143/3143/3143 3142/3142/3142 3146/3146/3146
f 3147/3147/3147 3143/3143/3143 3146/3146/3146
f 3145/3145/3145 3147/3147/3147 3148/3148/3148
f 3145/3145/3145 3148/3148/3148 3144/3144/3144
f 3147/3147/3147 3146/3146/3146 3148/3148/3148
f 3138/3138/3138 3134/3134/3134 3149/3149/3149
f 3142/3142/3142 3138/3138/3138 3150/3150/3150
f 3138/3138/3138 3149/3149/3149 3150/3150/3150
f 3146/3146/3146 3142/3142/3142 3151/3151/3151
f 3142/3142/3142 3150/3150/3150 3151/3151/3151
f 3148/3148/3148 3146/3146/3146 3152/3152/3152
f 3146/3146/3146 3151/3151/3151 3152/3152/3152
f 3144/3144/3144 3148/3148/3148 3153/3153/3153
f 3148/3148/3148 3152/3152/3152 3153/3153/3153
f 3140/3140/3140 3144/3144/3144 3154/3154/3154
f 3144/3144/3144 3153/3153/3153 3154/3154/3154
f 3134/3134/3134 3155/3155/3155 3149/3149/3149
f 3134/3134/3134 3130/3130/3130 3155/3155/3155
f 3140/3140/3140 3154/3154/3154 3156/3156/3156
f 3136/3136/3136 3140/3140/3140 3156/3156/3156
f 3130/3130/3130 3157/3157/3157 3155/3155/3155
f 3130/3130/3130 3126/3126/3126 3157/3157/3157
f 3136/3136/3136 3156/3156/3156 3158/3158/3158
f 3132/3132/3132 3136/3136/3136 3158/3158/3158
f 3126/3126/3126 3159/3159/3159 3157/3157/3157
f 3126/3126/3126 3122/3122/3122 3159/3159/3159
f 3132/3132/3132 3158/3158/3158 3160/3160/3160
f 3128/3128/3128 3132/3132/3132 3160/3160/3160
f 3122/3122/3122 3161/3161/3161 3159/3159/3159
f 3122/3122/3122 3118/3118/3118 3161/3161/3161
f 3128/3128/3128 3160/3160/3160 3162/3162/3162
f 3124/3124/3124 3128/3128/3128 3162/3162/3162
f 3118/3118/3118 3163/3163/3163 3161/3161/3161
f 3118/3118/3118 3113/3113/3113 3163/3163/3163
f 3124/3124/3124 3162/3162/3162 3164/3164/3164
f 3120/3120/3120 3124/3124/3124 3164/3164/3164
f 3113/3113/3113 3165/3165/3165 3163/3163/3163
f 3113/3113/3113 3114/3114/3114 3165/3165/3165
f 3114/3114/3114 3120/3120/3120 3166/3166/3166
f 3120/3120/3120 3164/3164/3164 3166/3166/3166
f 3114/3114/3114 3166/3166/3166 3165/3165/3165
f 3159/3159/3159 3161/3161/3161 3167/3167/3167
f 3161/3161/3161 3168/3168/3168 3167/3167/3167
f 3161/3161/3161 3163/3163/3163 3168/3168/3168
f 3159/3159/3159 3167/3167/3167 3169/3169/3169
f 3163/3163/3163 3170/3170/3170 3168/3168/3168
f 3163/3163/3163 3165/3165/3165 3170/3170/3170
f 3157/3157/3157 3159/3159/3159 3169/3169/3169
f 3165/3165/3165 3171/3171/3171 3170/3170/3170
f 3165/3165/3165 3166/3166/3166 3171/3171/3171
f 3157/3157/3157 3169/3169/3169 3172/3172/3172
f 3166/3166/3166 3173/3173/3173 3171/3171/3171
f 3166/3166/3166 3164/3164/3164 3173/3173/3173
f 3155/3155/3155 3157/3157/3157 3172/3172/3172
f 3164/3164/3164 3174/3174/3174 3173/3173/3173
f 3155/3155/3155 3172/3172/3172 3175/3175/3175
f 3164/3164/3164 3162/3162/3162 3174/3174/3174
f 3149/3149/3149 3155/3155/3155 3175/3175/3175
f 3162/3162/3162 3176/3176/3176 3174/3174/3174
f 3149/3149/3149 3175/3175/3175 3177/3177/3177
f 3162/3162/3162 3160/3160/3160 3176/3176/3176
f 3150/3150/3150 3149/3149/3149 3177/3177/3177
f 3160/3160/3160 3178/3178/3178 3176/3176/3176
f 3150/3150/3150 3177/3177/3177 3179/3179/3179
f 3160/3160/3160 3158/3158/3158 3178/3178/3178
f 3151/3151/3151 3150/3150/3150 3179/3179/3179
f 3158/3158/3158 3180/3180/3180 3178/3178/3178
f 3151/3151/3151 3179/3179/3179 3181/3181/3181
f 3158/3158/3158 3156/3156/3156 3180/3180/3180
f 3152/3152/3152 3151/3151/3151 3181/3181/3181
f 3156/3156/3156 3182/3182/3182 3180/3180/3180
f 3152/3152/3152 3181/3181/3181 3183/3183/3183
f 3156/3156/3156 3154/3154/3154 3182/3182/3182
f 3153/3153/3153 3152/3152/3152 3183/3183/3183
f 3154/3154/3154 3184/3184/3184 3182/3182/3182
f 3153/3153/3153 3183/3183/3183 3184/3184/3184
f 3154/3154/3154 3153/3153/3153 3184/3184/3184
f 3187/3187/3187 3186/3186/3186 3185/3185/3185
f 3188/3188/3188 3187/3187/3187 3185/3185/3185
f 3187/3187/3187 3189/3189/3189 3186/3186/3186
f 3188/3188/3188 3185/3185/3185 3190/3190/3190
f 3189/3189/3189 3191/3191/3191 3186/3186/3186
f 3192/3192/3192 3188/3188/3188 3190/3190/3190
f 3189/3189/3189 3193/3193/3193 3191/3191/3191
f 3192/3192/3192 3190/3190/3190 3194/3194/3194
f 3193/3193/3193 3195/3195/3195 3191/3191/3191
f 3196/3196/3196 3192/3192/3192 3194/3194/3194
f 3193/3193/3193 3197/3197/3197 3195/3195/3195
f 3196/3196/3196 3194/3194/3194 3198/3198/3198
f 3197/3197/3197 3199/3199/3199 3195/3195/3195
f 3200/3200/3200 3196/3196/3196 3198/3198/3198
f 3197/3197/3197 3201/3201/3201 3199/3199/3199
f 3200/3200/3200 3198/3198/3198 3202/3202/3202
f 3201/3201/3201 3203/3203/3203 3199/3199/3199
f 3204/3204/3204 3200/3200/3200 3202/3202/3202
f 3201/3201/3201 3205/3205/3205 3203/3203/3203
f 3204/3204/3204 3202/3202/3202 3206/3206/3206
f 3205/3205/3205 3207/3207/3207 3203/3203/3203
f 3208/3208/3208 3204/3204/3204 3206/3206/3206
f 3205/3205/3205 3209/3209/3209 3207/3207/3207
f 3208/3208/3208 3206/3206/3206 3210/3210/3210
f 3209/3209/3209 3211/3211/3211 3207/3207/3207
f 3212/3212/3212 3208/3208/3208 3210/3210/3210
f 3209/3209/3209 3213/3213/3213 3211/3211/3211
f 3212/3212/3212 3210/3210/3210 3214/3214/3214
f 3213/3213/3213 3215/3215/3215 3211/3211/3211
f 3216/3216/3216 3212/3212/3212 3214/3214/3214
f 3213/3213/3213 3217/3217/3217 3215/3215/3215
f 3216/3216/3216 3214/3214/3214 3218/3218/3218
f 3217/3217/3217 3219/3219/3219 3215/3215/3215
f 3220/3220/3220 3216/3216/3216 3218/3218/3218
f 3220/3220/3220 3218/3218/3218 3219/3219/3219
f 3217/3217/3217 3220/3220/3220 3219/3219/3219
f 3223/3223/3223 3222/3222/3222 3221/3221/3221
f 3224/3224/3224 3223/3223/3223 3221/3221/3221
f 3223/3223/3223 3225/3225/3225 3222/3222/3222
f 3224/3224/3224 3221/3221/3221 3226/3226/3226
f 3225/3225/3225 3227/3227/3227 3222/3222/3222
f 3228/3228/3228 3224/3224/3224 3226/3226/3226
f 3225/3225/3225 3229/3229/3229 3227/3227/3227
f 3228/3228/3228 3226/3226/3226 3230/3230/3230
f 3229/3229/3229 3231/3231/3231 3227/3227/3227
f 3232/3232/3232 3228/3228/3228 3230/3230/3230
f 3229/3229/3229 3233/3233/3233 3231/3231/3231
f 3232/3232/3232 3230/3230/3230 3234/3234/3234
f 3233/3233/3233 3235/3235/3235 3231/3231/3231
f 3236/3236/3236 3232/3232/3232 3234/3234/3234
f 3233/3233/3233 3237/3237/3237 3235/3235/3235
f 3236/3236/3236 3234/3234/3234 3238/3238/3238
f 3237/3237/3237 3239/3239/3239 3235/3235/3235
f 3240/3240/3240 3236/3236/3236 3238/3238/3238
f 3237/3237/3237 3241/3241/3241 3239/3239/3239
f 3240/3240/3240 3238/3238/3238 3242/3242/3242
f 3241/3241/3241 3243/3243/3243 3239/3239/3239
f 3244/3244/3244 3240/3240/3240 3242/3242/3242
f 3241/3241/3241 3245/3245/3245 3243/3243/3243
f 3244/3244/3244 3242/3242/3242 3246/3246/3246
f 3245/3245/3245 3247/3247/3247 3243/3243/3243
f 3248/3248/3248 3244/3244/3244 3246/3246/3246
f 3245/3245/3245 3249/3249/3249 3247/3247/3247
f 3248/3248/3248 3246/3246/3246 3250/3250/3250
f 3249/3249/3249 3251/3251/3251 3247/3247/3247
f 3252/3252/3252 3248/3248/3248 3250/3250/3250
f 3249/3249/3249 3253/3253/3253 3251/3251/3251
f 3252/3252/3252 3250/3250/3250 3254/3254/3254
f 3253/3253/3253 3255/3255/3255 3251/3251/3251
f 3256/3256/3256 3252/3252/3252 3254/3254/3254
f 3256/3256/3256 3254/3254/3254 3255/3255/3255
f 3253/3253/3253 3256/3256/3256 3255/3255/3255
f 3259/3259/3259 3258/3258/3258 3257/3257/3257
f 3260/3260/3260 3259/3259/3259 3257/3257/3257
f 3259/3259/3259 3261/3261/3261 3258/3258/3258
f 3260/3260/3260 3257/3257/3257 3262/3262/3262
f 3263/3263/3263 3260/3260/3260 3262/3262/3262
f 3261/3261/3261 3264/3264/3264 3258/3258/3258
f 3261/3261/3261 3265/3265/3265 3264/3264/3264
f 3263/3263/3263 3262/3262/3262 3266/3266/3266
f 3267/3267/3267 3263/3263/3263 3266/3266/3266
f 3265/3265/3265 3268/3268/3268 3264/3264/3264
f 3265/3265/3265 3269/3269/3269 3268/3268/3268
f 3267/3267/3267 3266/3266/3266 3270/3270/3270
f 3271/3271/3271 3267/3267/3267 3270/3270/3270
f 3269/3269/3269 3272/3272/3272 3268/3268/3268
f 3269/3269/3269 3273/3273/3273 3272/3272/3272
f 3271/3271/3271 3270/3270/3270 3274/3274/3274
f 3275/3275/3275 3271/3271/3271 3274/3274/3274
f 3273/3273/3273 3276/3276/3276 3272/3272/3272
f 3273/3273/3273 3277/3277/3277 3276/3276/3276
f 3275/3275/3275 3274/3274/3274 3278/3278/3278
f 3279/3279/3279 3275/3275/3275 3278/3278/3278
f 3277/3277/3277 3280/3280/3280 3276/3276/3276
f 3277/3277/3277 3281/3281/3281 3280/3280/3280
f 3279/3279/3279 3278/3278/3278 3282/3282/3282
f 3283/3283/3283 3279/3279/3279 3282/3282/3282
f 3281/3281/3281 3284/3284/3284 3280/3280/3280
f 3281/3281/3281 3285/3285/3285 3284/3284/3284
f 3283/3283/3283 3282/3282/3282 3286/3286/3286
f 3287/3287/3287 3283/3283/3283 3286/3286/3286
f 3285/3285/3285 3288/3288/3288 3284/3284/3284
f 3285/3285/3285 3289/3289/3289 3288/3288/3288
f 3287/3287/3287 3286/3286/3286 3290/3290/3290
f 3291/3291/3291 3287/3287/3287 3290/3290/3290
f 3289/3289/3289 3291/3291/3291 3292/3292/3292
f 3289/3289/3289 3292/3292/3292 3288/3288/3288
f 3291/3291/3291 3290/3290/3290 3292/3292/3292
f 3282/3282/3282 3278/3278/3278 3293/3293/3293
f 3286/3286/3286 3282/3282/3282 3294/3294/3294
f 3282/3282/3282 3293/3293/3293 3294/3294/3294
f 3290/3290/3290 3286/3286/3286 3295/3295/3295
f 3286/3286/3286 3294/3294/3294 3295/3295/3295
f 3292/3292/3292 3290/3290/3290 3296/3296/3296
f 3290/3290/3290 3295/3295/3295 3296/3296/3296
f 3288/3288/3288 3292/3292/3292 3297/3297/3297
f 3292/3292/3292 3296/3296/3296 3297/3297/3297
f 3284/3284/3284 3288/3288/3288 3298/3298/3298
f 3288/3288/3288 3297/3297/3297 3298/3298/3298
f 3278/3278/3278 3299/3299/3299 3293/3293/3293
f 3278/3278/3278 3274/3274/3274 3299/3299/3299
f 3284/3284/3284 3298/3298/3298 3300/3300/3300
f 3280/3280/3280 3284/3284/3284 3300/3300/3300
f 3274/3274/3274 3301/3301/3301 3299/3299/3299
f 3274/3274/3274 3270/3270/3270 3301/3301/3301
f 3280/3280/3280 3300/3300/3300 3302/3302/3302
f 3276/3276/3276 3280/3280/3280 3302/3302/3302
f 3270/3270/3270 3303/3303/3303 3301/3301/3301
f 3270/3270/3270 3266/3266/3266 3303/3303/3303
f 3276/3276/3276 3302/3302/3302 3304/3304/3304
f 3272/3272/3272 3276/3276/3276 3304/3304/3304
f 3266/3266/3266 3305/3305/3305 3303/3303/3303
f 3266/3266/3266 3262/3262/3262 3305/3305/3305
f 3272/3272/3272 3304/3304/3304 3306/3306/3306
f 3268/3268/3268 3272/3272/3272 3306/3306/3306
f 3262/3262/3262 3307/3307/3307 3305/3305/3305
f 3262/3262/3262 3257/3257/3257 3307/3307/3307
f 3268/3268/3268 3306/3306/3306 3308/3308/3308
f 3264/3264/3264 3268/3268/3268 3308/3308/3308
f 3257/3257/3257 3309/3309/3309 3307/3307/3307
f 3257/3257/3257 3258/3258/3258 3309/3309/3309
f 3258/3258/3258 3264/3264/3264 3310/3310/3310
f 3264/3264/3264 3308/3308/3308 3310/3310/3310
f 3258/3258/3258 3310/3310/3310 3309/3309/3309
f 3303/3303/3303 3305/3305/3305 3311/3311/3311
f 3305/3305/3305 3312/3312/3312 3311/3311/3311
f 3305/3305/3305 3307/3307/3307 3312/3312/3312
f 3303/3303/3303 3311/3311/3311 3313/3313/3313
f 3307/3307/3307 3314/3314/3314 3312/3312/3312
f 3307/3307/3307 3309/3309/3309 3314/3314/3314
f 3301/3301/3301 3303/3303/3303 3313/3313/3313
f 3309/3309/3309 3315/3315/3315 3314/3314/3314
f 3309/3309/3309 3310/3310/3310 3315/3315/3315
f 3301/3301/3301 3313/3313/3313 3316/3316/3316
f 3310/3310/3310 3317/3317/3317 3315/3315/3315
f 3310/3310/3310 3308/3308/3308 3317/3317/3317
f 3299/3299/3299 3301/3301/3301 3316/3316/3316
f 3308/3308/3308 3318/3318/3318 3317/3317/3317
f 3299/3299/3299 3316/3316/3316 3319/3319/3319
f 3308/3308/3308 3306/3306/3306 3318/3318/3318
f 3293/3293/3293 3299/3299/3299 3319/3319/3319
f 3306/3306/3306 3320/3320/3320 3318/3318/3318
f 3293/3293/3293 3319/3319/3319 3321/3321/3321
f 3306/3306/3306 3304/3304/3304 3320/3320/3320
f 3294/3294/3294 3293/3293/3293 3321/3321/3321
f 3304/3304/3304 3322/3322/3322 3320/3320/3320
f 3294/3294/3294 3321/3321/3321 3323/3323/3323
f 3304/3304/3304 3302/3302/3302 3322/3322/3322
f 3295/3295/3295 3294/3294/3294 3323/3323/3323
f 3302/3302/3302 3324/3324/3324 3322/3322/3322
f 3295/3295/3295 3323/3323/3323 3325/3325/3325
f 3302/3302/3302 3300/3300/3300 3324/3324/3324
f 3296/3296/3296 3295/3295/3295 3325/3325/3325
f 3300/3300/3300 3326/3326/3326 3324/3324/3324
f 3296/3296/3296 3325/3325/3325 3327/3327/3327
f 3300/3300/3300 3298/3298/3298 3326/3326/3326
f 3297/3297/3297 3296/3296/3296 3327/3327/3327
f 3298/3298/3298 3328/3328/3328 3326/3326/3326
f 3297/3297/3297 3327/3327/3327 3328/3328/3328
f 3298/3298/3298 3297/3297/3297 3328/3328/3328
f 3331/3331/3331 3330/3330/3330 3329/3329/3329
f 3332/3332/3332 3331/3331/3331 3329/3329/3329
f 3331/3331/3331 3333/3333/3333 3330/3330/3330
f 3332/3332/3332 3329/3329/3329 3334/3334/3334
f 3335/3335/3335 3332/3332/3332 3334/3334/3334
f 3333/3333/3333 3336/3336/3336 3330/3330/3330
f 3333/3333/3333 3337/3337/3337 3336/3336/3336
f 3335/3335/3335 3334/3334/3334 3338/3338/3338
f 3339/3339/3339 3335/3335/3335 3338/3338/3338
f 3337/3337/3337 3340/3340/3340 3336/3336/3336
f 3337/3337/3337 3341/3341/3341 3340/3340/3340
f 3339/3339/3339 3338/3338/3338 3342/3342/3342
f 3343/3343/3343 3339/3339/3339 3342/3342/3342
f 3341/3341/3341 3344/3344/3344 3340/3340/3340
f 3341/3341/3341 3345/3345/3345 3344/3344/3344
f 3343/3343/3343 3342/3342/3342 3346/3346/3346
f 3347/3347/3347 3343/3343/3343 3346/3346/3346
f 3345/3345/3345 3348/3348/3348 3344/3344/3344
f 3345/3345/3345 3349/3349/3349 3348/3348/3348
f 3347/3347/3347 3346/3346/3346 3350/3350/3350
f 3351/3351/3351 3347/3347/3347 3350/3350/3350
f 3349/3349/3349 3352/3352/3352 3348/3348/3348
f 3349/3349/3349 3353/3353/3353 3352/3352/3352
f 3351/3351/3351 3350/3350/3350 3354/3354/3354
f 3355/3355/3355 3351/3351/3351 3354/3354/3354
f 3353/3353/3353 3356/3356/3356 3352/3352/3352
f 3353/3353/3353 3357/3357/3357 3356/3356/3356
f 3355/3355/3355 3354/3354/3354 3358/3358/3358
f 3359/3359/3359 3355/3355/3355 3358/3358/3358
f 3357/3357/3357 3360/3360/3360 3356/3356/3356
f 3357/3357/3357 3361/3361/3361 3360/3360/3360
f 3359/3359/3359 3358/3358/3358 3362/3362/3362
f 3363/3363/3363 3359/3359/3359 3362/3362/3362
f 3361/3361/3361 3363/3363/3363 3364/3364/3364
f 3361/3361/3361 3364/3364/3364 3360/3360/3360
f 3363/3363/3363 3362/3362/3362 3364/3364/3364
f 3354/3354/3354 3350/3350/3350 3365/3365/3365
f 3358/3358/3358 3354/3354/3354 3366/3366/3366
f 3354/3354/3354 3365/3365/3365 3366/3366/3366
f 3362/3362/3362 3358/3358/3358 3367/3367/3367
f 3358/3358/3358 3366/3366/3366 3367/3367/3367
f 3364/3364/3364 3362/3362/3362 3368/3368/3368
f 3362/3362/3362 3367/3367/3367 3368/3368/3368
f 3360/3360/3360 3364/3364/3364 3369/3369/3369
f 3364/3364/3364 3368/3368/3368 3369/3369/3369
f 3356/3356/3356 3360/3360/3360 3370/3370/3370
f 3360/3360/3360 3369/3369/3369 3370/3370/3370
f 3350/3350/3350 3371/3371/3371 3365/3365/3365
f 3350/3350/3350 3346/3346/3346 3371/3371/3371
f 3356/3356/3356 3370/3370/3370 3372/3372/3372
f 3352/3352/3352 3356/3356/3356 3372/3372/3372
f 3346/3346/3346 3373/3373/3373 3371/3371/3371
f 3346/3346/3346 3342/3342/3342 3373/3373/3373
f 3352/3352/3352 3372/3372/3372 3374/3374/3374
f 3348/3348/3348 3352/3352/3352 3374/3374/3374
f 3342/3342/3342 3375/3375/3375 3373/3373/3373
f 3342/3342/3342 3338/3338/3338 3375/3375/3375
f 3348/3348/3348 3374/3374/3374 3376/3376/3376
f 3344/3344/3344 3348/3348/3348 3376/3376/3376
f 3338/3338/3338 3377/3377/3377 3375/3375/3375
f 3338/3338/3338 3334/3334/3334 3377/3377/3377
f 3344/3344/3344 3376/3376/3376 3378/3378/3378
f 3340/3340/3340 3344/3344/3344 3378/3378/3378
f 3334/3334/3334 3379/3379/3379 3377/3377/3377
f 3334/3334/3334 3329/3329/3329 3379/3379/3379
f 3340/3340/3340 3378/3378/3378 3380/3380/3380
f 3336/3336/3336 3340/3340/3340 3380/3380/3380
f 3329/3329/3329 3381/3381/3381 3379/3379/3379
f 3329/3329/3329 3330/3330/3330 3381/3381/3381
f 3330/3330/3330 3336/3336/3336 3382/3382/3382
f 3336/3336/3336 3380/3380/3380 3382/3382/3382
f 3330/3330/3330 3382/3382/3382 3381/3381/3381
f 3375/3375/3375 3377/3377/3377 3383/3383/3383
f 3377/3377/3377 3379/3379/3379 3384/3384/3384
f 3377/3377/3377 3384/3384/3384 3383/3383/3383
f 3379/3379/3379 3381/3381/3381 3385/3385/3385
f 3379/3379/3379 3385/3385/3385 3384/3384/3384
f 3381/3381/3381 3382/3382/3382 3386/3386/3386
f 3381/3381/3381 3386/3386/3386 3385/3385/3385
f 3382/3382/3382 3380/3380/3380 3387/3387/3387
f 3382/3382/3382 3387/3387/3387 3386/3386/3386
f 3380/3380/3380 3378/3378/3378 3388/3388/3388
f 3380/3380/3380 3388/3388/3388 3387/3387/3387
f 3375/3375/3375 3383/3383/3383 3389/3389/3389
f 3373/3373/3373 3375/3375/3375 3389/3389/3389
f 3378/3378/3378 3390/3390/3390 3388/3388/3388
f 3378/3378/3378 3376/3376/3376 3390/3390/3390
f 3373/3373/3373 3389/3389/3389 3391/3391/3391
f 3371/3371/3371 3373/3373/3373 3391/3391/3391
f 3376/3376/3376 3392/3392/3392 3390/3390/3390
f 3376/3376/3376 3374/3374/3374 3392/3392/3392
f 3371/3371/3371 3391/3391/3391 3393/3393/3393
f 3365/3365/3365 3371/3371/3371 3393/3393/3393
f 3374/3374/3374 3394/3394/3394 3392/3392/3392
f 3374/3374/3374 3372/3372/3372 3394/3394/3394
f 3365/3365/3365 3393/3393/3393 3395/3395/3395
f 3366/3366/3366 3365/3365/3365 3395/3395/3395
f 3372/3372/3372 3396/3396/3396 3394/3394/3394
f 3372/3372/3372 3370/3370/3370 3396/3396/3396
f 3366/3366/3366 3395/3395/3395 3397/3397/3397
f 3367/3367/3367 3366/3366/3366 3397/3397/3397
f 3370/3370/3370 3398/3398/3398 3396/3396/3396
f 3370/3370/3370 3369/3369/3369 3398/3398/3398
f 3367/3367/3367 3397/3397/3397 3399/3399/3399
f 3368/3368/3368 3367/3367/3367 3399/3399/3399
f 3369/3369/3369 3368/3368/3368 3400/3400/3400
f 3369/3369/3369 3400/3400/3400 3398/3398/3398
f 3368/3368/3368 3399/3399/3399 3400/3400/3400
f 3395/3395/3395 3393/3393/3393 3401/3401/3401
f 3397/3397/3397 3395/3395/3395 3402/3402/3402
f 3395/3395/3395 3401/3401/3401 3402/3402/3402
f 3399/3399/3399 3397/3397/3397 3403/3403/3403
f 3397/3397/3397 3402/3402/3402 3403/3403/3403
f 3400/3400/3400 3399/3399/3399 3404/3404/3404
f 3399/3399/3399 3403/3403/3403 3404/3404/3404
f 3398/3398/3398 3400/3400/3400 3405/3405/3405
f 3400/3400/3400 3404/3404/3404 3405/3405/3405
f 3396/3396/3396 3398/3398/3398 3406/3406/3406
f 3398/3398/3398 3405/3405/3405 3406/3406/3406
f 3393/3393/3393 3407/3407/3407 3401/3401/3401
f 3393/3393/3393 3391/3391/3391 3407/3407/3407
f 3396/3396/3396 3406/3406/3406 3408/3408/3408
f 3394/3394/3394 3396/3396/3396 3408/3408/3408
f 3391/3391/3391 3409/3409/3409 3407/3407/3407
f 3391/3391/3391 3389/3389/3389 3409/3409/3409
f 3394/3394/3394 3408/3408/3408 3410/3410/3410
f 3392/3392/3392 3394/3394/3394 3410/3410/3410
f 3389/3389/3389 3411/3411/3411 3409/3409/3409
f 3389/3389/3389 3383/3383/3383 3411/3411/3411
f 3392/3392/3392 3410/3410/3410 3412/3412/3412
f 3390/3390/3390 3392/3392/3392 3412/3412/3412
f 3383/3383/3383 3413/3413/3413 3411/3411/3411
f 3383/3383/3383 3384/3384/3384 3413/3413/3413
f 3390/3390/3390 3412/3412/3412 3414/3414/3414
f 3388/3388/3388 3390/3390/3390 3414/3414/3414
f 3384/3384/3384 3415/3415/3415 3413/3413/3413
f 3384/3384/3384 3385/3385/3385 3415/3415/3415
f 3388/3388/3388 3414/3414/3414 3416/3416/3416
f 3387/3387/3387 3388/3388/3388 3416/3416/3416
f 3385/3385/3385 3417/3417/3417 3415/3415/3415
f 3385/3385/3385 3386/3386/3386 3417/3417/3417
f 3386/3386/3386 3387/3387/3387 3418/3418/3418
f 3387/3387/3387 3416/3416/3416 3418/3418/3418
f 3386/3386/3386 3418/3418/3418 3417/3417/3417
f 3411/3411/3411 3413/3413/3413 3419/3419/3419
f 3413/3413/3413 3415/3415/3415 3420/3420/3420
f 3413/3413/3413 3420/3420/3420 3419/3419/3419
f 3415/3415/3415 3417/3417/3417 3421/3421/3421
f 3415/3415/3415 3421/3421/3421 3420/3420/3420
f 3417/3417/3417 3418/3418/3418 3422/3422/3422
f 3417/3417/3417 3422/3422/3422 3421/3421/3421
f 3418/3418/3418 3416/3416/3416 3423/3423/3423
f 3418/3418/3418 3423/3423/3423 3422/3422/3422
f 3416/3416/3416 3414/3414/3414 3424/3424/3424
f 3416/3416/3416 3424/3424/3424 3423/3423/3423
f 3411/3411/3411 3419/3419/3419 3425/3425/3425
f 3409/3409/3409 3411/3411/3411 3425/3425/3425
f 3414/3414/3414 3426/3426/3426 3424/3424/3424
f 3414/3414/3414 3412/3412/3412 3426/3426/3426
f 3409/3409/3409 3425/3425/3425 3427/3427/3427
f 3407/3407/3407 3409/3409/3409 3427/3427/3427
f 3412/3412/3412 3428/3428/3428 3426/3426/3426
f 3412/3412/3412 3410/3410/3410 3428/3428/3428
f 3407/3407/3407 3427/3427/3427 3429/3429/3429
f 3401/3401/3401 3407/3407/3407 3429/3429/3429
f 3410/3410/3410 3430/3430/3430 3428/3428/3428
f 3410/3410/3410 3408/3408/3408 3430/3430/3430
f 3401/3401/3401 3429/3429/3429 3431/3431/3431
f 3402/3402/3402 3401/3401/3401 3431/3431/3431
f 3408/3408/3408 3432/3432/3432 3430/3430/3430
f 3408/3408/3408 3406/3406/3406 3432/3432/3432
f 3402/3402/3402 3431/3431/3431 3433/3433/3433
f 3403/3403/3403 3402/3402/3402 3433/3433/3433
f 3406/3406/3406 3434/3434/3434 3432/3432/3432
f 3406/3406/3406 3405/3405/3405 3434/3434/3434
f 3403/3403/3403 3433/3433/3433 3435/3435/3435
f 3404/3404/3404 3403/3403/3403 3435/3435/3435
f 3405/3405/3405 3404/3404/3404 3436/3436/3436
f 3405/3405/3405 3436/3436/3436 3434/3434/3434
f 3404/3404/3404 3435/3435/3435 3436/3436/3436
f 3431/3431/3431 3429/3429/3429 3437/3437/3437
f 3433/3433/3433 3431/3431/3431 3438/3438/3438
f 3431/3431/3431 3437/3437/3437 3438/3438/3438
f 3435/3435/3435 3433/3433/3433 3439/3439/3439
f 3433/3433/3433 3438/3438/3438 3439/3439/3439
f 3436/3436/3436 3435/3435/3435 3440/3440/3440
f 3435/3435/3435 3439/3439/3439 3440/3440/3440
f 3434/3434/3434 3436/3436/3436 3441/3441/3441
f 3436/3436/3436 3440/3440/3440 3441/3441/3441
f 3432/3432/3432 3434/3434/3434 3442/3442/3442
f 3434/3434/3434 3441/3441/3441 3442/3442/3442
f 3429/3429/3429 3443/3443/3443 3437/3437/3437
f 3429/3429/3429 3427/3427/3427 3443/3443/3443
f 3432/3432/3432 3442/3442/3442 3444/3444/3444
f 3430/3430/3430 3432/3432/3432 3444/3444/3444
f 3427/3427/3427 3445/3445/3445 3443/3443/3443
f 3427/3427/3427 3425/3425/3425 3445/3445/3445
f 3430/3430/3430 3444/3444/3444 3446/3446/3446
f 3428/3428/3428 3430/3430/3430 3446/3446/3446
f 3425/3425/3425 3447/3447/3447 3445/3445/3445
f 3425/3425/3425 3419/3419/3419 3447/3447/3447
f 3428/3428/3428 3446/3446/3446 3448/3448/3448
f 3426/3426/3426 3428/3428/3428 3448/3448/3448
f 3419/3419/3419 3449/3449/3449 3447/3447/3447
f 3419/3419/3419 3420/3420/3420 3449/3449/3449
f 3426/3426/3426 3448/3448/3448 3450/3450/3450
f 3424/3424/3424 3426/3426/3426 3450/3450/3450
f 3420/3420/3420 3451/3451/3451 3449/3449/3449
f 3420/3420/3420 3421/3421/3421 3451/3451/3451
f 3424/3424/3424 3450/3450/3450 3452/3452/3452
f 3423/3423/3423 3424/3424/3424 3452/3452/3452
f 3421/3421/3421 3453/3453/3453 3451/3451/3451
f 3421/3421/3421 3422/3422/3422 3453/3453/3453
f 3422/3422/3422 3423/3423/3423 3454/3454/3454
f 3423/3423/3423 3452/3452/3452 3454/3454/3454
f 3422/3422/3422 3454/3454/3454 3453/3453/3453
f 3447/3447/3447 3449/3449/3449 3455/3455/3455
f 3449/3449/3449 3451/3451/3451 3456/3456/3456
f 3449/3449/3449 3456/3456/3456 3455/3455/3455
f 3451/3451/3451 3453/3453/3453 3457/3457/3457
f 3451/3451/3451 3457/3457/3457 3456/3456/3456
f 3453/3453/3453 3454/3454/3454 3458/3458/3458
f 3453/3453/3453 3458/3458/3458 3457/3457/3457
f 3454/3454/3454 3452/3452/3452 3459/3459/3459
f 3454/3454/3454 3459/3459/3459 3458/3458/3458
f 3452/3452/3452 3450/3450/3450 3460/3460/3460
f 3452/3452/3452 3460/3460/3460 3459/3459/3459
f 3447/3447/3447 3455/3455/3455 3461/3461/3461
f 3445/3445/3445 3447/3447/3447 3461/3461/3461
f 3450/3450/3450 3462/3462/3462 3460/3460/3460
f 3450/3450/3450 3448/3448/3448 3462/3462/3462
f 3445/3445/3445 3461/3461/3461 3463/3463/3463
f 3443/3443/3443 3445/3445/3445 3463/3463/3463
f 3448/3448/3448 3464/3464/3464 3462/3462/3462
f 3448/3448/3448 3446/3446/3446 3464/3464/3464
f 3443/3443/3443 3463/3463/3463 3465/3465/3465
f 3437/3437/3437 3443/3443/3443 3465/3465/3465
f 3446/3446/3446 3466/3466/3466 3464/3464/3464
f 3446/3446/3446 3444/3444/3444 3466/3466/3466
f 3437/3437/3437 3465/3465/3465 3467/3467/3467
f 3438/3438/3438 3437/3437/3437 3467/3467/3467
f 3444/3444/3444 3468/3468/3468 3466/3466/3466
f 3444/3444/3444 3442/3442/3442 3468/3468/3468
f 3438/3438/3438 3467/3467/3467 3469/3469/3469
f 3439/3439/3439 3438/3438/3438 3469/3469/3469
f 3442/3442/3442 3470/3470/3470 3468/3468/3468
f 3442/3442/3442 3441/3441/3441 3470/3470/3470
f 3439/3439/3439 3469/3469/3469 3471/3471/3471
f 3440/3440/3440 3439/3439/3439 3471/3471/3471
f 3441/3441/3441 3440/3440/3440 3472/3472/3472
f 3441/3441/3441 3472/3472/3472 3470/3470/3470
f 3440/3440/3440 3471/3471/3471 3472/3472/3472
f 3467/3467/3467 3465/3465/3465 3473/3473/3473
f 3469/3469/3469 3467/3467/3467 3474/3474/3474
f 3467/3467/3467 3473/3473/3473 3474/3474/3474
f 3471/3471/3471 3469/3469/3469 3475/3475/3475
f 3469/3469/3469 3474/3474/3474 3475/3475/3475
f 3472/3472/3472 3471/3471/3471 3476/3476/3476
f 3471/3471/3471 3475/3475/3475 3476/3476/3476
f 3470/3470/3470 3472/3472/3472 3477/3477/3477
f 3472/3472/3472 3476/3476/3476 3477/3477/3477
f 3468/3468/3468 3470/3470/3470 3478/3478/3478
f 3470/3470/3470 3477/3477/3477 3478/3478/3478
f 3465/3465/3465 3479/3479/3479 3473/3473/3473
f 3465/3465/3465 3463/3463/3463 3479/3479/3479
f 3468/3468/3468 3478/3478/3478 3480/3480/3480
f 3466/3466/3466 3468/3468/3468 3480/3480/3480
f 3463/3463/3463 3481/3481/3481 3479/3479/3479
f 3463/3463/3463 3461/3461/3461 3481/3481/3481
f 3466/3466/3466 3480/3480/3480 3482/3482/3482
f 3464/3464/3464 3466/3466/3466 3482/3482/3482
f 3461/3461/3461 3483/3483/3483 3481/3481/3481
f 3461/3461/3461 3455/3455/3455 3483/3483/3483
f 3464/3464/3464 3482/3482/3482 3484/3484/3484
f 3462/3462/3462 3464/3464/3464 3484/3484/3484
f 3455/3455/3455 3485/3485/3485 3483/3483/3483
f 3455/3455/3455 3456/3456/3456 3485/3485/3485
f 3462/3462/3462 3484/3484/3484 3486/3486/3486
f 3460/3460/3460 3462/3462/3462 3486/3486/3486
f 3456/3456/3456 3487/3487/3487 3485/3485/3485
f 3456/3456/3456 3457/3457/3457 3487/3487/3487
f 3460/3460/3460 3486/3486/3486 3488/3488/3488
f 3459/3459/3459 3460/3460/3460 3488/3488/3488
f 3457/3457/3457 3489/3489/3489 3487/3487/3487
f 3457/3457/3457 3458/3458/3458 3489/3489/3489
f 3458/3458/3458 3459/3459/3459 3490/3490/3490
f 3459/3459/3459 3488/3488/3488 3490/3490/3490
f 3458/3458/3458 3490/3490/3490 3489/3489/3489
f 3483/3483/3483 3485/3485/3485 3491/3491/3491
f 3485/3485/3485 3487/3487/3487 3492/3492/3492
f 3485/3485/3485 3492/3492/3492 3491/3491/3491
f 3487/3487/3487 3489/3489/3489 3493/3493/3493
f 3487/3487/3487 3493/3493/3493 3492/3492/3492
f 3489/3489/3489 3490/3490/3490 3494/3494/3494
f 3489/3489/3489 3494/3494/3494 3493/3493/3493
f 3490/3490/3490 3488/3488/3488 3495/3495/3495
f 3490/3490/3490 3495/3495/3495 3494/3494/3494
f 3488/3488/3488 3486/3486/3486 3496/3496/3496
f 3488/3488/3488 3496/3496/3496 3495/3495/3495
f 3483/3483/3483 3491/3491/3491 3497/3497/3497
f 3481/3481/3481 3483/3483/3483 3497/3497/3497
f 3486/3486/3486 3498/3498/3498 3496/3496/3496
f 3486/3486/3486 3484/3484/3484 3498/3498/3498
f 3481/3481/3481 3497/3497/3497 3499/3499/3499
f 3479/3479/3479 3481/3481/3481 3499/3499/3499
f 3484/3484/3484 3500/3500/3500 3498/3498/3498
f 3484/3484/3484 3482/3482/3482 3500/3500/3500
f 3479/3479/3479 3499/3499/3499 3501/3501/3501
f 3473/3473/3473 3479/3479/3479 3501/3501/3501
f 3482/3482/3482 3502/3502/3502 3500/3500/3500
f 3482/3482/3482 3480/3480/3480 3502/3502/3502
f 3473/3473/3473 3501/3501/3501 3503/3503/3503
f 3474/3474/3474 3473/3473/3473 3503/3503/3503
f 3480/3480/3480 3504/3504/3504 3502/3502/3502
f 3480/3480/3480 3478/3478/3478 3504/3504/3504
f 3474/3474/3474 3503/3503/3503 3505/3505/3505
f 3475/3475/3475 3474/3474/3474 3505/3505/3505
f 3478/3478/3478 3506/3506/3506 3504/3504/3504
f 3478/3478/3478 3477/3477/3477 3506/3506/3506
f 3475/3475/3475 3505/3505/3505 3507/3507/3507
f 3476/3476/3476 3475/3475/3475 3507/3507/3507
f 3477/3477/3477 3476/3476/3476 3508/3508/3508
f 3477/3477/3477 3508/3508/3508 3506/3506/3506
f 3476/3476/3476 3507/3507/3507 3508/3508/3508
f 3503/3503/3503 3501/3501/3501 3509/3509/3509
f 3505/3505/3505 3503/3503/3503 3510/3510/3510
f 3503/3503/3503 3509/3509/3509 3510/3510/3510
f 3507/3507/3507 3505/3505/3505 3511/3511/3511
f 3505/3505/3505 3510/3510/3510 3511/3511/3511
f 3508/3508/3508 3507/3507/3507 3512/3512/3512
f 3507/3507/3507 3511/3511/3511 3512/3512/3512
f 3506/3506/3506 3508/3508/3508 3513/3513/3513
f 3508/3508/3508 3512/3512/3512 3513/3513/3513
f 3504/3504/3504 3506/3506/3506 3514/3514/3514
f 3506/3506/3506 3513/3513/3513 3514/3514/3514
f 3501/3501/3501 3515/3515/3515 3509/3509/3509
f 3501/3501/3501 3499/3499/3499 3515/3515/3515
f 3504/3504/3504 3514/3514/3514 3516/3516/3516
f 3502/3502/3502 3504/3504/3504 3516/3516/3516
f 3499/3499/3499 3517/3517/3517 3515/3515/3515
f 3499/3499/3499 3497/3497/3497 3517/3517/3517
f 3502/3502/3502 3516/3516/3516 3518/3518/3518
f 3500/3500/3500 3502/3502/3502 3518/3518/3518
f 3497/3497/3497 3519/3519/3519 3517/3517/3517
f 3497/3497/3497 3491/3491/3491 3519/3519/3519
f 3500/3500/3500 3518/3518/3518 3520/3520/3520
f 3498/3498/3498 3500/3500/3500 3520/3520/3520
f 3491/3491/3491 3521/3521/3521 3519/3519/3519
f 3491/3491/3491 3492/3492/3492 3521/3521/3521
f 3498/3498/3498 3520/3520/3520 3522/3522/3522
f 3496/3496/3496 3498/3498/3498 3522/3522/3522
f 3492/3492/3492 3523/3523/3523 3521/3521/3521
f 3492/3492/3492 3493/3493/3493 3523/3523/3523
f 3496/3496/3496 3522/3522/3522 3524/3524/3524
f 3495/3495/3495 3496/3496/3496 3524/3524/3524
f 3493/3493/3493 3525/3525/3525 3523/3523/3523
f 3493/3493/3493 3494/3494/3494 3525/3525/3525
f 3494/3494/3494 3495/3495/3495 3526/3526/3526
f 3495/3495/3495 3524/3524/3524 3526/3526/3526
f 3494/3494/3494 3526/3526/3526 3525/3525/3525
f 3519/3519/3519 3521/3521/3521 3527/3527/3527
f 3521/3521/3521 3528/3528/3528 3527/3527/3527
f 3521/3521/3521 3523/3523/3523 3528/3528/3528
f 3519/3519/3519 3527/3527/3527 3529/3529/3529
f 3523/3523/3523 3530/3530/3530 3528/3528/3528
f 3523/3523/3523 3525/3525/3525 3530/3530/3530
f 3517/3517/3517 3519/3519/3519 3529/3529/3529
f 3525/3525/3525 3531/3531/3531 3530/3530/3530
f 3525/3525/3525 3526/3526/3526 3531/3531/3531
f 3517/3517/3517 3529/3529/3529 3532/3532/3532
f 3526/3526/3526 3533/3533/3533 3531/3531/3531
f 3526/3526/3526 3524/3524/3524 3533/3533/3533
f 3515/3515/3515 3517/3517/3517 3532/3532/3532
f 3524/3524/3524 3534/3534/3534 3533/3533/3533
f 3515/3515/3515 3532/3532/3532 3535/3535/3535
f 3524/3524/3524 3522/3522/3522 3534/3534/3534
f 3509/3509/3509 3515/3515/3515 3535/3535/3535
f 3522/3522/3522 3536/3536/3536 3534/3534/3534
f 3509/3509/3509 3535/3535/3535 3537/3537/3537
f 3522/3522/3522 3520/3520/3520 3536/3536/3536
f 3510/3510/3510 3509/3509/3509 3537/3537/3537
f 3520/3520/3520 3538/3538/3538 3536/3536/3536
f 3510/3510/3510 3537/3537/3537 3539/3539/3539
f 3520/3520/3520 3518/3518/3518 3538/3538/3538
f 3511/3511/3511 3510/3510/3510 3539/3539/3539
f 3518/3518/3518 3540/3540/3540 3538/3538/3538
f 3511/3511/3511 3539/3539/3539 3541/3541/3541
f 3518/3518/3518 3516/3516/3516 3540/3540/3540
f 3512/3512/3512 3511/3511/3511 3541/3541/3541
f 3516/3516/3516 3542/3542/3542 3540/3540/3540
f 3512/3512/3512 3541/3541/3541 3543/3543/3543
f 3516/3516/3516 3514/3514/3514 3542/3542/3542
f 3513/3513/3513 3512/3512/3512 3543/3543/3543
f 3514/3514/3514 3544/3544/3544 3542/3542/3542
f 3513/3513/3513 3543/3543/3543 3544/3544/3544
f 3514/3514/3514 3513/3513/3513 3544/3544/3544
g Body_3
f 3547/3547/3547 3546/3546/3546 3545/3545/3545
f 3548/3548/3548 3547/3547/3547 3545/3545/3545
f 3548/3548/3548 3545/3545/3545 3549/3549/3549
f 3550/3550/3550 3548/3548/3548 3549/3549/3549
f 3550/3550/3550 3549/3549/3549 3551/3551/3551
f 3552/3552/3552 3550/3550/3550 3551/3551/3551
f 3552/3552/3552 3551/3551/3551 3553/3553/3553
f 3554/3554/3554 3552/3552/3552 3553/3553/3553
f 3554/3554/3554 3553/3553/3553 3555/3555/3555
f 3556/3556/3556 3554/3554/3554 3555/3555/3555
f 3556/3556/3556 3555/3555/3555 3557/3557/3557
f 3558/3558/3558 3556/3556/3556 3557/3557/3557
f 3558/3558/3558 3557/3557/3557 3559/3559/3559
f 3560/3560/3560 3558/3558/3558 3559/3559/3559
f 3560/3560/3560 3559/3559/3559 3561/3561/3561
f 3562/3562/3562 3560/3560/3560 3561/3561/3561
f 3562/3562/3562 3561/3561/3561 3563/3563/3563
f 3564/3564/3564 3562/3562/3562 3563/3563/3563
f 3564/3564/3564 3563/3563/3563 3565/3565/3565
f 3566/3566/3566 3564/3564/3564 3565/3565/3565
f 3567/3567/3567 3552/3552/3552 3554/3554/3554
f 3568/3568/3568 3554/3554/3554 3556/3556/3556
f 3568/3568/3568 3567/3567/3567 3554/3554/3554
f 3569/3569/3569 3556/3556/3556 3558/3558/3558
f 3569/3569/3569 3568/3568/3568 3556/3556/3556
f 3570/3570/3570 3558/3558/3558 3560/3560/3560
f 3570/3570/3570 3569/3569/3569 3558/3558/3558
f 3571/3571/3571 3560/3560/3560 3562/3562/3562
f 3571/3571/3571 3570/3570/3570 3560/3560/3560
f 3572/3572/3572 3562/3562/3562 3564/3564/3564
f 3572/3572/3572 3571/3571/3571 3562/3562/3562
f 3573/3573/3573 3564/3564/3564 3566/3566/3566
f 3573/3573/3573 3572/3572/3572 3564/3564/3564
f 3567/3567/3567 3574/3574/3574 3552/3552/3552
f 3574/3574/3574 3550/3550/3550 3552/3552/3552
f 3575/3575/3575 3573/3573/3573 3566/3566/3566
f 3575/3575/3575 3566/3566/3566 3576/3576/3576
f 3574/3574/3574 3577/3577/3577 3550/3550/3550
f 3577/3577/3577 3548/3548/3548 3550/3550/3550
f 3578/3578/3578 3575/3575/3575 3576/3576/3576
f 3578/3578/3578 3576/3576/3576 3579/3579/3579
f 3577/3577/3577 3580/3580/3580 3548/3548/3548
f 3580/3580/3580 3547/3547/3547 3548/3548/3548
f 3581/3581/3581 3578/3578/3578 3579/3579/3579
f 3581/3581/3581 3579/3579/3579 3582/3582/3582
f 3580/3580/3580 3583/3583/3583 3547/3547/3547
f 3583/3583/3583 3584/3584/3584 3547/3547/3547
f 3585/3585/3585 3581/3581/3581 3582/3582/3582
f 3585/3585/3585 3582/3582/3582 3586/3586/3586
f 3583/3583/3583 3587/3587/3587 3584/3584/3584
f 3587/3587/3587 3588/3588/3588 3584/3584/3584
f 3589/3589/3589 3585/3585/3585 3586/3586/3586
f 3589/3589/3589 3586/3586/3586 3590/3590/3590
f 3587/3587/3587 3591/3591/3591 3588/3588/3588
f 3591/3591/3591 3592/3592/3592 3588/3588/3588
f 3593/3593/3593 3589/3589/3589 3590/3590/3590
f 3593/3593/3593 3590/3590/3590 3594/3594/3594
f 3595/3595/3595 3594/3594/3594 3592/3592/3592
f 3591/3591/3591 3595/3595/3595 3592/3592/3592
f 3595/3595/3595 3593/3593/3593 3594/3594/3594
f 3596/3596/3596 3581/3581/3581 3585/3585/3585
f 3597/3597/3597 3585/3585/3585 3589/3589/3589
f 3597/3597/3597 3596/3596/3596 3585/3585/3585
f 3598/3598/3598 3589/3589/3589 3593/3593/3593
f 3598/3598/3598 3597/3597/3597 3589/3589/3589
f 3599/3599/3599 3593/3593/3593 3595/3595/3595
f 3599/3599/3599 3598/3598/3598 3593/3593/3593
f 3600/3600/3600 3595/3595/3595 3591/3591/3591
f 3600/3600/3600 3599/3599/3599 3595/3595/3595
f 3601/3601/3601 3591/3591/3591 3587/3587/3587
f 3601/3601/3601 3600/3600/3600 3591/3591/3591
f 3596/3596/3596 3602/3602/3602 3581/3581/3581
f 3602/3602/3602 3578/3578/3578 3581/3581/3581
f 3603/3603/3603 3601/3601/3601 3587/3587/3587
f 3603/3603/3603 3587/3587/3587 3583/3583/3583
f 3602/3602/3602 3604/3604/3604 3578/3578/3578
f 3604/3604/3604 3575/3575/3575 3578/3578/3578
f 3605/3605/3605 3603/3603/3603 3583/3583/3583
f 3605/3605/3605 3583/3583/3583 3580/3580/3580
f 3604/3604/3604 3606/3606/3606 3575/3575/3575
f 3606/3606/3606 3573/3573/3573 3575/3575/3575
f 3607/3607/3607 3605/3605/3605 3580/3580/3580
f 3607/3607/3607 3580/3580/3580 3577/3577/3577
f 3606/3606/3606 3608/3608/3608 3573/3573/3573
f 3608/3608/3608 3572/3572/3572 3573/3573/3573
f 3609/3609/3609 3607/3607/3607 3577/3577/3577
f 3609/3609/3609 3577/3577/3577 3574/3574/3574
f 3608/3608/3608 3610/3610/3610 3572/3572/3572
f 3610/3610/3610 3571/3571/3571 3572/3572/3572
f 3611/3611/3611 3609/3609/3609 3574/3574/3574
f 3611/3611/3611 3574/3574/3574 3567/3567/3567
f 3610/3610/3610 3612/3612/3612 3571/3571/3571
f 3612/3612/3612 3570/3570/3570 3571/3571/3571
f 3613/3613/3613 3611/3611/3611 3567/3567/3567
f 3613/3613/3613 3567/3567/3567 3568/3568/3568
f 3612/3612/3612 3614/3614/3614 3570/3570/3570
f 3614/3614/3614 3569/3569/3569 3570/3570/3570
f 3615/3615/3615 3568/3568/3568 3569/3569/3569
f 3615/3615/3615 3613/3613/3613 3568/3568/3568
f 3614/3614/3614 3615/3615/3615 3569/3569/3569
f 3616/3616/3616 3610/3610/3610 3608/3608/3608
f 3617/3617/3617 3612/3612/3612 3610/3610/3610
f 3616/3616/3616 3617/3617/3617 3610/3610/3610
f 3618/3618/3618 3614/3614/3614 3612/3612/3612
f 3617/3617/3617 3618/3618/3618 3612/3612/3612
f 3619/3619/3619 3615/3615/3615 3614/3614/3614
f 3618/3618/3618 3619/3619/3619 3614/3614/3614
f 3620/3620/3620 3613/3613/3613 3615/3615/3615
f 3619/3619/3619 3620/3620/3620 3615/3615/3615
f 3621/3621/3621 3611/3611/3611 3613/3613/3613
f 3620/3620/3620 3621/3621/3621 3613/3613/3613
f 3622/3622/3622 3616/3616/3616 3608/3608/3608
f 3622/3622/3622 3608/3608/3608 3606/3606/3606
f 3621/3621/3621 3623/3623/3623 3611/3611/3611
f 3623/3623/3623 3609/3609/3609 3611/3611/3611
f 3624/3624/3624 3622/3622/3622 3606/3606/3606
f 3624/3624/3624 3606/3606/3606 3604/3604/3604
f 3623/3623/3623 3625/3625/3625 3609/3609/3609
f 3625/3625/3625 3607/3607/3607 3609/3609/3609
f 3626/3626/3626 3624/3624/3624 3604/3604/3604
f 3626/3626/3626 3604/3604/3604 3602/3602/3602
f 3625/3625/3625 3627/3627/3627 3607/3607/3607
f 3627/3627/3627 3605/3605/3605 3607/3607/3607
f 3628/3628/3628 3626/3626/3626 3602/3602/3602
f 3628/3628/3628 3602/3602/3602 3596/3596/3596
f 3627/3627/3627 3629/3629/3629 3605/3605/3605
f 3629/3629/3629 3603/3603/3603 3605/3605/3605
f 3630/3630/3630 3628/3628/3628 3596/3596/3596
f 3630/3630/3630 3596/3596/3596 3597/3597/3597
f 3629/3629/3629 3631/3631/3631 3603/3603/3603
f 3631/3631/3631 3601/3601/3601 3603/3603/3603
f 3632/3632/3632 3630/3630/3630 3597/3597/3597
f 3632/3632/3632 3597/3597/3597 3598/3598/3598
f 3631/3631/3631 3633/3633/3633 3601/3601/3601
f 3633/3633/3633 3600/3600/3600 3601/3601/3601
f 3634/3634/3634 3632/3632/3632 3598/3598/3598
f 3634/3634/3634 3598/3598/3598 3599/3599/3599
f 3635/3635/3635 3599/3599/3599 3600/3600/3600
f 3633/3633/3633 3635/3635/3635 3600/3600/3600
f 3635/3635/3635 3634/3634/3634 3599/3599/3599
f 3636/3636/3636 3628/3628/3628 3630/3630/3630
f 3637/3637/3637 3630/3630/3630 3632/3632/3632
f 3637/3637/3637 3636/3636/3636 3630/3630/3630
f 3638/3638/3638 3632/3632/3632 3634/3634/3634
f 3638/3638/3638 3637/3637/3637 3632/3632/3632
f 3639/3639/3639 3634/3634/3634 3635/3635/3635
f 3639/3639/3639 3638/3638/3638 3634/3634/3634
f 3640/3640/3640 3635/3635/3635 3633/3633/3633
f 3640/3640/3640 3639/3639/3639 3635/3635/3635
f 3641/3641/3641 3633/3633/3633 3631/3631/3631
f 3641/3641/3641 3640/3640/3640 3633/3633/3633
f 3636/3636/3636 3642/3642/3642 3628/3628/3628
f 3642/3642/3642 3626/3626/3626 3628/3628/3628
f 3643/3643/3643 3641/3641/3641 3631/3631/3631
f 3643/3643/3643 3631/3631/3631 3629/3629/3629
f 3642/3642/3642 3644/3644/3644 3626/3626/3626
f 3644/3644/3644 3624/3624/3624 3626/3626/3626
f 3645/3645/3645 3643/3643/3643 3629/3629/3629
f 3645/3645/3645 3629/3629/3629 3627/3627/3627
f 3644/3644/3644 3646/3646/3646 3624/3624/3624
f 3646/3646/3646 3622/3622/3622 3624/3624/3624
f 3647/3647/3647 3645/3645/3645 3627/3627/3627
f 3647/3647/3647 3627/3627/3627 3625/3625/3625
f 3646/3646/3646 3648/3648/3648 3622/3622/3622
f 3648/3648/3648 3616/3616/3616 3622/3622/3622
f 3649/3649/3649 3647/3647/3647 3625/3625/3625
f 3649/3649/3649 3625/3625/3625 3623/3623/3623
f 3648/3648/3648 3650/3650/3650 3616/3616/3616
f 3650/3650/3650 3617/3617/3617 3616/3616/3616
f 3651/3651/3651 3649/3649/3649 3623/3623/3623
f 3651/3651/3651 3623/3623/3623 3621/3621/3621
f 3650/3650/3650 3652/3652/3652 3617/3617/3617
f 3652/3652/3652 3618/3618/3618 3617/3617/3617
f 3653/3653/3653 3651/3651/3651 3621/3621/3621
f 3653/3653/3653 3621/3621/3621 3620/3620/3620
f 3652/3652/3652 3654/3654/3654 3618/3618/3618
f 3654/3654/3654 3619/3619/3619 3618/3618/3618
f 3655/3655/3655 3620/3620/3620 3619/3619/3619
f 3655/3655/3655 3653/3653/3653 3620/3620/3620
f 3654/3654/3654 3655/3655/3655 3619/3619/3619
f 3656/3656/3656 3650/3650/3650 3648/3648/3648
f 3657/3657/3657 3652/3652/3652 3650/3650/3650
f 3656/3656/3656 3657/3657/3657 3650/3650/3650
f 3658/3658/3658 3654/3654/3654 3652/3652/3652
f 3657/3657/3657 3658/3658/3658 3652/3652/3652
f 3659/3659/3659 3655/3655/3655 3654/3654/3654
f 3658/3658/3658 3659/3659/3659 3654/3654/3654
f 3660/3660/3660 3653/3653/3653 3655/3655/3655
f 3659/3659/3659 3660/3660/3660 3655/3655/3655
f 3661/3661/3661 3651/3651/3651 3653/3653/3653
f 3660/3660/3660 3661/3661/3661 3653/3653/3653
f 3662/3662/3662 3656/3656/3656 3648/3648/3648
f 3662/3662/3662 3648/3648/3648 3646/3646/3646
f 3661/3661/3661 3663/3663/3663 3651/3651/3651
f 3663/3663/3663 3649/3649/3649 3651/3651/3651
f 3664/3664/3664 3662/3662/3662 3646/3646/3646
f 3664/3664/3664 3646/3646/3646 3644/3644/3644
f 3663/3663/3663 3665/3665/3665 3649/3649/3649
f 3665/3665/3665 3647/3647/3647 3649/3649/3649
f 3666/3666/3666 3664/3664/3664 3644/3644/3644
f 3666/3666/3666 3644/3644/3644 3642/3642/3642
f 3665/3665/3665 3667/3667/3667 3647/3647/3647
f 3667/3667/3667 3645/3645/3645 3647/3647/3647
f 3668/3668/3668 3666/3666/3666 3642/3642/3642
f 3668/3668/3668 3642/3642/3642 3636/3636/3636
f 3667/3667/3667 3669/3669/3669 3645/3645/3645
f 3669/3669/3669 3643/3643/3643 3645/3645/3645
f 3670/3670/3670 3668/3668/3668 3636/3636/3636
f 3670/3670/3670 3636/3636/3636 3637/3637/3637
f 3669/3669/3669 3671/3671/3671 3643/3643/3643
f 3671/3671/3671 3641/3641/3641 3643/3643/3643
f 3672/3672/3672 3670/3670/3670 3637/3637/3637
f 3672/3672/3672 3637/3637/3637 3638/3638/3638
f 3671/3671/3671 3673/3673/3673 3641/3641/3641
f 3673/3673/3673 3640/3640/3640 3641/3641/3641
f 3674/3674/3674 3672/3672/3672 3638/3638/3638
f 3674/3674/3674 3638/3638/3638 3639/3639/3639
f 3675/3675/3675 3639/3639/3639 3640/3640/3640
f 3673/3673/3673 3675/3675/3675 3640/3640/3640
f 3675/3675/3675 3674/3674/3674 3639/3639/3639
f 3676/3676/3676 3668/3668/3668 3670/3670/3670
f 3677/3677/3677 3670/3670/3670 3672/3672/3672
f 3677/3677/3677 3676/3676/3676 3670/3670/3670
f 3678/3678/3678 3672/3672/3672 3674/3674/3674
f 3678/3678/3678 3677/3677/3677 3672/3672/3672
f 3679/3679/3679 3674/3674/3674 3675/3675/3675
f 3679/3679/3679 3678/3678/3678 3674/3674/3674
f 3680/3680/3680 3675/3675/3675 3673/3673/3673
f 3680/3680/3680 3679/3679/3679 3675/3675/3675
f 3681/3681/3681 3673/3673/3673 3671/3671/3671
f 3681/3681/3681 3680/3680/3680 3673/3673/3673
f 3676/3676/3676 3682/3682/3682 3668/3668/3668
f 3682/3682/3682 3666/3666/3666 3668/3668/3668
f 3683/3683/3683 3681/3681/3681 3671/3671/3671
f 3683/3683/3683 3671/3671/3671 3669/3669/3669
f 3682/3682/3682 3684/3684/3684 3666/3666/3666
f 3684/3684/3684 3664/3664/3664 3666/3666/3666
f 3685/3685/3685 3683/3683/3683 3669/3669/3669
f 3685/3685/3685 3669/3669/3669 3667/3667/3667
f 3684/3684/3684 3686/3686/3686 3664/3664/3664
f 3686/3686/3686 3662/3662/3662 3664/3664/3664
f 3687/3687/3687 3685/3685/3685 3667/3667/3667
f 3687/3687/3687 3667/3667/3667 3665/3665/3665
f 3686/3686/3686 3688/3688/3688 3662/3662/3662
f 3688/3688/3688 3656/3656/3656 3662/3662/3662
f 3689/3689/3689 3687/3687/3687 3665/3665/3665
f 3689/3689/3689 3665/3665/3665 3663/3663/3663
f 3688/3688/3688 3690/3690/3690 3656/3656/3656
f 3690/3690/3690 3657/3657/3657 3656/3656/3656
f 3691/3691/3691 3689/3689/3689 3663/3663/3663
f 3691/3691/3691 3663/3663/3663 3661/3661/3661
f 3690/3690/3690 3692/3692/3692 3657/3657/3657
f 3692/3692/3692 3658/3658/3658 3657/3657/3657
f 3693/3693/3693 3691/3691/3691 3661/3661/3661
f 3693/3693/3693 3661/3661/3661 3660/3660/3660
f 3692/3692/3692 3694/3694/3694 3658/3658/3658
f 3694/3694/3694 3659/3659/3659 3658/3658/3658
f 3695/3695/3695 3660/3660/3660 3659/3659/3659
f 3695/3695/3695 3693/3693/3693 3660/3660/3660
f 3694/3694/3694 3695/3695/3695 3659/3659/3659
f 3696/3696/3696 3690/3690/3690 3688/3688/3688
f 3697/3697/3697 3692/3692/3692 3690/3690/3690
f 3696/3696/3696 3697/3697/3697 3690/3690/3690
f 3698/3698/3698 3694/3694/3694 3692/3692/3692
f 3697/3697/3697 3698/3698/3698 3692/3692/3692
f 3699/3699/3699 3695/3695/3695 3694/3694/3694
f 3698/3698/3698 3699/3699/3699 3694/3694/3694
f 3700/3700/3700 3693/3693/3693 3695/3695/3695
f 3699/3699/3699 3700/3700/3700 3695/3695/3695
f 3701/3701/3701 3691/3691/3691 3693/3693/3693
f 3700/3700/3700 3701/3701/3701 3693/3693/3693
f 3702/3702/3702 3696/3696/3696 3688/3688/3688
f 3702/3702/3702 3688/3688/3688 3686/3686/3686
f 3701/3701/3701 3703/3703/3703 3691/3691/3691
f 3703/3703/3703 3689/3689/3689 3691/3691/3691
f 3704/3704/3704 3702/3702/3702 3686/3686/3686
f 3704/3704/3704 3686/3686/3686 3684/3684/3684
f 3703/3703/3703 3705/3705/3705 3689/3689/3689
f 3705/3705/3705 3687/3687/3687 3689/3689/3689
f 3706/3706/3706 3704/3704/3704 3684/3684/3684
f 3706/3706/3706 3684/3684/3684 3682/3682/3682
f 3705/3705/3705 3707/3707/3707 3687/3687/3687
f 3707/3707/3707 3685/3685/3685 3687/3687/3687
f 3708/3708/3708 3706/3706/3706 3682/3682/3682
f 3708/3708/3708 3682/3682/3682 3676/3676/3676
f 3707/3707/3707 3709/3709/3709 3685/3685/3685
f 3709/3709/3709 3683/3683/3683 3685/3685/3685
f 3710/3710/3710 3708/3708/3708 3676/3676/3676
f 3710/3710/3710 3676/3676/3676 3677/3677/3677
f 3709/3709/3709 3711/3711/3711 3683/3683/3683
f 3711/3711/3711 3681/3681/3681 3683/3683/3683
f 3712/3712/3712 3710/3710/3710 3677/3677/3677
f 3712/3712/3712 3677/3677/3677 3678/3678/3678
f 3711/3711/3711 3713/3713/3713 3681/3681/3681
f 3713/3713/3713 3680/3680/3680 3681/3681/3681
f 3714/3714/3714 3712/3712/3712 3678/3678/3678
f 3714/3714/3714 3678/3678/3678 3679/3679/3679
f 3715/3715/3715 3679/3679/3679 3680/3680/3680
f 3713/3713/3713 3715/3715/3715 3680/3680/3680
f 3715/3715/3715 3714/3714/3714 3679/3679/3679
f 3716/3716/3716 3708/3708/3708 3710/3710/3710
f 3717/3717/3717 3710/3710/3710 3712/3712/3712
f 3717/3717/3717 3716/3716/3716 3710/3710/3710
f 3718/3718/3718 3712/3712/3712 3714/3714/3714
f 3718/3718/3718 3717/3717/3717 3712/3712/3712
f 3719/3719/3719 3714/3714/3714 3715/3715/3715
f 3719/3719/3719 3718/3718/3718 3714/3714/3714
f 3720/3720/3720 3717/3717/3717 3718/3718/3718
f 3720/3720/3720 3716/3716/3716 3717/3717/3717
f 3720/3720/3720 3718/3718/3718 3719/3719/3719
f 3720/3720/3720 3721/3721/3721 3716/3716/3716
f 3716/3716/3716 3721/3721/3721 3708/3708/3708
f 3720/3720/3720 3719/3719/3719 3722/3722/3722
f 3722/3722/3722 3719/3719/3719 3715/3715/3715
f 3722/3722/3722 3715/3715/3715 3713/3713/3713
f 3721/3721/3721 3706/3706/3706 3708/3708/3708
f 3723/3723/3723 3722/3722/3722 3713/3713/3713
f 3720/3720/3720 3722/3722/3722 3723/3723/3723
f 3723/3723/3723 3713/3713/3713 3711/3711/3711
f 3721/3721/3721 3724/3724/3724 3706/3706/3706
f 3720/3720/3720 3724/3724/3724 3721/3721/3721
f 3724/3724/3724 3704/3704/3704 3706/3706/3706
f 3725/3725/3725 3723/3723/3723 3711/3711/3711
f 3720/3720/3720 3723/3723/3723 3725/3725/3725
f 3725/3725/3725 3711/3711/3711 3709/3709/3709
f 3724/3724/3724 3726/3726/3726 3704/3704/3704
f 3720/3720/3720 3726/3726/3726 3724/3724/3724
f 3726/3726/3726 3702/3702/3702 3704/3704/3704
f 3727/3727/3727 3725/3725/3725 3709/3709/3709
f 3720/3720/3720 3725/3725/3725 3727/3727/3727
f 3727/3727/3727 3709/3709/3709 3707/3707/3707
f 3726/3726/3726 3728/3728/3728 3702/3702/3702
f 3720/3720/3720 3728/3728/3728 3726/3726/3726
f 3720/3720/3720 3727/3727/3727 3729/3729/3729
f 3729/3729/3729 3727/3727/3727 3707/3707/3707
f 3720/3720/3720 3730/3730/3730 3728/3728/3728
f 3728/3728/3728 3696/3696/3696 3702/3702/3702
f 3728/3728/3728 3730/3730/3730 3696/3696/3696
f 3729/3729/3729 3707/3707/3707 3705/3705/3705
f 3730/3730/3730 3697/3697/3697 3696/3696/3696
f 3731/3731/3731 3729/3729/3729 3705/3705/3705
f 3720/3720/3720 3729/3729/3729 3731/3731/3731
f 3731/3731/3731 3705/3705/3705 3703/3703/3703
f 3730/3730/3730 3732/3732/3732 3697/3697/3697
f 3720/3720/3720 3732/3732/3732 3730/3730/3730
f 3732/3732/3732 3698/3698/3698 3697/3697/3697
f 3733/3733/3733 3731/3731/3731 3703/3703/3703
f 3720/3720/3720 3731/3731/3731 3733/3733/3733
f 3733/3733/3733 3703/3703/3703 3701/3701/3701
f 3732/3732/3732 3734/3734/3734 3698/3698/3698
f 3720/3720/3720 3734/3734/3734 3732/3732/3732
f 3734/3734/3734 3699/3699/3699 3698/3698/3698
f 3735/3735/3735 3733/3733/3733 3701/3701/3701
f 3720/3720/3720 3733/3733/3733 3735/3735/3735
f 3735/3735/3735 3701/3701/3701 3700/3700/3700
f 3736/3736/3736 3700/3700/3700 3699/3699/3699
f 3734/3734/3734 3736/3736/3736 3699/3699/3699
f 3720/3720/3720 3736/3736/3736 3734/3734/3734
f 3736/3736/3736 3735/3735/3735 3700/3700/3700
f 3720/3720/3720 3735/3735/3735 3736/3736/3736
f 3739/3739/3739 3738/3738/3738 3737/3737/3737
f 3740/3740/3740 3739/3739/3739 3737/3737/3737
f 3740/3740/3740 3737/3737/3737 3741/3741/3741
f 3742/3742/3742 3740/3740/3740 3741/3741/3741
f 3742/3742/3742 3741/3741/3741 3743/3743/3743
f 3744/3744/3744 3742/3742/3742 3743/3743/3743
f 3744/3744/3744 3743/3743/3743 3745/3745/3745
f 3746/3746/3746 3744/3744/3744 3745/3745/3745
f 3746/3746/3746 3745/3745/3745 3747/3747/3747
f 3748/3748/3748 3746/3746/3746 3747/3747/3747
f 3748/3748/3748 3747/3747/3747 3749/3749/3749
f 3750/3750/3750 3748/3748/3748 3749/3749/3749
f 3750/3750/3750 3749/3749/3749 3751/3751/3751
f 3752/3752/3752 3750/3750/3750 3751/3751/3751
f 3752/3752/3752 3751/3751/3751 3753/3753/3753
f 3754/3754/3754 3752/3752/3752 3753/3753/3753
f 3754/3754/3754 3753/3753/3753 3755/3755/3755
f 3756/3756/3756 3754/3754/3754 3755/3755/3755
f 3756/3756/3756 3755/3755/3755 3757/3757/3757
f 3758/3758/3758 3756/3756/3756 3757/3757/3757
f 3759/3759/3759 3744/3744/3744 3746/3746/3746
f 3760/3760/3760 3746/3746/3746 3748/3748/3748
f 3760/3760/3760 3759/3759/3759 3746/3746/3746
f 3761/3761/3761 3748/3748/3748 3750/3750/3750
f 3761/3761/3761 3760/3760/3760 3748/3748/3748
f 3762/3762/3762 3750/3750/3750 3752/3752/3752
f 3762/3762/3762 3761/3761/3761 3750/3750/3750
f 3763/3763/3763 3752/3752/3752 3754/3754/3754
f 3763/3763/3763 3762/3762/3762 3752/3752/3752
f 3764/3764/3764 3754/3754/3754 3756/3756/3756
f 3764/3764/3764 3763/3763/3763 3754/3754/3754
f 3765/3765/3765 3756/3756/3756 3758/3758/3758
f 3765/3765/3765 3764/3764/3764 3756/3756/3756
f 3759/3759/3759 3766/3766/3766 3744/3744/3744
f 3766/3766/3766 3742/3742/3742 3744/3744/3744
f 3767/3767/3767 3765/3765/3765 3758/3758/3758
f 3767/3767/3767 3758/3758/3758 3768/3768/3768
f 3766/3766/3766 3769/3769/3769 3742/3742/3742
f 3769/3769/3769 3740/3740/3740 3742/3742/3742
f 3770/3770/3770 3767/3767/3767 3768/3768/3768
f 3770/3770/3770 3768/3768/3768 3771/3771/3771
f 3769/3769/3769 3772/3772/3772 3740/3740/3740
f 3772/3772/3772 3739/3739/3739 3740/3740/3740
f 3773/3773/3773 3770/3770/3770 3771/3771/3771
f 3773/3773/3773 3771/3771/3771 3774/3774/3774
f 3772/3772/3772 3775/3775/3775 3739/3739/3739
f 3775/3775/3775 3776/3776/3776 3739/3739/3739
f 3777/3777/3777 3773/3773/3773 3774/3774/3774
f 3777/3777/3777 3774/3774/3774 3778/3778/3778
f 3775/3775/3775 3779/3779/3779 3776/3776/3776
f 3779/3779/3779 3780/3780/3780 3776/3776/3776
f 3781/3781/3781 3777/3777/3777 3778/3778/3778
f 3781/3781/3781 3778/3778/3778 3782/3782/3782
f 3779/3779/3779 3783/3783/3783 3780/3780/3780
f 3783/3783/3783 3784/3784/3784 3780/3780/3780
f 3785/3785/3785 3781/3781/3781 3782/3782/3782
f 3785/3785/3785 3782/3782/3782 3786/3786/3786
f 3787/3787/3787 3786/3786/3786 3784/3784/3784
f 3783/3783/3783 3787/3787/3787 3784/3784/3784
f 3787/3787/3787 3785/3785/3785 3786/3786/3786
f 3788/3788/3788 3773/3773/3773 3777/3777/3777
f 3789/3789/3789 3777/3777/3777 3781/3781/3781
f 3789/3789/3789 3788/3788/3788 3777/3777/3777
f 3790/3790/3790 3781/3781/3781 3785/3785/3785
f 3790/3790/3790 3789/3789/3789 3781/3781/3781
f 3791/3791/3791 3785/3785/3785 3787/3787/3787
f 3791/3791/3791 3790/3790/3790 3785/3785/3785
f 3792/3792/3792 3787/3787/3787 3783/3783/3783
f 3792/3792/3792 3791/3791/3791 3787/3787/3787
f 3793/3793/3793 3783/3783/3783 3779/3779/3779
f 3793/3793/3793 3792/3792/3792 3783/3783/3783
f 3788/3788/3788 3794/3794/3794 3773/3773/3773
f 3794/3794/3794 3770/3770/3770 3773/3773/3773
f 3795/3795/3795 3793/3793/3793 3779/3779/3779
f 3795/3795/3795 3779/3779/3779 3775/3775/3775
f 3794/3794/3794 3796/3796/3796 3770/3770/3770
f 3796/3796/3796 3767/3767/3767 3770/3770/3770
f 3797/3797/3797 3795/3795/3795 3775/3775/3775
f 3797/3797/3797 3775/3775/3775 3772/3772/3772
f 3796/3796/3796 3798/3798/3798 3767/3767/3767
f 3798/3798/3798 3765/3765/3765 3767/3767/3767
f 3799/3799/3799 3797/3797/3797 3772/3772/3772
f 3799/3799/3799 3772/3772/3772 3769/3769/3769
f 3798/3798/3798 3800/3800/3800 3765/3765/3765
f 3800/3800/3800 3764/3764/3764 3765/3765/3765
f 3801/3801/3801 3799/3799/3799 3769/3769/3769
f 3801/3801/3801 3769/3769/3769 3766/3766/3766
f 3800/3800/3800 3802/3802/3802 3764/3764/3764
f 3802/3802/3802 3763/3763/3763 3764/3764/3764
f 3803/3803/3803 3801/3801/3801 3766/3766/3766
f 3803/3803/3803 3766/3766/3766 3759/3759/3759
f 3802/3802/3802 3804/3804/3804 3763/3763/3763
f 3804/3804/3804 3762/3762/3762 3763/3763/3763
f 3805/3805/3805 3803/3803/3803 3759/3759/3759
f 3805/3805/3805 3759/3759/3759 3760/3760/3760
f 3804/3804/3804 3806/3806/3806 3762/3762/3762
f 3806/3806/3806 3761/3761/3761 3762/3762/3762
f 3807/3807/3807 3760/3760/3760 3761/3761/3761
f 3807/3807/3807 3805/3805/3805 3760/3760/3760
f 3806/3806/3806 3807/3807/3807 3761/3761/3761
f 3808/3808/3808 3802/3802/3802 3800/3800/3800
f 3809/3809/3809 3804/3804/3804 3802/3802/3802
f 3808/3808/3808 3809/3809/3809 3802/3802/3802
f 3810/3810/3810 3806/3806/3806 3804/3804/3804
f 3809/3809/3809 3810/3810/3810 3804/3804/3804
f 3811/3811/3811 3807/3807/3807 3806/3806/3806
f 3810/3810/3810 3811/3811/3811 3806/3806/3806
f 3812/3812/3812 3805/3805/3805 3807/3807/3807
f 3811/3811/3811 3812/3812/3812 3807/3807/3807
f 3813/3813/3813 3803/3803/3803 3805/3805/3805
f 3812/3812/3812 3813/3813/3813 3805/3805/3805
f 3814/3814/3814 3808/3808/3808 3800/3800/3800
f 3814/3814/3814 3800/3800/3800 3798/3798/3798
f 3813/3813/3813 3815/3815/3815 3803/3803/3803
f 3815/3815/3815 3801/3801/3801 3803/3803/3803
f 3816/3816/3816 3814/3814/3814 3798/3798/3798
f 3816/3816/3816 3798/3798/3798 3796/3796/3796
f 3815/3815/3815 3817/3817/3817 3801/3801/3801
f 3817/3817/3817 3799/3799/3799 3801/3801/3801
f 3818/3818/3818 3816/3816/3816 3796/3796/3796
f 3818/3818/3818 3796/3796/3796 3794/3794/3794
f 3817/3817/3817 3819/3819/3819 3799/3799/3799
f 3819/3819/3819 3797/3797/3797 3799/3799/3799
f 3820/3820/3820 3818/3818/3818 3794/3794/3794
f 3820/3820/3820 3794/3794/3794 3788/3788/3788
f 3819/3819/3819 3821/3821/3821 3797/3797/3797
f 3821/3821/3821 3795/3795/3795 3797/3797/3797
f 3822/3822/3822 3820/3820/3820 3788/3788/3788
f 3822/3822/3822 3788/3788/3788 3789/3789/3789
f 3821/3821/3821 3823/3823/3823 3795/3795/3795
f 3823/3823/3823 3793/3793/3793 3795/3795/3795
f 3824/3824/3824 3822/3822/3822 3789/3789/3789
f 3824/3824/3824 3789/3789/3789 3790/3790/3790
f 3823/3823/3823 3825/3825/3825 3793/3793/3793
f 3825/3825/3825 3792/3792/3792 3793/3793/3793
f 3826/3826/3826 3824/3824/3824 3790/3790/3790
f 3826/3826/3826 3790/3790/3790 3791/3791/3791
f 3827/3827/3827 3791/3791/3791 3792/3792/3792
f 3825/3825/3825 3827/3827/3827 3792/3792/3792
f 3827/3827/3827 3826/3826/3826 3791/3791/3791
f 3828/3828/3828 3820/3820/3820 3822/3822/3822
f 3829/3829/3829 3822/3822/3822 3824/3824/3824
f 3829/3829/3829 3828/3828/3828 3822/3822/3822
f 3830/3830/3830 3824/3824/3824 3826/3826/3826
f 3830/3830/3830 3829/3829/3829 3824/3824/3824
f 3831/3831/3831 3826/3826/3826 3827/3827/3827
f 3831/3831/3831 3830/3830/3830 3826/3826/3826
f 3832/3832/3832 3827/3827/3827 3825/3825/3825
f 3832/3832/3832 3831/3831/3831 3827/3827/3827
f 3833/3833/3833 3825/3825/3825 3823/3823/3823
f 3833/3833/3833 3832/3832/3832 3825/3825/3825
f 3828/3828/3828 3834/3834/3834 3820/3820/3820
f 3834/3834/3834 3818/3818/3818 3820/3820/3820
f 3835/3835/3835 3833/3833/3833 3823/3823/3823
f 3835/3835/3835 3823/3823/3823 3821/3821/3821
f 3834/3834/3834 3836/3836/3836 3818/3818/3818
f 3836/3836/3836 3816/3816/3816 3818/3818/3818
f 3837/3837/3837 3835/3835/3835 3821/3821/3821
f 3837/3837/3837 3821/3821/3821 3819/3819/3819
f 3836/3836/3836 3838/3838/3838 3816/3816/3816
f 3838/3838/3838 3814/3814/3814 3816/3816/3816
f 3839/3839/3839 3837/3837/3837 3819/3819/3819
f 3839/3839/3839 3819/3819/3819 3817/3817/3817
f 3838/3838/3838 3840/3840/3840 3814/3814/3814
f 3840/3840/3840 3808/3808/3808 3814/3814/3814
f 3841/3841/3841 3839/3839/3839 3817/3817/3817
f 3841/3841/3841 3817/3817/3817 3815/3815/3815
f 3840/3840/3840 3842/3842/3842 3808/3808/3808
f 3842/3842/3842 3809/3809/3809 3808/3808/3808
f 3843/3843/3843 3841/3841/3841 3815/3815/3815
f 3843/3843/3843 3815/3815/3815 3813/3813/3813
f 3842/3842/3842 3844/3844/3844 3809/3809/3809
f 3844/3844/3844 3810/3810/3810 3809/3809/3809
f 3845/3845/3845 3843/3843/3843 3813/3813/3813
f 3845/3845/3845 3813/3813/3813 3812/3812/3812
f 3844/3844/3844 3846/3846/3846 3810/3810/3810
f 3846/3846/3846 3811/3811/3811 3810/3810/3810
f 3847/3847/3847 3812/3812/3812 3811/3811/3811
f 3847/3847/3847 3845/3845/3845 3812/3812/3812
f 3846/3846/3846 3847/3847/3847 3811/3811/3811
f 3848/3848/3848 3842/3842/3842 3840/3840/3840
f 3849/3849/3849 3844/3844/3844 3842/3842/3842
f 3848/3848/3848 3849/3849/3849 3842/3842/3842
f 3850/3850/3850 3846/3846/3846 3844/3844/3844
f 3849/3849/3849 3850/3850/3850 3844/3844/3844
f 3851/3851/3851 3847/3847/3847 3846/3846/3846
f 3850/3850/3850 3851/3851/3851 3846/3846/3846
f 3852/3852/3852 3845/3845/3845 3847/3847/3847
f 3851/3851/3851 3852/3852/3852 3847/3847/3847
f 3853/3853/3853 3843/3843/3843 3845/3845/3845
f 3852/3852/3852 3853/3853/3853 3845/3845/3845
f 3854/3854/3854 3848/3848/3848 3840/3840/3840
f 3854/3854/3854 3840/3840/3840 3838/3838/3838
f 3853/3853/3853 3855/3855/3855 3843/3843/3843
f 3855/3855/3855 3841/3841/3841 3843/3843/3843
f 3856/3856/3856 3854/3854/3854 3838/3838/3838
f 3856/3856/3856 3838/3838/3838 3836/3836/3836
f 3855/3855/3855 3857/3857/3857 3841/3841/3841
f 3857/3857/3857 3839/3839/3839 3841/3841/3841
f 3858/3858/3858 3856/3856/3856 3836/3836/3836
f 3858/3858/3858 3836/3836/3836 3834/3834/3834
f 3857/3857/3857 3859/3859/3859 3839/3839/3839
f 3859/3859/3859 3837/3837/3837 3839/3839/3839
f 3860/3860/3860 3858/3858/3858 3834/3834/3834
f 3860/3860/3860 3834/3834/3834 3828/3828/3828
f 3859/3859/3859 3861/3861/3861 3837/3837/3837
f 3861/3861/3861 3835/3835/3835 3837/3837/3837
f 3862/3862/3862 3860/3860/3860 3828/3828/3828
f 3862/3862/3862 3828/3828/3828 3829/3829/3829
f 3861/3861/3861 3863/3863/3863 3835/3835/3835
f 3863/3863/3863 3833/3833/3833 3835/3835/3835
f 3864/3864/3864 3862/3862/3862 3829/3829/3829
f 3864/3864/3864 3829/3829/3829 3830/3830/3830
f 3863/3863/3863 3865/3865/3865 3833/3833/3833
f 3865/3865/3865 3832/3832/3832 3833/3833/3833
f 3866/3866/3866 3864/3864/3864 3830/3830/3830
f 3866/3866/3866 3830/3830/3830 3831/3831/3831
f 3867/3867/3867 3831/3831/3831 3832/3832/3832
f 3865/3865/3865 3867/3867/3867 3832/3832/3832
f 3867/3867/3867 3866/3866/3866 3831/3831/3831
f 3868/3868/3868 3860/3860/3860 3862/3862/3862
f 3869/3869/3869 3862/3862/3862 3864/3864/3864
f 3869/3869/3869 3868/3868/3868 3862/3862/3862
f 3870/3870/3870 3864/3864/3864 3866/3866/3866
f 3870/3870/3870 3869/3869/3869 3864/3864/3864
f 3871/3871/3871 3866/3866/3866 3867/3867/3867
f 3871/3871/3871 3870/3870/3870 3866/3866/3866
f 3872/3872/3872 3867/3867/3867 3865/3865/3865
f 3872/3872/3872 3871/3871/3871 3867/3867/3867
f 3873/3873/3873 3865/3865/3865 3863/3863/3863
f 3873/3873/3873 3872/3872/3872 3865/3865/3865
f 3868/3868/3868 3874/3874/3874 3860/3860/3860
f 3874/3874/3874 3858/3858/3858 3860/3860/3860
f 3875/3875/3875 3873/3873/3873 3863/3863/3863
f 3875/3875/3875 3863/3863/3863 3861/3861/3861
f 3874/3874/3874 3876/3876/3876 3858/3858/3858
f 3876/3876/3876 3856/3856/3856 3858/3858/3858
f 3877/3877/3877 3875/3875/3875 3861/3861/3861
f 3877/3877/3877 3861/3861/3861 3859/3859/3859
f 3876/3876/3876 3878/3878/3878 3856/3856/3856
f 3878/3878/3878 3854/3854/3854 3856/3856/3856
f 3879/3879/3879 3877/3877/3877 3859/3859/3859
f 3879/3879/3879 3859/3859/3859 3857/3857/3857
f 3878/3878/3878 3880/3880/3880 3854/3854/3854
f 3880/3880/3880 3848/3848/3848 3854/3854/3854
f 3881/3881/3881 3879/3879/3879 3857/3857/3857
f 3881/3881/3881 3857/3857/3857 3855/3855/3855
f 3880/3880/3880 3882/3882/3882 3848/3848/3848
f 3882/3882/3882 3849/3849/3849 3848/3848/3848
f 3883/3883/3883 3881/3881/3881 3855/3855/3855
f 3883/3883/3883 3855/3855/3855 3853/3853/3853
f 3882/3882/3882 3884/3884/3884 3849/3849/3849
f 3884/3884/3884 3850/3850/3850 3849/3849/3849
f 3885/3885/3885 3883/3883/3883 3853/3853/3853
f 3885/3885/3885 3853/3853/3853 3852/3852/3852
f 3884/3884/3884 3886/3886/3886 3850/3850/3850
f 3886/3886/3886 3851/3851/3851 3850/3850/3850
f 3887/3887/3887 3852/3852/3852 3851/3851/3851
f 3887/3887/3887 3885/3885/3885 3852/3852/3852
f 3886/3886/3886 3887/3887/3887 3851/3851/3851
f 3888/3888/3888 3882/3882/3882 3880/3880/3880
f 3889/3889/3889 3884/3884/3884 3882/3882/3882
f 3888/3888/3888 3889/3889/3889 3882/3882/3882
f 3890/3890/3890 3886/3886/3886 3884/3884/3884
f 3889/3889/3889 3890/3890/3890 3884/3884/3884
f 3891/3891/3891 3887/3887/3887 3886/3886/3886
f 3890/3890/3890 3891/3891/3891 3886/3886/3886
f 3892/3892/3892 3885/3885/3885 3887/3887/3887
f 3891/3891/3891 3892/3892/3892 3887/3887/3887
f 3893/3893/3893 3883/3883/3883 3885/3885/3885
f 3892/3892/3892 3893/3893/3893 3885/3885/3885
f 3894/3894/3894 3888/3888/3888 3880/3880/3880
f 3894/3894/3894 3880/3880/3880 3878/3878/3878
f 3893/3893/3893 3895/3895/3895 3883/3883/3883
f 3895/3895/3895 3881/3881/3881 3883/3883/3883
f 3896/3896/3896 3894/3894/3894 3878/3878/3878
f 3896/3896/3896 3878/3878/3878 3876/3876/3876
f 3895/3895/3895 3897/3897/3897 3881/3881/3881
f 3897/3897/3897 3879/3879/3879 3881/3881/3881
f 3898/3898/3898 3896/3896/3896 3876/3876/3876
f 3898/3898/3898 3876/3876/3876 3874/3874/3874
f 3897/3897/3897 3899/3899/3899 3879/3879/3879
f 3899/3899/3899 3877/3877/3877 3879/3879/3879
f 3900/3900/3900 3898/3898/3898 3874/3874/3874
f 3900/3900/3900 3874/3874/3874 3868/3868/3868
f 3899/3899/3899 3901/3901/3901 3877/3877/3877
f 3901/3901/3901 3875/3875/3875 3877/3877/3877
f 3902/3902/3902 3900/3900/3900 3868/3868/3868
f 3902/3902/3902 3868/3868/3868 3869/3869/3869
f 3901/3901/3901 3903/3903/3903 3875/3875/3875
f 3903/3903/3903 3873/3873/3873 3875/3875/3875
f 3904/3904/3904 3902/3902/3902 3869/3869/3869
f 3904/3904/3904 3869/3869/3869 3870/3870/3870
f 3903/3903/3903 3905/3905/3905 3873/3873/3873
f 3905/3905/3905 3872/3872/3872 3873/3873/3873
f 3906/3906/3906 3904/3904/3904 3870/3870/3870
f 3906/3906/3906 3870/3870/3870 3871/3871/3871
f 3907/3907/3907 3871/3871/3871 3872/3872/3872
f 3905/3905/3905 3907/3907/3907 3872/3872/3872
f 3907/3907/3907 3906/3906/3906 3871/3871/3871
f 3908/3908/3908 3900/3900/3900 3902/3902/3902
f 3909/3909/3909 3902/3902/3902 3904/3904/3904
f 3909/3909/3909 3908/3908/3908 3902/3902/3902
f 3910/3910/3910 3904/3904/3904 3906/3906/3906
f 3910/3910/3910 3909/3909/3909 3904/3904/3904
f 3911/3911/3911 3906/3906/3906 3907/3907/3907
f 3911/3911/3911 3910/3910/3910 3906/3906/3906
f 3912/3912/3912 3909/3909/3909 3910/3910/3910
f 3912/3912/3912 3908/3908/3908 3909/3909/3909
f 3912/3912/3912 3910/3910/3910 3911/3911/3911
f 3912/3912/3912 3913/3913/3913 3908/3908/3908
f 3908/3908/3908 3913/3913/3913 3900/3900/3900
f 3912/3912/3912 3911/3911/3911 3914/3914/3914
f 3914/3914/3914 3911/3911/3911 3907/3907/3907
f 3914/3914/3914 3907/3907/3907 3905/3905/3905
f 3913/3913/3913 3898/3898/3898 3900/3900/3900
f 3915/3915/3915 3914/3914/3914 3905/3905/3905
f 3912/3912/3912 3914/3914/3914 3915/3915/3915
f 3915/3915/3915 3905/3905/3905 3903/3903/3903
f 3913/3913/3913 3916/3916/3916 3898/3898/3898
f 3912/3912/3912 3916/3916/3916 3913/3913/3913
f 3916/3916/3916 3896/3896/3896 3898/3898/3898
f 3917/3917/3917 3915/3915/3915 3903/3903/3903
f 3912/3912/3912 3915/3915/3915 3917/3917/3917
f 3917/3917/3917 3903/3903/3903 3901/3901/3901
f 3916/3916/3916 3918/3918/3918 3896/3896/3896
f 3912/3912/3912 3918/3918/3918 3916/3916/3916
f 3918/3918/3918 3894/3894/3894 3896/3896/3896
f 3919/3919/3919 3917/3917/3917 3901/3901/3901
f 3912/3912/3912 3917/3917/3917 3919/3919/3919
f 3919/3919/3919 3901/3901/3901 3899/3899/3899
f 3918/3918/3918 3920/3920/3920 3894/3894/3894
f 3912/3912/3912 3920/3920/3920 3918/3918/3918
f 3912/3912/3912 3919/3919/3919 3921/3921/3921
f 3921/3921/3921 3919/3919/3919 3899/3899/3899
f 3912/3912/3912 3922/3922/3922 3920/3920/3920
f 3920/3920/3920 3888/3888/3888 3894/3894/3894
f 3920/3920/3920 3922/3922/3922 3888/3888/3888
f 3921/3921/3921 3899/3899/3899 3897/3897/3897
f 3922/3922/3922 3889/3889/3889 3888/3888/3888
f 3923/3923/3923 3921/3921/3921 3897/3897/3897
f 3912/3912/3912 3921/3921/3921 3923/3923/3923
f 3923/3923/3923 3897/3897/3897 3895/3895/3895
f 3922/3922/3922 3924/3924/3924 3889/3889/3889
f 3912/3912/3912 3924/3924/3924 3922/3922/3922
f 3924/3924/3924 3890/3890/3890 3889/3889/3889
f 3925/3925/3925 3923/3923/3923 3895/3895/3895
f 3912/3912/3912 3923/3923/3923 3925/3925/3925
f 3925/3925/3925 3895/3895/3895 3893/3893/3893
f 3924/3924/3924 3926/3926/3926 3890/3890/3890
f 3912/3912/3912 3926/3926/3926 3924/3924/3924
f 3926/3926/3926 3891/3891/3891 3890/3890/3890
f 3927/3927/3927 3925/3925/3925 3893/3893/3893
f 3912/3912/3912 3925/3925/3925 3927/3927/3927
f 3927/3927/3927 3893/3893/3893 3892/3892/3892
f 3928/3928/3928 3892/3892/3892 3891/3891/3891
f 3926/3926/3926 3928/3928/3928 3891/3891/3891
f 3912/3912/3912 3928/3928/3928 3926/3926/3926
f 3928/3928/3928 3927/3927/3927 3892/3892/3892
f 3912/3912/3912 3927/3927/3927 3928/3928/3928
g Body_4
f 3931/3931/3931 3930/3930/3930 3929/3929/3929
f 3929/3929/3929 3932/3932/3932 3931/3931/3931
f 3932/3932/3932 3933/3933/3933 3931/3931/3931
f 3932/3932/3932 3934/3934/3934 3933/3933/3933
f 3932/3932/3932 3935/3935/3935 3934/3934/3934
f 3935/3935/3935 3936/3936/3936 3934/3934/3934
f 3935/3935/3935 3937/3937/3937 3936/3936/3936
f 3937/3937/3937 3938/3938/3938 3936/3936/3936
f 3937/3937/3937 3939/3939/3939 3938/3938/3938
f 3939/3939/3939 3940/3940/3940 3938/3938/3938
f 3939/3939/3939 3941/3941/3941 3940/3940/3940
f 3941/3941/3941 3942/3942/3942 3940/3940/3940
f 3941/3941/3941 3943/3943/3943 3942/3942/3942
f 3943/3943/3943 3944/3944/3944 3942/3942/3942
f 3943/3943/3943 3945/3945/3945 3944/3944/3944
f 3945/3945/3945 3946/3946/3946 3944/3944/3944
f 3945/3945/3945 3947/3947/3947 3946/3946/3946
f 3947/3947/3947 3948/3948/3948 3946/3946/3946
f 3947/3947/3947 3949/3949/3949 3948/3948/3948
f 3949/3949/3949 3950/3950/3950 3948/3948/3948
f 3949/3949/3949 3951/3951/3951 3950/3950/3950
f 3951/3951/3951 3952/3952/3952 3950/3950/3950
f 3951/3951/3951 3953/3953/3953 3952/3952/3952
f 3953/3953/3953 3954/3954/3954 3952/3952/3952
f 3953/3953/3953 3955/3955/3955 3954/3954/3954
f 3955/3955/3955 3956/3956/3956 3954/3954/3954
f 3955/3955/3955 3957/3957/3957 3956/3956/3956
f 3957/3957/3957 3958/3958/3958 3956/3956/3956
f 3957/3957/3957 3959/3959/3959 3958/3958/3958
f 3959/3959/3959 3960/3960/3960 3958/3958/3958
f 3963/3963/3963 3962/3962/3962 3961/3961/3961
f 3961/3961/3961 3964/3964/3964 3963/3963/3963
f 3964/3964/3964 3965/3965/3965 3963/3963/3963
f 3964/3964/3964 3966/3966/3966 3965/3965/3965
f 3964/3964/3964 3967/3967/3967 3966/3966/3966
f 3967/3967/3967 3968/3968/3968 3966/3966/3966
f 3967/3967/3967 3969/3969/3969 3968/3968/3968
f 3969/3969/3969 3970/3970/3970 3968/3968/3968
f 3969/3969/3969 3971/3971/3971 3970/3970/3970
f 3971/3971/3971 3972/3972/3972 3970/3970/3970
f 3971/3971/3971 3973/3973/3973 3972/3972/3972
f 3973/3973/3973 3974/3974/3974 3972/3972/3972
f 3973/3973/3973 3975/3975/3975 3974/3974/3974
f 3975/3975/3975 3976/3976/3976 3974/3974/3974
f 3975/3975/3975 3977/3977/3977 3976/3976/3976
f 3977/3977/3977 3978/3978/3978 3976/3976/3976
f 3977/3977/3977 3979/3979/3979 3978/3978/3978
f 3979/3979/3979 3980/3980/3980 3978/3978/3978
f 3979/3979/3979 3981/3981/3981 3980/3980/3980
f 3981/3981/3981 3982/3982/3982 3980/3980/3980
f 3981/3981/3981 3983/3983/3983 3982/3982/3982
f 3983/3983/3983 3984/3984/3984 3982/3982/3982
f 3983/3983/3983 3985/3985/3985 3984/3984/3984
f 3985/3985/3985 3986/3986/3986 3984/3984/3984
f 3985/3985/3985 3987/3987/3987 3986/3986/3986
f 3987/3987/3987 3988/3988/3988 3986/3986/3986
f 3987/3987/3987 3989/3989/3989 3988/3988/3988
f 3989/3989/3989 3990/3990/3990 3988/3988/3988
f 3989/3989/3989 3991/3991/3991 3990/3990/3990
f 3991/3991/3991 3992/3992/3992 3990/3990/3990
f 3995/3995/3995 3994/3994/3994 3993/3993/3993
f 3993/3993/3993 3996/3996/3996 3995/3995/3995
f 3996/3996/3996 3997/3997/3997 3995/3995/3995
f 3996/3996/3996 3998/3998/3998 3997/3997/3997
f 3996/3996/3996 3999/3999/3999 3998/3998/3998
f 3999/3999/3999 4000/4000/4000 3998/3998/3998
f 3999/3999/3999 4001/4001/4001 4000/4000/4000
f 4001/4001/4001 4002/4002/4002 4000/4000/4000
f 4001/4001/4001 4003/4003/4003 4002/4002/4002
f 4003/4003/4003 4004/4004/4004 4002/4002/4002
f 4003/4003/4003 4005/4005/4005 4004/4004/4004
f 4005/4005/4005 4006/4006/4006 4004/4004/4004
f 4005/4005/4005 4007/4007/4007 4006/4006/4006
f 4007/4007/4007 4008/4008/4008 4006/4006/4006
f 4007/4007/4007 4009/4009/4009 4008/4008/4008
f 4009/4009/4009 4010/4010/4010 4008/4008/4008
f 4009/4009/4009 4011/4011/4011 4010/4010/4010
f 4011/4011/4011 4012/4012/4012 4010/4010/4010
f 4011/4011/4011 4013/4013/4013 4012/4012/4012
f 4013/4013/4013 4014/4014/4014 4012/4012/4012
f 4013/4013/4013 4015/4015/4015 4014/4014/4014
f 4015/4015/4015 4016/4016/4016 4014/4014/4014
f 4015/4015/4015 4017/4017/4017 4016/4016/4016
f 4017/4017/4017 4018/4018/4018 4016/4016/4016
f 4017/4017/4017 4019/4019/4019 4018/4018/4018
f 4019/4019/4019 4020/4020/4020 4018/4018/4018
f 4019/4019/4019 4021/4021/4021 4020/4020/4020
f 4021/4021/4021 4022/4022/4022 4020/4020/4020
f 4021/4021/4021 4023/4023/4023 4022/4022/4022
f 4023/4023/4023 4024/4024/4024 4022/4022/4022
f 4027/4027/4027 4026/4026/4026 4025/4025/4025
f 4025/4025/4025 4028/4028/4028 4027/4027/4027
f 4028/4028/4028 4029/4029/4029 4027/4027/4027
f 4028/4028/4028 4030/4030/4030 4029/4029/4029
f 4028/4028/4028 4031/4031/4031 4030/4030/4030
f 4031/4031/4031 4032/4032/4032 4030/4030/4030
f 4031/4031/4031 4033/4033/4033 4032/4032/4032
f 4033/4033/4033 4034/4034/4034 4032/4032/4032
f 4033/4033/4033 4035/4035/4035 4034/4034/4034
f 4035/4035/4035 4036/4036/4036 4034/4034/4034
f 4035/4035/4035 4037/4037/4037 4036/4036/4036
f 4037/4037/4037 4038/4038/4038 4036/4036/4036
f 4037/4037/4037 4039/4039/4039 4038/4038/4038
f 4039/4039/4039 4040/4040/4040 4038/4038/4038
f 4039/4039/4039 4041/4041/4041 4040/4040/4040
f 4041/4041/4041 4042/4042/4042 4040/4040/4040
f 4041/4041/4041 4043/4043/4043 4042/4042/4042
f 4043/4043/4043 4044/4044/4044 4042/4042/4042
f 4043/4043/4043 4045/4045/4045 4044/4044/4044
f 4045/4045/4045 4046/4046/4046 4044/4044/4044
f 4045/4045/4045 4047/4047/4047 4046/4046/4046
f 4047/4047/4047 4048/4048/4048 4046/4046/4046
f 4047/4047/4047 4049/4049/4049 4048/4048/4048
f 4049/4049/4049 4050/4050/4050 4048/4048/4048
f 4049/4049/4049 4051/4051/4051 4050/4050/4050
f 4051/4051/4051 4052/4052/4052 4050/4050/4050
f 4051/4051/4051 4053/4053/4053 4052/4052/4052
f 4053/4053/4053 4054/4054/4054 4052/4052/4052
f 4053/4053/4053 4055/4055/4055 4054/4054/4054
f 4055/4055/4055 4056/4056/4056 4054/4054/4054
f 4059/4059/4059 4058/4058/4058 4057/4057/4057
f 4057/4057/4057 4060/4060/4060 4059/4059/4059
f 4060/4060/4060 4061/4061/4061 4059/4059/4059
f 4060/4060/4060 4062/4062/4062 4061/4061/4061
f 4060/4060/4060 4063/4063/4063 4062/4062/4062
f 4063/4063/4063 4064/4064/4064 4062/4062/4062
f 4063/4063/4063 4065/4065/4065 4064/4064/4064
f 4065/4065/4065 4066/4066/4066 4064/4064/4064
f 4065/4065/4065 4067/4067/4067 4066/4066/4066
f 4067/4067/4067 4068/4068/4068 4066/4066/4066
f 4067/4067/4067 4069/4069/4069 4068/4068/4068
f 4069/4069/4069 4070/4070/4070 4068/4068/4068
f 4069/4069/4069 4071/4071/4071 4070/4070/4070
f 4071/4071/4071 4072/4072/4072 4070/4070/4070
f 4071/4071/4071 4073/4073/4073 4072/4072/4072
f 4073/4073/4073 4074/4074/4074 4072/4072/4072
f 4073/4073/4073 4075/4075/4075 4074/4074/4074
f 4075/4075/4075 4076/4076/4076 4074/4074/4074
f 4075/4075/4075 4077/4077/4077 4076/4076/4076
f 4077/4077/4077 4078/4078/4078 4076/4076/4076
f 4077/4077/4077 4079/4079/4079 4078/4078/4078
f 4079/4079/4079 4080/4080/4080 4078/4078/4078
f 4079/4079/4079 4081/4081/4081 4080/4080/4080
f 4081/4081/4081 4082/4082/4082 4080/4080/4080
f 4081/4081/4081 4083/4083/4083 4082/4082/4082
f 4083/4083/4083 4084/4084/4084 4082/4082/4082
f 4083/4083/4083 4085/4085/4085 4084/4084/4084
f 4085/4085/4085 4086/4086/4086 4084/4084/4084
f 4085/4085/4085 4087/4087/4087 4086/4086/4086
f 4087/4087/4087 4088/4088/4088 4086/4086/4086
f 4091/4091/4091 4090/4090/4090 4089/4089/4089
f 4089/4089/4089 4092/4092/4092 4091/4091/4091
f 4092/4092/4092 4093/4093/4093 4091/4091/4091
f 4092/4092/4092 4094/4094/4094 4093/4093/4093
f 4092/4092/4092 4095/4095/4095 4094/4094/4094
f 4095/4095/4095 4096/4096/4096 4094/4094/4094
f 4095/4095/4095 4097/4097/4097 4096/4096/4096
f 4097/4097/4097 4098/4098/4098 4096/4096/4096
f 4097/4097/4097 4099/4099/4099 4098/4098/4098
f 4099/4099/4099 4100/4100/4100 4098/4098/4098
f 4099/4099/4099 4101/4101/4101 4100/4100/4100
f 4101/4101/4101 4102/4102/4102 4100/4100/4100
f 4101/4101/4101 4103/4103/4103 4102/4102/4102
f 4103/4103/4103 4104/4104/4104 4102/4102/4102
f 4103/4103/4103 4105/4105/4105 4104/4104/4104
f 4105/4105/4105 4106/4106/4106 4104/4104/4104
f 4105/4105/4105 4107/4107/4107 4106/4106/4106
f 4107/4107/4107 4108/4108/4108 4106/4106/4106
f 4107/4107/4107 4109/4109/4109 4108/4108/4108
f 4109/4109/4109 4110/4110/4110 4108/4108/4108
f 4109/4109/4109 4111/4111/4111 4110/4110/4110
f 4111/4111/4111 4112/4112/4112 4110/4110/4110
f 4111/4111/4111 4113/4113/4113 4112/4112/4112
f 4113/4113/4113 4114/4114/4114 4112/4112/4112
f 4113/4113/4113 4115/4115/4115 4114/4114/4114
f 4115/4115/4115 4116/4116/4116 4114/4114/4114
f 4115/4115/4115 4117/4117/4117 4116/4116/4116
f 4117/4117/4117 4118/4118/4118 4116/4116/4116
f 4117/4117/4117 4119/4119/4119 4118/4118/4118
f 4119/4119/4119 4120/4120/4120 4118/4118/4118
f 4123/4123/4123 4122/4122/4122 4121/4121/4121
f 4121/4121/4121 4124/4124/4124 4123/4123/4123
f 4124/4124/4124 4125/4125/4125 4123/4123/4123
f 4124/4124/4124 4126/4126/4126 4125/4125/4125
f 4124/4124/4124 4127/4127/4127 4126/4126/4126
f 4127/4127/4127 4128/4128/4128 4126/4126/4126
f 4127/4127/4127 4129/4129/4129 4128/4128/4128
f 4129/4129/4129 4130/4130/4130 4128/4128/4128
f 4129/4129/4129 4131/4131/4131 4130/4130/4130
f 4131/4131/4131 4132/4132/4132 4130/4130/4130
f 4131/4131/4131 4133/4133/4133 4132/4132/4132
f 4133/4133/4133 4134/4134/4134 4132/4132/4132
f 4133/4133/4133 4135/4135/4135 4134/4134/4134
f 4135/4135/4135 4136/4136/4136 4134/4134/4134
f 4135/4135/4135 4137/4137/4137 4136/4136/4136
f 4137/4137/4137 4138/4138/4138 4136/4136/4136
f 4137/4137/4137 4139/4139/4139 4138/4138/4138
f 4139/4139/4139 4140/4140/4140 4138/4138/4138
f 4139/4139/4139 4141/4141/4141 4140/4140/4140
f 4141/4141/4141 4142/4142/4142 4140/4140/4140
f 4141/4141/4141 4143/4143/4143 4142/4142/4142
f 4143/4143/4143 4144/4144/4144 4142/4142/4142
f 4143/4143/4143 4145/4145/4145 4144/4144/4144
f 4145/4145/4145 4146/4146/4146 4144/4144/4144
f 4145/4145/4145 4147/4147/4147 4146/4146/4146
f 4147/4147/4147 4148/4148/4148 4146/4146/4146
f 4147/4147/4147 4149/4149/4149 4148/4148/4148
f 4149/4149/4149 4150/4150/4150 4148/4148/4148
f 4149/4149/4149 4151/4151/4151 4150/4150/4150
f 4151/4151/4151 4152/4152/4152 4150/4150/4150
f 4155/4155/4155 4154/4154/4154 4153/4153/4153
f 4153/4153/4153 4156/4156/4156 4155/4155/4155
f 4156/4156/4156 4157/4157/4157 4155/4155/4155
f 4156/4156/4156 4158/4158/4158 4157/4157/4157
f 4156/4156/4156 4159/4159/4159 4158/4158/4158
f 4159/4159/4159 4160/4160/4160 4158/4158/4158
f 4159/4159/4159 4161/4161/4161 4160/4160/4160
f 4161/4161/4161 4162/4162/4162 4160/4160/4160
f 4161/4161/4161 4163/4163/4163 4162/4162/4162
f 4163/4163/4163 4164/4164/4164 4162/4162/4162
f 4163/4163/4163 4165/4165/4165 4164/4164/4164
f 4165/4165/4165 4166/4166/4166 4164/4164/4164
f 4165/4165/4165 4167/4167/4167 4166/4166/4166
f 4167/4167/4167 4168/4168/4168 4166/4166/4166
f 4167/4167/4167 4169/4169/4169 4168/4168/4168
f 4169/4169/4169 4170/4170/4170 4168/4168/4168
f 4169/4169/4169 4171/4171/4171 4170/4170/4170
f 4171/4171/4171 4172/4172/4172 4170/4170/4170
f 4171/4171/4171 4173/4173/4173 4172/4172/4172
f 4173/4173/4173 4174/4174/4174 4172/4172/4172
f 4173/4173/4173 4175/4175/4175 4174/4174/4174
f 4175/4175/4175 4176/4176/4176 4174/4174/4174
f 4175/4175/4175 4177/4177/4177 4176/4176/4176
f 4177/4177/4177 4178/4178/4178 4176/4176/4176
f 4177/4177/4177 4179/4179/4179 4178/4178/4178
f 4179/4179/4179 4180/4180/4180 4178/4178/4178
f 4179/4179/4179 4181/4181/4181 4180/4180/4180
f 4181/4181/4181 4182/4182/4182 4180/4180/4180
f 4181/4181/4181 4183/4183/4183 4182/4182/4182
f 4183/4183/4183 4184/4184/4184 4182/4182/4182
g Body_5
f 568/568/568 566/566/566 564/564/564
f 569/569/569 568/568/568 564/564/564
f 4187/4187/4187 4186/4186/4186 4185/4185/4185
f 4188/4188/4188 4187/4187/4187 4185/4185/4185
f 740/740/740 741/741/741 736/736/736
f 738/738/738 740/740/740 736/736/736
f 4191/4191/4191 4190/4190/4190 4189/4189/4189
f 4192/4192/4192 4191/4191/4191 4189/4189/4189
