g Robot2
v 0.576929867 0.942707062 -0.00320009794
v 0.568726361 0.952625275 -0.00595893664
v 0.569599867 0.953635335 -0.00320010236
v 0.576929867 0.942707062 -0.00320009794
v 0.575466812 0.941990793 -0.00585118774
v 0.582245409 0.925700366 -0.00320010004
v 0.582245409 0.925700366 -0.00320010004
v 0.580966771 0.926153839 -0.00585015817
v 0.570257246 0.917660117 -0.00249050022
v 0.570356905 0.919769824 -0.00383849815
v 0.569599867 0.953635335 -0.00320010236
v 0.549843729 0.955568194 -0.00612202054
v 0.549732387 0.956579745 -0.00320010004
v 0.53750968 0.947324216 -0.00395740522
v 0.535795689 0.947231948 -0.00249049813
v 0.566197813 0.912239432 0.0161988083
v 0.569552243 0.914049804 0.0220237169
v 0.565237164 0.912836373 0.0230675638
v 0.62212652 0.863706291 -0.0402287506
v 0.627525747 0.86732769 -0.0426861085
v 0.627525747 0.867327869 -0.0377714299
v 0.608239412 0.884411573 -0.0402287468
v 0.613638639 0.888033748 -0.0426861085
v 0.613638818 0.888033807 -0.0377714187
v 0.582797289 0.920372307 -0.0402287506
v 0.590275884 0.925387681 -0.0436323062
v 0.590276003 0.925387621 -0.0368253477
v 0.617469072 0.870473981 -0.0601364933
v 0.622167766 0.873624682 -0.0622746348
v 0.622167408 0.873624682 -0.0579983443
v 0.605386198 0.888489902 -0.0601364896
v 0.610084057 0.891641438 -0.0622746348
v 0.610084057 0.891641498 -0.0579983443
v 0.583248615 0.91977948 -0.0601364896
v 0.589756012 0.924143791 -0.0630979612
v 0.589755833 0.924143672 -0.057175152
v 0.610929072 0.880688906 -0.078510873
v 0.614668548 0.883196235 -0.0802125931
v 0.614668548 0.883196115 -0.076809071
v 0.601311922 0.895028055 -0.078510873
v 0.605050862 0.897536516 -0.0802125931
v 0.605051398 0.897536159 -0.076809071
v 0.583692253 0.91993171 -0.078510873
v 0.588871241 0.923405349 -0.0808680356
v 0.5888713 0.923405349 -0.0761538893
v 0.617709517 0.869759679 -0.0198056698
v 0.622677922 0.873091459 -0.0220666453
v 0.622677803 0.873091459 -0.0175446942
v 0.604932249 0.888811171 -0.0198056698
v 0.609900296 0.892143369 -0.022066649
v 0.609900296 0.892143369 -0.0175446942
v 0.581523001 0.921897709 -0.0198056698
v 0.588403702 0.926512837 -0.0229372717
v 0.588404059 0.926512957 -0.0166742075
v -0.0892056525 0.967736721 -0.0557988435
v -0.105365418 1.01150405 -0.0373033062
v -0.0969999582 1.00845957 -0.0319948122
v -0.105365418 1.01150405 -0.0373033062
v -0.105750747 0.999967575 0.025766803
v -0.116071068 1.00362194 0.0270340741
v -0.0892056525 0.967736721 -0.0557988435
v -0.0826288089 0.969171643 -0.0471681207
v -0.0649754927 0.906854153 -0.0426164903
v -0.0602764823 0.914068401 -0.0362732559
v -0.0194762647 0.870372891 -0.0131993759
v -0.0194762647 0.870372891 -0.0131993759
v -0.0187480226 0.880684733 -0.00891682226
v -0.0152236577 0.843636513 0.043738436
v -0.0155890258 0.854602277 0.0452176742
v 0.0892056525 0.967736721 -0.0557988435
v 0.0969999582 1.00845957 -0.0319948122
v 0.105365418 1.01150405 -0.0373033062
v 0.105365418 1.01150405 -0.0373033062
v 0.105750747 0.999967575 0.025766803
v 0.116071068 1.00362194 0.0270340741
v 0.0892056525 0.967736721 -0.0557988435
v 0.0826288089 0.969171643 -0.0471681207
v 0.0649754927 0.906854153 -0.0426164903
v 0.0602764823 0.914068401 -0.0362732559
v 0.0194762647 0.870372891 -0.0131993759
v 0.0194762647 0.870372891 -0.0131993759
v 0.0187480226 0.880684733 -0.00891682226
v 0.0152236577 0.843636513 0.043738436
v 0.0155890258 0.854602277 0.0452176742
v -0.576929867 0.942707062 -0.00320009794
v -0.569599867 0.953635335 -0.00320010236
v -0.568726361 0.952625275 -0.00595893664
v -0.576929867 0.942707062 -0.00320009794
v -0.575466812 0.941990793 -0.00585118774
v -0.582245409 0.925700366 -0.00320010004
v -0.582245409 0.925700366 -0.00320010004
v -0.580966771 0.926153839 -0.00585015817
v -0.570257246 0.917660117 -0.00249050022
v -0.570356905 0.919769824 -0.00383849815
v -0.569599867 0.953635335 -0.00320010236
v -0.549843729 0.955568194 -0.00612202054
v -0.549732387 0.956579745 -0.00320010004
v -0.53750968 0.947324216 -0.00395740522
v -0.535795689 0.947231948 -0.00249049813
v -0.566197813 0.912239432 0.0161988083
v -0.565237164 0.912836373 0.0230675638
v -0.569552243 0.914049804 0.0220237169
v -0.62212652 0.863706291 -0.0402287506
v -0.627525747 0.867327869 -0.0377714299
v -0.627525747 0.86732769 -0.0426861085
v -0.608239412 0.884411573 -0.0402287468
v -0.613638818 0.888033807 -0.0377714187
v -0.613638639 0.888033748 -0.0426861085
v -0.582797289 0.920372307 -0.0402287506
v -0.590276003 0.925387621 -0.0368253477
v -0.590275884 0.925387681 -0.0436323062
v -0.617469072 0.870473981 -0.0601364933
v -0.622167408 0.873624682 -0.0579983443
v -0.622167766 0.873624682 -0.0622746348
v -0.605386198 0.888489902 -0.0601364896
v -0.610084057 0.891641498 -0.0579983443
v -0.610084057 0.891641438 -0.0622746348
v -0.583248615 0.91977948 -0.0601364896
v -0.589755833 0.924143672 -0.057175152
v -0.589756012 0.924143791 -0.0630979612
v -0.610929072 0.880688906 -0.078510873
v -0.614668548 0.883196115 -0.076809071
v -0.614668548 0.883196235 -0.0802125931
v -0.601311922 0.895028055 -0.078510873
v -0.605051398 0.897536159 -0.076809071
v -0.605050862 0.897536516 -0.0802125931
v -0.583692253 0.91993171 -0.078510873
v -0.5888713 0.923405349 -0.0761538893
v -0.588871241 0.923405349 -0.0808680356
v -0.617709517 0.869759679 -0.0198056698
v -0.622677803 0.873091459 -0.0175446942
v -0.622677922 0.873091459 -0.0220666453
v -0.604932249 0.888811171 -0.0198056698
v -0.609900296 0.892143369 -0.0175446942
v -0.609900296 0.892143369 -0.022066649
v -0.581523001 0.921897709 -0.0198056698
v -0.588404059 0.926512957 -0.0166742075
v -0.588403702 0.926512837 -0.0229372717
v 0.523308516 0.974336922 -0.0695846602
v 0.515075386 0.98651135 -0.0714483559
v 0.504167378 0.981001318 -0.0592534803
v 0.512400806 0.968826652 -0.0573899336
v 0.528547525 0.967781961 -0.0669297501
v 0.503050685 0.982867658 -0.0421269424
v 0.518470407 0.962691724 -0.055663202
v 0.5338732 0.963303685 -0.0615405217
v 0.511284351 0.970693171 -0.040263243
v 0.512379467 0.991016805 -0.0301008821
v 0.526160479 0.959407151 -0.0529175736
v 0.538474441 0.961582839 -0.0542378426
v 0.517438591 0.964415848 -0.0398401991
v 0.520612478 0.978842497 -0.0282373372
v 0.526688397 1.0006758 -0.0302203726
v 0.534921348 0.988501012 -0.0283566844
v 0.526057184 0.971944928 -0.0287296809
v 0.539276481 0.980868518 -0.0288400706
v 0.534300745 0.959474325 -0.0495711379
v 0.54165113 0.962881982 -0.0461332276
v 0.525370717 0.960727036 -0.0408072658
v 0.531966865 0.966489851 -0.0323036648
v 0.542084515 0.97331959 -0.0323880725
v 0.533872843 0.960188746 -0.0430170968
v 0.537442803 0.963307142 -0.0384149738
v 0.542918742 0.967003226 -0.0384606197
v 0.534921348 0.988501012 -0.0283566844
v 0.526688397 1.0006758 -0.0302203726
v 0.537596107 1.00618553 -0.0424150974
v 0.545829713 0.994010687 -0.0405515134
v 0.539276481 0.980868518 -0.0288400706
v 0.538712919 1.00431955 -0.0595417768
v 0.549354017 0.985958517 -0.0401066244
v 0.542084515 0.97331959 -0.0323880725
v 0.546945989 0.992144883 -0.0576782413
v 0.529384613 0.996169627 -0.0715676844
v 0.549797833 0.977215171 -0.0410109758
v 0.542918742 0.967003226 -0.0384606197
v 0.550385594 0.984234512 -0.0559294894
v 0.537617624 0.983995497 -0.0697041452
v 0.515075386 0.98651135 -0.0714483559
v 0.523308516 0.974336922 -0.0695846602
v 0.541767657 0.976705551 -0.0670399964
v 0.528547525 0.967781961 -0.0669297501
v 0.547092795 0.969111919 -0.0431273356
v 0.54165113 0.962881982 -0.0461332276
v 0.550587535 0.975895643 -0.0531214736
v 0.543991923 0.970133007 -0.0616250783
v 0.5338732 0.963303685 -0.0615405217
v 0.54752022 0.968397796 -0.0496813655
v 0.543950617 0.965278924 -0.0542834923
v 0.538474441 0.961582839 -0.0542378426
v 0.407384068 1.11628556 -0.122874506
v 0.436080933 1.13556123 -0.122874506
v 0.427825242 1.13823879 -0.136278361
v 0.40802756 1.12494016 -0.136278361
v 0.436080933 1.13556123 -0.122874506
v 0.407384068 1.11628556 -0.122874506
v 0.441528231 1.0654645 -0.108707167
v 0.470214635 1.08473313 -0.108707167
v 0.492249906 1.0566504 -0.0884192958
v 0.4719612 1.04302216 -0.0884192958
v 0.500569344 1.00041354 -0.0822198391
v 0.520874679 1.01405251 -0.0822198391
v 0.53427434 1.02461612 -0.0714797601
v 0.455476433 1.1501596 -0.112085186
v 0.409822077 1.17465937 -0.121581115
v 0.485375404 1.09660769 -0.0970856845
v 0.425034732 1.18644035 -0.110841841
v 0.505657196 1.06721926 -0.0776748806
v 0.532110751 1.02783656 -0.0393585637
v 0.503495157 1.07043827 -0.0455724746
v 0.482017577 1.10160589 -0.0472347587
v 0.409757078 1.18629158 -0.110958993
v 0.405028373 1.18179595 -0.120022602
v 0.401779026 1.18663371 -0.0717820004
v 0.407118559 1.19022012 -0.0717820078
v 0.421907991 1.19109511 -0.0644222274
v 0.48785767 1.06206286 -0.0309480298
v 0.516487241 1.01946855 -0.0247487929
v 0.498373032 1.00730097 -0.0247487947
v 0.466141105 1.09321809 -0.0315890759
v 0.469768852 1.04991281 -0.030948028
v 0.434331805 1.14688003 -0.0370135307
v 0.451405525 1.15621996 -0.0516407713
v 0.406116128 1.1826129 -0.0498155393
v 0.421907991 1.19109511 -0.0644222274
v 0.396082133 1.12118793 -0.0370133854
v 0.456891268 1.03913462 -0.0455724746
v 0.485506922 0.996533036 -0.0393585563
v 0.487670034 0.99331212 -0.0714797676
v 0.433728516 1.0714469 -0.0315890759
v 0.459053487 1.03591573 -0.0776748806
v 0.500569344 1.00041354 -0.0822198391
v 0.4719612 1.04302216 -0.0884192958
v 0.441528231 1.0654645 -0.108707167
v 0.422826171 1.06184709 -0.0472347587
v 0.426183999 1.05684865 -0.0970856845
v 0.407384068 1.11628556 -0.122874506
v 0.383845389 1.11084032 -0.0516407676
v 0.387916625 1.10477912 -0.112085186
v 0.381120533 1.15538073 -0.121581115
v 0.373674035 1.16082108 -0.0498155393
v 0.362716705 1.15133595 -0.0644222274
v 0.362716705 1.15133595 -0.0644222274
v 0.365843147 1.14668143 -0.110841841
v 0.367738605 1.16376817 -0.0717820078
v 0.372646809 1.16799581 -0.0653882697
v 0.367738605 1.16376817 -0.0717820078
v 0.373077691 1.16735458 -0.0717820078
v 0.401779026 1.18663371 -0.0717820004
v 0.370376617 1.15983987 -0.110958993
v 0.376326829 1.16251743 -0.120022602
v 0.373077691 1.16735458 -0.0717820078
v 0.401348442 1.18727469 -0.0653882697
v 0.407118559 1.19022012 -0.0717820078
v 0.407118559 1.19022012 -0.0717820078
v 0.337884426 1.22936678 -0.0646027848
v 0.341310143 1.22426605 -0.115472429
v 0.361108154 1.23756409 -0.115472429
v 0.357682258 1.24266505 -0.0646027848
v 0.341310143 1.22426605 -0.115472429
v 0.357686639 1.19988596 -0.111924894
v 0.377484232 1.21318412 -0.111924894
v 0.361108154 1.23756409 -0.115472429
v 0.541750014 1.02326286 -0.0728042796
v 0.53427434 1.02461612 -0.0714797601
v 0.520874679 1.01405251 -0.0822198391
v 0.526561141 1.01099765 -0.0869811401
v 0.553634048 1.00557065 -0.0702305511
v 0.55119729 1.00919855 -0.0340530053
v 0.53844732 0.993306577 -0.0844065472
v 0.539313734 1.02689028 -0.036630407
v 0.53427434 1.02461612 -0.0714797601
v 0.532110751 1.02783656 -0.0393585637
v 0.521939635 1.01781869 -0.018768426
v 0.532110751 1.02783656 -0.0393585637
v 0.516487241 1.01946855 -0.0247487929
v 0.533826292 1.00012851 -0.0161939654
v 0.497875094 1.0016551 -0.018768426
v 0.516487241 1.01946855 -0.0247487929
v 0.498373032 1.00730097 -0.0247487947
v 0.509756684 0.983960629 -0.0161939599
v 0.483659476 0.989506841 -0.036630407
v 0.495543152 0.97181493 -0.0340530016
v 0.498373032 1.00730097 -0.0247487947
v 0.485506922 0.996533036 -0.0393585563
v 0.520874679 1.01405251 -0.0822198391
v 0.500569344 1.00041354 -0.0822198391
v 0.501339495 0.994055986 -0.086981006
v 0.513221979 0.976362646 -0.0844065472
v 0.486095607 0.985879779 -0.0728042722
v 0.497979492 0.968187451 -0.0702305511
v 0.495543152 0.97181493 -0.0340530016
v 0.483659476 0.989506841 -0.036630407
v 0.487670034 0.99331212 -0.0714797676
v 0.500569344 1.00041354 -0.0822198391
v 0.487670034 0.99331212 -0.0714797676
v 0.485506922 0.996533036 -0.0393585563
v 0.374554664 1.15685642 -0.169592857
v 0.375162244 1.15594745 -0.149013445
v 0.411361039 1.1801213 -0.149014607
v 0.410753518 1.18102968 -0.16959402
v 0.414748102 1.19706321 -0.148366511
v 0.414140642 1.19797206 -0.168945923
v 0.390609175 1.23321104 -0.146057606
v 0.390001297 1.23411989 -0.166637018
v 0.373662055 1.23657429 -0.14540863
v 0.373054266 1.2374835 -0.165988326
v 0.33746326 1.21240091 -0.145407453
v 0.336855531 1.21330953 -0.165986881
v 0.334075809 1.19545853 -0.146055698
v 0.333468705 1.19636738 -0.166635111
v 0.358215213 1.15931082 -0.148364469
v 0.357607633 1.16021967 -0.168943986
v 0.375162244 1.15594745 -0.149013445
v 0.374554664 1.15685642 -0.169592857
v 0.354260474 1.20498681 -0.0610552244
v 0.337884426 1.22936678 -0.0646027848
v 0.357682258 1.24266505 -0.0646027848
v 0.374058247 1.21828485 -0.0610552244
v 0.389563084 1.19520152 -0.07359007
v 0.369765729 1.181903 -0.07359007
v 0.373077691 1.16735458 -0.0717820078
v 0.401779026 1.18663371 -0.0717820004
v 0.409822077 1.17465937 -0.121581115
v 0.427825242 1.13823879 -0.136278361
v 0.436080933 1.13556123 -0.122874506
v 0.398265988 1.18790138 -0.148284152
v 0.405028373 1.18179595 -0.120022602
v 0.377484232 1.21318412 -0.111924894
v 0.378002614 1.22013128 -0.146262676
v 0.389563084 1.19520152 -0.07359007
v 0.401779026 1.18663371 -0.0717820004
v 0.374058247 1.21828485 -0.0610552244
v 0.367583424 1.22792435 -0.088263832
v 0.357682258 1.24266505 -0.0646027848
v 0.361108154 1.23756409 -0.115472429
v 0.381120533 1.15538073 -0.121581115
v 0.407384068 1.11628556 -0.122874506
v 0.40802756 1.12494016 -0.136278361
v 0.373649776 1.17147195 -0.148283273
v 0.376326829 1.16251743 -0.120022602
v 0.357686639 1.19988596 -0.111924894
v 0.352496475 1.20310462 -0.14626193
v 0.369765729 1.181903 -0.07359007
v 0.373077691 1.16735458 -0.0717820078
v 0.354260474 1.20498681 -0.0610552244
v 0.347785592 1.21462595 -0.088263832
v 0.341310143 1.22426605 -0.115472429
v 0.337884426 1.22936678 -0.0646027848
v 0.427825242 1.13823879 -0.136278361
v 0.398265988 1.18790138 -0.148284152
v 0.373649776 1.17147195 -0.148283273
v 0.40802756 1.12494016 -0.136278361
v 0.377484232 1.21318412 -0.111924894
v 0.357686639 1.19988596 -0.111924894
v 0.352496475 1.20310462 -0.14626193
v 0.378002614 1.22013128 -0.146262676
v 0.156491682 0.00475376006 0.0508869812
v 0.127076611 0.0351724513 0.00405531656
v 0.127076611 0.00475376006 0.0508869812
v 0.156491682 0.0351724513 0.00405531656
v 0.161864758 0.0396784246 0.00698208436
v 0.161864758 0.00925958529 0.0538137518
v 0.161864758 0.0329190232 0.0691814199
v 0.161864758 0.0633378625 0.022349745
v 0.152877629 0.0708746836 0.0272451602
v 0.152877629 0.0404560231 0.0740768313
v 0.130690664 0.0708746836 0.0272451602
v 0.130690664 0.0404560231 0.0740768313
v 0.121703528 0.0329190232 0.0691814199
v 0.121703528 0.0633378625 0.022349745
v 0.121703528 0.00925958529 0.0538137518
v 0.121703528 0.0396784246 0.00698208436
v 0.127076611 0.0351724513 0.00405531656
v 0.127076611 0.00475376006 0.0508869812
v 0.149549514 0.032117825 0.079511568
v 0.161864758 0.0329190232 0.0691814199
v 0.134018779 0.032117825 0.079511568
v 0.121703528 0.0329190232 0.0691814199
v 0.127727792 0.0211789217 0.0800690055
v 0.15584065 0.0211789217 0.0800690055
v 0.15584065 0.00461724214 0.0693116188
v 0.161864758 0.00925958529 0.0538137518
v 0.127727792 0.00461724214 0.0693116188
v 0.121703528 0.00925958529 0.0538137518
v 0.131488934 0.00280067255 0.060469076
v 0.127076611 0.00475376006 0.0508869812
v 0.152079508 0.00280067255 0.060469076
v 0.156491682 0.00475376006 0.0508869812
v 0.113172337 0.0744529143 -0.091637291
v 0.113123894 0.0327610709 -0.0917626619
v 0.131198272 0.0327610709 -0.109837055
v 0.131127372 0.0744529143 -0.109592341
v 0.152441055 0.0744529143 -0.109592341
v 0.152370006 0.0327610709 -0.109837055
v 0.170396119 0.0744529143 -0.091637291
v 0.170444548 0.0327610709 -0.0917626619
v 0.170396119 0.0744529143 -0.0209038332
v 0.170396119 0.0327610709 -0.0424599722
v 0.170396119 0.0327107273 0.0024562953
v 0.170396119 0.00658354023 -0.0424599722
v 0.170396119 0.0700819939 0.0267302096
v 0.170396119 0.0931385532 -0.00876694731
v 0.156503573 0.0800821558 0.0332256779
v 0.156503573 0.103138857 -0.00227133534
v 0.127064884 0.103138857 -0.00227133534
v 0.127064884 0.0800821558 0.0332256779
v 0.113172337 0.0931385532 -0.00876694731
v 0.113172337 0.0700819939 0.0267302096
v 0.113172337 0.0744529143 -0.0209038332
v 0.113172337 0.0327107273 0.0024562953
v 0.113172337 0.0327610709 -0.0424598306
v 0.113172337 0.00658354023 -0.0424599722
v 0.113123894 0.0327610709 -0.0917626619
v 0.113172337 0.0744529143 -0.091637291
v 0.131127372 0.0744529143 -0.109592341
v 0.120123439 0.0803246573 -0.0887579396
v 0.113172337 0.0744529143 -0.091637291
v 0.13400659 0.0803246573 -0.102641225
v 0.152441055 0.0744529143 -0.109592341
v 0.149561852 0.0803246573 -0.102641225
v 0.163444996 0.0803246573 -0.0887579396
v 0.170396119 0.0744529143 -0.091637291
v 0.162252292 0.0803246573 -0.0240915976
v 0.170396119 0.0744529143 -0.0209038332
v 0.163672075 0.0937458426 -0.0153741203
v 0.170396119 0.0931385532 -0.00876694731
v 0.156503573 0.103138857 -0.00227133534
v 0.153851464 0.100331284 -0.0110965595
v 0.127064884 0.103138857 -0.00227133534
v 0.129716977 0.100331284 -0.0110965595
v 0.119896211 0.0937458426 -0.0153741203
v 0.113172337 0.0931385532 -0.00876694731
v 0.113172337 0.0744529143 -0.0209038332
v 0.121315993 0.0803246573 -0.0240915976
v 0.113172337 0.0744529143 -0.091637291
v 0.120123439 0.0803246573 -0.0887579396
v 0.170396119 0.00658354023 -0.0424599722
v 0.113172337 0.00658354023 -0.0424599722
v 0.113172337 0.0327107273 0.0024562953
v 0.170396119 0.0327107273 0.0024562953
v 0.154065907 0.0273593664 -0.114347562
v 0.152370006 0.0327610709 -0.109837055
v 0.131198272 0.0327610709 -0.109837055
v 0.12950252 0.0273593664 -0.114347562
v 0.131198272 0.0327610709 -0.109837055
v 0.113123894 0.0327610709 -0.0917626619
v 0.108809926 0.0273593664 -0.0936549753
v 0.113123894 0.0327610709 -0.0917626619
v 0.108809926 0.0273593664 -0.0424599722
v 0.113172337 0.0327610709 -0.0424598306
v 0.174758509 0.0273593664 -0.0936549753
v 0.152370006 0.0327610709 -0.109837055
v 0.170444548 0.0327610709 -0.0917626619
v 0.174758509 0.0273593664 -0.0424599722
v 0.170444548 0.0327610709 -0.0917626619
v 0.170396119 0.0327610709 -0.0424599722
v 0.108809926 0.0273593664 -0.0424599722
v 0.108809926 -0.000305183639 -0.0424599722
v 0.108809926 -0.000305183639 -0.0936549753
v 0.108809926 0.0273593664 -0.0936549753
v 0.12950252 -0.000305183639 -0.114347562
v 0.12950252 0.0273593664 -0.114347562
v 0.154065907 0.0273593664 -0.114347562
v 0.154065907 -0.000305183639 -0.114347562
v 0.174758509 0.0273593664 -0.0936549753
v 0.174758509 -0.000305183639 -0.0936549753
v 0.174758509 0.0273593664 -0.0424599722
v 0.174758509 -0.000305183639 -0.0424599722
v 0.108809926 -0.000305183639 -0.0424599722
v 0.108809926 0.0273593664 -0.0424599722
v 0.113172337 0.0327610709 -0.0424598306
v 0.113172337 0.00658354023 -0.0424599722
v 0.170396119 0.00658354023 -0.0424599722
v 0.174758509 -0.000305183639 -0.0424599722
v 0.174758509 0.0273593664 -0.0424599722
v 0.170396119 0.0327610709 -0.0424599722
v 0.108809926 -0.000305183639 -0.0424599722
v 0.174758509 -0.000305183639 -0.0424599722
v 0.174758509 -0.000305183639 -0.0936549753
v 0.108809926 -0.000305183639 -0.0936549753
v 0.12950252 -0.000305183639 -0.114347562
v 0.154065907 -0.000305183639 -0.114347562
v 0.121261239 0.129475653 -0.056423299
v 0.121261239 0.110304147 -0.0696319267
v 0.121261239 0.129475653 -0.0726027265
v 0.121261239 0.110304147 -0.0516955256
v 0.120123439 0.0803246573 -0.0887579396
v 0.121261239 0.129475653 -0.0402439833
v 0.121315993 0.0803246573 -0.0240915976
v 0.121261239 0.110304147 -0.0337592699
v 0.132078469 0.129475653 -0.0294266604
v 0.119896211 0.0937458426 -0.0153741203
v 0.132078469 0.110304147 -0.0217671227
v 0.151489839 0.129475653 -0.0294266604
v 0.129716977 0.100331284 -0.0110965595
v 0.151489839 0.110304147 -0.0217671227
v 0.162307203 0.129475653 -0.0402439833
v 0.153851464 0.100331284 -0.0110965595
v 0.162307203 0.110304147 -0.0337592699
v 0.162307203 0.129475653 -0.056423299
v 0.163672075 0.0937458426 -0.0153741203
v 0.162307203 0.110304147 -0.0516955256
v 0.162307203 0.129475653 -0.0726027265
v 0.162252292 0.0803246573 -0.0240915976
v 0.162307203 0.110304147 -0.0696319267
v 0.147594377 0.129475653 -0.0873155445
v 0.163444996 0.0803246573 -0.0887579396
v 0.147594377 0.110304147 -0.0859424472
v 0.135974213 0.129475653 -0.0873155445
v 0.149561852 0.0803246573 -0.102641225
v 0.135974213 0.110304147 -0.0859424472
v 0.121261239 0.129475653 -0.0726027265
v 0.13400659 0.0803246573 -0.102641225
v 0.121261239 0.110304147 -0.0696319267
v 0.120123439 0.0803246573 -0.0887579396
v 0.129859373 0.425900817 0.00661466038
v 0.129859373 0.489363521 0.0229203347
v 0.153708905 0.489363521 0.0229203347
v 0.153708905 0.425900817 0.00661466038
v 0.124499507 0.417517185 -0.00587394089
v 0.129859373 0.425900817 0.00661466038
v 0.153708905 0.425900817 0.00661466038
v 0.159069061 0.417517185 -0.00587394089
v 0.129859373 0.425900817 0.00661466038
v 0.124499507 0.417517185 -0.00587394089
v 0.124496721 0.466975003 0.00240726606
v 0.129859373 0.489363521 0.0229203347
v 0.124496721 0.47532329 -0.000171161184
v 0.124496721 0.47532329 -0.0487622954
v 0.129859373 0.489363521 -0.0348330624
v 0.129859373 0.52722007 0.0247910693
v 0.123704918 0.489653111 0.0302611794
v 0.123680703 0.526811063 0.0387119316
v 0.129859373 0.52722007 -0.0348330624
v 0.125551432 0.529715538 0.0187516939
v 0.125551432 0.529715538 -0.0287935417
v 0.129859373 0.544432223 -0.039445024
v 0.125551432 0.544432223 -0.0050209281
v 0.125551432 0.544432223 -0.0349259861
v 0.129859373 0.561644137 -0.0348330624
v 0.125551432 0.544432223 0.0248841345
v 0.129859373 0.544432223 0.0294030271
v 0.125551432 0.559384704 -0.0309195481
v 0.129859373 0.57424432 -0.0222330447
v 0.125551432 0.559384704 0.0208775532
v 0.129859373 0.561644137 0.0247910693
v 0.125551432 0.570330858 -0.019973455
v 0.129859373 0.578856111 -0.0050209281
v 0.125551432 0.570330858 0.00993160624
v 0.129859373 0.57424432 0.0121910525
v 0.125551432 0.574337244 -0.0050209281
v 0.153708905 0.489363521 0.0229203347
v 0.159069061 0.417517185 -0.00587394089
v 0.153708905 0.425900817 0.00661466038
v 0.159071878 0.466975003 0.00240726606
v 0.159071878 0.47532329 -0.000171161184
v 0.153708905 0.489363521 -0.0348330624
v 0.159071878 0.47532329 -0.0487622954
v 0.153708905 0.52722007 -0.0348330624
v 0.153708905 0.52722007 0.0247910693
v 0.156209096 0.526811063 0.0387119316
v 0.156184882 0.489653111 0.0302611794
v 0.158016875 0.529715538 -0.0287935417
v 0.158016875 0.529715538 0.0187516939
v 0.153708905 0.544432223 0.0294030271
v 0.158016875 0.544432223 -0.0050209281
v 0.158016875 0.544432223 -0.0349259861
v 0.153708905 0.544432223 -0.039445024
v 0.158016875 0.544432223 0.0248841345
v 0.153708905 0.561644137 0.0247910693
v 0.158016875 0.559384704 -0.0309195481
v 0.153708905 0.561644137 -0.0348330624
v 0.158016875 0.559384704 0.0208775532
v 0.153708905 0.574244201 0.0121910525
v 0.158016875 0.57033062 -0.019973455
v 0.153708905 0.574244201 -0.0222330447
v 0.158016875 0.57033062 0.00993160624
v 0.153708905 0.578856111 -0.0050209281
v 0.158016875 0.574337244 -0.0050209281
v 0.129859373 0.489363521 -0.0348330624
v 0.124496721 0.47532329 -0.0487622954
v 0.159071878 0.47532329 -0.0487622954
v 0.153708905 0.489363521 -0.0348330624
v 0.129859373 0.52722007 -0.0348330624
v 0.153708905 0.52722007 -0.0348330624
v 0.153708905 0.544432223 -0.039445024
v 0.129859373 0.544432223 -0.039445024
v 0.129859373 0.561644137 -0.0348330624
v 0.153708905 0.561644137 -0.0348330624
v 0.153708905 0.574244201 -0.0222330447
v 0.129859373 0.57424432 -0.0222330447
v 0.153708905 0.578856111 -0.0050209281
v 0.129859373 0.578856111 -0.0050209281
v 0.153708905 0.574244201 0.0121910525
v 0.129859373 0.57424432 0.0121910525
v 0.153708905 0.561644137 0.0247910693
v 0.129859373 0.561644137 0.0247910693
v 0.153708905 0.544432223 0.0294030271
v 0.129859373 0.544432223 0.0294030271
v 0.153708905 0.52722007 0.0247910693
v 0.129859373 0.52722007 0.0247910693
v 0.121261239 0.28285265 -0.0725849718
v 0.121261239 0.156038523 -0.0402448997
v 0.121261239 0.156038523 -0.072599642
v 0.121261239 0.28285265 -0.0402490459
v 0.113679357 0.309840083 -0.0814121738
v 0.132080063 0.156038523 -0.0294266604
v 0.113679357 0.309840083 -0.0348809175
v 0.13208814 0.28285265 -0.0294266604
v 0.151480436 0.28285265 -0.0294266604
v 0.1514882 0.156038523 -0.0294266604
v 0.162307203 0.156038523 -0.0402448997
v 0.124505676 0.309840083 -0.023903409
v 0.162307203 0.28285265 -0.0402490459
v 0.162307203 0.156038523 -0.072599642
v 0.162307203 0.28285265 -0.0725849718
v 0.169889241 0.309840083 -0.0348809175
v 0.169889241 0.309840083 -0.0814121738
v 0.159062907 0.309840083 -0.023903409
v 0.169889241 0.417517185 -0.0167416483
v 0.159069061 0.417517185 -0.00587394089
v 0.169889241 0.466975003 -0.00841009151
v 0.124499507 0.417517185 -0.00587394089
v 0.113679357 0.417517185 -0.0167416483
v 0.124496721 0.466975003 0.00240726606
v 0.159071878 0.466975003 0.00240726606
v 0.113679357 0.466975003 -0.00841009151
v 0.165504068 0.47532329 -0.00930068735
v 0.159071878 0.47532329 -0.000171161184
v 0.165504068 0.47532329 -0.0487622954
v 0.169889241 0.466975003 -0.055167187
v 0.159071878 0.47532329 -0.0487622954
v 0.118064523 0.47532329 -0.00930068735
v 0.124496721 0.47532329 -0.000171161184
v 0.124496721 0.47532329 -0.0487622954
v 0.118064523 0.47532329 -0.0487622954
v 0.113679357 0.466975003 -0.055167187
v 0.121261239 0.28285265 -0.0725849718
v 0.121261239 0.156038523 -0.072599642
v 0.135976404 0.156038523 -0.0873155445
v 0.135986984 0.28285265 -0.0873155445
v 0.113679357 0.309840083 -0.0814121738
v 0.147581324 0.28285265 -0.0873155445
v 0.147592172 0.156038523 -0.0873155445
v 0.162307203 0.156038523 -0.072599642
v 0.162307203 0.28285265 -0.0725849718
v 0.155164093 0.309840083 -0.0961906761
v 0.169889241 0.309840083 -0.0814121738
v 0.128404647 0.309840083 -0.0961906761
v 0.113679357 0.417517185 -0.0776255652
v 0.155172586 0.417517185 -0.0923590735
v 0.169889241 0.417517185 -0.0776255652
v 0.128396139 0.417517185 -0.0923590735
v 0.155176401 0.466975003 -0.0698801577
v 0.169889241 0.466975003 -0.055167187
v 0.128392324 0.466975003 -0.0698801577
v 0.113679357 0.466975003 -0.055167187
v 0.124496721 0.47532329 -0.0552025698
v 0.118064523 0.47532329 -0.0487622954
v 0.124496721 0.47532329 -0.0487622954
v 0.159071878 0.47532329 -0.0552025698
v 0.165504068 0.47532329 -0.0487622954
v 0.159071878 0.47532329 -0.0487622954
v 0.169437543 0.150943756 -0.037291266
v 0.1514882 0.156038523 -0.0294266604
v 0.162307203 0.156038523 -0.0402448997
v 0.154441699 0.150943756 -0.022296166
v 0.169437543 0.129475802 -0.0372903869
v 0.169437706 0.129475936 -0.0755562186
v 0.154443473 0.129475802 -0.022296166
v 0.169437706 0.150944054 -0.0755531266
v 0.162307203 0.156038523 -0.0402448997
v 0.162307203 0.156038523 -0.072599642
v 0.150545657 0.150944054 -0.0944460481
v 0.162307203 0.156038523 -0.072599642
v 0.147592172 0.156038523 -0.0873155445
v 0.150547996 0.129475936 -0.0944460481
v 0.13302277 0.150944054 -0.0944460481
v 0.13302058 0.129475936 -0.0944460481
v 0.147592172 0.156038523 -0.0873155445
v 0.135976404 0.156038523 -0.0873155445
v 0.129126579 0.150943756 -0.022296166
v 0.129124969 0.129475802 -0.022296166
v 0.132080063 0.156038523 -0.0294266604
v 0.1514882 0.156038523 -0.0294266604
v 0.114130743 0.150943756 -0.037291266
v 0.114130743 0.129475802 -0.0372903869
v 0.114130601 0.129475936 -0.0755562186
v 0.121261239 0.156038523 -0.0402448997
v 0.132080063 0.156038523 -0.0294266604
v 0.114130601 0.150944054 -0.0755531266
v 0.13302058 0.129475936 -0.0944460481
v 0.121261239 0.156038523 -0.0402448997
v 0.121261239 0.156038523 -0.072599642
v 0.13302277 0.150944054 -0.0944460481
v 0.135976404 0.156038523 -0.0873155445
v 0.121261239 0.156038523 -0.072599642
v 0.163548484 0.471655935 0.0473028757
v 0.120020099 0.476226181 0.0272075832
v 0.120020099 0.471655935 0.0473028757
v 0.163548484 0.476226181 0.0272075832
v 0.175774187 0.483576864 0.0500140078
v 0.175774187 0.488147199 0.0299187098
v 0.175774187 0.526021481 0.059666995
v 0.175774187 0.530591786 0.0395717025
v 0.163548484 0.537942767 0.0623782761
v 0.163548484 0.542512953 0.0422829799
v 0.120020099 0.537942767 0.0623782761
v 0.120020099 0.542512953 0.0422829799
v 0.10779456 0.526021481 0.059666995
v 0.10779456 0.530591786 0.0395717025
v 0.10779456 0.483576864 0.0500140078
v 0.10779456 0.488147199 0.0299187098
v 0.120020099 0.471655935 0.0473028757
v 0.120020099 0.476226181 0.0272075832
v 0.123680703 0.526811063 0.0387119316
v 0.129859373 0.52722007 0.0247910693
v 0.153708905 0.52722007 0.0247910693
v 0.156209096 0.526811063 0.0387119316
v 0.156184882 0.489653111 0.0302611794
v 0.153708905 0.489363521 0.0229203347
v 0.129859373 0.489363521 0.0229203347
v 0.123704918 0.489653111 0.0302611794
v 0.121421389 0.00405472936 0.0715340748
v 0.121421389 0.00581859984 0.0341889337
v 0.162147179 0.00581859984 0.0341889337
v 0.162147179 0.00405472936 0.0715340748
v 0.18811141 0.0107672997 0.109029979
v 0.181175292 0.025151005 0.111639515
v 0.181175292 0.0150332674 0.105371289
v 0.185448751 0.0274644699 0.116317682
v 0.176356211 0.029879516 0.113951817
v 0.180176809 0.0327864699 0.118668571
v 0.162147179 0.029879516 0.11732468
v 0.162544131 0.0355096348 0.122913405
v 0.121517837 0.0355654173 0.125599295
v 0.121421389 0.029879516 0.120158963
v 0.103024207 0.0327560827 0.124835089
v 0.106530085 0.029879516 0.120158963
v 0.097575672 0.0274972077 0.123327948
v 0.101597965 0.0251276661 0.118771769
v 0.0946616828 0.0107672997 0.116169125
v 0.101597965 0.0150332674 0.112510443
v 0.101597965 0.0150332674 0.112510443
v 0.0946616828 0.0107672997 0.116169125
v 0.0947352201 0.0154387103 0.0733086616
v 0.101597965 0.0186885707 0.0740189999
v 0.109934069 0.0226817932 0.0341889337
v 0.106539622 0.0194319319 0.0300103109
v 0.109934069 0.0226817932 0.0341889337
v 0.121421389 0.0194319319 0.0300103109
v 0.121421389 0.0226817932 0.0341889337
v 0.181015119 0.0194319319 0.0304073878
v 0.162147179 0.0194319319 0.0300103109
v 0.162147179 -0.000305183639 0.0300103109
v 0.181015119 -0.000305183639 0.0304073878
v 0.162147179 0.00581859984 0.0341889337
v 0.162147179 -0.000305183639 0.0341889337
v 0.162147179 -0.000305183639 0.0300103109
v 0.162147179 0.0194319319 0.0300103109
v 0.162147179 0.0226817932 0.0341889337
v 0.181015119 -0.000305183639 0.0304073878
v 0.162147179 -0.000305183639 0.0300103109
v 0.162147179 -0.000305183639 0.0341889337
v 0.162729532 -0.000305183639 0.073597841
v 0.188097343 -0.000305183639 0.0737057403
v 0.18811141 -0.000305183639 0.105371289
v 0.12157435 -0.000305183639 0.0734227225
v 0.121421389 -0.000305183639 0.0341889337
v 0.16322729 -0.000305183639 0.107272267
v 0.121718645 -0.000305183639 0.110443436
v 0.186217949 -0.000305183639 0.136593387
v 0.18150939 -0.000305183639 0.143630654
v 0.163914293 -0.000305183639 0.153743118
v 0.121910952 -0.000305183639 0.159795105
v 0.103004113 -0.000305183639 0.156902552
v 0.0977431759 -0.000305183639 0.151472807
v 0.0946616828 -0.000305183639 0.112510443
v 0.0947352201 -0.000305183639 0.0733086616
v 0.106539622 -0.000305183639 0.0300103109
v 0.121421389 -0.000305183639 0.0300103109
v 0.106539622 0.0194319319 0.0300103109
v 0.106539622 -0.000305183639 0.0300103109
v 0.121421389 -0.000305183639 0.0300103109
v 0.121421389 0.0194319319 0.0300103109
v 0.106539622 -0.000305183639 0.0300103109
v 0.106539622 0.0194319319 0.0300103109
v 0.0947352201 0.0154387103 0.0733086616
v 0.0947352201 -0.000305183639 0.0733086616
v 0.0946616828 -0.000305183639 0.112510443
v 0.0946616828 0.0107672997 0.116169125
v 0.0977431759 -0.000305183639 0.151472807
v 0.097417146 0.0208903085 0.152486563
v 0.097575672 0.0274972077 0.123327948
v 0.102476388 0.0260226671 0.152715579
v 0.103024207 0.0327560827 0.124835089
v 0.121758722 0.0269426219 0.153746799
v 0.121517837 0.0355654173 0.125599295
v 0.163377479 0.0269810837 0.147831008
v 0.162544131 0.0355096348 0.122913405
v 0.180176809 0.0327864699 0.118668571
v 0.121816859 0.0206206683 0.158708125
v 0.163594723 0.0204992704 0.152804956
v 0.102242082 0.0200044103 0.157587186
v 0.097417146 0.0208903085 0.152486563
v 0.0977431759 -0.000305183639 0.151472807
v 0.103004113 -0.000305183639 0.156902552
v 0.121910952 -0.000305183639 0.159795105
v 0.163914293 -0.000305183639 0.153743118
v 0.181636676 0.0199373439 0.14387536
v 0.18150939 -0.000305183639 0.143630654
v 0.186217949 -0.000305183639 0.136593387
v 0.185999215 0.021080425 0.137089834
v 0.181016594 0.0263533928 0.138981134
v 0.185999215 0.021080425 0.137089834
v 0.185448751 0.0274644699 0.116317682
v 0.18811141 0.0107672997 0.109029979
v 0.186217949 -0.000305183639 0.136593387
v 0.18811141 -0.000305183639 0.105371289
v 0.188097343 0.0154387103 0.0737057403
v 0.188097343 -0.000305183639 0.0737057403
v 0.181015119 -0.000305183639 0.0304073878
v 0.181015119 0.0194319319 0.0304073878
v 0.121421389 -0.000305183639 0.0300103109
v 0.121421389 -0.000305183639 0.0341889337
v 0.121421389 0.00581859984 0.0341889337
v 0.121421389 0.0194319319 0.0300103109
v 0.121421389 0.0226817932 0.0341889337
v 0.162147179 -0.000305183639 0.0341889337
v 0.162147179 0.00581859984 0.0341889337
v 0.121421389 0.00581859984 0.0341889337
v 0.121421389 -0.000305183639 0.0341889337
v 0.172657013 0.0581858493 0.0570922419
v 0.162147179 0.0421890691 0.0889578685
v 0.162147179 0.0581858493 0.0570922419
v 0.176261693 0.0421890691 0.0889578685
v 0.177561238 0.054064624 0.0544336624
v 0.176356211 0.029879516 0.113951817
v 0.162147179 0.029879516 0.11732468
v 0.121421389 0.0421890691 0.0889578685
v 0.121421389 0.029879516 0.120158963
v 0.106530085 0.029879516 0.120158963
v 0.181175292 0.037724454 0.0867815092
v 0.181175292 0.025151005 0.111639515
v 0.181175292 0.0150332674 0.105371289
v 0.181175292 0.0186885707 0.0740189999
v 0.177561238 0.0226817932 0.0341889337
v 0.106541961 0.0421890691 0.0889578685
v 0.114838295 0.0581858493 0.0570922419
v 0.121421389 0.0581858493 0.0570922419
v 0.109934069 0.054064624 0.0544336624
v 0.101597965 0.0377003811 0.0867699161
v 0.101597965 0.0251276661 0.118771769
v 0.101597965 0.0150332674 0.112510443
v 0.101597965 0.0186885707 0.0740189999
v 0.109934069 0.0226817932 0.0341889337
v 0.177561238 0.0226817932 0.0341889337
v 0.162147179 0.0581858493 0.0570922419
v 0.162147179 0.0226817932 0.0341889337
v 0.177561238 0.054064624 0.0544336624
v 0.172657013 0.0581858493 0.0570922419
v 0.162147179 0.0194319319 0.0300103109
v 0.177561238 0.0226817932 0.0341889337
v 0.162147179 0.0226817932 0.0341889337
v 0.181015119 0.0194319319 0.0304073878
v 0.177561238 0.0226817932 0.0341889337
v 0.188097343 0.0154387103 0.0737057403
v 0.181175292 0.0186885707 0.0740189999
v 0.181175292 0.0150332674 0.105371289
v 0.18811141 0.0107672997 0.109029979
v 0.162147179 0.00405472936 0.0715340748
v 0.162147179 0.0581858493 0.0570922419
v 0.162147179 0.0421890691 0.0889578685
v 0.162147179 0.0226817932 0.0341889337
v 0.162147179 0.00581859984 0.0341889337
v 0.121421389 0.0581858493 0.0570922419
v 0.109934069 0.0226817932 0.0341889337
v 0.121421389 0.0226817932 0.0341889337
v 0.109934069 0.054064624 0.0544336624
v 0.114838295 0.0581858493 0.0570922419
v 0.121421389 0.0581858493 0.0570922419
v 0.121421389 0.00405472936 0.0715340748
v 0.121421389 0.0421890691 0.0889578685
v 0.121421389 0.0226817932 0.0341889337
v 0.121421389 0.00581859984 0.0341889337
v 0.162147179 0.00405472936 0.0715340748
v 0.162147179 0.0421890691 0.0889578685
v 0.121421389 0.0421890691 0.0889578685
v 0.121421389 0.00405472936 0.0715340748
v 0.556261778 0.978457749 -0.00842785649
v 0.53022933 0.960998356 -0.00842785649
v 0.525074184 0.968684316 -0.0232419576
v 0.556455076 0.989731729 -0.0232419576
v 0.556455314 0.989731669 -0.0731655359
v 0.525074184 0.968684316 -0.0731655359
v 0.556261837 0.978457928 -0.0879797935
v 0.530229151 0.960998118 -0.0879797935
v 0.530229151 0.960998118 -0.0879797935
v 0.574905336 0.959741056 -0.0879797935
v 0.556261837 0.978457928 -0.0879797935
v 0.584592521 0.945297956 -0.0879797935
v 0.576982439 0.913930058 -0.0879797935
v 0.594834566 0.920946002 -0.0879797935
v 0.585619867 0.909177601 -0.0232419614
v 0.576982439 0.91392982 -0.00842785649
v 0.594834566 0.920946002 -0.00842785649
v 0.605338335 0.916846931 -0.0232419576
v 0.585619867 0.909178078 -0.0731655359
v 0.605338275 0.916847348 -0.0731655359
v 0.594834566 0.920946002 -0.0879797935
v 0.576982439 0.913930058 -0.0879797935
v 0.53022933 0.960998356 -0.00842785649
v 0.535795689 0.947231948 -0.00249049813
v 0.539550841 0.937619865 -0.0173047483
v 0.53022927 0.960998118 -0.0339589082
v 0.525074184 0.968684316 -0.0232419576
v 0.557286382 0.922914088 -0.0173047483
v 0.525074184 0.968684316 -0.0731655359
v 0.576982617 0.913930058 -0.0339589082
v 0.570257246 0.917660117 -0.00249050022
v 0.576982439 0.91392982 -0.00842785649
v 0.585619867 0.909177601 -0.0232419614
v 0.53022927 0.960998297 -0.0731655359
v 0.530229151 0.960998118 -0.0879797935
v 0.576982439 0.913930058 -0.0879797935
v 0.576982498 0.913930237 -0.0731655359
v 0.585619867 0.909178078 -0.0731655359
v 0.53022933 0.960998356 -0.00842785649
v 0.549732387 0.956579745 -0.00320010004
v 0.535795689 0.947231948 -0.00249049813
v 0.556261778 0.978457749 -0.00842785649
v 0.574904978 0.959741175 -0.00842785183
v 0.569599867 0.953635335 -0.00320010236
v 0.584592521 0.945297837 -0.00842785183
v 0.576929867 0.942707062 -0.00320009794
v 0.594834566 0.920946002 -0.00842785649
v 0.582245409 0.925700366 -0.00320010004
v 0.570257246 0.917660117 -0.00249050022
v 0.576982439 0.91392982 -0.00842785649
v 0.535795689 0.947231948 -0.00249049813
v 0.53750968 0.947324216 -0.00395740522
v 0.541882098 0.939258635 -0.0165814962
v 0.539550841 0.937619865 -0.0173047483
v 0.55880338 0.925400853 -0.0166268535
v 0.557286382 0.922914088 -0.0173047483
v 0.570356905 0.919769824 -0.00383849815
v 0.570257246 0.917660117 -0.00249050022
v 0.541882098 0.939258635 -0.0165814962
v 0.553406119 0.922936738 -0.00674677873
v 0.55880338 0.925400853 -0.0166268535
v 0.544221342 0.929856837 -0.00228204904
v 0.53750968 0.947324216 -0.00395740522
v 0.554731309 0.919251144 0.00342894881
v 0.545233428 0.937162399 0.00957357697
v 0.549843729 0.955568194 -0.00612202054
v 0.553231776 0.917360187 0.00825742632
v 0.559129536 0.90892446 0.00960557722
v 0.552871168 0.943246365 0.0101099573
v 0.568726361 0.952625275 -0.00595893664
v 0.554456115 0.923250794 0.0201679543
v 0.566810191 0.943890274 0.00739721628
v 0.575466812 0.941990793 -0.00585118774
v 0.556538105 0.927940786 0.0209961459
v 0.573405623 0.936720848 0.00401612045
v 0.580966771 0.926153839 -0.00585015817
v 0.567799747 0.931107521 0.0182718206
v 0.573640227 0.925023794 -0.00100817974
v 0.570356905 0.919769824 -0.00383849815
v 0.56738615 0.921773493 -0.00310967281
v 0.571344197 0.928000093 0.016082542
v 0.570119321 0.922108591 0.00417201081
v 0.565993309 0.922417581 0.000704753213
v 0.570391119 0.912090719 0.00688138418
v 0.577321231 0.91271764 0.0230274908
v 0.575789809 0.910678089 0.0275554862
v 0.573245406 0.9147681 0.00856260397
v 0.56452769 0.907512188 0.0302798282
v 0.574934781 0.911579788 0.0118402094
v 0.572467625 0.90817219 0.0109089632
v 0.575239122 0.908028841 0.0221988466
v 0.575239122 0.908028841 0.0221988466
v 0.577079475 0.911555827 0.0206773225
v 0.56397742 0.904862046 0.0249230377
v 0.572467625 0.90817219 0.0109089632
v 0.561205924 0.905005753 0.013633443
v 0.570391119 0.912090719 0.00688138418
v 0.559129536 0.90892446 0.00960557722
v 0.565993309 0.922417581 0.000704753213
v 0.554731309 0.919251144 0.00342894881
v 0.553406119 0.922936738 -0.00674677873
v 0.56738615 0.921773493 -0.00310967281
v 0.55880338 0.925400853 -0.0166268535
v 0.570356905 0.919769824 -0.00383849815
v 0.56043303 0.907969475 0.0271127559
v 0.56397742 0.904862046 0.0249230377
v 0.556357324 0.910019636 0.0126480171
v 0.560191393 0.906806648 0.0247625895
v 0.558047056 0.906830966 0.0159256235
v 0.561205924 0.905005753 0.013633443
v 0.573668599 0.903654516 0.0106256539
v 0.562407672 0.900488615 0.013349981
v 0.569573402 0.883221745 0.0229018349
v 0.580834806 0.886388838 0.0201774966
v 0.57260865 0.880999744 0.0328688286
v 0.58387053 0.884166241 0.030144481
v 0.565530956 0.903629005 0.029912252
v 0.576792836 0.906795382 0.0271880571
v 0.579948366 0.90419507 0.0239800345
v 0.584783614 0.88873595 0.0259997677
v 0.573396325 0.905306578 0.0239213128
v 0.567452252 0.903635025 0.0253591612
v 0.562407672 0.900488615 0.013349981
v 0.568775296 0.902813256 0.0158977322
v 0.573668599 0.903654516 0.0106256539
v 0.578160167 0.902397275 0.0144987963
v 0.583412707 0.889739811 0.0215011314
v 0.580834806 0.886388838 0.0201774966
v 0.58387053 0.884166241 0.030144481
v 0.573668599 0.903654516 0.0106256539
v 0.576792836 0.906795382 0.0271880571
v 0.562407672 0.900488615 0.013349981
v 0.565530956 0.903629005 0.029912252
v 0.563059926 0.899446487 0.0280654449
v 0.561271608 0.897648513 0.0185841992
v 0.569573402 0.883221745 0.0229018349
v 0.567895293 0.883988321 0.0300851669
v 0.565530956 0.903629005 0.029912252
v 0.566524923 0.884991586 0.0255865473
v 0.57260865 0.880999744 0.0328688286
v 0.568775296 0.902813256 0.0158977322
v 0.566197813 0.912239432 0.0161988083
v 0.565237164 0.912836373 0.0230675638
v 0.567452252 0.903635025 0.0253591612
v 0.567452252 0.903635025 0.0253591612
v 0.565237164 0.912836373 0.0230675638
v 0.569552243 0.914049804 0.0220237169
v 0.573396325 0.905306578 0.0239213128
v 0.573396325 0.905306578 0.0239213128
v 0.569552243 0.914049804 0.0220237169
v 0.566197813 0.912239432 0.0161988083
v 0.568775296 0.902813256 0.0158977322
v 0.623022199 0.85408324 -0.0462345146
v 0.623022139 0.85408324 -0.0342229865
v 0.640092671 0.841862798 -0.0342229865
v 0.640092373 0.841862261 -0.0462345108
v 0.650570512 0.843788505 -0.0342229828
v 0.650570214 0.843788385 -0.0462345108
v 0.637261093 0.863632619 -0.034222994
v 0.637260973 0.8636325 -0.0462345146
v 0.636440575 0.859469414 -0.0492349677
v 0.645531476 0.84591347 -0.0492349677
v 0.633183181 0.860897779 -0.0438292958
v 0.633182943 0.860897183 -0.0366283506
v 0.623022139 0.85408324 -0.0342229865
v 0.625272155 0.855591714 -0.0402287506
v 0.623022199 0.85408324 -0.0462345146
v 0.628289521 0.854002535 -0.0492349677
v 0.640801966 0.845044017 -0.0492349714
v 0.640092373 0.841862261 -0.0462345108
v 0.650570214 0.843788385 -0.0462345108
v 0.623022199 0.85408324 -0.0462345146
v 0.637260973 0.8636325 -0.0462345146
v 0.623022139 0.85408324 -0.0342229865
v 0.637261093 0.863632619 -0.034222994
v 0.636440158 0.859469533 -0.0312225278
v 0.628289223 0.854002357 -0.0312225316
v 0.640092671 0.841862798 -0.0342229865
v 0.645531774 0.845913351 -0.0312225316
v 0.637261093 0.863632619 -0.034222994
v 0.640802264 0.845044374 -0.0312225241
v 0.650570512 0.843788505 -0.0342229828
v 0.625272155 0.855591714 -0.0402287506
v 0.62212652 0.863706291 -0.0402287506
v 0.627525747 0.867327869 -0.0377714299
v 0.633182943 0.860897183 -0.0366283506
v 0.633182943 0.860897183 -0.0366283506
v 0.627525747 0.867327869 -0.0377714299
v 0.627525747 0.86732769 -0.0426861085
v 0.633183181 0.860897779 -0.0438292958
v 0.633183181 0.860897779 -0.0438292958
v 0.627525747 0.86732769 -0.0426861085
v 0.62212652 0.863706291 -0.0402287506
v 0.625272155 0.855591714 -0.0402287506
v 0.611384809 0.876297653 -0.0402287506
v 0.608239412 0.884411573 -0.0402287468
v 0.613638818 0.888033807 -0.0377714187
v 0.619296312 0.881603956 -0.0366283469
v 0.619296312 0.881603956 -0.0366283469
v 0.613638818 0.888033807 -0.0377714187
v 0.613638639 0.888033748 -0.0426861085
v 0.619296193 0.881603956 -0.0438292958
v 0.619296193 0.881603956 -0.0438292958
v 0.613638639 0.888033748 -0.0426861085
v 0.608239412 0.884411573 -0.0402287468
v 0.611384809 0.876297653 -0.0402287506
v 0.615250349 0.863550901 -0.034222994
v 0.607027709 0.873375237 -0.0462345108
v 0.607028008 0.873375237 -0.0342229865
v 0.615250289 0.863550901 -0.0462345108
v 0.620092392 0.860023081 -0.0342229865
v 0.620092094 0.860023022 -0.0462345108
v 0.631657004 0.861213148 -0.0462345108
v 0.631657004 0.861213207 -0.034222994
v 0.636642039 0.864556015 -0.034222994
v 0.636641622 0.864556432 -0.0462345108
v 0.623374104 0.884338737 -0.0342229865
v 0.623373628 0.884338796 -0.0462345146
v 0.632478833 0.865376711 -0.0492349714
v 0.631657004 0.861213148 -0.0462345108
v 0.622553229 0.880175233 -0.0312225316
v 0.632477939 0.865376711 -0.0312225316
v 0.631657004 0.861213207 -0.034222994
v 0.611470997 0.872742057 -0.0312225353
v 0.607028008 0.873375237 -0.0342229865
v 0.615250349 0.863550901 -0.034222994
v 0.617316067 0.865759134 -0.0312225316
v 0.621255517 0.862888098 -0.0312225316
v 0.620092392 0.860023081 -0.0342229865
v 0.63029176 0.86390996 -0.0312225316
v 0.619296312 0.881603956 -0.0366283469
v 0.607028008 0.873375237 -0.0342229865
v 0.611384809 0.876297653 -0.0402287506
v 0.607027709 0.873375237 -0.0462345108
v 0.619296193 0.881603956 -0.0438292958
v 0.611470997 0.872742057 -0.0492349751
v 0.607027709 0.873375237 -0.0462345108
v 0.615250289 0.863550901 -0.0462345108
v 0.62255311 0.880175471 -0.0492349714
v 0.617316127 0.865759313 -0.0492349714
v 0.621255636 0.862888098 -0.0492349751
v 0.620092094 0.860023022 -0.0462345108
v 0.63029176 0.863910019 -0.0492349751
v 0.590479016 0.904175758 -0.0402287506
v 0.582797289 0.920372307 -0.0402287506
v 0.590276003 0.925387621 -0.0368253477
v 0.601437092 0.911525071 -0.0352420285
v 0.601437092 0.911525071 -0.0352420285
v 0.590276003 0.925387621 -0.0368253477
v 0.590275884 0.925387681 -0.0436323062
v 0.601436973 0.911525249 -0.0452154726
v 0.601436973 0.911525249 -0.0452154726
v 0.590275884 0.925387681 -0.0436323062
v 0.582797289 0.920372307 -0.0402287506
v 0.590479016 0.904175758 -0.0402287506
v 0.600217462 0.883530021 -0.034222994
v 0.587645113 0.902274847 -0.0462345108
v 0.587645233 0.902274847 -0.0342229865
v 0.600217462 0.88353008 -0.0462345108
v 0.604560494 0.879734039 -0.0342229865
v 0.604560316 0.879734159 -0.0462345108
v 0.615677953 0.880482256 -0.0462345108
v 0.615677953 0.880482256 -0.0342229865
v 0.622770369 0.885238528 -0.0342229865
v 0.622770131 0.885238409 -0.0462345146
v 0.603991091 0.913238049 -0.0342229865
v 0.603990853 0.913238645 -0.0462345108
v 0.618606567 0.886059344 -0.0492349714
v 0.615677953 0.880482256 -0.0462345108
v 0.603170395 0.909075081 -0.0312225316
v 0.618606687 0.886059046 -0.0312225316
v 0.615677953 0.880482256 -0.0342229865
v 0.591808319 0.90145427 -0.0312225316
v 0.587645233 0.902274847 -0.0342229865
v 0.600217462 0.883530021 -0.034222994
v 0.602489293 0.885528862 -0.0312225278
v 0.605929196 0.882523 -0.0312225353
v 0.604560494 0.879734039 -0.0342229865
v 0.614334345 0.883194327 -0.0312225353
v 0.601437092 0.911525071 -0.0352420285
v 0.587645233 0.902274847 -0.0342229865
v 0.590479016 0.904175758 -0.0402287506
v 0.587645113 0.902274847 -0.0462345108
v 0.601436973 0.911525249 -0.0452154726
v 0.603170395 0.909075081 -0.0492349677
v 0.587645113 0.902274847 -0.0462345108
v 0.591808558 0.901454449 -0.0492349714
v 0.600217462 0.88353008 -0.0462345108
v 0.602489233 0.885528862 -0.0492349714
v 0.614334345 0.883194685 -0.0492349714
v 0.605929792 0.882522702 -0.0492349751
v 0.604560316 0.879734159 -0.0462345108
v 0.618249178 0.862100422 -0.0653621703
v 0.618249476 0.86210072 -0.0549108125
v 0.633101583 0.851467967 -0.0549108125
v 0.633101583 0.851468205 -0.0653621778
v 0.642219007 0.853143752 -0.0549108125
v 0.642218173 0.853143811 -0.0653621703
v 0.63063848 0.870410085 -0.0549108125
v 0.630638242 0.870410085 -0.0653621703
v 0.62992394 0.866787195 -0.0679728985
v 0.637835264 0.854992032 -0.0679728985
v 0.627089918 0.868030429 -0.0632693693
v 0.627089977 0.868030429 -0.0570037402
v 0.618249476 0.86210072 -0.0549108125
v 0.620206296 0.863413215 -0.0601364896
v 0.618249178 0.862100422 -0.0653621703
v 0.622831762 0.862030923 -0.0679728985
v 0.633719981 0.854235828 -0.0679728985
v 0.633101583 0.851468205 -0.0653621778
v 0.642218173 0.853143811 -0.0653621703
v 0.618249178 0.862100422 -0.0653621703
v 0.630638242 0.870410085 -0.0653621703
v 0.618249476 0.86210072 -0.0549108125
v 0.63063848 0.870410085 -0.0549108125
v 0.629923642 0.866787016 -0.0523000807
v 0.622832119 0.862030983 -0.0523000807
v 0.633101583 0.851467967 -0.0549108125
v 0.637835085 0.854991794 -0.0523000807
v 0.63063848 0.870410085 -0.0549108125
v 0.633719981 0.854235828 -0.0523000807
v 0.642219007 0.853143752 -0.0549108125
v 0.620206296 0.863413215 -0.0601364896
v 0.617469072 0.870473981 -0.0601364933
v 0.622167408 0.873624682 -0.0579983443
v 0.627089977 0.868030429 -0.0570037402
v 0.627089977 0.868030429 -0.0570037402
v 0.622167408 0.873624682 -0.0579983443
v 0.622167766 0.873624682 -0.0622746348
v 0.627089918 0.868030429 -0.0632693693
v 0.627089918 0.868030429 -0.0632693693
v 0.622167766 0.873624682 -0.0622746348
v 0.617469072 0.870473981 -0.0601364933
v 0.620206296 0.863413215 -0.0601364896
v 0.608123064 0.881430328 -0.0601364896
v 0.605386198 0.888489902 -0.0601364896
v 0.610084057 0.891641498 -0.0579983443
v 0.615007401 0.886046827 -0.0570037365
v 0.615007401 0.886046827 -0.0570037365
v 0.610084057 0.891641498 -0.0579983443
v 0.610084057 0.891641438 -0.0622746348
v 0.615006804 0.88604635 -0.0632693693
v 0.615006804 0.88604635 -0.0632693693
v 0.610084057 0.891641438 -0.0622746348
v 0.605386198 0.888489902 -0.0601364896
v 0.608123064 0.881430328 -0.0601364896
v 0.611487031 0.870338976 -0.0549108125
v 0.604332089 0.878887415 -0.0653621703
v 0.604332089 0.878887415 -0.0549108125
v 0.61148715 0.870338857 -0.0653621703
v 0.615699589 0.867268801 -0.0549108014
v 0.615699589 0.86726898 -0.0653621629
v 0.625762045 0.868304491 -0.0653621703
v 0.625762224 0.868304372 -0.0549108125
v 0.630098999 0.871213615 -0.0549108125
v 0.630099356 0.871213615 -0.0653621778
v 0.618554533 0.888426363 -0.0549108125
v 0.618554652 0.888425708 -0.0653621703
v 0.626476526 0.871927142 -0.0679728985
v 0.625762045 0.868304491 -0.0653621703
v 0.617840886 0.884803653 -0.0523000881
v 0.626476765 0.871927023 -0.0523000807
v 0.625762224 0.868304372 -0.0549108125
v 0.608197689 0.87833637 -0.0523000807
v 0.604332089 0.878887415 -0.0549108125
v 0.611487031 0.870338976 -0.0549108125
v 0.613283873 0.872259974 -0.0523000807
v 0.616711318 0.869761944 -0.0523000881
v 0.615699589 0.867268801 -0.0549108014
v 0.624574482 0.870650828 -0.0523000807
v 0.615007401 0.886046827 -0.0570037365
v 0.604332089 0.878887415 -0.0549108125
v 0.608123064 0.881430328 -0.0601364896
v 0.604332089 0.878887415 -0.0653621703
v 0.615006804 0.88604635 -0.0632693693
v 0.60819751 0.87833631 -0.0679728985
v 0.604332089 0.878887415 -0.0653621703
v 0.61148715 0.870338857 -0.0653621703
v 0.617840707 0.884803593 -0.0679728985
v 0.613283396 0.872259974 -0.0679728985
v 0.616711617 0.869762003 -0.0679728985
v 0.615699589 0.86726898 -0.0653621629
v 0.624574423 0.870650768 -0.0679729059
v 0.589933097 0.905687332 -0.0601364896
v 0.583248615 0.91977948 -0.0601364896
v 0.589755833 0.924143672 -0.057175152
v 0.599467337 0.912081957 -0.0557974912
v 0.599467337 0.912081957 -0.0557974912
v 0.589755833 0.924143672 -0.057175152
v 0.589756012 0.924143791 -0.0630979612
v 0.599467158 0.912081599 -0.0644754916
v 0.599467158 0.912081599 -0.0644754916
v 0.589756012 0.924143791 -0.0630979612
v 0.583248615 0.91977948 -0.0601364896
v 0.589933097 0.905687332 -0.0601364896
v 0.598406017 0.887722611 -0.0549108051
v 0.587466896 0.904032707 -0.0653621778
v 0.587467134 0.904032886 -0.0549108125
v 0.598405957 0.887722433 -0.0653621703
v 0.602184951 0.88441968 -0.0549108125
v 0.602185249 0.884420097 -0.0653621703
v 0.611858726 0.885071099 -0.0653621703
v 0.611859024 0.885070801 -0.05491082
v 0.618029594 0.889209569 -0.05491082
v 0.618029594 0.889209569 -0.0653621778
v 0.601690054 0.913571775 -0.0549108125
v 0.601689517 0.913572371 -0.0653621703
v 0.614407122 0.889923751 -0.0679728985
v 0.611858726 0.885071099 -0.0653621703
v 0.600975692 0.909949481 -0.0523000807
v 0.614406824 0.889923513 -0.0523000807
v 0.611859024 0.885070801 -0.05491082
v 0.591089725 0.90331912 -0.0523000807
v 0.587467134 0.904032886 -0.0549108125
v 0.598406017 0.887722611 -0.0549108051
v 0.600382388 0.889463127 -0.0523000807
v 0.603376269 0.886846423 -0.0523000807
v 0.602184951 0.88441968 -0.0549108125
v 0.610689819 0.887430787 -0.0523000769
v 0.599467337 0.912081957 -0.0557974912
v 0.587467134 0.904032886 -0.0549108125
v 0.589933097 0.905687332 -0.0601364896
v 0.587466896 0.904032707 -0.0653621778
v 0.599467158 0.912081599 -0.0644754916
v 0.600975573 0.909949243 -0.0679728985
v 0.587466896 0.904032707 -0.0653621778
v 0.591089249 0.903319061 -0.0679728985
v 0.598405957 0.887722433 -0.0653621703
v 0.600382805 0.889462233 -0.0679728985
v 0.610689819 0.887430787 -0.0679728985
v 0.603376448 0.886846423 -0.0679728985
v 0.602185249 0.884420097 -0.0653621703
v 0.611549795 0.874024272 -0.0826700926
v 0.611549795 0.874024093 -0.0743516386
v 0.623370945 0.865561366 -0.0743516386
v 0.623370945 0.865561187 -0.0826700926
v 0.630627513 0.866894901 -0.0743516386
v 0.630627215 0.86689496 -0.0826700926
v 0.621410608 0.880637884 -0.0743516386
v 0.621410489 0.880637944 -0.0826700926
v 0.620842218 0.877754331 -0.0847480297
v 0.627138674 0.868366659 -0.0847480297
v 0.618586481 0.878744185 -0.0810043141
v 0.618586481 0.878744125 -0.0760174468
v 0.611549795 0.874024093 -0.0743516386
v 0.613107383 0.875068486 -0.078510873
v 0.611549795 0.874024272 -0.0826700926
v 0.615197062 0.873968363 -0.0847480297
v 0.623862863 0.867764592 -0.0847480297
v 0.623370945 0.865561187 -0.0826700926
v 0.630627215 0.86689496 -0.0826700926
v 0.611549795 0.874024272 -0.0826700926
v 0.621410489 0.880637944 -0.0826700926
v 0.611549795 0.874024093 -0.0743516386
v 0.621410608 0.880637884 -0.0743516386
v 0.620841682 0.877754509 -0.0722737089
v 0.615197182 0.873969018 -0.0722737014
v 0.623370945 0.865561366 -0.0743516386
v 0.627138495 0.868366361 -0.0722737014
v 0.621410608 0.880637884 -0.0743516386
v 0.623863041 0.867764354 -0.0722737089
v 0.630627513 0.866894901 -0.0743516386
v 0.613107383 0.875068486 -0.078510873
v 0.610929072 0.880688906 -0.078510873
v 0.614668548 0.883196115 -0.076809071
v 0.618586481 0.878744125 -0.0760174468
v 0.618586481 0.878744125 -0.0760174468
v 0.614668548 0.883196115 -0.076809071
v 0.614668548 0.883196235 -0.0802125931
v 0.618586481 0.878744185 -0.0810043141
v 0.618586481 0.878744185 -0.0810043141
v 0.614668548 0.883196235 -0.0802125931
v 0.610929072 0.880688906 -0.078510873
v 0.613107383 0.875068486 -0.078510873
v 0.603490591 0.889408767 -0.0785108805
v 0.601311922 0.895028055 -0.078510873
v 0.605051398 0.897536159 -0.076809071
v 0.608969152 0.893083632 -0.0760174468
v 0.608969152 0.893083632 -0.0760174468
v 0.605051398 0.897536159 -0.076809071
v 0.605050862 0.897536516 -0.0802125931
v 0.60896939 0.893083632 -0.0810043141
v 0.60896939 0.893083632 -0.0810043141
v 0.605050862 0.897536516 -0.0802125931
v 0.601311922 0.895028055 -0.078510873
v 0.603490591 0.889408767 -0.0785108805
v 0.606167555 0.880581021 -0.0743516386
v 0.600472867 0.887385249 -0.0826700926
v 0.600472927 0.88738513 -0.0743516311
v 0.606167197 0.880581021 -0.0826700926
v 0.609520316 0.878137589 -0.0743516386
v 0.609520197 0.878137946 -0.0826700926
v 0.617529511 0.8789621 -0.0826700926
v 0.617529452 0.87896198 -0.0743516386
v 0.620981634 0.881277382 -0.0743516311
v 0.620981336 0.881277084 -0.0826700926
v 0.611792445 0.894977093 -0.0743516386
v 0.611792982 0.894976914 -0.0826700926
v 0.61809814 0.881845176 -0.0847480297
v 0.617529511 0.8789621 -0.0826700926
v 0.611224711 0.892093778 -0.0722737089
v 0.618097961 0.881845236 -0.0722737089
v 0.617529452 0.87896198 -0.0743516386
v 0.603549838 0.88694638 -0.0722737089
v 0.600472927 0.88738513 -0.0743516311
v 0.606167555 0.880581021 -0.0743516386
v 0.607596576 0.882110417 -0.0722737089
v 0.610326409 0.880121827 -0.0722737089
v 0.609520316 0.878137589 -0.0743516386
v 0.616583645 0.880829453 -0.0722737089
v 0.608969152 0.893083632 -0.0760174468
v 0.600472927 0.88738513 -0.0743516311
v 0.603490591 0.889408767 -0.0785108805
v 0.600472867 0.887385249 -0.0826700926
v 0.60896939 0.893083632 -0.0810043141
v 0.603549957 0.88694638 -0.0847480297
v 0.600472867 0.887385249 -0.0826700926
v 0.606167197 0.880581021 -0.0826700926
v 0.611224234 0.892093778 -0.0847480297
v 0.607596755 0.882110357 -0.0847480297
v 0.610325933 0.880121768 -0.0847480297
v 0.609520197 0.878137946 -0.0826700926
v 0.616583943 0.880829394 -0.0847480297
v 0.589011908 0.90871501 -0.078510873
v 0.583692253 0.91993171 -0.078510873
v 0.5888713 0.923405349 -0.0761538893
v 0.596600592 0.913805366 -0.0750573725
v 0.596600592 0.913805366 -0.0750573725
v 0.5888713 0.923405349 -0.0761538893
v 0.588871241 0.923405349 -0.0808680356
v 0.596600592 0.913805306 -0.0819644406
v 0.596600592 0.913805306 -0.0819644406
v 0.588871241 0.923405349 -0.0808680356
v 0.583692253 0.91993171 -0.078510873
v 0.589011908 0.90871501 -0.078510873
v 0.595755994 0.894417524 -0.0743516386
v 0.587049425 0.907399178 -0.0826700926
v 0.587049305 0.907399118 -0.0743516386
v 0.595755756 0.894417703 -0.0826700926
v 0.598763824 0.891788542 -0.0743516386
v 0.598763943 0.891788721 -0.0826700926
v 0.606463432 0.892306745 -0.0826700926
v 0.606463253 0.892306983 -0.0743516386
v 0.611374497 0.895600438 -0.0743516311
v 0.611374676 0.895600855 -0.0826700926
v 0.598369539 0.914991498 -0.0743516386
v 0.598369539 0.914991498 -0.0826700926
v 0.60849148 0.896169186 -0.0847479552
v 0.606463432 0.892306745 -0.0826700926
v 0.597801208 0.912108183 -0.0722737089
v 0.608491182 0.896169007 -0.0722737089
v 0.606463253 0.892306983 -0.0743516386
v 0.58993274 0.906830966 -0.0722737089
v 0.587049305 0.907399118 -0.0743516386
v 0.595755994 0.894417524 -0.0743516386
v 0.597329438 0.895802259 -0.0722737089
v 0.599711478 0.893719554 -0.0722737089
v 0.598763824 0.891788542 -0.0743516386
v 0.605533063 0.894184947 -0.0722737089
v 0.596600592 0.913805366 -0.0750573725
v 0.587049305 0.907399118 -0.0743516386
v 0.589011908 0.90871501 -0.078510873
v 0.587049425 0.907399178 -0.0826700926
v 0.596600592 0.913805306 -0.0819644406
v 0.597801208 0.912108183 -0.0847480297
v 0.587049425 0.907399178 -0.0826700926
v 0.589932621 0.906830728 -0.0847480297
v 0.595755756 0.894417703 -0.0826700926
v 0.597329497 0.895801961 -0.0847480297
v 0.605532885 0.894184947 -0.0847480297
v 0.599711955 0.893720508 -0.0847480297
v 0.598763943 0.891788721 -0.0826700926
v 0.618534446 0.860905766 -0.0253315605
v 0.618534207 0.86090529 -0.014279779
v 0.634239733 0.849661767 -0.014279779
v 0.634239852 0.849661827 -0.0253315605
v 0.643881202 0.851434052 -0.014279779
v 0.643881202 0.851433933 -0.0253315605
v 0.631635308 0.86969161 -0.0142797753
v 0.63163507 0.869691968 -0.0253315605
v 0.630880296 0.865861177 -0.0280922763
v 0.63924545 0.853388786 -0.0280922763
v 0.627883196 0.867175817 -0.0231185239
v 0.627883494 0.867175639 -0.0164929498
v 0.618534207 0.86090529 -0.014279779
v 0.620604515 0.862293839 -0.0198056735
v 0.618534446 0.860905766 -0.0253315605
v 0.623380363 0.860831797 -0.028092267
v 0.634893715 0.852589309 -0.0280922763
v 0.634239852 0.849661827 -0.0253315605
v 0.643881202 0.851433933 -0.0253315605
v 0.618534446 0.860905766 -0.0253315605
v 0.63163507 0.869691968 -0.0253315605
v 0.618534207 0.86090529 -0.014279779
v 0.631635308 0.86969161 -0.0142797753
v 0.630880117 0.865861475 -0.0115190633
v 0.623380244 0.860831559 -0.0115190698
v 0.634239733 0.849661767 -0.014279779
v 0.639245629 0.853388727 -0.0115190633
v 0.631635308 0.86969161 -0.0142797753
v 0.634893417 0.852588892 -0.0115190698
v 0.643881202 0.851434052 -0.014279779
v 0.620604515 0.862293839 -0.0198056735
v 0.617709517 0.869759679 -0.0198056698
v 0.622677803 0.873091459 -0.0175446942
v 0.627883494 0.867175639 -0.0164929498
v 0.627883494 0.867175639 -0.0164929498
v 0.622677803 0.873091459 -0.0175446942
v 0.622677922 0.873091459 -0.0220666453
v 0.627883196 0.867175817 -0.0231185239
v 0.627883196 0.867175817 -0.0231185239
v 0.622677922 0.873091459 -0.0220666453
v 0.617709517 0.869759679 -0.0198056698
v 0.620604515 0.862293839 -0.0198056735
v 0.607827008 0.881344795 -0.0198056735
v 0.604932249 0.888811171 -0.0198056698
v 0.609900296 0.892143369 -0.0175446942
v 0.615105867 0.886226952 -0.0164929423
v 0.615105867 0.886226952 -0.0164929423
v 0.609900296 0.892143369 -0.0175446942
v 0.609900296 0.892143369 -0.022066649
v 0.615105987 0.886226952 -0.0231185295
v 0.615105987 0.886226952 -0.0231185295
v 0.609900296 0.892143369 -0.022066649
v 0.604932249 0.888811171 -0.0198056698
v 0.607827008 0.881344795 -0.0198056735
v 0.611384034 0.869616449 -0.014279779
v 0.603817344 0.878656745 -0.0253315568
v 0.603817463 0.878656507 -0.0142797846
v 0.611383975 0.869616926 -0.0253315661
v 0.61583817 0.866370857 -0.014279779
v 0.615838766 0.866371155 -0.0253315605
v 0.626478791 0.867466211 -0.0253315605
v 0.626478851 0.867466092 -0.014279779
v 0.63106519 0.870542347 -0.0142797846
v 0.631064951 0.870542645 -0.0253315605
v 0.618857563 0.888743281 -0.014279779
v 0.618857741 0.888743401 -0.0253315605
v 0.627234697 0.871296644 -0.0280922763
v 0.626478791 0.867466211 -0.0253315605
v 0.618102372 0.88491261 -0.0115190633
v 0.627234638 0.871296644 -0.0115190698
v 0.626478851 0.867466092 -0.014279779
v 0.607905388 0.87807411 -0.0115190633
v 0.603817463 0.878656507 -0.0142797846
v 0.611384034 0.869616449 -0.014279779
v 0.613283396 0.871648788 -0.0115190633
v 0.616908073 0.86900717 -0.0115190633
v 0.61583817 0.866370857 -0.014279779
v 0.625221908 0.869947553 -0.0115190633
v 0.615105867 0.886226952 -0.0164929423
v 0.603817463 0.878656507 -0.0142797846
v 0.607827008 0.881344795 -0.0198056735
v 0.603817344 0.878656745 -0.0253315568
v 0.615105987 0.886226952 -0.0231185295
v 0.607905388 0.87807411 -0.0280922763
v 0.603817344 0.878656745 -0.0253315568
v 0.611383975 0.869616926 -0.0253315661
v 0.618102312 0.884912312 -0.0280922763
v 0.613283277 0.871649027 -0.0280922763
v 0.616908073 0.86900717 -0.0280922819
v 0.615838766 0.866371155 -0.0253315605
v 0.625222087 0.869947672 -0.0280922819
v 0.588591099 0.906995475 -0.0198056735
v 0.581523001 0.921897709 -0.0198056698
v 0.588404059 0.926512957 -0.0166742075
v 0.598673344 0.913757741 -0.0152173964
v 0.598673344 0.913757741 -0.0152173964
v 0.588404059 0.926512957 -0.0166742075
v 0.588403702 0.926512837 -0.0229372717
v 0.598673105 0.913757622 -0.0243939497
v 0.598673105 0.913757622 -0.0243939497
v 0.588403702 0.926512837 -0.0229372717
v 0.581523001 0.921897709 -0.0198056698
v 0.588591099 0.906995475 -0.0198056735
v 0.597550929 0.887999237 -0.0142797846
v 0.585983634 0.905247092 -0.0253315605
v 0.585983515 0.905247152 -0.0142797716
v 0.597550809 0.887999177 -0.0253315605
v 0.601547122 0.884507179 -0.014279779
v 0.601547062 0.884507179 -0.0253315605
v 0.61177659 0.885195732 -0.0253315605
v 0.611776471 0.885195851 -0.0142797753
v 0.618302166 0.889571905 -0.014279779
v 0.618301928 0.889571905 -0.0253315605
v 0.601023376 0.915334225 -0.014279779
v 0.601023376 0.915334165 -0.0253315605
v 0.614470899 0.890326977 -0.0280922689
v 0.61177659 0.885195732 -0.0253315605
v 0.600268424 0.911502957 -0.011519067
v 0.614471197 0.890326679 -0.0115190633
v 0.611776471 0.885195851 -0.0142797753
v 0.589814007 0.904491663 -0.0115190633
v 0.585983515 0.905247152 -0.0142797716
v 0.597550929 0.887999237 -0.0142797846
v 0.599641502 0.889838934 -0.0115190633
v 0.602807045 0.887072563 -0.0115190633
v 0.601547122 0.884507179 -0.014279779
v 0.610540569 0.887690723 -0.0115190633
v 0.598673344 0.913757741 -0.0152173964
v 0.585983515 0.905247152 -0.0142797716
v 0.588591099 0.906995475 -0.0198056735
v 0.585983634 0.905247092 -0.0253315605
v 0.598673105 0.913757622 -0.0243939497
v 0.600268304 0.91150254 -0.0280922763
v 0.585983634 0.905247092 -0.0253315605
v 0.589814007 0.904491663 -0.0280922819
v 0.597550809 0.887999177 -0.0253315605
v 0.599641562 0.889838755 -0.0280922763
v 0.610540569 0.887690783 -0.0280922763
v 0.602807343 0.887072742 -0.0280922689
v 0.601547062 0.884507179 -0.0253315605
v -0.156491682 0.00475376006 0.0508869812
v -0.127076611 0.00475376006 0.0508869812
v -0.127076611 0.0351724513 0.00405531656
v -0.156491682 0.0351724513 0.00405531656
v -0.161864758 0.0396784246 0.00698208436
v -0.161864758 0.00925958529 0.0538137518
v -0.161864758 0.0329190232 0.0691814199
v -0.161864758 0.0633378625 0.022349745
v -0.152877629 0.0708746836 0.0272451602
v -0.152877629 0.0404560231 0.0740768313
v -0.130690664 0.0708746836 0.0272451602
v -0.130690664 0.0404560231 0.0740768313
v -0.121703528 0.0329190232 0.0691814199
v -0.121703528 0.0633378625 0.022349745
v -0.121703528 0.00925958529 0.0538137518
v -0.121703528 0.0396784246 0.00698208436
v -0.127076611 0.0351724513 0.00405531656
v -0.127076611 0.00475376006 0.0508869812
v -0.149549514 0.032117825 0.079511568
v -0.161864758 0.0329190232 0.0691814199
v -0.134018779 0.032117825 0.079511568
v -0.121703528 0.0329190232 0.0691814199
v -0.127727792 0.0211789217 0.0800690055
v -0.15584065 0.0211789217 0.0800690055
v -0.15584065 0.00461724214 0.0693116188
v -0.161864758 0.00925958529 0.0538137518
v -0.127727792 0.00461724214 0.0693116188
v -0.121703528 0.00925958529 0.0538137518
v -0.131488934 0.00280067255 0.060469076
v -0.127076611 0.00475376006 0.0508869812
v -0.152079508 0.00280067255 0.060469076
v -0.156491682 0.00475376006 0.0508869812
v -0.113172337 0.0744529143 -0.091637291
v -0.131198272 0.0327610709 -0.109837055
v -0.113123894 0.0327610709 -0.0917626619
v -0.131127372 0.0744529143 -0.109592341
v -0.152441055 0.0744529143 -0.109592341
v -0.152370006 0.0327610709 -0.109837055
v -0.170396119 0.0744529143 -0.091637291
v -0.170444548 0.0327610709 -0.0917626619
v -0.170396119 0.0744529143 -0.0209038332
v -0.170396119 0.0327610709 -0.0424599722
v -0.170396119 0.0327107273 0.0024562953
v -0.170396119 0.00658354023 -0.0424599722
v -0.170396119 0.0700819939 0.0267302096
v -0.170396119 0.0931385532 -0.00876694731
v -0.156503573 0.0800821558 0.0332256779
v -0.156503573 0.103138857 -0.00227133534
v -0.127064884 0.103138857 -0.00227133534
v -0.127064884 0.0800821558 0.0332256779
v -0.113172337 0.0931385532 -0.00876694731
v -0.113172337 0.0700819939 0.0267302096
v -0.113172337 0.0744529143 -0.0209038332
v -0.113172337 0.0327107273 0.0024562953
v -0.113172337 0.0327610709 -0.0424598306
v -0.113172337 0.00658354023 -0.0424599722
v -0.113123894 0.0327610709 -0.0917626619
v -0.113172337 0.0744529143 -0.091637291
v -0.131127372 0.0744529143 -0.109592341
v -0.113172337 0.0744529143 -0.091637291
v -0.120123439 0.0803246573 -0.0887579396
v -0.13400659 0.0803246573 -0.102641225
v -0.152441055 0.0744529143 -0.109592341
v -0.149561852 0.0803246573 -0.102641225
v -0.163444996 0.0803246573 -0.0887579396
v -0.170396119 0.0744529143 -0.091637291
v -0.162252292 0.0803246573 -0.0240915976
v -0.170396119 0.0744529143 -0.0209038332
v -0.163672075 0.0937458426 -0.0153741203
v -0.170396119 0.0931385532 -0.00876694731
v -0.156503573 0.103138857 -0.00227133534
v -0.153851464 0.100331284 -0.0110965595
v -0.127064884 0.103138857 -0.00227133534
v -0.129716977 0.100331284 -0.0110965595
v -0.119896211 0.0937458426 -0.0153741203
v -0.113172337 0.0931385532 -0.00876694731
v -0.113172337 0.0744529143 -0.0209038332
v -0.121315993 0.0803246573 -0.0240915976
v -0.113172337 0.0744529143 -0.091637291
v -0.120123439 0.0803246573 -0.0887579396
v -0.170396119 0.00658354023 -0.0424599722
v -0.170396119 0.0327107273 0.0024562953
v -0.113172337 0.0327107273 0.0024562953
v -0.113172337 0.00658354023 -0.0424599722
v -0.154065907 0.0273593664 -0.114347562
v -0.131198272 0.0327610709 -0.109837055
v -0.152370006 0.0327610709 -0.109837055
v -0.12950252 0.0273593664 -0.114347562
v -0.113123894 0.0327610709 -0.0917626619
v -0.131198272 0.0327610709 -0.109837055
v -0.108809926 0.0273593664 -0.0936549753
v -0.113123894 0.0327610709 -0.0917626619
v -0.108809926 0.0273593664 -0.0424599722
v -0.113172337 0.0327610709 -0.0424598306
v -0.174758509 0.0273593664 -0.0936549753
v -0.152370006 0.0327610709 -0.109837055
v -0.170444548 0.0327610709 -0.0917626619
v -0.174758509 0.0273593664 -0.0424599722
v -0.170444548 0.0327610709 -0.0917626619
v -0.170396119 0.0327610709 -0.0424599722
v -0.108809926 0.0273593664 -0.0424599722
v -0.108809926 -0.000305183639 -0.0936549753
v -0.108809926 -0.000305183639 -0.0424599722
v -0.108809926 0.0273593664 -0.0936549753
v -0.12950252 -0.000305183639 -0.114347562
v -0.12950252 0.0273593664 -0.114347562
v -0.154065907 0.0273593664 -0.114347562
v -0.154065907 -0.000305183639 -0.114347562
v -0.174758509 0.0273593664 -0.0936549753
v -0.174758509 -0.000305183639 -0.0936549753
v -0.174758509 0.0273593664 -0.0424599722
v -0.174758509 -0.000305183639 -0.0424599722
v -0.108809926 -0.000305183639 -0.0424599722
v -0.113172337 0.0327610709 -0.0424598306
v -0.108809926 0.0273593664 -0.0424599722
v -0.113172337 0.00658354023 -0.0424599722
v -0.170396119 0.00658354023 -0.0424599722
v -0.174758509 -0.000305183639 -0.0424599722
v -0.174758509 0.0273593664 -0.0424599722
v -0.170396119 0.0327610709 -0.0424599722
v -0.108809926 -0.000305183639 -0.0424599722
v -0.174758509 -0.000305183639 -0.0936549753
v -0.174758509 -0.000305183639 -0.0424599722
v -0.108809926 -0.000305183639 -0.0936549753
v -0.12950252 -0.000305183639 -0.114347562
v -0.154065907 -0.000305183639 -0.114347562
v -0.121261239 0.129475653 -0.056423299
v -0.121261239 0.129475653 -0.0726027265
v -0.121261239 0.110304147 -0.0696319267
v -0.121261239 0.110304147 -0.0516955256
v -0.120123439 0.0803246573 -0.0887579396
v -0.121261239 0.129475653 -0.0402439833
v -0.121315993 0.0803246573 -0.0240915976
v -0.121261239 0.110304147 -0.0337592699
v -0.132078469 0.129475653 -0.0294266604
v -0.119896211 0.0937458426 -0.0153741203
v -0.132078469 0.110304147 -0.0217671227
v -0.151489839 0.129475653 -0.0294266604
v -0.129716977 0.100331284 -0.0110965595
v -0.151489839 0.110304147 -0.0217671227
v -0.162307203 0.129475653 -0.0402439833
v -0.153851464 0.100331284 -0.0110965595
v -0.162307203 0.110304147 -0.0337592699
v -0.162307203 0.129475653 -0.056423299
v -0.163672075 0.0937458426 -0.0153741203
v -0.162307203 0.110304147 -0.0516955256
v -0.162307203 0.129475653 -0.0726027265
v -0.162252292 0.0803246573 -0.0240915976
v -0.162307203 0.110304147 -0.0696319267
v -0.147594377 0.129475653 -0.0873155445
v -0.163444996 0.0803246573 -0.0887579396
v -0.147594377 0.110304147 -0.0859424472
v -0.135974213 0.129475653 -0.0873155445
v -0.149561852 0.0803246573 -0.102641225
v -0.135974213 0.110304147 -0.0859424472
v -0.121261239 0.129475653 -0.0726027265
v -0.13400659 0.0803246573 -0.102641225
v -0.121261239 0.110304147 -0.0696319267
v -0.120123439 0.0803246573 -0.0887579396
v -0.129859373 0.425900817 0.00661466038
v -0.153708905 0.425900817 0.00661466038
v -0.153708905 0.489363521 0.0229203347
v -0.129859373 0.489363521 0.0229203347
v -0.124499507 0.417517185 -0.00587394089
v -0.159069061 0.417517185 -0.00587394089
v -0.153708905 0.425900817 0.00661466038
v -0.129859373 0.425900817 0.00661466038
v -0.129859373 0.425900817 0.00661466038
v -0.124496721 0.466975003 0.00240726606
v -0.124499507 0.417517185 -0.00587394089
v -0.129859373 0.489363521 0.0229203347
v -0.124496721 0.47532329 -0.000171161184
v -0.124496721 0.47532329 -0.0487622954
v -0.129859373 0.489363521 -0.0348330624
v -0.129859373 0.52722007 0.0247910693
v -0.123704918 0.489653111 0.0302611794
v -0.123680703 0.526811063 0.0387119316
v -0.129859373 0.52722007 -0.0348330624
v -0.125551432 0.529715538 0.0187516939
v -0.125551432 0.529715538 -0.0287935417
v -0.129859373 0.544432223 -0.039445024
v -0.125551432 0.544432223 -0.0050209281
v -0.125551432 0.544432223 -0.0349259861
v -0.129859373 0.561644137 -0.0348330624
v -0.125551432 0.544432223 0.0248841345
v -0.129859373 0.544432223 0.0294030271
v -0.125551432 0.559384704 -0.0309195481
v -0.129859373 0.57424432 -0.0222330447
v -0.125551432 0.559384704 0.0208775532
v -0.129859373 0.561644137 0.0247910693
v -0.125551432 0.570330858 -0.019973455
v -0.129859373 0.578856111 -0.0050209281
v -0.125551432 0.570330858 0.00993160624
v -0.129859373 0.57424432 0.0121910525
v -0.125551432 0.574337244 -0.0050209281
v -0.153708905 0.489363521 0.0229203347
v -0.153708905 0.425900817 0.00661466038
v -0.159069061 0.417517185 -0.00587394089
v -0.159071878 0.466975003 0.00240726606
v -0.159071878 0.47532329 -0.000171161184
v -0.153708905 0.489363521 -0.0348330624
v -0.159071878 0.47532329 -0.0487622954
v -0.153708905 0.52722007 -0.0348330624
v -0.153708905 0.52722007 0.0247910693
v -0.156209096 0.526811063 0.0387119316
v -0.156184882 0.489653111 0.0302611794
v -0.158016875 0.529715538 -0.0287935417
v -0.158016875 0.529715538 0.0187516939
v -0.153708905 0.544432223 0.0294030271
v -0.158016875 0.544432223 -0.0050209281
v -0.158016875 0.544432223 -0.0349259861
v -0.153708905 0.544432223 -0.039445024
v -0.158016875 0.544432223 0.0248841345
v -0.153708905 0.561644137 0.0247910693
v -0.158016875 0.559384704 -0.0309195481
v -0.153708905 0.561644137 -0.0348330624
v -0.158016875 0.559384704 0.0208775532
v -0.153708905 0.574244201 0.0121910525
v -0.158016875 0.57033062 -0.019973455
v -0.153708905 0.574244201 -0.0222330447
v -0.158016875 0.57033062 0.00993160624
v -0.153708905 0.578856111 -0.0050209281
v -0.158016875 0.574337244 -0.0050209281
v -0.129859373 0.489363521 -0.0348330624
v -0.159071878 0.47532329 -0.0487622954
v -0.124496721 0.47532329 -0.0487622954
v -0.153708905 0.489363521 -0.0348330624
v -0.129859373 0.52722007 -0.0348330624
v -0.153708905 0.52722007 -0.0348330624
v -0.153708905 0.544432223 -0.039445024
v -0.129859373 0.544432223 -0.039445024
v -0.129859373 0.561644137 -0.0348330624
v -0.153708905 0.561644137 -0.0348330624
v -0.153708905 0.574244201 -0.0222330447
v -0.129859373 0.57424432 -0.0222330447
v -0.153708905 0.578856111 -0.0050209281
v -0.129859373 0.578856111 -0.0050209281
v -0.153708905 0.574244201 0.0121910525
v -0.129859373 0.57424432 0.0121910525
v -0.153708905 0.561644137 0.0247910693
v -0.129859373 0.561644137 0.0247910693
v -0.153708905 0.544432223 0.0294030271
v -0.129859373 0.544432223 0.0294030271
v -0.153708905 0.52722007 0.0247910693
v -0.129859373 0.52722007 0.0247910693
v -0.121261239 0.28285265 -0.0725849718
v -0.121261239 0.156038523 -0.072599642
v -0.121261239 0.156038523 -0.0402448997
v -0.121261239 0.28285265 -0.0402490459
v -0.113679357 0.309840083 -0.0814121738
v -0.132080063 0.156038523 -0.0294266604
v -0.113679357 0.309840083 -0.0348809175
v -0.13208814 0.28285265 -0.0294266604
v -0.151480436 0.28285265 -0.0294266604
v -0.1514882 0.156038523 -0.0294266604
v -0.162307203 0.156038523 -0.0402448997
v -0.124505676 0.309840083 -0.023903409
v -0.162307203 0.28285265 -0.0402490459
v -0.162307203 0.156038523 -0.072599642
v -0.162307203 0.28285265 -0.0725849718
v -0.169889241 0.309840083 -0.0348809175
v -0.169889241 0.309840083 -0.0814121738
v -0.159062907 0.309840083 -0.023903409
v -0.169889241 0.417517185 -0.0167416483
v -0.159069061 0.417517185 -0.00587394089
v -0.169889241 0.466975003 -0.00841009151
v -0.124499507 0.417517185 -0.00587394089
v -0.113679357 0.417517185 -0.0167416483
v -0.124496721 0.466975003 0.00240726606
v -0.159071878 0.466975003 0.00240726606
v -0.113679357 0.466975003 -0.00841009151
v -0.165504068 0.47532329 -0.00930068735
v -0.159071878 0.47532329 -0.000171161184
v -0.165504068 0.47532329 -0.0487622954
v -0.169889241 0.466975003 -0.055167187
v -0.159071878 0.47532329 -0.0487622954
v -0.118064523 0.47532329 -0.00930068735
v -0.124496721 0.47532329 -0.000171161184
v -0.124496721 0.47532329 -0.0487622954
v -0.118064523 0.47532329 -0.0487622954
v -0.113679357 0.466975003 -0.055167187
v -0.121261239 0.28285265 -0.0725849718
v -0.135976404 0.156038523 -0.0873155445
v -0.121261239 0.156038523 -0.072599642
v -0.135986984 0.28285265 -0.0873155445
v -0.113679357 0.309840083 -0.0814121738
v -0.147581324 0.28285265 -0.0873155445
v -0.147592172 0.156038523 -0.0873155445
v -0.162307203 0.156038523 -0.072599642
v -0.162307203 0.28285265 -0.0725849718
v -0.155164093 0.309840083 -0.0961906761
v -0.169889241 0.309840083 -0.0814121738
v -0.128404647 0.309840083 -0.0961906761
v -0.113679357 0.417517185 -0.0776255652
v -0.155172586 0.417517185 -0.0923590735
v -0.169889241 0.417517185 -0.0776255652
v -0.128396139 0.417517185 -0.0923590735
v -0.155176401 0.466975003 -0.0698801577
v -0.169889241 0.466975003 -0.055167187
v -0.128392324 0.466975003 -0.0698801577
v -0.113679357 0.466975003 -0.055167187
v -0.124496721 0.47532329 -0.0552025698
v -0.118064523 0.47532329 -0.0487622954
v -0.124496721 0.47532329 -0.0487622954
v -0.159071878 0.47532329 -0.0552025698
v -0.165504068 0.47532329 -0.0487622954
v -0.159071878 0.47532329 -0.0487622954
v -0.169437543 0.150943756 -0.037291266
v -0.162307203 0.156038523 -0.0402448997
v -0.1514882 0.156038523 -0.0294266604
v -0.154441699 0.150943756 -0.022296166
v -0.169437543 0.129475802 -0.0372903869
v -0.169437706 0.129475936 -0.0755562186
v -0.154443473 0.129475802 -0.022296166
v -0.169437706 0.150944054 -0.0755531266
v -0.162307203 0.156038523 -0.0402448997
v -0.162307203 0.156038523 -0.072599642
v -0.150545657 0.150944054 -0.0944460481
v -0.162307203 0.156038523 -0.072599642
v -0.147592172 0.156038523 -0.0873155445
v -0.150547996 0.129475936 -0.0944460481
v -0.13302277 0.150944054 -0.0944460481
v -0.13302058 0.129475936 -0.0944460481
v -0.147592172 0.156038523 -0.0873155445
v -0.135976404 0.156038523 -0.0873155445
v -0.129126579 0.150943756 -0.022296166
v -0.129124969 0.129475802 -0.022296166
v -0.132080063 0.156038523 -0.0294266604
v -0.1514882 0.156038523 -0.0294266604
v -0.114130743 0.150943756 -0.037291266
v -0.114130743 0.129475802 -0.0372903869
v -0.114130601 0.129475936 -0.0755562186
v -0.121261239 0.156038523 -0.0402448997
v -0.132080063 0.156038523 -0.0294266604
v -0.114130601 0.150944054 -0.0755531266
v -0.13302058 0.129475936 -0.0944460481
v -0.121261239 0.156038523 -0.0402448997
v -0.121261239 0.156038523 -0.072599642
v -0.13302277 0.150944054 -0.0944460481
v -0.135976404 0.156038523 -0.0873155445
v -0.121261239 0.156038523 -0.072599642
v -0.163548484 0.471655935 0.0473028757
v -0.120020099 0.471655935 0.0473028757
v -0.120020099 0.476226181 0.0272075832
v -0.163548484 0.476226181 0.0272075832
v -0.175774187 0.483576864 0.0500140078
v -0.175774187 0.488147199 0.0299187098
v -0.175774187 0.526021481 0.059666995
v -0.175774187 0.530591786 0.0395717025
v -0.163548484 0.537942767 0.0623782761
v -0.163548484 0.542512953 0.0422829799
v -0.120020099 0.537942767 0.0623782761
v -0.120020099 0.542512953 0.0422829799
v -0.10779456 0.526021481 0.059666995
v -0.10779456 0.530591786 0.0395717025
v -0.10779456 0.483576864 0.0500140078
v -0.10779456 0.488147199 0.0299187098
v -0.120020099 0.471655935 0.0473028757
v -0.120020099 0.476226181 0.0272075832
v -0.123680703 0.526811063 0.0387119316
v -0.156209096 0.526811063 0.0387119316
v -0.153708905 0.52722007 0.0247910693
v -0.129859373 0.52722007 0.0247910693
v -0.156184882 0.489653111 0.0302611794
v -0.123704918 0.489653111 0.0302611794
v -0.129859373 0.489363521 0.0229203347
v -0.153708905 0.489363521 0.0229203347
v -0.121421389 0.00405472936 0.0715340748
v -0.162147179 0.00405472936 0.0715340748
v -0.162147179 0.00581859984 0.0341889337
v -0.121421389 0.00581859984 0.0341889337
v -0.18811141 0.0107672997 0.109029979
v -0.181175292 0.0150332674 0.105371289
v -0.181175292 0.025151005 0.111639515
v -0.185448751 0.0274644699 0.116317682
v -0.176356211 0.029879516 0.113951817
v -0.180176809 0.0327864699 0.118668571
v -0.162147179 0.029879516 0.11732468
v -0.162544131 0.0355096348 0.122913405
v -0.121517837 0.0355654173 0.125599295
v -0.121421389 0.029879516 0.120158963
v -0.103024207 0.0327560827 0.124835089
v -0.106530085 0.029879516 0.120158963
v -0.097575672 0.0274972077 0.123327948
v -0.101597965 0.0251276661 0.118771769
v -0.0946616828 0.0107672997 0.116169125
v -0.101597965 0.0150332674 0.112510443
v -0.101597965 0.0150332674 0.112510443
v -0.0947352201 0.0154387103 0.0733086616
v -0.0946616828 0.0107672997 0.116169125
v -0.101597965 0.0186885707 0.0740189999
v -0.109934069 0.0226817932 0.0341889337
v -0.106539622 0.0194319319 0.0300103109
v -0.181015119 0.0194319319 0.0304073878
v -0.181015119 -0.000305183639 0.0304073878
v -0.162147179 -0.000305183639 0.0300103109
v -0.162147179 0.0194319319 0.0300103109
v -0.162147179 0.00581859984 0.0341889337
v -0.162147179 -0.000305183639 0.0300103109
v -0.162147179 -0.000305183639 0.0341889337
v -0.162147179 0.0194319319 0.0300103109
v -0.162147179 0.0226817932 0.0341889337
v -0.181015119 -0.000305183639 0.0304073878
v -0.162147179 -0.000305183639 0.0341889337
v -0.162147179 -0.000305183639 0.0300103109
v -0.162729532 -0.000305183639 0.073597841
v -0.188097343 -0.000305183639 0.0737057403
v -0.18811141 -0.000305183639 0.105371289
v -0.12157435 -0.000305183639 0.0734227225
v -0.121421389 -0.000305183639 0.0341889337
v -0.16322729 -0.000305183639 0.107272267
v -0.121718645 -0.000305183639 0.110443436
v -0.186217949 -0.000305183639 0.136593387
v -0.18150939 -0.000305183639 0.143630654
v -0.163914293 -0.000305183639 0.153743118
v -0.121910952 -0.000305183639 0.159795105
v -0.103004113 -0.000305183639 0.156902552
v -0.0977431759 -0.000305183639 0.151472807
v -0.0946616828 -0.000305183639 0.112510443
v -0.0947352201 -0.000305183639 0.0733086616
v -0.106539622 -0.000305183639 0.0300103109
v -0.121421389 -0.000305183639 0.0300103109
v -0.106539622 0.0194319319 0.0300103109
v -0.121421389 0.0194319319 0.0300103109
v -0.121421389 -0.000305183639 0.0300103109
v -0.106539622 -0.000305183639 0.0300103109
v -0.106539622 -0.000305183639 0.0300103109
v -0.0947352201 0.0154387103 0.0733086616
v -0.106539622 0.0194319319 0.0300103109
v -0.0947352201 -0.000305183639 0.0733086616
v -0.0946616828 -0.000305183639 0.112510443
v -0.0946616828 0.0107672997 0.116169125
v -0.0977431759 -0.000305183639 0.151472807
v -0.097417146 0.0208903085 0.152486563
v -0.097575672 0.0274972077 0.123327948
v -0.102476388 0.0260226671 0.152715579
v -0.103024207 0.0327560827 0.124835089
v -0.121758722 0.0269426219 0.153746799
v -0.121517837 0.0355654173 0.125599295
v -0.163377479 0.0269810837 0.147831008
v -0.162544131 0.0355096348 0.122913405
v -0.180176809 0.0327864699 0.118668571
v -0.121816859 0.0206206683 0.158708125
v -0.163594723 0.0204992704 0.152804956
v -0.102242082 0.0200044103 0.157587186
v -0.097417146 0.0208903085 0.152486563
v -0.0977431759 -0.000305183639 0.151472807
v -0.103004113 -0.000305183639 0.156902552
v -0.121910952 -0.000305183639 0.159795105
v -0.163914293 -0.000305183639 0.153743118
v -0.181636676 0.0199373439 0.14387536
v -0.18150939 -0.000305183639 0.143630654
v -0.186217949 -0.000305183639 0.136593387
v -0.185999215 0.021080425 0.137089834
v -0.181016594 0.0263533928 0.138981134
v -0.185999215 0.021080425 0.137089834
v -0.185448751 0.0274644699 0.116317682
v -0.18811141 0.0107672997 0.109029979
v -0.186217949 -0.000305183639 0.136593387
v -0.18811141 -0.000305183639 0.105371289
v -0.188097343 0.0154387103 0.0737057403
v -0.188097343 -0.000305183639 0.0737057403
v -0.181015119 -0.000305183639 0.0304073878
v -0.181015119 0.0194319319 0.0304073878
v -0.121421389 -0.000305183639 0.0300103109
v -0.121421389 0.00581859984 0.0341889337
v -0.121421389 -0.000305183639 0.0341889337
v -0.121421389 0.0194319319 0.0300103109
v -0.121421389 0.0226817932 0.0341889337
v -0.162147179 -0.000305183639 0.0341889337
v -0.121421389 -0.000305183639 0.0341889337
v -0.121421389 0.00581859984 0.0341889337
v -0.162147179 0.00581859984 0.0341889337
v -0.172657013 0.0581858493 0.0570922419
v -0.162147179 0.0581858493 0.0570922419
v -0.162147179 0.0421890691 0.0889578685
v -0.176261693 0.0421890691 0.0889578685
v -0.177561238 0.054064624 0.0544336624
v -0.176356211 0.029879516 0.113951817
v -0.162147179 0.029879516 0.11732468
v -0.121421389 0.0421890691 0.0889578685
v -0.121421389 0.029879516 0.120158963
v -0.106530085 0.029879516 0.120158963
v -0.181175292 0.037724454 0.0867815092
v -0.181175292 0.025151005 0.111639515
v -0.181175292 0.0150332674 0.105371289
v -0.181175292 0.0186885707 0.0740189999
v -0.177561238 0.0226817932 0.0341889337
v -0.106541961 0.0421890691 0.0889578685
v -0.114838295 0.0581858493 0.0570922419
v -0.121421389 0.0581858493 0.0570922419
v -0.109934069 0.054064624 0.0544336624
v -0.101597965 0.0377003811 0.0867699161
v -0.101597965 0.0251276661 0.118771769
v -0.101597965 0.0150332674 0.112510443
v -0.101597965 0.0186885707 0.0740189999
v -0.109934069 0.0226817932 0.0341889337
v -0.177561238 0.0226817932 0.0341889337
v -0.162147179 0.0226817932 0.0341889337
v -0.162147179 0.0581858493 0.0570922419
v -0.177561238 0.054064624 0.0544336624
v -0.172657013 0.0581858493 0.0570922419
v -0.162147179 0.0194319319 0.0300103109
v -0.162147179 0.0226817932 0.0341889337
v -0.177561238 0.0226817932 0.0341889337
v -0.181015119 0.0194319319 0.0304073878
v -0.162147179 0.00405472936 0.0715340748
v -0.162147179 0.0421890691 0.0889578685
v -0.162147179 0.0581858493 0.0570922419
v -0.162147179 0.0226817932 0.0341889337
v -0.162147179 0.00581859984 0.0341889337
v -0.177561238 0.0226817932 0.0341889337
v -0.188097343 0.0154387103 0.0737057403
v -0.181015119 0.0194319319 0.0304073878
v -0.181175292 0.0186885707 0.0740189999
v -0.181175292 0.0150332674 0.105371289
v -0.18811141 0.0107672997 0.109029979
v -0.121421389 0.0581858493 0.0570922419
v -0.121421389 0.0226817932 0.0341889337
v -0.109934069 0.0226817932 0.0341889337
v -0.109934069 0.054064624 0.0544336624
v -0.114838295 0.0581858493 0.0570922419
v -0.121421389 0.0581858493 0.0570922419
v -0.121421389 0.0421890691 0.0889578685
v -0.121421389 0.00405472936 0.0715340748
v -0.121421389 0.0226817932 0.0341889337
v -0.121421389 0.00581859984 0.0341889337
v -0.109934069 0.0226817932 0.0341889337
v -0.121421389 0.0226817932 0.0341889337
v -0.121421389 0.0194319319 0.0300103109
v -0.106539622 0.0194319319 0.0300103109
v -0.162147179 0.00405472936 0.0715340748
v -0.121421389 0.00405472936 0.0715340748
v -0.121421389 0.0421890691 0.0889578685
v -0.162147179 0.0421890691 0.0889578685
v 0.116944186 0.917366326 0.0522665493
v 0.105507374 0.91732502 0.102385074
v 0.10570994 0.911254585 0.082160823
v 0.130585715 0.930968165 0.0356520228
v 0.144281983 0.936710417 0.0372856855
v 0.143555805 0.932919443 0.0284811631
v 0.165806025 0.916861534 0.0335599221
v 0.116196722 0.921419442 0.111981399
v 0.110552803 0.91494894 0.116249867
v 0.132803023 0.898890972 0.121328615
v 0.166532487 0.920652509 0.0423644148
v 0.138446942 0.905361474 0.117060162
v 0.127185538 0.849614322 0.1063601
v 0.162945002 0.874760091 0.0324391536
v 0.160882279 0.874698877 0.023015894
v 0.159575522 0.83784318 0.0141759915
v 0.137473851 0.855029881 0.102613039
v 0.139802277 0.81957382 0.0967863649
v 0.129623473 0.815196574 0.103786506
v 0.163843378 0.838017642 0.0253544636
v 0.141569376 0.767369926 0.0987290367
v 0.102086052 0.803172767 0.106709905
v 0.127185538 0.849614322 0.1063601
v 0.0910386667 0.834462821 0.100591399
v 0.132803023 0.898890972 0.121328615
v 0.110552803 0.91494894 0.116249867
v 0.172694892 0.786822021 0.0199756566
v 0.165935367 0.786201239 0.0070603257
v 0.151942551 0.771236181 0.091129981
v 0.177103236 0.733386695 0.0115849413
v 0.169531628 0.733468831 0.000499538204
v 0.170253724 0.720492184 0.0785505101
v 0.109095149 0.757414162 0.101128817
v 0.162950456 0.716761172 0.0887846574
v 0.169222042 0.660413563 0.00555246277
v 0.162640259 0.662242711 -0.00217885547
v 0.173099145 0.645765841 0.0553845912
v 0.1420362 0.730249286 -0.0105338907
v 0.141543254 0.66361028 -0.00684967684
v 0.140552849 0.77837795 -0.0114783691
v 0.169222042 0.593809187 -0.00832641963
v 0.173099145 0.580043077 0.0344361328
v 0.162640259 0.596111536 -0.0154784899
v 0.167547852 0.642829955 0.0628985092
v 0.167547852 0.57772249 0.0416451618
v 0.123795487 0.642128348 0.0689387619
v 0.123795487 0.577394485 0.0426643826
v 0.114383817 0.70663619 0.091358386
v 0.164644733 0.57385534 0.034915708
v 0.167425007 0.574945688 0.0311564729
v 0.126046866 0.573624849 0.0356354378
v 0.159386009 0.589406908 -0.0119023081
v 0.163629219 0.587713361 -0.00779121043
v 0.160015166 0.57455951 0.0325742029
v 0.123552978 0.57455951 0.0325742029
v 0.160015166 0.588383913 -0.00922244601
v 0.116792269 0.575372279 0.0297123212
v 0.123552978 0.588383913 -0.00922244601
v 0.114865169 0.582820892 0.0069782678
v 0.108987108 0.588627458 0.0077703651
v 0.111393049 0.580291033 0.0336662009
v 0.111393049 0.64863503 0.0502261184
v 0.108987108 0.657059133 0.0231629815
v 0.0972587466 0.711105943 0.0655255243
v 0.0940612927 0.719518185 0.0282768272
v 0.087081261 0.75349462 0.0740305856
v 0.086691089 0.756666601 0.030654883
v 0.0810635388 0.782093167 0.0759383217
v 0.0822527111 0.777908027 0.0304054786
v 0.0753179714 0.805578768 0.0753511488
v 0.0765908137 0.799309134 0.0291220639
v 0.0585500449 0.826945424 0.0658282116
v 0.0632618219 0.822601736 0.0273852032
v 0.0632596239 0.837216914 0.0303762667
v 0.0687884539 0.850520611 0.095512636
v 0.0597446524 0.840482473 0.0601280741
v 0.0663807392 0.842215776 0.0325840414
v 0.0847567171 0.884562492 0.0922253504
v 0.105507374 0.91732502 0.102385074
v 0.10570994 0.911254585 0.082160823
v 0.085358195 0.885116935 0.0888336822
v 0.070623517 0.862035275 0.0805592313
v 0.0679366067 0.859380841 0.0839103758
v 0.0632902905 0.845099032 0.0592531823
v 0.0806023851 0.854524732 0.0132102389
v 0.0806023851 0.854524732 0.0132102389
v 0.0435402654 0.857788324 0.0535991378
v 0.0632902905 0.845099032 0.0592531823
v 0.0565602593 0.866478682 0.0176777504
v 0.0975002274 0.876653016 0.00903000031
v 0.0802149922 0.897366405 0.00096619461
v 0.110030822 0.898537517 0.0231745783
v 0.100647926 0.93235749 0.013253835
v 0.116944186 0.917366326 0.0522665493
v 0.105889469 0.950954795 0.0473428033
v 0.10570994 0.911254585 0.082160823
v 0.0928694829 0.942264259 0.083264187
v 0.085358195 0.885116935 0.0888336822
v 0.0692147389 0.911376655 0.0999757424
v 0.070623517 0.862035275 0.0805592313
v 0.0487818234 0.87638545 0.0876879692
v 0.0632902905 0.845099032 0.0592531823
v 0.0435402654 0.857788324 0.0535991378
v 0.0565602593 0.866478682 0.0176777504
v 0.0386476368 0.853589058 0.053678412
v 0.0435402654 0.857788324 0.0535991378
v 0.0528014638 0.863598704 0.0132341655
v 0.0802149922 0.897366405 0.00096619461
v 0.0792003646 0.897679627 -0.0054307715
v 0.100647926 0.93235749 0.013253835
v 0.103083223 0.935718238 0.00840055011
v 0.105889469 0.950954795 0.0473428033
v 0.109795786 0.955896497 0.0470727012
v 0.0928694829 0.942264259 0.083264187
v 0.0948933214 0.946476042 0.0875683278
v 0.0692147389 0.911376655 0.0999757424
v 0.0677504689 0.912791014 0.106070027
v 0.0487818234 0.87638545 0.0876879692
v 0.0446770377 0.874210715 0.0921512172
v 0.0435402654 0.857788324 0.0535991378
v 0.0386476368 0.853589058 0.053678412
v 0.0268646739 0.850180626 0.0506569594
v 0.0155890258 0.854602277 0.0452176742
v 0.0160045978 0.873909712 0.100212522
v 0.0283945557 0.874164641 0.0993254557
v 0.0386476368 0.853589058 0.053678412
v 0.0163871422 0.907409847 0.111321703
v 0.0446770377 0.874210715 0.0921512172
v 0.0236156937 0.93310684 0.113203607
v 0.0475101508 0.923333883 0.118211612
v 0.0677504689 0.912791014 0.106070027
v 0.049006857 0.98769778 0.113036402
v 0.0948933214 0.946476042 0.0875683278
v 0.0842199698 0.971676171 0.0952987671
v 0.0888637677 0.993261099 0.0778501555
v 0.109795786 0.955896497 0.0470727012
v 0.105750747 0.999967575 0.025766803
v 0.108742103 0.982931554 0.0359759964
v 0.101235233 0.96291393 -0.0135560846
v 0.0969999582 1.00845957 -0.0319948122
v 0.0826288089 0.969171643 -0.0471681207
v 0.103083223 0.935718238 0.00840055011
v 0.0602764823 0.914068401 -0.0362732559
v 0.0658487678 0.904379308 -0.0237582289
v 0.0792003646 0.897679627 -0.0054307715
v 0.0187480226 0.880684733 -0.00891682226
v 0.0528014638 0.863598704 0.0132341655
v 0.0345559157 0.868411243 -0.000169986859
v 0.0155890258 0.854602277 0.0452176742
v 0.0386476368 0.853589058 0.053678412
v 0.0268646739 0.850180626 0.0506569594
v 0.127937704 0.562575877 0.0264047682
v 0.155630589 0.562575877 0.0264047682
v 0.155630589 0.575857878 -0.0231645964
v 0.127937704 0.575857878 -0.0231645964
v 0.114091262 0.575857878 -0.0231645964
v 0.123552978 0.588383913 -0.00922244601
v 0.123552978 0.57455951 0.0325742029
v 0.114091262 0.562575877 0.0264047682
v 0.114091262 0.544432223 -0.0050209281
v 0.114091262 0.562575877 -0.0364467651
v 0.114091262 0.544432223 0.0312664248
v 0.114091262 0.544432223 -0.0413082689
v 0.114091262 0.526288509 0.0264047682
v 0.114091262 0.526288509 -0.0364467651
v 0.114091262 0.513006508 0.0131227486
v 0.114091262 0.513006508 -0.0231645964
v 0.114091262 0.508144855 -0.0050209281
v 0.169477016 0.562575877 0.0264047682
v 0.160015166 0.57455951 0.0325742029
v 0.160015166 0.588383913 -0.00922244601
v 0.169476733 0.575857878 -0.0231645964
v 0.169476733 0.544432223 -0.0050209281
v 0.169477016 0.562575877 -0.0364467651
v 0.169476733 0.544432223 0.0312664248
v 0.169476733 0.544432223 -0.0413082689
v 0.169476733 0.526288509 0.0264047682
v 0.169476733 0.526288509 -0.0364467651
v 0.169476733 0.51300633 0.0131227486
v 0.169476733 0.51300633 -0.0231645964
v 0.169476733 0.508144855 -0.0050209281
v -0.116944186 0.917366326 0.0522665493
v -0.10570994 0.911254585 0.082160823
v -0.105507374 0.91732502 0.102385074
v -0.130585715 0.930968165 0.0356520228
v -0.144281983 0.936710417 0.0372856855
v -0.143555805 0.932919443 0.0284811631
v -0.165806025 0.916861534 0.0335599221
v -0.116196722 0.921419442 0.111981399
v -0.110552803 0.91494894 0.116249867
v -0.132803023 0.898890972 0.121328615
v -0.166532487 0.920652509 0.0423644148
v -0.138446942 0.905361474 0.117060162
v -0.127185538 0.849614322 0.1063601
v -0.162945002 0.874760091 0.0324391536
v -0.160882279 0.874698877 0.023015894
v -0.159575522 0.83784318 0.0141759915
v -0.137473851 0.855029881 0.102613039
v -0.139802277 0.81957382 0.0967863649
v -0.129623473 0.815196574 0.103786506
v -0.163843378 0.838017642 0.0253544636
v -0.141569376 0.767369926 0.0987290367
v -0.102086052 0.803172767 0.106709905
v -0.127185538 0.849614322 0.1063601
v -0.0910386667 0.834462821 0.100591399
v -0.132803023 0.898890972 0.121328615
v -0.110552803 0.91494894 0.116249867
v -0.172694892 0.786822021 0.0199756566
v -0.165935367 0.786201239 0.0070603257
v -0.151942551 0.771236181 0.091129981
v -0.177103236 0.733386695 0.0115849413
v -0.169531628 0.733468831 0.000499538204
v -0.170253724 0.720492184 0.0785505101
v -0.109095149 0.757414162 0.101128817
v -0.162950456 0.716761172 0.0887846574
v -0.169222042 0.660413563 0.00555246277
v -0.162640259 0.662242711 -0.00217885547
v -0.173099145 0.645765841 0.0553845912
v -0.1420362 0.730249286 -0.0105338907
v -0.141543254 0.66361028 -0.00684967684
v -0.140552849 0.77837795 -0.0114783691
v -0.169222042 0.593809187 -0.00832641963
v -0.173099145 0.580043077 0.0344361328
v -0.162640259 0.596111536 -0.0154784899
v -0.167547852 0.642829955 0.0628985092
v -0.167547852 0.57772249 0.0416451618
v -0.123795487 0.642128348 0.0689387619
v -0.123795487 0.577394485 0.0426643826
v -0.114383817 0.70663619 0.091358386
v -0.164644733 0.57385534 0.034915708
v -0.167425007 0.574945688 0.0311564729
v -0.126046866 0.573624849 0.0356354378
v -0.159386009 0.589406908 -0.0119023081
v -0.163629219 0.587713361 -0.00779121043
v -0.160015166 0.57455951 0.0325742029
v -0.123552978 0.57455951 0.0325742029
v -0.160015166 0.588383913 -0.00922244601
v -0.116792269 0.575372279 0.0297123212
v -0.123552978 0.588383913 -0.00922244601
v -0.114865169 0.582820892 0.0069782678
v -0.108987108 0.588627458 0.0077703651
v -0.111393049 0.580291033 0.0336662009
v -0.111393049 0.64863503 0.0502261184
v -0.108987108 0.657059133 0.0231629815
v -0.0972587466 0.711105943 0.0655255243
v -0.0940612927 0.719518185 0.0282768272
v -0.087081261 0.75349462 0.0740305856
v -0.086691089 0.756666601 0.030654883
v -0.0810635388 0.782093167 0.0759383217
v -0.0822527111 0.777908027 0.0304054786
v -0.0753179714 0.805578768 0.0753511488
v -0.0765908137 0.799309134 0.0291220639
v -0.0585500449 0.826945424 0.0658282116
v -0.0632618219 0.822601736 0.0273852032
v -0.0632596239 0.837216914 0.0303762667
v -0.0687884539 0.850520611 0.095512636
v -0.0597446524 0.840482473 0.0601280741
v -0.0663807392 0.842215776 0.0325840414
v -0.0847567171 0.884562492 0.0922253504
v -0.105507374 0.91732502 0.102385074
v -0.10570994 0.911254585 0.082160823
v -0.085358195 0.885116935 0.0888336822
v -0.070623517 0.862035275 0.0805592313
v -0.0679366067 0.859380841 0.0839103758
v -0.0632902905 0.845099032 0.0592531823
v -0.0806023851 0.854524732 0.0132102389
v -0.0806023851 0.854524732 0.0132102389
v -0.0632902905 0.845099032 0.0592531823
v -0.0435402654 0.857788324 0.0535991378
v -0.0565602593 0.866478682 0.0176777504
v -0.0975002274 0.876653016 0.00903000031
v -0.0802149922 0.897366405 0.00096619461
v -0.110030822 0.898537517 0.0231745783
v -0.100647926 0.93235749 0.013253835
v -0.116944186 0.917366326 0.0522665493
v -0.105889469 0.950954795 0.0473428033
v -0.10570994 0.911254585 0.082160823
v -0.0928694829 0.942264259 0.083264187
v -0.085358195 0.885116935 0.0888336822
v -0.0692147389 0.911376655 0.0999757424
v -0.070623517 0.862035275 0.0805592313
v -0.0487818234 0.87638545 0.0876879692
v -0.0632902905 0.845099032 0.0592531823
v -0.0435402654 0.857788324 0.0535991378
v -0.0565602593 0.866478682 0.0176777504
v -0.0435402654 0.857788324 0.0535991378
v -0.0386476368 0.853589058 0.053678412
v -0.0528014638 0.863598704 0.0132341655
v -0.0802149922 0.897366405 0.00096619461
v -0.0792003646 0.897679627 -0.0054307715
v -0.100647926 0.93235749 0.013253835
v -0.103083223 0.935718238 0.00840055011
v -0.105889469 0.950954795 0.0473428033
v -0.109795786 0.955896497 0.0470727012
v -0.0928694829 0.942264259 0.083264187
v -0.0948933214 0.946476042 0.0875683278
v -0.0692147389 0.911376655 0.0999757424
v -0.0677504689 0.912791014 0.106070027
v -0.0487818234 0.87638545 0.0876879692
v -0.0446770377 0.874210715 0.0921512172
v -0.0435402654 0.857788324 0.0535991378
v -0.0386476368 0.853589058 0.053678412
v -0.0268646739 0.850180626 0.0506569594
v -0.0160045978 0.873909712 0.100212522
v -0.0155890258 0.854602277 0.0452176742
v -0.0283945557 0.874164641 0.0993254557
v -0.0386476368 0.853589058 0.053678412
v -0.0163871422 0.907409847 0.111321703
v -0.0446770377 0.874210715 0.0921512172
v -0.0236156937 0.93310684 0.113203607
v -0.0475101508 0.923333883 0.118211612
v -0.0677504689 0.912791014 0.106070027
v -0.049006857 0.98769778 0.113036402
v -0.0948933214 0.946476042 0.0875683278
v -0.0842199698 0.971676171 0.0952987671
v -0.0888637677 0.993261099 0.0778501555
v -0.109795786 0.955896497 0.0470727012
v -0.105750747 0.999967575 0.025766803
v -0.108742103 0.982931554 0.0359759964
v -0.101235233 0.96291393 -0.0135560846
v -0.0969999582 1.00845957 -0.0319948122
v -0.0826288089 0.969171643 -0.0471681207
v -0.103083223 0.935718238 0.00840055011
v -0.0602764823 0.914068401 -0.0362732559
v -0.0658487678 0.904379308 -0.0237582289
v -0.0792003646 0.897679627 -0.0054307715
v -0.0187480226 0.880684733 -0.00891682226
v -0.0528014638 0.863598704 0.0132341655
v -0.0345559157 0.868411243 -0.000169986859
v -0.0155890258 0.854602277 0.0452176742
v -0.0386476368 0.853589058 0.053678412
v -0.0268646739 0.850180626 0.0506569594
v -0.127937704 0.562575877 0.0264047682
v -0.127937704 0.575857878 -0.0231645964
v -0.155630589 0.575857878 -0.0231645964
v -0.155630589 0.562575877 0.0264047682
v -0.114091262 0.575857878 -0.0231645964
v -0.123552978 0.57455951 0.0325742029
v -0.123552978 0.588383913 -0.00922244601
v -0.114091262 0.562575877 0.0264047682
v -0.114091262 0.544432223 -0.0050209281
v -0.114091262 0.562575877 -0.0364467651
v -0.114091262 0.544432223 0.0312664248
v -0.114091262 0.544432223 -0.0413082689
v -0.114091262 0.526288509 0.0264047682
v -0.114091262 0.526288509 -0.0364467651
v -0.114091262 0.513006508 0.0131227486
v -0.114091262 0.513006508 -0.0231645964
v -0.114091262 0.508144855 -0.0050209281
v -0.169477016 0.562575877 0.0264047682
v -0.160015166 0.588383913 -0.00922244601
v -0.160015166 0.57455951 0.0325742029
v -0.169476733 0.575857878 -0.0231645964
v -0.169476733 0.544432223 -0.0050209281
v -0.169477016 0.562575877 -0.0364467651
v -0.169476733 0.544432223 0.0312664248
v -0.169476733 0.544432223 -0.0413082689
v -0.169476733 0.526288509 0.0264047682
v -0.169476733 0.526288509 -0.0364467651
v -0.169476733 0.51300633 0.0131227486
v -0.169476733 0.51300633 -0.0231645964
v -0.169476733 0.508144855 -0.0050209281
v -0.081669718 1.04619324 -0.0156863499
v -0.0943040997 1.03815722 0.0307759866
v -0.106099382 1.03410399 0.0300749
v -0.0918847844 1.04314506 -0.0221986957
v -0.116071068 1.00362194 0.0270340741
v -0.105365418 1.01150405 -0.0373033062
v -0.0471521169 1.05207622 -0.0496989861
v -0.053049691 1.04976392 -0.0604657009
v -0 1.05422962 -0.0621483997
v -0 1.05218661 -0.0744722933
v 0.053049691 1.04976392 -0.0604657009
v 0.0471521169 1.05207622 -0.0496989861
v -0.0575757772 1.01912439 -0.0676409677
v -0.105365418 1.01150405 -0.0373033062
v -0.0892056525 0.967736721 -0.0557988435
v -0.0618962049 0.971844435 -0.0769692436
v -0.0649754927 0.906854153 -0.0426164903
v -0 1.01945817 -0.0776766539
v -0.0512398817 0.911840141 -0.0610252731
v -0.0194762647 0.870372891 -0.0131993759
v -0 0.973733127 -0.0811883062
v 0.0575757772 1.01912439 -0.0676409677
v 0.0918847844 1.04314506 -0.0221986957
v 0.081669718 1.04619324 -0.0156863499
v 0.105365418 1.01150405 -0.0373033062
v 0.105365418 1.01150405 -0.0373033062
v 0.116071068 1.00362194 0.0270340741
v 0.106099382 1.03410399 0.0300749
v 0.0943040997 1.03815722 0.0307759866
v 0.0892056525 0.967736721 -0.0557988435
v 0.0618962049 0.971844435 -0.0769692436
v 0.0649754927 0.906854153 -0.0426164903
v 0.0512398817 0.911840141 -0.0610252731
v 0.0194762647 0.870372891 -0.0131993759
v -0 0.919066429 -0.0613697991
v 0.0194762647 0.870372891 -0.0131993759
v -0.0194762647 0.870372891 -0.0131993759
v -0 0.874605238 -0.0170741361
v 0.0152236577 0.843636513 0.043738436
v -0.0152236577 0.843636513 0.043738436
v -0 0.844832182 0.0434792042
v -0.106099382 1.03410399 0.0300749
v -0.0977394953 0.995410383 0.0840219408
v -0.116071068 1.00362194 0.0270340741
v -0.0918847844 1.02506256 0.0823483467
v -0.0943040997 1.03815722 0.0307759866
v -0.081669718 1.03012133 0.0772381723
v -0.0564469323 0.989227653 0.121488772
v -0.0471521169 1.02423823 0.111250795
v -0.053049691 1.01844406 0.120615356
v -0.0369291306 1.01591408 0.135242894
v -0 1.02208483 0.123700365
v -0.0270766411 0.979496419 0.133147389
v -0.0457324795 0.977891803 0.124350943
v -0.0208084155 1.01338387 0.149870411
v -0 1.0130477 0.151182011
v 0.0208084155 1.01338387 0.149870411
v 0.0369291306 1.01591408 0.135242894
v 0.0471521169 1.02423823 0.111250795
v -0.0163956564 0.979610145 0.144028768
v -0.0208084155 1.01338387 0.149870411
v -0 1.0130477 0.151182011
v -0.0148565276 0.93432653 0.130548283
v -0.0288535785 0.93135792 0.12305066
v -0.020043917 0.904337466 0.121580377
v -0.0109223146 0.937719762 0.136783183
v -0.0148565276 0.93432653 0.130548283
v -0 0.933997273 0.131803945
v -0 0.979273975 0.145340368
v -0 0.937383413 0.138094783
v 0.0109223146 0.937719762 0.136783183
v 0.0148565276 0.93432653 0.130548283
v 0.0270766411 0.979496419 0.133147389
v 0.0163956564 0.979610145 0.144028768
v 0.0208084155 1.01338387 0.149870411
v 0.0564469323 0.989227653 0.121488772
v 0.0457324795 0.977891803 0.124350943
v 0.0148565276 0.93432653 0.130548283
v 0.0288535785 0.93135792 0.12305066
v 0.020043917 0.904337466 0.121580377
v 0.053049691 1.01844406 0.120615356
v 0.0918847844 1.02506256 0.0823483467
v 0.081669718 1.03012133 0.0772381723
v 0.0943040997 1.03815722 0.0307759866
v 0.0977394953 0.995410383 0.0840219408
v 0.106099382 1.03410399 0.0300749
v 0.116071068 1.00362194 0.0270340741
v -0 0.933997273 0.131803945
v 0.020043917 0.904337466 0.121580377
v -0 0.903122663 0.125247717
v 0.018855473 0.867552459 0.108708493
v -0.020043917 0.904337466 0.121580377
v -0.018855473 0.867552459 0.108708493
v -0 0.866390109 0.114053532
v -0.018855473 0.867552459 0.108708493
v 0.018855473 0.867552459 0.108708493
v 0.0159667265 0.856026411 0.089094691
v -0.0159667265 0.856026411 0.089094691
v -0 0.853192985 0.0937054604
v -0 0.844832182 0.0434792042
v 0.0152236577 0.843636513 0.043738436
v -0.0152236577 0.843636513 0.043738436
v -0.116071068 1.00362194 0.0270340741
v -0.0888637677 0.993261099 0.0778501555
v -0.105750747 0.999967575 0.025766803
v -0.0977394953 0.995410383 0.0840219408
v -0.0564469323 0.989227653 0.121488772
v -0.049006857 0.98769778 0.113036402
v -0.0457324795 0.977891803 0.124350943
v -0.0288535785 0.93135792 0.12305066
v -0.0236156937 0.93310684 0.113203607
v -0.0163871422 0.907409847 0.111321703
v -0.020043917 0.904337466 0.121580377
v -0.0160045978 0.873909712 0.100212522
v -0.018855473 0.867552459 0.108708493
v -0.0159667265 0.856026411 0.089094691
v -0.0155890258 0.854602277 0.0452176742
v -0.0152236577 0.843636513 0.043738436
v 0.116071068 1.00362194 0.0270340741
v 0.105750747 0.999967575 0.025766803
v 0.0888637677 0.993261099 0.0778501555
v 0.0977394953 0.995410383 0.0840219408
v 0.0564469323 0.989227653 0.121488772
v 0.049006857 0.98769778 0.113036402
v 0.0457324795 0.977891803 0.124350943
v 0.0288535785 0.93135792 0.12305066
v 0.0236156937 0.93310684 0.113203607
v 0.0163871422 0.907409847 0.111321703
v 0.020043917 0.904337466 0.121580377
v 0.0160045978 0.873909712 0.100212522
v 0.018855473 0.867552459 0.108708493
v 0.0159667265 0.856026411 0.089094691
v 0.0155890258 0.854602277 0.0452176742
v 0.0152236577 0.843636513 0.043738436
v -0 1.05422962 -0.0621483997
v -0 1.07034075 -0.0593618155
v -0.0471521169 1.06818759 -0.0469122604
v 0.0471521169 1.05207622 -0.0496989861
v 0.0471521169 1.06818759 -0.0469122604
v 0.081669718 1.04619324 -0.0156863499
v 0.081669718 1.06230474 -0.0128996223
v 0.0943040997 1.03815722 0.0307759866
v 0.0943040997 1.05426848 0.0335625634
v 0.081669718 1.03012133 0.0772381723
v 0.081669718 1.04623234 0.0800248235
v 0.0471521169 1.02423823 0.111250795
v 0.0471521169 1.04034936 0.114037409
v -0 1.02208483 0.123700365
v -0.0471521169 1.06818759 -0.0469122604
v -0.0471521169 1.05207622 -0.0496989861
v -0.081669718 1.06230474 -0.0128996223
v -0.081669718 1.04619324 -0.0156863499
v -0.0943040997 1.05426848 0.0335625634
v -0.0943040997 1.03815722 0.0307759866
v -0.081669718 1.04623234 0.0800248235
v -0.081669718 1.03012133 0.0772381723
v -0.0471521169 1.04034936 0.114037409
v -0.0471521169 1.02423823 0.111250795
v -0 1.03819609 0.126486942
v 0.0471521169 1.04034936 0.114037409
v -0 1.57397795 -0.0571342222
v -0 1.55290794 -0.0670532063
v 0.0402434357 1.54913008 -0.0569535196
v 0.0281884577 1.57116592 -0.0494262464
v 0.0697037131 1.5388093 -0.0293603111
v -0 1.60255373 -0.0496571548
v 0.0488236547 1.56348312 -0.0283676926
v 0.0804867148 1.52471125 0.00833273213
v 0.0259403158 1.59983194 -0.0419167317
v 0.0563767664 1.55298829 0.000398837845
v 0.069703564 1.51061273 0.0460259207
v 0.0347151905 1.62755322 -0.0390100703
v 0.000400892983 1.63202429 -0.0586169846
v 0.0449299552 1.59239578 -0.0207699556
v 0.0533156842 1.61982405 -0.00726862578
v 0.0518806316 1.58223784 0.00811723899
v 0.0555381365 1.61145973 0.0286796279
v 0.0488236547 1.5424937 0.0291653667
v 0.0402434357 1.50029218 0.0736191273
v 0.0449299552 1.57208037 0.0370044336
v 0.0388155729 1.59840441 0.0656464845
v 0.0281884577 1.53481126 0.0502240695
v -0 1.49651492 0.0837189555
v 0.0259403158 1.56464458 0.0581514947
v 0.0243336596 1.57465112 0.0986857414
v -0 1.53199923 0.0579320453
v -0.0402434357 1.50029218 0.0736192763
v -0 1.56192267 0.0658917725
v -0.000510107318 1.57262552 0.100572616
v -0.0281884577 1.53481126 0.0502240695
v -0.069703564 1.51061273 0.0460259207
v -0.0259403158 1.56464458 0.0581514947
v -0.0243336596 1.57465112 0.0986857414
v -0.0488236547 1.5424937 0.0291653667
v -0.0804867148 1.52471125 0.00833273213
v -0.0449299552 1.57208037 0.0370044336
v -0.0388155729 1.59840441 0.0656464845
v -0.0563767664 1.55298829 0.000398837845
v -0.0697037131 1.5388093 -0.0293603111
v -0.0518806316 1.58223784 0.00811723899
v -0.0555381365 1.61145973 0.0286796279
v -0.0488236547 1.56348312 -0.0283676926
v -0.0402434357 1.54913008 -0.0569535196
v -0.0449299552 1.59239578 -0.0207699556
v -0.0533156842 1.61982405 -0.00726862578
v -0.0347151905 1.62755322 -0.0390100703
v -0.0281884577 1.57116592 -0.0494262464
v -0 1.55290794 -0.0670532063
v -0 1.57397795 -0.0571342222
v -0.0259403158 1.59983194 -0.0419167317
v -0 1.60255373 -0.0496571548
v 0.000400892983 1.63202429 -0.0586169846
v 0.0436218828 1.13665426 0.102800205
v -0 1.13403833 0.114192113
v -0 1.14235365 0.136424288
v 0.0537669212 1.14682579 0.123900436
v 0.0755553395 1.14380252 0.0716770515
v 0.0221991371 1.1574266 0.135800838
v -0 1.15680099 0.140756443
v 0.046761211 1.17050552 0.123476945
v 0.041569747 1.19642889 0.133318275
v 0.0801980495 1.17410553 0.107790738
v 0.0934275761 1.15706348 0.0815710053
v 0.0856421739 1.19989252 0.102840133
v 0.101514734 1.16813743 0.0390171185
v 0.0872437656 1.15356672 0.0291619916
v 0.112468757 1.20421433 0.0460229814
v 0.0986540169 1.27383447 0.0895655975
v 0.0948277041 1.1805073 -0.00431059022
v 0.0755553395 1.16333091 -0.0133529203
v 0.0436218828 1.17047882 -0.0444760695
v 0.0661797822 1.1990937 -0.0538382716
v 0.109722406 1.21041334 0.00187499309
v 0.0941474587 1.21635091 -0.038123589
v 0.120801777 1.2703414 0.0364294425
v 0.106246322 1.26725113 -0.0567044131
v 0.0740893036 1.25336695 -0.119212151
v 0.119466253 1.26889443 -0.00838264171
v 0.128035754 1.32921052 0.00270672492
v 0.123907641 1.32013857 -0.0325354561
v 0.133199066 1.35468638 0.0285058245
v 0.114614591 1.35902679 0.0720007345
v 0.121921085 1.32990456 -0.0677776262
v 0.122003146 1.41642213 0.0543562956
v 0.138014346 1.38974297 0.0379490517
v 0.14119111 1.42498624 0.0285058245
v 0.141878232 1.45097208 0.00270672492
v 0.13284485 1.45512998 0.0289663132
v 0.132985786 1.48048735 -0.0156131014
v 0.13989152 1.46073806 -0.0325354561
v 0.135763556 1.45166719 -0.0677776262
v 0.119082972 1.49423671 -0.0775031373
v 0.0731646493 1.4864471 -0.123227403
v 0.0731739029 1.49414086 -0.110162482
v 0.130600095 1.42619014 -0.0935767218
v -0 1.49366546 -0.118106365
v 0.0737265795 1.45208979 -0.1347799
v 0.125784978 1.39113343 -0.10301996
v -0 1.48594844 -0.131073222
v 0.0736358613 1.36887372 -0.140967101
v 0.122608222 1.35589027 -0.0935767218
v -0.0731646493 1.4864471 -0.123227403
v -0.0731739029 1.49414086 -0.110162482
v -0.119082972 1.49423671 -0.0775031373
v -0 1.45066023 -0.143597052
v 0.0741635859 1.29331315 -0.135746971
v -0 1.29245913 -0.144002929
v -0.135763556 1.45166719 -0.0677776262
v -0.132985786 1.48048735 -0.0156131014
v -0.139891624 1.46073806 -0.0325354561
v -0.141878232 1.45097208 0.00270672492
v -0.13284485 1.45512998 0.0289663132
v -0.122003146 1.41642213 0.0543562956
v -0.14119111 1.42498624 0.0285058245
v -0.138014346 1.38974297 0.0379490517
v -0.133199081 1.35468638 0.0285058245
v -0.114614591 1.35902679 0.0720007345
v -0.0986540169 1.27383447 0.0895655975
v -0.130600169 1.42619014 -0.0935767218
v -0.128035769 1.32921052 0.00270672492
v -0.0737265795 1.45208979 -0.1347799
v -0.125784978 1.39113343 -0.10301996
v -0.0736358613 1.36887372 -0.140967101
v -0.122608222 1.35589027 -0.0935767218
v -0 1.3692466 -0.148803666
v -0.0741635859 1.29331315 -0.135746971
v -0.121921085 1.32990456 -0.0677776262
v -0.0740893036 1.25336695 -0.119212151
v -0 1.25072563 -0.127513915
v 0.0661797822 1.1990937 -0.0538382716
v -0 1.20200479 -0.0710075274
v 0.0436218828 1.17047882 -0.0444760695
v -0 1.17309511 -0.0558679812
v -0.0436218828 1.17047882 -0.0444760695
v -0.0661799237 1.1990937 -0.0538382716
v -0.106246322 1.26725113 -0.0567044131
v -0.0661799237 1.1990937 -0.0538382716
v -0.119466253 1.26889443 -0.00838264171
v -0.123907641 1.32013857 -0.0325354561
v -0.0941476151 1.21635091 -0.038123589
v -0.120801933 1.2703414 0.0364294425
v -0.0948277041 1.1805073 -0.00431059022
v -0.0436218828 1.17047882 -0.0444760695
v -0.0755553395 1.16333091 -0.0133529203
v -0.0872437656 1.15356672 0.0291619916
v -0.109722406 1.21041334 0.00187499309
v -0.112468757 1.20421433 0.0460229814
v -0.0856421739 1.19989252 0.102840133
v -0.101514734 1.16813743 0.0390171185
v -0.0755553395 1.14380252 0.0716770515
v -0.0934275761 1.15706348 0.0815710053
v -0.0801980495 1.17410553 0.107790738
v -0.0537670739 1.14682579 0.123900436
v -0.0436218828 1.13665426 0.102800205
v -0.046761211 1.17050552 0.123476945
v -0 1.14235365 0.136424288
v -0 1.13403833 0.114192113
v -0.0221991371 1.1574266 0.135800838
v -0.0415698178 1.19642889 0.133318275
v -0 1.15680099 0.140756443
v 0.046761211 1.17050552 0.123476945
v 0.046761211 1.17050552 0.131126806
v 0.0875410214 1.16819453 0.116740741
v 0.0920227766 1.16924286 0.137353182
v 0.0982494652 1.19902265 0.132799789
v 0.0523952916 1.17079687 0.151765957
v 0.041569747 1.19642889 0.133318275
v 0.046761211 1.17050552 0.123476945
v 0.0473273881 1.19941759 0.153954223
v -0 1.20911288 0.156444713
v -0 1.20612407 0.134851381
v -0.0415698178 1.19642889 0.133318275
v -0.0473273881 1.19941759 0.153954223
v -0.0523952916 1.17079687 0.151765957
v -0.046761211 1.17050552 0.131126806
v -0.046761211 1.17050552 0.123476945
v -0.0920227766 1.16924286 0.137353182
v -0.0875410214 1.16819453 0.116740741
v -0.0982494652 1.19902265 0.132799789
v -0.046761211 1.17050552 0.123476945
v -0.046761211 1.17050552 0.123476945
v -0.0801980495 1.17410553 0.107790738
v -0.0951578394 1.19711006 0.112417087
v -0.0982494652 1.19902265 0.132799789
v -0.0856421739 1.19989252 0.102840133
v -0.111936778 1.28289187 0.117120929
v -0.108622909 1.28040802 0.0968861952
v -0.0986540169 1.27383447 0.0895655975
v -0.125973463 1.36583292 0.100605793
v -0.12271259 1.36190379 0.0806286633
v -0.114614591 1.35902679 0.0720007345
v -0.13613686 1.42930472 0.0792806596
v -0.133666471 1.42120826 0.060444124
v -0.122003146 1.41642213 0.0543562956
v -0.142802879 1.47321701 0.0499279872
v -0.141568661 1.45868647 0.0354153961
v -0.13284485 1.45512998 0.0289663132
v -0.146751627 1.50505733 -0.00412768545
v -0.145679891 1.48579526 -0.0123920105
v -0.132985786 1.48048735 -0.0156131014
v -0.144255564 1.52275586 -0.0677635446
v -0.143810779 1.50193751 -0.0685706064
v -0.119529523 1.52421629 -0.109489888
v -0.119082972 1.49423671 -0.0775031373
v -0.119574293 1.5013901 -0.10961891
v -0.0595786273 1.50133526 -0.129610568
v -0.0601094291 1.52509499 -0.129413575
v -0.0595786273 1.50133526 -0.129610568
v -0.0731739029 1.49414086 -0.110162482
v -0 1.52704251 -0.133786395
v -0 1.49366546 -0.118106365
v -0 1.50172222 -0.131431237
v 0.0595786273 1.50133526 -0.129610568
v 0.0731739029 1.49414086 -0.110162482
v 0.0601092838 1.52509499 -0.129413575
v 0.119082972 1.49423671 -0.0775031373
v 0.119574293 1.5013901 -0.10961891
v 0.0595786273 1.50133526 -0.129610568
v 0.119529523 1.52421629 -0.109489888
v 0.143810779 1.50193751 -0.0685706064
v 0.132985786 1.48048735 -0.0156131014
v 0.144255564 1.52275586 -0.0677635446
v 0.145679891 1.48579526 -0.0123920105
v 0.13284485 1.45512998 0.0289663132
v 0.146751627 1.50505733 -0.00412768545
v 0.141568661 1.45868647 0.0354153961
v 0.122003146 1.41642213 0.0543562956
v 0.142802879 1.47321701 0.0499279872
v 0.133666471 1.42120826 0.060444124
v 0.114614591 1.35902679 0.0720007345
v 0.13613686 1.42930472 0.0792806596
v 0.122712441 1.36190379 0.0806286633
v 0.0986540169 1.27383447 0.0895655975
v 0.125973463 1.36583292 0.100605793
v 0.108622909 1.28040802 0.0968861952
v 0.0856421739 1.19989252 0.102840133
v 0.111936778 1.28289187 0.117120929
v 0.0951578394 1.19711006 0.112417087
v 0.0982494652 1.19902265 0.132799789
v 0.0801980495 1.17410553 0.107790738
v 0.046761211 1.17050552 0.123476945
v 0.0982494652 1.19902265 0.132799789
v 0.0920227766 1.16924286 0.137353182
v 0.0523952916 1.17079687 0.151765957
v 0.0473273881 1.19941759 0.153954223
v 0.111936778 1.28289187 0.117120929
v 0.0546239093 1.29101157 0.139858514
v 0.125973463 1.36583292 0.100605793
v -0 1.20911288 0.156444713
v 0.0628992394 1.37334239 0.127647191
v -0 1.296242 0.145810694
v 0.0679046065 1.43210781 0.105517782
v 0.13613686 1.42930472 0.0792806596
v -0.0546239093 1.29101157 0.139858514
v -0.0473273881 1.19941759 0.153954223
v 0.0859817863 1.49228537 0.0492050238
v 0.142802879 1.47321701 0.0499279872
v 0.0496415906 1.4739548 0.0811478719
v 0.0992831811 1.51464438 0.00456747878
v 0.146751627 1.50505733 -0.00412768545
v 0.144255564 1.52275586 -0.0677635446
v 0.0859817863 1.53139544 -0.0421672724
v 0.119529523 1.52421629 -0.109489888
v 0.0601092838 1.52509499 -0.129413575
v 0.0496415906 1.53926909 -0.0780213177
v -0 1.52704251 -0.133786395
v -0 1.54077423 -0.0916597545
v -0.0496415906 1.53926909 -0.0780213177
v -0.0601094291 1.52509499 -0.129413575
v -0.0859817863 1.53139544 -0.0421672724
v -0.119529523 1.52421629 -0.109489888
v -0.144255564 1.52275586 -0.0677635446
v -0.0992831811 1.51464438 0.00456747878
v -0.146751627 1.50505733 -0.00412768545
v -0.142802879 1.47321701 0.0499279872
v -0.0859817863 1.49228537 0.0492050238
v -0.13613686 1.42930472 0.0792806596
v -0.0679046065 1.43210781 0.105517782
v -0.0496415906 1.4739548 0.0811478719
v -0.125973463 1.36583292 0.100605793
v -0 1.46650803 0.0925638527
v -0.0628992394 1.37334239 0.127647191
v -0 1.43271255 0.116298161
v -0 1.37669599 0.133499995
v -0.111936778 1.28289187 0.117120929
v -0.0982494652 1.19902265 0.132799789
v -0.0523952916 1.17079687 0.151765957
v -0.0920227766 1.16924286 0.137353182
v 0.0374505408 1.19322026 0.140541539
v 0.0221991371 1.1574266 0.135800838
v 0.0211541131 1.16060138 0.145009205
v 0.041569747 1.19642889 0.133318275
v -0 1.20612407 0.134851381
v -0 1.2013247 0.147177771
v 0.0211541131 1.16060138 0.145009205
v -0 1.15974581 0.149480239
v -0.0211541131 1.16060138 0.145009205
v -0.0374505408 1.19322026 0.140541539
v -0.0415698178 1.19642889 0.133318275
v -0.0221991371 1.1574266 0.135800838
v -0.0211541131 1.16060138 0.145009205
v 0.0211541131 1.16060138 0.145009205
v 0.0221991371 1.1574266 0.135800838
v -0 1.15680099 0.140756443
v -0 1.15974581 0.149480239
v -0.0211541131 1.16060138 0.145009205
v -0.0221991371 1.1574266 0.135800838
v 0.0496415906 1.53926909 -0.0780213177
v -0 1.56989753 -0.0807667971
v -0 1.54077423 -0.0916597545
v 0.0496415906 1.56523788 -0.0683082864
v 0.0859817863 1.53139544 -0.0421672724
v 0.0859817863 1.55250716 -0.0342709906
v 0.0992831811 1.51464438 0.00456747878
v 0.0992831811 1.5351162 0.0122246668
v 0.0859817863 1.49228537 0.0492050238
v 0.0859817863 1.51772547 0.0587203242
v 0.0496415906 1.4739548 0.0811478719
v 0.0496415906 1.50499511 0.0927576199
v -0 1.46650803 0.0925638527
v -0 1.5003351 0.105216138
v -0.0496415906 1.4739548 0.0811478719
v -0.0496415906 1.50499511 0.0927576199
v -0.0859817863 1.49228537 0.0492050238
v -0.0859817863 1.51772547 0.0587203242
v -0.0992831811 1.51464438 0.00456747878
v -0.0992831811 1.5351162 0.0122246668
v -0.0859817863 1.53139544 -0.0421672724
v -0.0859817863 1.55250716 -0.0342709906
v -0.0496415906 1.53926909 -0.0780213177
v -0.0496415906 1.56523788 -0.0683082864
v -0 1.54077423 -0.0916597545
v -0 1.56989753 -0.0807667971
v 0.0496415906 1.56523788 -0.0683082864
v -0 1.56508005 -0.0678859651
v -0 1.56989753 -0.0807667971
v 0.0427653454 1.56106544 -0.0571530089
v 0.0859817863 1.55250716 -0.0342709906
v 0.0740716979 1.55009806 -0.0278305765
v 0.0992831811 1.5351162 0.0122246668
v 0.0855306908 1.5351162 0.0122246668
v 0.0859817863 1.51772547 0.0587203242
v 0.0740716979 1.52013457 0.0522799082
v 0.0496415906 1.50499511 0.0927576199
v 0.0427653454 1.50916696 0.0816022009
v -0 1.5003351 0.105216138
v -0 1.5051527 0.0923351571
v -0.0496415906 1.50499511 0.0927576199
v -0.0427653454 1.50916696 0.0816022009
v -0.0859817863 1.51772547 0.0587203242
v -0.0740716979 1.52013457 0.0522799082
v -0.0992831811 1.5351162 0.0122246668
v -0.0855306908 1.5351162 0.0122246668
v -0.0859817863 1.55250716 -0.0342709906
v -0.0740716979 1.55009806 -0.0278305765
v -0.0496415906 1.56523788 -0.0683082864
v -0.0427653454 1.56106544 -0.0571530089
v -0 1.56989753 -0.0807667971
v -0 1.56508005 -0.0678859651
v 0.0427653454 1.56106544 -0.0571530089
v -0 1.55290794 -0.0670532063
v -0 1.56508005 -0.0678859651
v 0.0402434357 1.54913008 -0.0569535196
v 0.0740716979 1.55009806 -0.0278305765
v 0.0697037131 1.5388093 -0.0293603111
v 0.0855306908 1.5351162 0.0122246668
v 0.0804867148 1.52471125 0.00833273213
v 0.0740716979 1.52013457 0.0522799082
v 0.069703564 1.51061273 0.0460259207
v 0.0427653454 1.50916696 0.0816022009
v 0.0402434357 1.50029218 0.0736191273
v -0 1.5051527 0.0923351571
v -0 1.49651492 0.0837189555
v -0.0427653454 1.50916696 0.0816022009
v -0.0402434357 1.50029218 0.0736192763
v -0.0740716979 1.52013457 0.0522799082
v -0.069703564 1.51061273 0.0460259207
v -0.0855306908 1.5351162 0.0122246668
v -0.0804867148 1.52471125 0.00833273213
v -0.0740716979 1.55009806 -0.0278305765
v -0.0697037131 1.5388093 -0.0293603111
v -0.0427653454 1.56106544 -0.0571530089
v -0.0402434357 1.54913008 -0.0569535196
v -0 1.56508005 -0.0678859651
v -0 1.55290794 -0.0670532063
v 0.0471943989 1.15591395 -0.0541701652
v -0 1.17469478 -0.0628318638
v -0 1.15874469 -0.0664949417
v -0.0471943989 1.17186403 -0.0505069345
v -0.0471943989 1.17186403 -0.0505069345
v -0.0471943989 1.15591395 -0.0541701652
v -0.0817431882 1.16413069 -0.0168348625
v -0.0817431882 1.14818096 -0.0204979479
v -0.0943889394 1.15356672 0.0291619916
v -0.0943889394 1.13761675 0.0254989062
v -0.0817431882 1.14300263 0.0751589835
v -0.0817431882 1.12705278 0.0714959055
v -0.0471943989 1.1352694 0.10883107
v -0.0471943989 1.11931956 0.105167843
v -0 1.13243914 0.121155992
v 0.0471943989 1.15591395 -0.0541701652
v 0.0471943989 1.17186403 -0.0505069345
v 0.0817431882 1.14818096 -0.0204979479
v 0.0817431882 1.16413069 -0.0168348625
v 0.0943889394 1.13761675 0.0254989062
v 0.0943889394 1.15356672 0.0291619916
v 0.0817431882 1.12705278 0.0714959055
v 0.0817431882 1.14300263 0.0751589835
v 0.0471943989 1.11931956 0.105167843
v 0.0471943989 1.1352694 0.10883107
v -0 1.11648881 0.117492765
v -0.0471943989 1.11931956 0.105167843
v 0.0471943989 1.1352694 0.10883107
v 0.0817431882 1.16413069 -0.0168348625
v 0.0436218828 1.17047882 -0.0444760695
v 0.0471943989 1.17186403 -0.0505069345
v -0 1.17309511 -0.0558679812
v 0.0817431882 1.16413069 -0.0168348625
v 0.0755553395 1.16333091 -0.0133529203
v 0.0943889394 1.15356672 0.0291619916
v 0.0872437656 1.15356672 0.0291619916
v 0.0817431882 1.14300263 0.0751589835
v 0.0755553395 1.14380252 0.0716770515
v 0.0471943989 1.1352694 0.10883107
v 0.0436218828 1.13665426 0.102800205
v -0 1.13243914 0.121155992
v -0 1.13403833 0.114192113
v -0.0471943989 1.1352694 0.10883107
v 0.0471943989 1.17186403 -0.0505069345
v -0 1.17469478 -0.0628318638
v -0.0436218828 1.17047882 -0.0444760695
v -0.0471943989 1.17186403 -0.0505069345
v -0.0755553395 1.16333091 -0.0133529203
v -0.0817431882 1.16413069 -0.0168348625
v -0.0872437656 1.15356672 0.0291619916
v -0.0943889394 1.15356672 0.0291619916
v -0.0755553395 1.14380252 0.0716770515
v -0.0817431882 1.14300263 0.0751589835
v -0.0436218828 1.13665426 0.102800205
v -0.0471943989 1.1352694 0.10883107
v -0.0817431882 1.14300263 0.0751589835
v 0.0419375747 1.06664836 -0.0380127579
v -0 1.11450219 -0.0441478416
v -0 1.06856346 -0.0490855351
v 0.0389961265 1.11228466 -0.0343028456
v -0 1.15621924 -0.0554986522
v 0.0726379603 1.06141603 -0.00776141137
v 0.0415530875 1.15372705 -0.0446469449
v 0.0675433502 1.10622609 -0.0074057309
v 0.0838751495 1.05426848 0.0335625634
v 0.0719721094 1.14691806 -0.0149997966
v 0.077992402 1.09794986 0.0293365289
v 0.0726379603 1.04712105 0.0748865455
v 0.0831061751 1.13761675 0.0254989062
v 0.0675433502 1.0896734 0.0660787821
v 0.0419375747 1.04188871 0.105137743
v 0.0719721094 1.12831569 0.0659976155
v 0.0389961265 1.08361483 0.0929758996
v -0 1.03997338 0.116210528
v 0.0415530875 1.12150657 0.0956447572
v -0 1.08139729 0.102820903
v -0.0419375747 1.04188871 0.105137743
v -0 1.11901438 0.106496312
v -0.0389961265 1.08361483 0.0929758996
v -0.0726379603 1.04712105 0.0748865455
v -0.0415530875 1.12150657 0.0956447572
v -0.0675433502 1.0896734 0.0660787821
v -0.0838751495 1.05426848 0.0335625634
v -0.0719721094 1.12831569 0.0659976155
v -0.077992402 1.09794986 0.0293365289
v -0.0726379603 1.06141603 -0.00776141137
v -0.0831061751 1.13761675 0.0254989062
v -0.0675433502 1.10622609 -0.0074057309
v -0.0419375747 1.06664836 -0.0380127579
v -0.0719721094 1.14691806 -0.0149997966
v -0.0389961265 1.11228466 -0.0343028456
v -0 1.06856346 -0.0490855351
v -0.0415530875 1.15372705 -0.0446469449
v -0 1.11450219 -0.0441478416
v -0 1.15621924 -0.0554986522
v 0.0796524882 1.65929878 0.0752557293
v 0.0903741345 1.65929878 0.0752557293
v 0.0800976381 1.68137252 0.0752557293
v 0.0814656839 1.63779175 0.0752557293
v 0.0599585287 1.62888336 0.0752557293
v 0.0295429192 1.65929878 0.124966018
v 0.0295429192 1.65929878 0.132505178
v 0.0384515263 1.63779187 0.132505178
v 0.0384515263 1.63779187 0.125360295
v 0.0599585287 1.62888336 0.132505178
v 0.0599585287 1.62888336 0.0752557293
v 0.0814656839 1.63779175 0.132505178
v 0.0814656839 1.63779175 0.0752557293
v 0.0903741345 1.65929878 0.0752557293
v 0.0903741345 1.65929878 0.132505178
v 0.0800976381 1.68137252 0.0752557293
v 0.0814656839 1.6808058 0.132505178
v 0.0599585287 1.68971443 0.106807813
v 0.0599585287 1.68971443 0.132505178
v 0.0384515263 1.6808058 0.118975081
v 0.0384515263 1.6808058 0.132505178
v 0.0295429192 1.65929878 0.124966018
v 0.0295429192 1.65929878 0.132505178
v -0.0295429192 1.65929878 0.124966018
v -0.0384515263 1.63779187 0.132505178
v -0.0295429192 1.65929878 0.132505178
v -0.0384515263 1.63779187 0.125360295
v -0.0599585287 1.62888336 0.132505178
v -0.0599585287 1.62888336 0.0752557293
v -0.0814656839 1.63779175 0.132505178
v -0.0814656839 1.63779175 0.0752557293
v -0.0903741345 1.65929878 0.0752557293
v -0.0903741345 1.65929878 0.132505178
v -0.0814656839 1.6808058 0.132505178
v -0.0800976381 1.68137252 0.0752557293
v -0.0599585287 1.68971443 0.106807813
v -0.0599585287 1.68971443 0.132505178
v -0.0384515263 1.6808058 0.118975081
v -0.0384515263 1.6808058 0.132505178
v -0.0295429192 1.65929878 0.132505178
v -0.0295429192 1.65929878 0.124966018
v -0.0796524882 1.65929878 0.0752557293
v -0.0814656839 1.63779175 0.0752557293
v -0.0599585287 1.62888336 0.0752557293
v -0.0903741345 1.65929878 0.0752557293
v -0.0800976381 1.68137252 0.0752557293
v -0.135763556 1.45166719 -0.0677776262
v -0.148558661 1.45021272 -0.0689020678
v -0.143395185 1.42473555 -0.0947011635
v -0.130600169 1.42619014 -0.0935767218
v -0.138580084 1.38967896 -0.104144245
v -0.125784978 1.39113343 -0.10301996
v -0.135403186 1.35443568 -0.0947011635
v -0.122608222 1.35589027 -0.0935767218
v -0.134716183 1.32845104 -0.0689020678
v -0.121921085 1.32990456 -0.0677776262
v -0.136702746 1.31868494 -0.033659745
v -0.123907641 1.32013857 -0.0325354561
v -0.136702746 1.31868494 -0.033659745
v -0.14083074 1.32775474 0.0015824337
v -0.128035769 1.32921052 0.00270672492
v -0.139891624 1.46073806 -0.0325354561
v -0.148558661 1.45021272 -0.0689020678
v -0.152686626 1.45928359 -0.033659745
v -0.14083074 1.32775474 0.0015824337
v -0.145994186 1.35323179 0.0273815338
v -0.133199081 1.35468638 0.0285058245
v -0.150809303 1.3882885 0.0368246101
v -0.138014346 1.38974297 0.0379490517
v -0.153986067 1.42353141 0.0273815338
v -0.14119111 1.42498624 0.0285058245
v -0.154673189 1.44951761 0.0015824337
v -0.141878232 1.45097208 0.00270672492
v -0.152686626 1.45928359 -0.033659745
v 0.396957815 1.20504916 -0.0963816494
v 0.357585102 1.17942095 -0.077610299
v 0.396578819 1.20561326 -0.077610299
v 0.35796383 1.17885697 -0.0963816494
v 0.392052382 1.21235216 -0.112977989
v 0.353058726 1.18615985 -0.112977989
v 0.344183683 1.19937241 -0.122951999
v 0.383177221 1.22556484 -0.122951999
v 0.372710496 1.24114704 -0.123631515
v 0.33371678 1.21495485 -0.123631515
v 0.335840017 1.23637378 -0.114834182
v 0.324463189 1.22873187 -0.114834182
v 0.318901181 1.23701143 -0.0989173651
v 0.352079421 1.24728203 -0.114834182
v 0.363456458 1.25492418 -0.114834182
v 0.357894897 1.26320386 -0.0989173651
v 0.325560451 1.25167775 -0.102118939
v 0.320355952 1.24619401 -0.0949282497
v 0.341798991 1.26258636 -0.102118939
v 0.318522513 1.23757541 -0.0801460743
v 0.3242926 1.24033344 -0.0641692951
v 0.348843962 1.26532984 -0.0949282497
v 0.357515931 1.26376784 -0.0801460743
v 0.352780521 1.25946915 -0.0641692951
v 0.323427528 1.23027253 -0.0635498315
v 0.362421423 1.25646532 -0.0635498315
v 0.347576559 1.2539854 -0.0569786206
v 0.331337035 1.24307716 -0.0569786206
v 0.35991931 1.23561001 -0.0535756573
v 0.371296555 1.24325228 -0.0535756573
v 0.381763399 1.22766984 -0.0528961457
v 0.343679875 1.22470188 -0.0535756573
v 0.33230263 1.21705973 -0.0535756573
v 0.342769831 1.20147729 -0.0528961457
v 0.352023661 1.18770063 -0.0616934747
v 0.391017348 1.21389329 -0.0616934709
v 0.396578819 1.20561326 -0.077610299
v 0.357585102 1.17942095 -0.077610299
v 0.3242926 1.24033344 -0.0641692951
v 0.320355952 1.24619401 -0.0949282497
v 0.233932793 1.37485564 -0.0593533032
v 0.237869412 1.36899507 -0.0285943411
v 0.331337035 1.24307716 -0.0569786206
v 0.244913802 1.37173903 -0.0214035343
v 0.347576559 1.2539854 -0.0569786206
v 0.261153281 1.38264692 -0.0214035343
v 0.266357183 1.38813102 -0.0285943411
v 0.352780521 1.25946915 -0.0641692951
v 0.348843962 1.26532984 -0.0949282497
v 0.262420684 1.39399147 -0.0593533032
v 0.25537616 1.39124763 -0.0665439814
v 0.341798991 1.26258636 -0.102118939
v 0.325560451 1.25167775 -0.102118939
v 0.239136651 1.38033962 -0.0665439814
v 0.233932793 1.37485564 -0.0593533032
v 0.320355952 1.24619401 -0.0949282497
v 0.23301208 1.37622607 -0.0665438324
v 0.233932793 1.37485564 -0.0593533032
v 0.239136651 1.38033962 -0.0665439814
v 0.225453332 1.37722182 -0.0635711104
v 0.237869412 1.36899507 -0.0285943411
v 0.23078911 1.36927962 -0.0218803026
v 0.238789365 1.36762512 -0.0214035343
v 0.227824733 1.37369156 -0.0136807114
v 0.244913802 1.37173903 -0.0214035343
v 0.234015554 1.37473214 -0.00819826964
v 0.262504011 1.39386809 -0.00819812063
v 0.261153281 1.38264692 -0.0214035343
v 0.267277777 1.38676119 -0.0214035343
v 0.266357183 1.38813102 -0.0285943411
v 0.265808672 1.39920545 -0.0136807114
v 0.26877284 1.39479256 -0.0218803026
v 0.263437271 1.40273583 -0.0635711104
v 0.262420684 1.39399147 -0.0593533032
v 0.261500508 1.39536178 -0.0665438324
v 0.25537616 1.39124763 -0.0665439814
v 0.233301401 1.43734276 0.00382264773
v 0.238004237 1.44059908 -0.00223551667
v 0.265808672 1.39920545 -0.0136807114
v 0.204813004 1.41820693 0.00382264866
v 0.200020283 1.41508484 -0.00223551784
v 0.227824733 1.37369156 -0.0136807114
v 0.225805312 1.44850278 -0.00424233126
v 0.238004237 1.44059908 -0.00223551667
v 0.23336339 1.44750762 -0.00722840475
v 0.197316885 1.42936671 -0.00424233126
v 0.191517919 1.43799996 -0.0495530777
v 0.200020283 1.41508484 -0.00223551784
v 0.195379749 1.42199373 -0.00722840568
v 0.195379749 1.42199373 -0.00722840568
v 0.190025494 1.42996454 -0.0490638092
v 0.220006481 1.45713592 -0.0495530777
v 0.23336339 1.44750762 -0.00722840475
v 0.228009194 1.45547867 -0.0490638092
v 0.224791139 1.45001268 -0.0626733229
v 0.228009194 1.45547867 -0.0490638092
v 0.230971545 1.451069 -0.0571864843
v 0.196302786 1.43087661 -0.0626733229
v 0.225505218 1.3874017 -0.074694097
v 0.192987591 1.42555475 -0.0571864843
v 0.190025494 1.42996454 -0.0490638092
v 0.192987591 1.42555475 -0.0571864843
v 0.22079204 1.38416123 -0.0686318204
v 0.25399363 1.40653765 -0.074694097
v 0.230971545 1.451069 -0.0571864843
v 0.25877592 1.40967536 -0.0686318278
v 0.25537616 1.39124763 -0.0665439814
v 0.239136651 1.38033962 -0.0665439814
v 0.261500508 1.39536178 -0.0665438324
v 0.25877592 1.40967536 -0.0686318278
v 0.263437271 1.40273583 -0.0635711104
v 0.23301208 1.37622607 -0.0665438324
v 0.22079204 1.38416123 -0.0686318204
v 0.225453332 1.37722182 -0.0635711104
v 0.289777935 1.41993666 -0.0978332981
v 0.276134372 1.38383341 -0.0838196576
v 0.302247077 1.40137351 -0.0838196576
v 0.26366505 1.40239656 -0.0978332981
v 0.227556393 1.45615304 -0.0829697996
v 0.253669083 1.47369301 -0.0829697996
v 0.245855078 1.48532653 -0.0606067702
v 0.219742477 1.46778619 -0.0606067702
v 0.228030309 1.45544755 0.00415131822
v 0.254143059 1.47298765 0.00415132241
v 0.266612768 1.45442367 0.0181649607
v 0.240499735 1.43688357 0.0181649569
v 0.276608467 1.38312745 0.00330123748
v 0.302721292 1.40066719 0.00330123724
v 0.310535133 1.38903475 -0.0190615728
v 0.284422427 1.37149429 -0.0190617181
v 0.302247077 1.40137351 -0.0838196576
v 0.276134372 1.38383341 -0.0838196576
v 0.224012792 1.3793664 -0.0617031716
v 0.197421104 1.36028838 -0.038541507
v 0.22652562 1.37562561 -0.0420689508
v 0.19541809 1.36515427 -0.0549060442
v 0.220511779 1.38457847 -0.065504238
v 0.166037232 1.34926677 -0.0357149988
v 0.192763567 1.37603974 -0.0636399612
v 0.207254305 1.40431547 -0.0600469001
v 0.164814875 1.35528862 -0.0559541509
v 0.137711376 1.32755637 -0.033659745
v 0.135975525 1.33608985 -0.0644540787
v 0.164531425 1.370309 -0.0698073432
v 0.136575922 1.35879624 -0.0869970098
v 0.187716246 1.39354658 -0.0642268434
v 0.193996713 1.4240526 -0.0545897037
v 0.16500932 1.39126587 -0.074021928
v 0.13935177 1.38959134 -0.0952484086
v 0.182219774 1.41044831 -0.0588216111
v 0.191776916 1.42735732 -0.0485027693
v 0.165694878 1.4113009 -0.0680474341
v 0.143559173 1.42022324 -0.0869970098
v 0.179323226 1.41910195 -0.0479690246
v 0.194298163 1.42360377 -0.028802935
v 0.165760934 1.42425764 -0.0532590188
v 0.148071021 1.44248497 -0.0644540787
v 0.180026218 1.42036796 -0.0311156642
v 0.196819276 1.41985023 -0.00910325069
v 0.167717546 1.42885387 -0.0327485986
v 0.151678026 1.45041108 -0.033659745
v 0.182557926 1.41576111 -0.0147321923
v 0.200297087 1.41467297 -0.0053614811
v 0.168899015 1.42264616 -0.0125041613
v 0.153413862 1.4418776 -0.00286555523
v 0.186438322 1.40521526 -0.00600972446
v 0.213554561 1.39493608 -0.010818826
v 0.170425981 1.4079088 0.00134653668
v 0.152813479 1.41917109 0.0196775161
v 0.19279325 1.38802624 -0.00542768929
v 0.226812229 1.37519908 -0.0162760206
v 0.171176404 1.38791454 0.00555921532
v 0.150037616 1.38837612 0.0279287789
v 0.197219938 1.37073195 -0.0108387899
v 0.229038522 1.37188554 -0.0224345922
v 0.169906721 1.36753261 -0.000417774194
v 0.145830065 1.35774517 0.0196775161
v 0.198526278 1.3615483 -0.0217062067
v 0.22652562 1.37562561 -0.0420689508
v 0.197421104 1.36028838 -0.038541507
v 0.167950094 1.35354245 -0.0152097112
v 0.141318366 1.33548141 -0.00286555523
v 0.166037232 1.34926677 -0.0357149988
v 0.137711376 1.32755637 -0.033659745
v 0.135763556 1.45166719 -0.0677776262
v 0.143395185 1.42473555 -0.0947011635
v 0.148558661 1.45021272 -0.0689020678
v 0.130600095 1.42619014 -0.0935767218
v 0.138580084 1.38967896 -0.104144245
v 0.125784978 1.39113343 -0.10301996
v 0.135403171 1.35443568 -0.0947011635
v 0.122608222 1.35589027 -0.0935767218
v 0.134716168 1.32845104 -0.0689020678
v 0.121921085 1.32990456 -0.0677776262
v 0.136702731 1.31868494 -0.033659745
v 0.123907641 1.32013857 -0.0325354561
v 0.140830711 1.32775474 0.0015824337
v 0.136702731 1.31868494 -0.033659745
v 0.128035754 1.32921052 0.00270672492
v 0.13989152 1.46073806 -0.0325354561
v 0.148558661 1.45021272 -0.0689020678
v 0.152686626 1.45928359 -0.033659745
v 0.145994186 1.35323179 0.0273815338
v 0.140830711 1.32775474 0.0015824337
v 0.133199066 1.35468638 0.0285058245
v 0.150809303 1.3882885 0.0368246101
v 0.138014346 1.38974297 0.0379490517
v 0.153986067 1.42353141 0.0273815338
v 0.14119111 1.42498624 0.0285058245
v 0.154673189 1.44951761 0.0015824337
v 0.141878232 1.45097208 0.00270672492
v 0.152686626 1.45928359 -0.033659745
v 0.0483777002 1.61704111 -0.0365294106
v 0.0712924525 1.61617804 -0.0113400901
v 0.0607165694 1.62435365 -0.0448492169
v 0.0563142337 1.61098456 -0.00983428117
v 0.0730435476 1.6073966 0.02783674
v 0.058494851 1.60245526 0.0267073102
v 0.0471110158 1.59373105 0.054372739
v 0.0608229972 1.59700191 0.0579094365
v 0.0387891456 1.57402337 0.069463253
v 0.0521819964 1.57916272 0.0736000389
v 0.0269169323 1.56556213 0.0991924629
v 0.0349419825 1.56908154 0.11047487
v -0 1.56317961 0.102431893
v -0 1.56555009 0.116147839
v -0.0349419825 1.56908154 0.11047487
v -0.0269169323 1.56556213 0.0991924629
v -0.0521819964 1.57916272 0.0736000389
v -0.0387891456 1.57402337 0.069463253
v -0.0608229972 1.59700191 0.0579094365
v -0.0471110158 1.59373105 0.054372739
v -0.0730435476 1.6073966 0.02783674
v -0.058494851 1.60245526 0.0267073102
v -0.0712924525 1.61617804 -0.0113400901
v -0.0563142337 1.61098456 -0.00983428117
v -0.0483777002 1.61704111 -0.0365294106
v -0.0607165694 1.62435365 -0.0448492169
v 0.0483777002 1.61704111 -0.0365294106
v 0.0347151905 1.62755322 -0.0390100703
v 0.0533156842 1.61982405 -0.00726862578
v 0.0563142337 1.61098456 -0.00983428117
v 0.058494851 1.60245526 0.0267073102
v 0.0555381365 1.61145973 0.0286796279
v 0.0388155729 1.59840441 0.0656464845
v 0.0471110158 1.59373105 0.054372739
v 0.0387891456 1.57402337 0.069463253
v 0.0243336596 1.57465112 0.0986857414
v 0.0269169323 1.56556213 0.0991924629
v -0.000510107318 1.57262552 0.100572616
v -0 1.56317961 0.102431893
v -0.0269169323 1.56556213 0.0991924629
v -0.0243336596 1.57465112 0.0986857414
v -0.0387891456 1.57402337 0.069463253
v -0.0388155729 1.59840441 0.0656464845
v -0.0471110158 1.59373105 0.054372739
v -0.058494851 1.60245526 0.0267073102
v -0.0555381365 1.61145973 0.0286796279
v -0.0563142337 1.61098456 -0.00983428117
v -0.0533156842 1.61982405 -0.00726862578
v -0.0483777002 1.61704111 -0.0365294106
v -0.0347151905 1.62755322 -0.0390100703
v 0.0496618301 1.62739289 -0.0579563119
v 0.0607165694 1.62435365 -0.0448492169
v 0.0592887104 1.64055955 -0.0414390266
v 0.0510362275 1.6445688 -0.053493958
v 0.0361219086 1.63043225 -0.0669734925
v 0.068269968 1.68606377 -0.0518964902
v 0.0369546674 1.64857817 -0.0655488595
v -0 1.63247967 -0.0759079307
v 0.0562258624 1.68759453 -0.0630869195
v 0.0717591047 1.7102735 -0.0523888245
v 0.0583882667 1.71475685 -0.0656347573
v 0.0752482414 1.73086882 -0.0490257926
v 0.0379270315 1.6891253 -0.0742773563
v -0 1.65294516 -0.0785729662
v 0.0602931827 1.7397157 -0.062829636
v 0.0766502023 1.74093878 -0.0439124256
v 0.0391995832 1.72071433 -0.0788808167
v 0.0612544082 1.75451195 -0.0580410175
v 0.0780521482 1.75035167 -0.0378137492
v -0.0369546674 1.64857817 -0.0655488595
v -0.0361219086 1.63043225 -0.0669734925
v -0.0496618226 1.62739289 -0.0579563193
v -0 1.69143307 -0.0849645808
v 0.0404721014 1.74833643 -0.0766334832
v 0.0622156672 1.76795828 -0.0487229005
v 0.0788329467 1.75544715 -0.0276499465
v -0.05103622 1.6445688 -0.0534939617
v -0.0607165694 1.62435365 -0.0448492169
v -0.0592887104 1.64055955 -0.0414390266
v -0.0379270315 1.6891253 -0.0742773563
v -0.0562258661 1.68759441 -0.0630869195
v -0.068269968 1.68606377 -0.0518964902
v -0.0391995832 1.72071433 -0.0788808167
v -0.0583882667 1.71475685 -0.0656347573
v -0.0717591047 1.7102735 -0.0523888208
v -0 1.72484815 -0.088595815
v -0.0602931902 1.7397157 -0.0628296286
v -0.0752482414 1.73086882 -0.0490257926
v -0.0404721014 1.74833643 -0.0766334832
v -0 1.7524842 -0.0853762776
v -0.0612544231 1.75451195 -0.0580410175
v -0.0766501948 1.74093878 -0.0439124517
v -0.0409150831 1.76564789 -0.070679903
v 0.0409150831 1.76564789 -0.070679903
v -0.0622156672 1.76795828 -0.0487229005
v -0.0780521482 1.75035167 -0.0378137492
v -0 1.7713002 -0.078389205
v -0.0413580649 1.77869475 -0.0596320555
v -0 1.78546751 -0.0663079321
v 0.0413580649 1.77869475 -0.0596320555
v -0.0622375757 1.77532709 -0.0338806845
v -0.0788329467 1.75544715 -0.0276499428
v -0 1.79508483 -0.0449785143
v -0.0406192951 1.78833711 -0.0401114225
v 0.0622375757 1.77532709 -0.0338806808
v 0.0796137378 1.75988603 -0.0165007617
v -0.0622594617 1.77978945 -0.0185457431
v -0.0796137378 1.75988603 -0.0165007617
v 0.0406192951 1.78833711 -0.0401113778
v 0.0622594915 1.77978945 -0.0185457394
v 0.0784724206 1.7622503 0.020298183
v -0 1.79954553 -0.0236490145
v -0.0398805551 1.79282236 -0.0205907188
v -0.061305549 1.78064585 0.0202911329
v -0.0784724206 1.7622503 0.0202981606
v 0.0398805551 1.79282236 -0.0205907188
v 0.0613055266 1.78064585 0.0202910993
v 0.0749035701 1.75801718 0.0529006943
v -0 1.79825985 0.0195807796
v -0.0391909219 1.79217124 0.0202840511
v -0.0587671176 1.77538192 0.0554562956
v -0.0749035701 1.75801718 0.0529006943
v 0.0391909219 1.79217124 0.0202840511
v 0.0587671176 1.77538192 0.0554562956
v 0.072845526 1.75528574 0.0657962114
v -0 1.7905165 0.0587747879
v -0.0378878377 1.78587592 0.0580118969
v -0 1.78582442 0.0730628595
v 0.0378878377 1.78587592 0.0580118969
v 0.0576689467 1.77202201 0.0687407479
v 0.070787482 1.75255394 0.078691721
v -0.0378382243 1.78188813 0.071685262
v 0.0378382206 1.78188813 0.0716852695
v 0.0565708354 1.76809585 0.0820251852
v 0.0684509724 1.74470985 0.0887922198
v -0.0576689802 1.77202201 0.0687407404
v -0.072845526 1.75528574 0.0657962188
v 0.0377886035 1.77676725 0.0853586495
v 0.0553937219 1.7589711 0.0933067873
v 0.0661144555 1.73686576 0.0961958542
v -0.0377886035 1.77676725 0.0853586495
v -0.0565708354 1.76809585 0.0820251852
v -0.070787482 1.75255394 0.078691721
v -0 1.77999938 0.0873509273
v 0.0378658958 1.76636207 0.0978213474
v -0.0553937219 1.7589711 0.0933067948
v -0.0684509724 1.74470985 0.0887922347
v -0.0378658958 1.76636207 0.0978213474
v -0.0542166084 1.74838495 0.102069326
v -0.0661144555 1.73686576 0.0961958542
v -0 1.769418 0.101206847
v -0.0379431769 1.753034 0.10794282
v 0.0542166159 1.74838495 0.102069326
v 0.0379431769 1.753034 0.10794282
v -0 1.7559135 0.112721533
v -0 1.72077191 0.121067055
v -0.0381973535 1.71966994 0.116246462
v -0.05589981 1.7164799 0.109124668
v 0.05589981 1.7164799 0.109124668
v 0.0381973535 1.71966994 0.116246462
v -0 1.69193208 0.123837538
v 0.063036494 1.7132901 0.102850273
v 0.0599585287 1.68971443 0.106807813
v 0.0384515263 1.6808058 0.118975081
v 0.0295429192 1.65929878 0.124966018
v -0.0384515263 1.6808058 0.118975081
v 0.080539614 1.7031486 0.0721437111
v 0.0800976381 1.68137252 0.0752557293
v 0.0794086605 1.72492456 0.0690316856
v -0 1.65957046 0.128584594
v -0 1.63012278 0.129595816
v 0.0384515263 1.63779187 0.125360295
v -0.0295429192 1.65929878 0.124966018
v -0.0599585287 1.68971443 0.106807813
v -0.0384515263 1.63779187 0.125360295
v 0.0853734687 1.6796031 0.0250425264
v 0.0796524882 1.65929878 0.0752557293
v -0.063036494 1.7132901 0.102850273
v -0.080539614 1.7031486 0.0721437111
v -0.0800976381 1.68137252 0.0752557293
v -0.0794086605 1.72492456 0.0690316856
v -0.0853734687 1.6796031 0.0250425264
v -0.0796524882 1.65929878 0.0752557293
v -0.0362507962 1.58968985 0.114841819
v -0.0599585287 1.62888336 0.0752557293
v -0.0748925656 1.74309051 0.0748791993
v -0.0684509724 1.74470985 0.0887922347
v -0.070787482 1.75255394 0.078691721
v -0.072845526 1.75528574 0.0657962188
v -0.0749035701 1.75801718 0.0529006943
v -0.0870708227 1.7046895 0.0234149545
v -0.08706747 1.72463405 0.0217873808
v -0.0784724206 1.7622503 0.0202981606
v -0.0796137378 1.75988603 -0.0165007617
v -0.0842666253 1.70609248 -0.0165749639
v -0.0849449039 1.72483253 -0.0178101603
v -0.0819423944 1.68221068 -0.0153397713
v -0.0818585753 1.74164903 -0.0305339545
v -0.0788329467 1.75544715 -0.0276499428
v -0.0780521482 1.75035167 -0.0378137492
v -0.0766501948 1.74093878 -0.0439124517
v -0.0752482414 1.73086882 -0.0490257926
v -0.0717591047 1.7102735 -0.0523888208
v -0.068269968 1.68606377 -0.0518964902
v -0.0592887104 1.64055955 -0.0414390266
v -0.0694136396 1.63264954 -0.00810710993
v -0.0607165694 1.62435365 -0.0448492169
v -0.0712924525 1.61617804 -0.0113400901
v -0.0717777535 1.62496519 0.0318825133
v -0.0730435476 1.6073966 0.02783674
v -0.0656645373 1.61376965 0.0615098402
v -0.0608229972 1.59700191 0.0579094365
v -0.0596674383 1.60085523 0.0759295076
v -0.0521819964 1.57916272 0.0736000389
v -0.0349419825 1.56908154 0.11047487
v -0 1.58401537 0.119583987
v -0 1.56555009 0.116147839
v 0.0349419825 1.56908154 0.11047487
v 0.0362507962 1.58968985 0.114841819
v 0.0521819964 1.57916272 0.0736000389
v 0.0599585287 1.62888336 0.0752557293
v 0.0596674383 1.60085523 0.0759295076
v 0.0608229972 1.59700191 0.0579094365
v 0.0656645373 1.61376965 0.0615098402
v 0.0730435476 1.6073966 0.02783674
v 0.0717777535 1.62496519 0.0318825133
v 0.0712924525 1.61617804 -0.0113400901
v 0.0694136396 1.63264954 -0.00810710993
v 0.0607165694 1.62435365 -0.0448492169
v 0.0592887104 1.64055955 -0.0414390266
v 0.0819423944 1.68221068 -0.0153397713
v 0.068269968 1.68606377 -0.0518964902
v 0.0870708227 1.7046895 0.0234149545
v 0.0842666253 1.70609248 -0.0165749639
v 0.0717591047 1.7102735 -0.0523888245
v 0.08706747 1.72463405 0.0217873808
v 0.0849449039 1.72483253 -0.0178101603
v 0.0752482414 1.73086882 -0.0490257926
v 0.0818585753 1.74164903 -0.0305339433
v 0.0766502023 1.74093878 -0.0439124256
v 0.0780521482 1.75035167 -0.0378137492
v 0.0788329467 1.75544715 -0.0276499465
v 0.0796137378 1.75988603 -0.0165007617
v 0.0784724206 1.7622503 0.020298183
v 0.0749035701 1.75801718 0.0529006943
v 0.0748925582 1.74309051 0.0748791993
v 0.072845526 1.75528574 0.0657962114
v 0.0684509724 1.74470985 0.0887922198
v 0.070787482 1.75255394 0.078691721
v 0.0398322716 1.61918652 -0.0465777069
v 0.0483777002 1.61704111 -0.0365294106
v 0.0607165694 1.62435365 -0.0448492169
v 0.0496618301 1.62739289 -0.0579563119
v 0.0292108711 1.62133205 -0.0537824854
v 0.0361219086 1.63043225 -0.0669734925
v -0 1.62399745 -0.063920334
v -0 1.63247967 -0.0759079307
v -0.0361219086 1.63043225 -0.0669734925
v -0.0292108711 1.62133205 -0.0537824854
v -0.0398322716 1.61918652 -0.0465777069
v -0.0496618226 1.62739289 -0.0579563193
v -0.0483777002 1.61704111 -0.0365294106
v -0.0607165694 1.62435365 -0.0448492169
v 0.0347151905 1.62755322 -0.0390100703
v 0.0483777002 1.61704111 -0.0365294106
v 0.0398322716 1.61918652 -0.0465777069
v 0.0292108711 1.62133205 -0.0537824854
v 0.000400892983 1.63202429 -0.0586169846
v -0 1.62399745 -0.063920334
v -0.0292108711 1.62133205 -0.0537824854
v -0.0347151905 1.62755322 -0.0390100703
v -0.0398322716 1.61918652 -0.0465777069
v -0.0483777002 1.61704111 -0.0365294106
v -0.523308516 0.974336922 -0.0695846602
v -0.504167378 0.981001318 -0.0592534803
v -0.515075386 0.98651135 -0.0714483559
v -0.512400806 0.968826652 -0.0573899336
v -0.528547525 0.967781961 -0.0669297501
v -0.503050685 0.982867658 -0.0421269424
v -0.518470407 0.962691724 -0.055663202
v -0.5338732 0.963303685 -0.0615405217
v -0.511284351 0.970693171 -0.040263243
v -0.512379467 0.991016805 -0.0301008821
v -0.526160479 0.959407151 -0.0529175736
v -0.538474441 0.961582839 -0.0542378426
v -0.517438591 0.964415848 -0.0398401991
v -0.520612478 0.978842497 -0.0282373372
v -0.526688397 1.0006758 -0.0302203726
v -0.534921348 0.988501012 -0.0283566844
v -0.526057184 0.971944928 -0.0287296809
v -0.539276481 0.980868518 -0.0288400706
v -0.534300745 0.959474325 -0.0495711379
v -0.54165113 0.962881982 -0.0461332276
v -0.525370717 0.960727036 -0.0408072658
v -0.531966865 0.966489851 -0.0323036648
v -0.542084515 0.97331959 -0.0323880725
v -0.533872843 0.960188746 -0.0430170968
v -0.537442803 0.963307142 -0.0384149738
v -0.542918742 0.967003226 -0.0384606197
v -0.534921348 0.988501012 -0.0283566844
v -0.537596107 1.00618553 -0.0424150974
v -0.526688397 1.0006758 -0.0302203726
v -0.545829713 0.994010687 -0.0405515134
v -0.539276481 0.980868518 -0.0288400706
v -0.538712919 1.00431955 -0.0595417768
v -0.549354017 0.985958517 -0.0401066244
v -0.542084515 0.97331959 -0.0323880725
v -0.546945989 0.992144883 -0.0576782413
v -0.529384613 0.996169627 -0.0715676844
v -0.549797833 0.977215171 -0.0410109758
v -0.542918742 0.967003226 -0.0384606197
v -0.550385594 0.984234512 -0.0559294894
v -0.537617624 0.983995497 -0.0697041452
v -0.515075386 0.98651135 -0.0714483559
v -0.523308516 0.974336922 -0.0695846602
v -0.541767657 0.976705551 -0.0670399964
v -0.528547525 0.967781961 -0.0669297501
v -0.547092795 0.969111919 -0.0431273356
v -0.54165113 0.962881982 -0.0461332276
v -0.550587535 0.975895643 -0.0531214736
v -0.543991923 0.970133007 -0.0616250783
v -0.5338732 0.963303685 -0.0615405217
v -0.54752022 0.968397796 -0.0496813655
v -0.543950617 0.965278924 -0.0542834923
v -0.538474441 0.961582839 -0.0542378426
v -0.407384068 1.11628556 -0.122874506
v -0.40802756 1.12494016 -0.136278361
v -0.427825242 1.13823879 -0.136278361
v -0.436080933 1.13556123 -0.122874506
v -0.436080933 1.13556123 -0.122874506
v -0.441528231 1.0654645 -0.108707167
v -0.407384068 1.11628556 -0.122874506
v -0.470214635 1.08473313 -0.108707167
v -0.492249906 1.0566504 -0.0884192958
v -0.4719612 1.04302216 -0.0884192958
v -0.500569344 1.00041354 -0.0822198391
v -0.520874679 1.01405251 -0.0822198391
v -0.53427434 1.02461612 -0.0714797601
v -0.455476433 1.1501596 -0.112085186
v -0.409822077 1.17465937 -0.121581115
v -0.485375404 1.09660769 -0.0970856845
v -0.425034732 1.18644035 -0.110841841
v -0.505657196 1.06721926 -0.0776748806
v -0.532110751 1.02783656 -0.0393585637
v -0.503495157 1.07043827 -0.0455724746
v -0.482017577 1.10160589 -0.0472347587
v -0.409757078 1.18629158 -0.110958993
v -0.405028373 1.18179595 -0.120022602
v -0.401779026 1.18663371 -0.0717820004
v -0.407118559 1.19022012 -0.0717820078
v -0.421907991 1.19109511 -0.0644222274
v -0.48785767 1.06206286 -0.0309480298
v -0.516487241 1.01946855 -0.0247487929
v -0.498373032 1.00730097 -0.0247487947
v -0.466141105 1.09321809 -0.0315890759
v -0.469768852 1.04991281 -0.030948028
v -0.434331805 1.14688003 -0.0370135307
v -0.451405525 1.15621996 -0.0516407713
v -0.406116128 1.1826129 -0.0498155393
v -0.421907991 1.19109511 -0.0644222274
v -0.396082133 1.12118793 -0.0370133854
v -0.456891268 1.03913462 -0.0455724746
v -0.485506922 0.996533036 -0.0393585563
v -0.487670034 0.99331212 -0.0714797676
v -0.433728516 1.0714469 -0.0315890759
v -0.459053487 1.03591573 -0.0776748806
v -0.500569344 1.00041354 -0.0822198391
v -0.4719612 1.04302216 -0.0884192958
v -0.441528231 1.0654645 -0.108707167
v -0.422826171 1.06184709 -0.0472347587
v -0.426183999 1.05684865 -0.0970856845
v -0.407384068 1.11628556 -0.122874506
v -0.383845389 1.11084032 -0.0516407676
v -0.387916625 1.10477912 -0.112085186
v -0.381120533 1.15538073 -0.121581115
v -0.373674035 1.16082108 -0.0498155393
v -0.362716705 1.15133595 -0.0644222274
v -0.362716705 1.15133595 -0.0644222274
v -0.365843147 1.14668143 -0.110841841
v -0.367738605 1.16376817 -0.0717820078
v -0.372646809 1.16799581 -0.0653882697
v -0.367738605 1.16376817 -0.0717820078
v -0.373077691 1.16735458 -0.0717820078
v -0.401779026 1.18663371 -0.0717820004
v -0.370376617 1.15983987 -0.110958993
v -0.376326829 1.16251743 -0.120022602
v -0.373077691 1.16735458 -0.0717820078
v -0.401348442 1.18727469 -0.0653882697
v -0.407118559 1.19022012 -0.0717820078
v -0.407118559 1.19022012 -0.0717820078
v -0.337884426 1.22936678 -0.0646027848
v -0.357682258 1.24266505 -0.0646027848
v -0.361108154 1.23756409 -0.115472429
v -0.341310143 1.22426605 -0.115472429
v -0.341310143 1.22426605 -0.115472429
v -0.361108154 1.23756409 -0.115472429
v -0.377484232 1.21318412 -0.111924894
v -0.357686639 1.19988596 -0.111924894
v -0.541750014 1.02326286 -0.0728042796
v -0.520874679 1.01405251 -0.0822198391
v -0.53427434 1.02461612 -0.0714797601
v -0.526561141 1.01099765 -0.0869811401
v -0.553634048 1.00557065 -0.0702305511
v -0.55119729 1.00919855 -0.0340530053
v -0.53844732 0.993306577 -0.0844065472
v -0.539313734 1.02689028 -0.036630407
v -0.53427434 1.02461612 -0.0714797601
v -0.532110751 1.02783656 -0.0393585637
v -0.521939635 1.01781869 -0.018768426
v -0.532110751 1.02783656 -0.0393585637
v -0.516487241 1.01946855 -0.0247487929
v -0.533826292 1.00012851 -0.0161939654
v -0.497875094 1.0016551 -0.018768426
v -0.516487241 1.01946855 -0.0247487929
v -0.498373032 1.00730097 -0.0247487947
v -0.509756684 0.983960629 -0.0161939599
v -0.483659476 0.989506841 -0.036630407
v -0.495543152 0.97181493 -0.0340530016
v -0.498373032 1.00730097 -0.0247487947
v -0.485506922 0.996533036 -0.0393585563
v -0.500569344 1.00041354 -0.0822198391
v -0.520874679 1.01405251 -0.0822198391
v -0.501339495 0.994055986 -0.086981006
v -0.513221979 0.976362646 -0.0844065472
v -0.486095607 0.985879779 -0.0728042722
v -0.497979492 0.968187451 -0.0702305511
v -0.495543152 0.97181493 -0.0340530016
v -0.483659476 0.989506841 -0.036630407
v -0.487670034 0.99331212 -0.0714797676
v -0.500569344 1.00041354 -0.0822198391
v -0.487670034 0.99331212 -0.0714797676
v -0.485506922 0.996533036 -0.0393585563
v -0.374554664 1.15685642 -0.169592857
v -0.411361039 1.1801213 -0.149014607
v -0.375162244 1.15594745 -0.149013445
v -0.410753518 1.18102968 -0.16959402
v -0.414748102 1.19706321 -0.148366511
v -0.414140642 1.19797206 -0.168945923
v -0.390609175 1.23321104 -0.146057606
v -0.390001297 1.23411989 -0.166637018
v -0.373662055 1.23657429 -0.14540863
v -0.373054266 1.2374835 -0.165988326
v -0.33746326 1.21240091 -0.145407453
v -0.336855531 1.21330953 -0.165986881
v -0.334075809 1.19545853 -0.146055698
v -0.333468705 1.19636738 -0.166635111
v -0.358215213 1.15931082 -0.148364469
v -0.357607633 1.16021967 -0.168943986
v -0.375162244 1.15594745 -0.149013445
v -0.374554664 1.15685642 -0.169592857
v -0.354260474 1.20498681 -0.0610552244
v -0.357682258 1.24266505 -0.0646027848
v -0.337884426 1.22936678 -0.0646027848
v -0.374058247 1.21828485 -0.0610552244
v -0.389563084 1.19520152 -0.07359007
v -0.369765729 1.181903 -0.07359007
v -0.373077691 1.16735458 -0.0717820078
v -0.401779026 1.18663371 -0.0717820004
v -0.409822077 1.17465937 -0.121581115
v -0.436080933 1.13556123 -0.122874506
v -0.427825242 1.13823879 -0.136278361
v -0.398265988 1.18790138 -0.148284152
v -0.405028373 1.18179595 -0.120022602
v -0.377484232 1.21318412 -0.111924894
v -0.378002614 1.22013128 -0.146262676
v -0.389563084 1.19520152 -0.07359007
v -0.401779026 1.18663371 -0.0717820004
v -0.374058247 1.21828485 -0.0610552244
v -0.367583424 1.22792435 -0.088263832
v -0.357682258 1.24266505 -0.0646027848
v -0.361108154 1.23756409 -0.115472429
v -0.381120533 1.15538073 -0.121581115
v -0.40802756 1.12494016 -0.136278361
v -0.407384068 1.11628556 -0.122874506
v -0.373649776 1.17147195 -0.148283273
v -0.376326829 1.16251743 -0.120022602
v -0.357686639 1.19988596 -0.111924894
v -0.352496475 1.20310462 -0.14626193
v -0.369765729 1.181903 -0.07359007
v -0.373077691 1.16735458 -0.0717820078
v -0.354260474 1.20498681 -0.0610552244
v -0.347785592 1.21462595 -0.088263832
v -0.341310143 1.22426605 -0.115472429
v -0.337884426 1.22936678 -0.0646027848
v -0.427825242 1.13823879 -0.136278361
v -0.40802756 1.12494016 -0.136278361
v -0.373649776 1.17147195 -0.148283273
v -0.398265988 1.18790138 -0.148284152
v -0.377484232 1.21318412 -0.111924894
v -0.378002614 1.22013128 -0.146262676
v -0.352496475 1.20310462 -0.14626193
v -0.357686639 1.19988596 -0.111924894
v -0.556261778 0.978457749 -0.00842785649
v -0.525074184 0.968684316 -0.0232419576
v -0.53022933 0.960998356 -0.00842785649
v -0.556455076 0.989731729 -0.0232419576
v -0.556455314 0.989731669 -0.0731655359
v -0.525074184 0.968684316 -0.0731655359
v -0.556261837 0.978457928 -0.0879797935
v -0.530229151 0.960998118 -0.0879797935
v -0.530229151 0.960998118 -0.0879797935
v -0.556261837 0.978457928 -0.0879797935
v -0.574905336 0.959741056 -0.0879797935
v -0.584592521 0.945297956 -0.0879797935
v -0.576982439 0.913930058 -0.0879797935
v -0.594834566 0.920946002 -0.0879797935
v -0.585619867 0.909177601 -0.0232419614
v -0.594834566 0.920946002 -0.00842785649
v -0.576982439 0.91392982 -0.00842785649
v -0.605338335 0.916846931 -0.0232419576
v -0.585619867 0.909178078 -0.0731655359
v -0.605338275 0.916847348 -0.0731655359
v -0.594834566 0.920946002 -0.0879797935
v -0.576982439 0.913930058 -0.0879797935
v -0.53022933 0.960998356 -0.00842785649
v -0.539550841 0.937619865 -0.0173047483
v -0.535795689 0.947231948 -0.00249049813
v -0.53022927 0.960998118 -0.0339589082
v -0.525074184 0.968684316 -0.0232419576
v -0.557286382 0.922914088 -0.0173047483
v -0.525074184 0.968684316 -0.0731655359
v -0.576982617 0.913930058 -0.0339589082
v -0.570257246 0.917660117 -0.00249050022
v -0.576982439 0.91392982 -0.00842785649
v -0.585619867 0.909177601 -0.0232419614
v -0.53022927 0.960998297 -0.0731655359
v -0.530229151 0.960998118 -0.0879797935
v -0.576982439 0.913930058 -0.0879797935
v -0.576982498 0.913930237 -0.0731655359
v -0.585619867 0.909178078 -0.0731655359
v -0.53022933 0.960998356 -0.00842785649
v -0.535795689 0.947231948 -0.00249049813
v -0.549732387 0.956579745 -0.00320010004
v -0.556261778 0.978457749 -0.00842785649
v -0.574904978 0.959741175 -0.00842785183
v -0.569599867 0.953635335 -0.00320010236
v -0.584592521 0.945297837 -0.00842785183
v -0.576929867 0.942707062 -0.00320009794
v -0.594834566 0.920946002 -0.00842785649
v -0.582245409 0.925700366 -0.00320010004
v -0.570257246 0.917660117 -0.00249050022
v -0.576982439 0.91392982 -0.00842785649
v -0.535795689 0.947231948 -0.00249049813
v -0.541882098 0.939258635 -0.0165814962
v -0.53750968 0.947324216 -0.00395740522
v -0.539550841 0.937619865 -0.0173047483
v -0.55880338 0.925400853 -0.0166268535
v -0.557286382 0.922914088 -0.0173047483
v -0.570356905 0.919769824 -0.00383849815
v -0.570257246 0.917660117 -0.00249050022
v -0.541882098 0.939258635 -0.0165814962
v -0.55880338 0.925400853 -0.0166268535
v -0.553406119 0.922936738 -0.00674677873
v -0.544221342 0.929856837 -0.00228204904
v -0.53750968 0.947324216 -0.00395740522
v -0.554731309 0.919251144 0.00342894881
v -0.545233428 0.937162399 0.00957357697
v -0.549843729 0.955568194 -0.00612202054
v -0.553231776 0.917360187 0.00825742632
v -0.559129536 0.90892446 0.00960557722
v -0.552871168 0.943246365 0.0101099573
v -0.568726361 0.952625275 -0.00595893664
v -0.554456115 0.923250794 0.0201679543
v -0.566810191 0.943890274 0.00739721628
v -0.575466812 0.941990793 -0.00585118774
v -0.556538105 0.927940786 0.0209961459
v -0.573405623 0.936720848 0.00401612045
v -0.580966771 0.926153839 -0.00585015817
v -0.567799747 0.931107521 0.0182718206
v -0.573640227 0.925023794 -0.00100817974
v -0.570356905 0.919769824 -0.00383849815
v -0.56738615 0.921773493 -0.00310967281
v -0.571344197 0.928000093 0.016082542
v -0.570119321 0.922108591 0.00417201081
v -0.565993309 0.922417581 0.000704753213
v -0.570391119 0.912090719 0.00688138418
v -0.577321231 0.91271764 0.0230274908
v -0.575789809 0.910678089 0.0275554862
v -0.573245406 0.9147681 0.00856260397
v -0.56452769 0.907512188 0.0302798282
v -0.574934781 0.911579788 0.0118402094
v -0.572467625 0.90817219 0.0109089632
v -0.575239122 0.908028841 0.0221988466
v -0.575239122 0.908028841 0.0221988466
v -0.577079475 0.911555827 0.0206773225
v -0.56397742 0.904862046 0.0249230377
v -0.572467625 0.90817219 0.0109089632
v -0.561205924 0.905005753 0.013633443
v -0.570391119 0.912090719 0.00688138418
v -0.559129536 0.90892446 0.00960557722
v -0.565993309 0.922417581 0.000704753213
v -0.554731309 0.919251144 0.00342894881
v -0.553406119 0.922936738 -0.00674677873
v -0.56738615 0.921773493 -0.00310967281
v -0.55880338 0.925400853 -0.0166268535
v -0.570356905 0.919769824 -0.00383849815
v -0.56043303 0.907969475 0.0271127559
v -0.56397742 0.904862046 0.0249230377
v -0.556357324 0.910019636 0.0126480171
v -0.560191393 0.906806648 0.0247625895
v -0.558047056 0.906830966 0.0159256235
v -0.561205924 0.905005753 0.013633443
v -0.573668599 0.903654516 0.0106256539
v -0.569573402 0.883221745 0.0229018349
v -0.562407672 0.900488615 0.013349981
v -0.580834806 0.886388838 0.0201774966
v -0.57260865 0.880999744 0.0328688286
v -0.58387053 0.884166241 0.030144481
v -0.565530956 0.903629005 0.029912252
v -0.576792836 0.906795382 0.0271880571
v -0.579948366 0.90419507 0.0239800345
v -0.584783614 0.88873595 0.0259997677
v -0.573396325 0.905306578 0.0239213128
v -0.567452252 0.903635025 0.0253591612
v -0.562407672 0.900488615 0.013349981
v -0.568775296 0.902813256 0.0158977322
v -0.573668599 0.903654516 0.0106256539
v -0.578160167 0.902397275 0.0144987963
v -0.583412707 0.889739811 0.0215011314
v -0.580834806 0.886388838 0.0201774966
v -0.58387053 0.884166241 0.030144481
v -0.573668599 0.903654516 0.0106256539
v -0.576792836 0.906795382 0.0271880571
v -0.562407672 0.900488615 0.013349981
v -0.563059926 0.899446487 0.0280654449
v -0.565530956 0.903629005 0.029912252
v -0.561271608 0.897648513 0.0185841992
v -0.569573402 0.883221745 0.0229018349
v -0.567895293 0.883988321 0.0300851669
v -0.565530956 0.903629005 0.029912252
v -0.566524923 0.884991586 0.0255865473
v -0.57260865 0.880999744 0.0328688286
v -0.568775296 0.902813256 0.0158977322
v -0.567452252 0.903635025 0.0253591612
v -0.565237164 0.912836373 0.0230675638
v -0.566197813 0.912239432 0.0161988083
v -0.567452252 0.903635025 0.0253591612
v -0.573396325 0.905306578 0.0239213128
v -0.569552243 0.914049804 0.0220237169
v -0.565237164 0.912836373 0.0230675638
v -0.573396325 0.905306578 0.0239213128
v -0.568775296 0.902813256 0.0158977322
v -0.566197813 0.912239432 0.0161988083
v -0.569552243 0.914049804 0.0220237169
v -0.623022199 0.85408324 -0.0462345146
v -0.640092671 0.841862798 -0.0342229865
v -0.623022139 0.85408324 -0.0342229865
v -0.640092373 0.841862261 -0.0462345108
v -0.650570512 0.843788505 -0.0342229828
v -0.650570214 0.843788385 -0.0462345108
v -0.637261093 0.863632619 -0.034222994
v -0.637260973 0.8636325 -0.0462345146
v -0.636440575 0.859469414 -0.0492349677
v -0.645531476 0.84591347 -0.0492349677
v -0.633183181 0.860897779 -0.0438292958
v -0.633182943 0.860897183 -0.0366283506
v -0.623022139 0.85408324 -0.0342229865
v -0.625272155 0.855591714 -0.0402287506
v -0.623022199 0.85408324 -0.0462345146
v -0.628289521 0.854002535 -0.0492349677
v -0.640801966 0.845044017 -0.0492349714
v -0.640092373 0.841862261 -0.0462345108
v -0.650570214 0.843788385 -0.0462345108
v -0.623022199 0.85408324 -0.0462345146
v -0.637260973 0.8636325 -0.0462345146
v -0.623022139 0.85408324 -0.0342229865
v -0.636440158 0.859469533 -0.0312225278
v -0.637261093 0.863632619 -0.034222994
v -0.628289223 0.854002357 -0.0312225316
v -0.640092671 0.841862798 -0.0342229865
v -0.645531774 0.845913351 -0.0312225316
v -0.637261093 0.863632619 -0.034222994
v -0.640802264 0.845044374 -0.0312225241
v -0.650570512 0.843788505 -0.0342229828
v -0.625272155 0.855591714 -0.0402287506
v -0.633182943 0.860897183 -0.0366283506
v -0.627525747 0.867327869 -0.0377714299
v -0.62212652 0.863706291 -0.0402287506
v -0.633182943 0.860897183 -0.0366283506
v -0.633183181 0.860897779 -0.0438292958
v -0.627525747 0.86732769 -0.0426861085
v -0.627525747 0.867327869 -0.0377714299
v -0.633183181 0.860897779 -0.0438292958
v -0.625272155 0.855591714 -0.0402287506
v -0.62212652 0.863706291 -0.0402287506
v -0.627525747 0.86732769 -0.0426861085
v -0.611384809 0.876297653 -0.0402287506
v -0.619296312 0.881603956 -0.0366283469
v -0.613638818 0.888033807 -0.0377714187
v -0.608239412 0.884411573 -0.0402287468
v -0.619296312 0.881603956 -0.0366283469
v -0.619296193 0.881603956 -0.0438292958
v -0.613638639 0.888033748 -0.0426861085
v -0.613638818 0.888033807 -0.0377714187
v -0.619296193 0.881603956 -0.0438292958
v -0.611384809 0.876297653 -0.0402287506
v -0.608239412 0.884411573 -0.0402287468
v -0.613638639 0.888033748 -0.0426861085
v -0.615250349 0.863550901 -0.034222994
v -0.607028008 0.873375237 -0.0342229865
v -0.607027709 0.873375237 -0.0462345108
v -0.615250289 0.863550901 -0.0462345108
v -0.620092392 0.860023081 -0.0342229865
v -0.620092094 0.860023022 -0.0462345108
v -0.631657004 0.861213148 -0.0462345108
v -0.631657004 0.861213207 -0.034222994
v -0.636642039 0.864556015 -0.034222994
v -0.636641622 0.864556432 -0.0462345108
v -0.623374104 0.884338737 -0.0342229865
v -0.623373628 0.884338796 -0.0462345146
v -0.632478833 0.865376711 -0.0492349714
v -0.631657004 0.861213148 -0.0462345108
v -0.622553229 0.880175233 -0.0312225316
v -0.632477939 0.865376711 -0.0312225316
v -0.631657004 0.861213207 -0.034222994
v -0.611470997 0.872742057 -0.0312225353
v -0.607028008 0.873375237 -0.0342229865
v -0.615250349 0.863550901 -0.034222994
v -0.617316067 0.865759134 -0.0312225316
v -0.621255517 0.862888098 -0.0312225316
v -0.620092392 0.860023081 -0.0342229865
v -0.63029176 0.86390996 -0.0312225316
v -0.619296312 0.881603956 -0.0366283469
v -0.607028008 0.873375237 -0.0342229865
v -0.611384809 0.876297653 -0.0402287506
v -0.607027709 0.873375237 -0.0462345108
v -0.619296193 0.881603956 -0.0438292958
v -0.611470997 0.872742057 -0.0492349751
v -0.607027709 0.873375237 -0.0462345108
v -0.615250289 0.863550901 -0.0462345108
v -0.62255311 0.880175471 -0.0492349714
v -0.617316127 0.865759313 -0.0492349714
v -0.621255636 0.862888098 -0.0492349751
v -0.620092094 0.860023022 -0.0462345108
v -0.63029176 0.863910019 -0.0492349751
v -0.590479016 0.904175758 -0.0402287506
v -0.601437092 0.911525071 -0.0352420285
v -0.590276003 0.925387621 -0.0368253477
v -0.582797289 0.920372307 -0.0402287506
v -0.601437092 0.911525071 -0.0352420285
v -0.601436973 0.911525249 -0.0452154726
v -0.590275884 0.925387681 -0.0436323062
v -0.590276003 0.925387621 -0.0368253477
v -0.601436973 0.911525249 -0.0452154726
v -0.590479016 0.904175758 -0.0402287506
v -0.582797289 0.920372307 -0.0402287506
v -0.590275884 0.925387681 -0.0436323062
v -0.600217462 0.883530021 -0.034222994
v -0.587645233 0.902274847 -0.0342229865
v -0.587645113 0.902274847 -0.0462345108
v -0.600217462 0.88353008 -0.0462345108
v -0.604560494 0.879734039 -0.0342229865
v -0.604560316 0.879734159 -0.0462345108
v -0.615677953 0.880482256 -0.0462345108
v -0.615677953 0.880482256 -0.0342229865
v -0.622770369 0.885238528 -0.0342229865
v -0.622770131 0.885238409 -0.0462345146
v -0.603991091 0.913238049 -0.0342229865
v -0.603990853 0.913238645 -0.0462345108
v -0.618606567 0.886059344 -0.0492349714
v -0.615677953 0.880482256 -0.0462345108
v -0.603170395 0.909075081 -0.0312225316
v -0.618606687 0.886059046 -0.0312225316
v -0.615677953 0.880482256 -0.0342229865
v -0.591808319 0.90145427 -0.0312225316
v -0.587645233 0.902274847 -0.0342229865
v -0.600217462 0.883530021 -0.034222994
v -0.602489293 0.885528862 -0.0312225278
v -0.605929196 0.882523 -0.0312225353
v -0.604560494 0.879734039 -0.0342229865
v -0.614334345 0.883194327 -0.0312225353
v -0.601437092 0.911525071 -0.0352420285
v -0.587645233 0.902274847 -0.0342229865
v -0.590479016 0.904175758 -0.0402287506
v -0.587645113 0.902274847 -0.0462345108
v -0.601436973 0.911525249 -0.0452154726
v -0.603170395 0.909075081 -0.0492349677
v -0.587645113 0.902274847 -0.0462345108
v -0.591808558 0.901454449 -0.0492349714
v -0.600217462 0.88353008 -0.0462345108
v -0.602489233 0.885528862 -0.0492349714
v -0.614334345 0.883194685 -0.0492349714
v -0.605929792 0.882522702 -0.0492349751
v -0.604560316 0.879734159 -0.0462345108
v -0.618249178 0.862100422 -0.0653621703
v -0.633101583 0.851467967 -0.0549108125
v -0.618249476 0.86210072 -0.0549108125
v -0.633101583 0.851468205 -0.0653621778
v -0.642219007 0.853143752 -0.0549108125
v -0.642218173 0.853143811 -0.0653621703
v -0.63063848 0.870410085 -0.0549108125
v -0.630638242 0.870410085 -0.0653621703
v -0.62992394 0.866787195 -0.0679728985
v -0.637835264 0.854992032 -0.0679728985
v -0.627089918 0.868030429 -0.0632693693
v -0.627089977 0.868030429 -0.0570037402
v -0.618249476 0.86210072 -0.0549108125
v -0.620206296 0.863413215 -0.0601364896
v -0.618249178 0.862100422 -0.0653621703
v -0.622831762 0.862030923 -0.0679728985
v -0.633719981 0.854235828 -0.0679728985
v -0.633101583 0.851468205 -0.0653621778
v -0.642218173 0.853143811 -0.0653621703
v -0.618249178 0.862100422 -0.0653621703
v -0.630638242 0.870410085 -0.0653621703
v -0.618249476 0.86210072 -0.0549108125
v -0.629923642 0.866787016 -0.0523000807
v -0.63063848 0.870410085 -0.0549108125
v -0.622832119 0.862030983 -0.0523000807
v -0.633101583 0.851467967 -0.0549108125
v -0.637835085 0.854991794 -0.0523000807
v -0.63063848 0.870410085 -0.0549108125
v -0.633719981 0.854235828 -0.0523000807
v -0.642219007 0.853143752 -0.0549108125
v -0.620206296 0.863413215 -0.0601364896
v -0.627089977 0.868030429 -0.0570037402
v -0.622167408 0.873624682 -0.0579983443
v -0.617469072 0.870473981 -0.0601364933
v -0.627089977 0.868030429 -0.0570037402
v -0.627089918 0.868030429 -0.0632693693
v -0.622167766 0.873624682 -0.0622746348
v -0.622167408 0.873624682 -0.0579983443
v -0.627089918 0.868030429 -0.0632693693
v -0.620206296 0.863413215 -0.0601364896
v -0.617469072 0.870473981 -0.0601364933
v -0.622167766 0.873624682 -0.0622746348
v -0.608123064 0.881430328 -0.0601364896
v -0.615007401 0.886046827 -0.0570037365
v -0.610084057 0.891641498 -0.0579983443
v -0.605386198 0.888489902 -0.0601364896
v -0.615007401 0.886046827 -0.0570037365
v -0.615006804 0.88604635 -0.0632693693
v -0.610084057 0.891641438 -0.0622746348
v -0.610084057 0.891641498 -0.0579983443
v -0.615006804 0.88604635 -0.0632693693
v -0.608123064 0.881430328 -0.0601364896
v -0.605386198 0.888489902 -0.0601364896
v -0.610084057 0.891641438 -0.0622746348
v -0.611487031 0.870338976 -0.0549108125
v -0.604332089 0.878887415 -0.0549108125
v -0.604332089 0.878887415 -0.0653621703
v -0.61148715 0.870338857 -0.0653621703
v -0.615699589 0.867268801 -0.0549108014
v -0.615699589 0.86726898 -0.0653621629
v -0.625762045 0.868304491 -0.0653621703
v -0.625762224 0.868304372 -0.0549108125
v -0.630098999 0.871213615 -0.0549108125
v -0.630099356 0.871213615 -0.0653621778
v -0.618554533 0.888426363 -0.0549108125
v -0.618554652 0.888425708 -0.0653621703
v -0.626476526 0.871927142 -0.0679728985
v -0.625762045 0.868304491 -0.0653621703
v -0.617840886 0.884803653 -0.0523000881
v -0.626476765 0.871927023 -0.0523000807
v -0.625762224 0.868304372 -0.0549108125
v -0.608197689 0.87833637 -0.0523000807
v -0.604332089 0.878887415 -0.0549108125
v -0.611487031 0.870338976 -0.0549108125
v -0.613283873 0.872259974 -0.0523000807
v -0.616711318 0.869761944 -0.0523000881
v -0.615699589 0.867268801 -0.0549108014
v -0.624574482 0.870650828 -0.0523000807
v -0.615007401 0.886046827 -0.0570037365
v -0.604332089 0.878887415 -0.0549108125
v -0.608123064 0.881430328 -0.0601364896
v -0.604332089 0.878887415 -0.0653621703
v -0.615006804 0.88604635 -0.0632693693
v -0.60819751 0.87833631 -0.0679728985
v -0.604332089 0.878887415 -0.0653621703
v -0.61148715 0.870338857 -0.0653621703
v -0.617840707 0.884803593 -0.0679728985
v -0.613283396 0.872259974 -0.0679728985
v -0.616711617 0.869762003 -0.0679728985
v -0.615699589 0.86726898 -0.0653621629
v -0.624574423 0.870650768 -0.0679729059
v -0.589933097 0.905687332 -0.0601364896
v -0.599467337 0.912081957 -0.0557974912
v -0.589755833 0.924143672 -0.057175152
v -0.583248615 0.91977948 -0.0601364896
v -0.599467337 0.912081957 -0.0557974912
v -0.599467158 0.912081599 -0.0644754916
v -0.589756012 0.924143791 -0.0630979612
v -0.589755833 0.924143672 -0.057175152
v -0.599467158 0.912081599 -0.0644754916
v -0.589933097 0.905687332 -0.0601364896
v -0.583248615 0.91977948 -0.0601364896
v -0.589756012 0.924143791 -0.0630979612
v -0.598406017 0.887722611 -0.0549108051
v -0.587467134 0.904032886 -0.0549108125
v -0.587466896 0.904032707 -0.0653621778
v -0.598405957 0.887722433 -0.0653621703
v -0.602184951 0.88441968 -0.0549108125
v -0.602185249 0.884420097 -0.0653621703
v -0.611858726 0.885071099 -0.0653621703
v -0.611859024 0.885070801 -0.05491082
v -0.618029594 0.889209569 -0.05491082
v -0.618029594 0.889209569 -0.0653621778
v -0.601690054 0.913571775 -0.0549108125
v -0.601689517 0.913572371 -0.0653621703
v -0.614407122 0.889923751 -0.0679728985
v -0.611858726 0.885071099 -0.0653621703
v -0.600975692 0.909949481 -0.0523000807
v -0.614406824 0.889923513 -0.0523000807
v -0.611859024 0.885070801 -0.05491082
v -0.591089725 0.90331912 -0.0523000807
v -0.587467134 0.904032886 -0.0549108125
v -0.598406017 0.887722611 -0.0549108051
v -0.600382388 0.889463127 -0.0523000807
v -0.603376269 0.886846423 -0.0523000807
v -0.602184951 0.88441968 -0.0549108125
v -0.610689819 0.887430787 -0.0523000769
v -0.599467337 0.912081957 -0.0557974912
v -0.587467134 0.904032886 -0.0549108125
v -0.589933097 0.905687332 -0.0601364896
v -0.587466896 0.904032707 -0.0653621778
v -0.599467158 0.912081599 -0.0644754916
v -0.600975573 0.909949243 -0.0679728985
v -0.587466896 0.904032707 -0.0653621778
v -0.591089249 0.903319061 -0.0679728985
v -0.598405957 0.887722433 -0.0653621703
v -0.600382805 0.889462233 -0.0679728985
v -0.610689819 0.887430787 -0.0679728985
v -0.603376448 0.886846423 -0.0679728985
v -0.602185249 0.884420097 -0.0653621703
v -0.611549795 0.874024272 -0.0826700926
v -0.623370945 0.865561366 -0.0743516386
v -0.611549795 0.874024093 -0.0743516386
v -0.623370945 0.865561187 -0.0826700926
v -0.630627513 0.866894901 -0.0743516386
v -0.630627215 0.86689496 -0.0826700926
v -0.621410608 0.880637884 -0.0743516386
v -0.621410489 0.880637944 -0.0826700926
v -0.620842218 0.877754331 -0.0847480297
v -0.627138674 0.868366659 -0.0847480297
v -0.618586481 0.878744185 -0.0810043141
v -0.618586481 0.878744125 -0.0760174468
v -0.611549795 0.874024093 -0.0743516386
v -0.613107383 0.875068486 -0.078510873
v -0.611549795 0.874024272 -0.0826700926
v -0.615197062 0.873968363 -0.0847480297
v -0.623862863 0.867764592 -0.0847480297
v -0.623370945 0.865561187 -0.0826700926
v -0.630627215 0.86689496 -0.0826700926
v -0.611549795 0.874024272 -0.0826700926
v -0.621410489 0.880637944 -0.0826700926
v -0.611549795 0.874024093 -0.0743516386
v -0.620841682 0.877754509 -0.0722737089
v -0.621410608 0.880637884 -0.0743516386
v -0.615197182 0.873969018 -0.0722737014
v -0.623370945 0.865561366 -0.0743516386
v -0.627138495 0.868366361 -0.0722737014
v -0.621410608 0.880637884 -0.0743516386
v -0.623863041 0.867764354 -0.0722737089
v -0.630627513 0.866894901 -0.0743516386
v -0.613107383 0.875068486 -0.078510873
v -0.618586481 0.878744125 -0.0760174468
v -0.614668548 0.883196115 -0.076809071
v -0.610929072 0.880688906 -0.078510873
v -0.618586481 0.878744125 -0.0760174468
v -0.618586481 0.878744185 -0.0810043141
v -0.614668548 0.883196235 -0.0802125931
v -0.614668548 0.883196115 -0.076809071
v -0.618586481 0.878744185 -0.0810043141
v -0.613107383 0.875068486 -0.078510873
v -0.610929072 0.880688906 -0.078510873
v -0.614668548 0.883196235 -0.0802125931
v -0.603490591 0.889408767 -0.0785108805
v -0.608969152 0.893083632 -0.0760174468
v -0.605051398 0.897536159 -0.076809071
v -0.601311922 0.895028055 -0.078510873
v -0.608969152 0.893083632 -0.0760174468
v -0.60896939 0.893083632 -0.0810043141
v -0.605050862 0.897536516 -0.0802125931
v -0.605051398 0.897536159 -0.076809071
v -0.60896939 0.893083632 -0.0810043141
v -0.603490591 0.889408767 -0.0785108805
v -0.601311922 0.895028055 -0.078510873
v -0.605050862 0.897536516 -0.0802125931
v -0.606167555 0.880581021 -0.0743516386
v -0.600472927 0.88738513 -0.0743516311
v -0.600472867 0.887385249 -0.0826700926
v -0.606167197 0.880581021 -0.0826700926
v -0.609520316 0.878137589 -0.0743516386
v -0.609520197 0.878137946 -0.0826700926
v -0.617529511 0.8789621 -0.0826700926
v -0.617529452 0.87896198 -0.0743516386
v -0.620981634 0.881277382 -0.0743516311
v -0.620981336 0.881277084 -0.0826700926
v -0.611792445 0.894977093 -0.0743516386
v -0.611792982 0.894976914 -0.0826700926
v -0.61809814 0.881845176 -0.0847480297
v -0.617529511 0.8789621 -0.0826700926
v -0.611224711 0.892093778 -0.0722737089
v -0.618097961 0.881845236 -0.0722737089
v -0.617529452 0.87896198 -0.0743516386
v -0.603549838 0.88694638 -0.0722737089
v -0.600472927 0.88738513 -0.0743516311
v -0.606167555 0.880581021 -0.0743516386
v -0.607596576 0.882110417 -0.0722737089
v -0.610326409 0.880121827 -0.0722737089
v -0.609520316 0.878137589 -0.0743516386
v -0.616583645 0.880829453 -0.0722737089
v -0.608969152 0.893083632 -0.0760174468
v -0.600472927 0.88738513 -0.0743516311
v -0.603490591 0.889408767 -0.0785108805
v -0.600472867 0.887385249 -0.0826700926
v -0.60896939 0.893083632 -0.0810043141
v -0.603549957 0.88694638 -0.0847480297
v -0.600472867 0.887385249 -0.0826700926
v -0.606167197 0.880581021 -0.0826700926
v -0.611224234 0.892093778 -0.0847480297
v -0.607596755 0.882110357 -0.0847480297
v -0.610325933 0.880121768 -0.0847480297
v -0.609520197 0.878137946 -0.0826700926
v -0.616583943 0.880829394 -0.0847480297
v -0.589011908 0.90871501 -0.078510873
v -0.596600592 0.913805366 -0.0750573725
v -0.5888713 0.923405349 -0.0761538893
v -0.583692253 0.91993171 -0.078510873
v -0.596600592 0.913805366 -0.0750573725
v -0.596600592 0.913805306 -0.0819644406
v -0.588871241 0.923405349 -0.0808680356
v -0.5888713 0.923405349 -0.0761538893
v -0.596600592 0.913805306 -0.0819644406
v -0.589011908 0.90871501 -0.078510873
v -0.583692253 0.91993171 -0.078510873
v -0.588871241 0.923405349 -0.0808680356
v -0.595755994 0.894417524 -0.0743516386
v -0.587049305 0.907399118 -0.0743516386
v -0.587049425 0.907399178 -0.0826700926
v -0.595755756 0.894417703 -0.0826700926
v -0.598763824 0.891788542 -0.0743516386
v -0.598763943 0.891788721 -0.0826700926
v -0.606463432 0.892306745 -0.0826700926
v -0.606463253 0.892306983 -0.0743516386
v -0.611374497 0.895600438 -0.0743516311
v -0.611374676 0.895600855 -0.0826700926
v -0.598369539 0.914991498 -0.0743516386
v -0.598369539 0.914991498 -0.0826700926
v -0.60849148 0.896169186 -0.0847479552
v -0.606463432 0.892306745 -0.0826700926
v -0.597801208 0.912108183 -0.0722737089
v -0.608491182 0.896169007 -0.0722737089
v -0.606463253 0.892306983 -0.0743516386
v -0.58993274 0.906830966 -0.0722737089
v -0.587049305 0.907399118 -0.0743516386
v -0.595755994 0.894417524 -0.0743516386
v -0.597329438 0.895802259 -0.0722737089
v -0.599711478 0.893719554 -0.0722737089
v -0.598763824 0.891788542 -0.0743516386
v -0.605533063 0.894184947 -0.0722737089
v -0.596600592 0.913805366 -0.0750573725
v -0.587049305 0.907399118 -0.0743516386
v -0.589011908 0.90871501 -0.078510873
v -0.587049425 0.907399178 -0.0826700926
v -0.596600592 0.913805306 -0.0819644406
v -0.597801208 0.912108183 -0.0847480297
v -0.587049425 0.907399178 -0.0826700926
v -0.589932621 0.906830728 -0.0847480297
v -0.595755756 0.894417703 -0.0826700926
v -0.597329497 0.895801961 -0.0847480297
v -0.605532885 0.894184947 -0.0847480297
v -0.599711955 0.893720508 -0.0847480297
v -0.598763943 0.891788721 -0.0826700926
v -0.618534446 0.860905766 -0.0253315605
v -0.634239733 0.849661767 -0.014279779
v -0.618534207 0.86090529 -0.014279779
v -0.634239852 0.849661827 -0.0253315605
v -0.643881202 0.851434052 -0.014279779
v -0.643881202 0.851433933 -0.0253315605
v -0.631635308 0.86969161 -0.0142797753
v -0.63163507 0.869691968 -0.0253315605
v -0.630880296 0.865861177 -0.0280922763
v -0.63924545 0.853388786 -0.0280922763
v -0.627883196 0.867175817 -0.0231185239
v -0.627883494 0.867175639 -0.0164929498
v -0.618534207 0.86090529 -0.014279779
v -0.620604515 0.862293839 -0.0198056735
v -0.618534446 0.860905766 -0.0253315605
v -0.623380363 0.860831797 -0.028092267
v -0.634893715 0.852589309 -0.0280922763
v -0.634239852 0.849661827 -0.0253315605
v -0.643881202 0.851433933 -0.0253315605
v -0.618534446 0.860905766 -0.0253315605
v -0.63163507 0.869691968 -0.0253315605
v -0.618534207 0.86090529 -0.014279779
v -0.630880117 0.865861475 -0.0115190633
v -0.631635308 0.86969161 -0.0142797753
v -0.623380244 0.860831559 -0.0115190698
v -0.634239733 0.849661767 -0.014279779
v -0.639245629 0.853388727 -0.0115190633
v -0.631635308 0.86969161 -0.0142797753
v -0.634893417 0.852588892 -0.0115190698
v -0.643881202 0.851434052 -0.014279779
v -0.620604515 0.862293839 -0.0198056735
v -0.627883494 0.867175639 -0.0164929498
v -0.622677803 0.873091459 -0.0175446942
v -0.617709517 0.869759679 -0.0198056698
v -0.627883494 0.867175639 -0.0164929498
v -0.627883196 0.867175817 -0.0231185239
v -0.622677922 0.873091459 -0.0220666453
v -0.622677803 0.873091459 -0.0175446942
v -0.627883196 0.867175817 -0.0231185239
v -0.620604515 0.862293839 -0.0198056735
v -0.617709517 0.869759679 -0.0198056698
v -0.622677922 0.873091459 -0.0220666453
v -0.607827008 0.881344795 -0.0198056735
v -0.615105867 0.886226952 -0.0164929423
v -0.609900296 0.892143369 -0.0175446942
v -0.604932249 0.888811171 -0.0198056698
v -0.615105867 0.886226952 -0.0164929423
v -0.615105987 0.886226952 -0.0231185295
v -0.609900296 0.892143369 -0.022066649
v -0.609900296 0.892143369 -0.0175446942
v -0.615105987 0.886226952 -0.0231185295
v -0.607827008 0.881344795 -0.0198056735
v -0.604932249 0.888811171 -0.0198056698
v -0.609900296 0.892143369 -0.022066649
v -0.611384034 0.869616449 -0.014279779
v -0.603817463 0.878656507 -0.0142797846
v -0.603817344 0.878656745 -0.0253315568
v -0.611383975 0.869616926 -0.0253315661
v -0.61583817 0.866370857 -0.014279779
v -0.615838766 0.866371155 -0.0253315605
v -0.626478791 0.867466211 -0.0253315605
v -0.626478851 0.867466092 -0.014279779
v -0.63106519 0.870542347 -0.0142797846
v -0.631064951 0.870542645 -0.0253315605
v -0.618857563 0.888743281 -0.014279779
v -0.618857741 0.888743401 -0.0253315605
v -0.627234697 0.871296644 -0.0280922763
v -0.626478791 0.867466211 -0.0253315605
v -0.618102372 0.88491261 -0.0115190633
v -0.627234638 0.871296644 -0.0115190698
v -0.626478851 0.867466092 -0.014279779
v -0.607905388 0.87807411 -0.0115190633
v -0.603817463 0.878656507 -0.0142797846
v -0.611384034 0.869616449 -0.014279779
v -0.613283396 0.871648788 -0.0115190633
v -0.616908073 0.86900717 -0.0115190633
v -0.61583817 0.866370857 -0.014279779
v -0.625221908 0.869947553 -0.0115190633
v -0.615105867 0.886226952 -0.0164929423
v -0.603817463 0.878656507 -0.0142797846
v -0.607827008 0.881344795 -0.0198056735
v -0.603817344 0.878656745 -0.0253315568
v -0.615105987 0.886226952 -0.0231185295
v -0.607905388 0.87807411 -0.0280922763
v -0.603817344 0.878656745 -0.0253315568
v -0.611383975 0.869616926 -0.0253315661
v -0.618102312 0.884912312 -0.0280922763
v -0.613283277 0.871649027 -0.0280922763
v -0.616908073 0.86900717 -0.0280922819
v -0.615838766 0.866371155 -0.0253315605
v -0.625222087 0.869947672 -0.0280922819
v -0.588591099 0.906995475 -0.0198056735
v -0.598673344 0.913757741 -0.0152173964
v -0.588404059 0.926512957 -0.0166742075
v -0.581523001 0.921897709 -0.0198056698
v -0.598673344 0.913757741 -0.0152173964
v -0.598673105 0.913757622 -0.0243939497
v -0.588403702 0.926512837 -0.0229372717
v -0.588404059 0.926512957 -0.0166742075
v -0.598673105 0.913757622 -0.0243939497
v -0.588591099 0.906995475 -0.0198056735
v -0.581523001 0.921897709 -0.0198056698
v -0.588403702 0.926512837 -0.0229372717
v -0.597550929 0.887999237 -0.0142797846
v -0.585983515 0.905247152 -0.0142797716
v -0.585983634 0.905247092 -0.0253315605
v -0.597550809 0.887999177 -0.0253315605
v -0.601547122 0.884507179 -0.014279779
v -0.601547062 0.884507179 -0.0253315605
v -0.61177659 0.885195732 -0.0253315605
v -0.611776471 0.885195851 -0.0142797753
v -0.618302166 0.889571905 -0.014279779
v -0.618301928 0.889571905 -0.0253315605
v -0.601023376 0.915334225 -0.014279779
v -0.601023376 0.915334165 -0.0253315605
v -0.614470899 0.890326977 -0.0280922689
v -0.61177659 0.885195732 -0.0253315605
v -0.600268424 0.911502957 -0.011519067
v -0.614471197 0.890326679 -0.0115190633
v -0.611776471 0.885195851 -0.0142797753
v -0.589814007 0.904491663 -0.0115190633
v -0.585983515 0.905247152 -0.0142797716
v -0.597550929 0.887999237 -0.0142797846
v -0.599641502 0.889838934 -0.0115190633
v -0.602807045 0.887072563 -0.0115190633
v -0.601547122 0.884507179 -0.014279779
v -0.610540569 0.887690723 -0.0115190633
v -0.598673344 0.913757741 -0.0152173964
v -0.585983515 0.905247152 -0.0142797716
v -0.588591099 0.906995475 -0.0198056735
v -0.585983634 0.905247092 -0.0253315605
v -0.598673105 0.913757622 -0.0243939497
v -0.600268304 0.91150254 -0.0280922763
v -0.585983634 0.905247092 -0.0253315605
v -0.589814007 0.904491663 -0.0280922819
v -0.597550809 0.887999177 -0.0253315605
v -0.599641562 0.889838755 -0.0280922763
v -0.610540569 0.887690783 -0.0280922763
v -0.602807343 0.887072742 -0.0280922689
v -0.601547062 0.884507179 -0.0253315605
v -0.357585102 1.17942095 -0.077610299
v -0.396578819 1.20561326 -0.077610299
v -0.391017348 1.21389329 -0.0616934709
v -0.352023661 1.18770063 -0.0616934747
v -0.342769831 1.20147729 -0.0528961457
v -0.381763399 1.22766984 -0.0528961457
v -0.343679875 1.22470188 -0.0535756573
v -0.33230263 1.21705973 -0.0535756573
v -0.323427528 1.23027253 -0.0635498315
v -0.35991931 1.23561001 -0.0535756573
v -0.371296555 1.24325228 -0.0535756573
v -0.362421423 1.25646532 -0.0635498315
v -0.352780521 1.25946915 -0.0641692951
v -0.357515931 1.26376784 -0.0801460743
v -0.347576559 1.2539854 -0.0569786206
v -0.331337035 1.24307716 -0.0569786206
v -0.3242926 1.24033344 -0.0641692951
v -0.318522513 1.23757541 -0.0801460743
v -0.320355952 1.24619401 -0.0949282497
v -0.348843962 1.26532984 -0.0949282497
v -0.318901181 1.23701143 -0.0989173651
v -0.357894897 1.26320386 -0.0989173651
v -0.325560451 1.25167775 -0.102118939
v -0.352079421 1.24728203 -0.114834182
v -0.341798991 1.26258636 -0.102118939
v -0.363456458 1.25492418 -0.114834182
v -0.372710496 1.24114704 -0.123631515
v -0.335840017 1.23637378 -0.114834182
v -0.324463189 1.22873187 -0.114834182
v -0.33371678 1.21495485 -0.123631515
v -0.344183683 1.19937241 -0.122951999
v -0.383177221 1.22556484 -0.122951999
v -0.392052382 1.21235216 -0.112977989
v -0.353058726 1.18615985 -0.112977989
v -0.35796383 1.17885697 -0.0963816494
v -0.396957815 1.20504916 -0.0963816494
v -0.357585102 1.17942095 -0.077610299
v -0.396578819 1.20561326 -0.077610299
v -0.3242926 1.24033344 -0.0641692951
v -0.233932793 1.37485564 -0.0593533032
v -0.320355952 1.24619401 -0.0949282497
v -0.237869412 1.36899507 -0.0285943411
v -0.331337035 1.24307716 -0.0569786206
v -0.244913802 1.37173903 -0.0214035343
v -0.347576559 1.2539854 -0.0569786206
v -0.261153281 1.38264692 -0.0214035343
v -0.266357183 1.38813102 -0.0285943411
v -0.352780521 1.25946915 -0.0641692951
v -0.348843962 1.26532984 -0.0949282497
v -0.262420684 1.39399147 -0.0593533032
v -0.25537616 1.39124763 -0.0665439814
v -0.341798991 1.26258636 -0.102118939
v -0.325560451 1.25167775 -0.102118939
v -0.239136651 1.38033962 -0.0665439814
v -0.233932793 1.37485564 -0.0593533032
v -0.320355952 1.24619401 -0.0949282497
v -0.23301208 1.37622607 -0.0665438324
v -0.239136651 1.38033962 -0.0665439814
v -0.233932793 1.37485564 -0.0593533032
v -0.225453332 1.37722182 -0.0635711104
v -0.237869412 1.36899507 -0.0285943411
v -0.23078911 1.36927962 -0.0218803026
v -0.238789365 1.36762512 -0.0214035343
v -0.227824733 1.37369156 -0.0136807114
v -0.244913802 1.37173903 -0.0214035343
v -0.234015554 1.37473214 -0.00819826964
v -0.262504011 1.39386809 -0.00819812063
v -0.261153281 1.38264692 -0.0214035343
v -0.267277777 1.38676119 -0.0214035343
v -0.266357183 1.38813102 -0.0285943411
v -0.265808672 1.39920545 -0.0136807114
v -0.26877284 1.39479256 -0.0218803026
v -0.263437271 1.40273583 -0.0635711104
v -0.262420684 1.39399147 -0.0593533032
v -0.261500508 1.39536178 -0.0665438324
v -0.25537616 1.39124763 -0.0665439814
v -0.233301401 1.43734276 0.00382264773
v -0.238004237 1.44059908 -0.00223551667
v -0.265808672 1.39920545 -0.0136807114
v -0.204813004 1.41820693 0.00382264866
v -0.200020283 1.41508484 -0.00223551784
v -0.227824733 1.37369156 -0.0136807114
v -0.225805312 1.44850278 -0.00424233126
v -0.238004237 1.44059908 -0.00223551667
v -0.23336339 1.44750762 -0.00722840475
v -0.197316885 1.42936671 -0.00424233126
v -0.191517919 1.43799996 -0.0495530777
v -0.200020283 1.41508484 -0.00223551784
v -0.195379749 1.42199373 -0.00722840568
v -0.195379749 1.42199373 -0.00722840568
v -0.190025494 1.42996454 -0.0490638092
v -0.220006481 1.45713592 -0.0495530777
v -0.23336339 1.44750762 -0.00722840475
v -0.228009194 1.45547867 -0.0490638092
v -0.224791139 1.45001268 -0.0626733229
v -0.228009194 1.45547867 -0.0490638092
v -0.230971545 1.451069 -0.0571864843
v -0.196302786 1.43087661 -0.0626733229
v -0.225505218 1.3874017 -0.074694097
v -0.192987591 1.42555475 -0.0571864843
v -0.190025494 1.42996454 -0.0490638092
v -0.192987591 1.42555475 -0.0571864843
v -0.22079204 1.38416123 -0.0686318204
v -0.25399363 1.40653765 -0.074694097
v -0.230971545 1.451069 -0.0571864843
v -0.25877592 1.40967536 -0.0686318278
v -0.25537616 1.39124763 -0.0665439814
v -0.239136651 1.38033962 -0.0665439814
v -0.261500508 1.39536178 -0.0665438324
v -0.25877592 1.40967536 -0.0686318278
v -0.263437271 1.40273583 -0.0635711104
v -0.23301208 1.37622607 -0.0665438324
v -0.22079204 1.38416123 -0.0686318204
v -0.225453332 1.37722182 -0.0635711104
v -0.289777935 1.41993666 -0.0978332981
v -0.302247077 1.40137351 -0.0838196576
v -0.276134372 1.38383341 -0.0838196576
v -0.26366505 1.40239656 -0.0978332981
v -0.227556393 1.45615304 -0.0829697996
v -0.253669083 1.47369301 -0.0829697996
v -0.245855078 1.48532653 -0.0606067702
v -0.219742477 1.46778619 -0.0606067702
v -0.228030309 1.45544755 0.00415131822
v -0.254143059 1.47298765 0.00415132241
v -0.266612768 1.45442367 0.0181649607
v -0.240499735 1.43688357 0.0181649569
v -0.276608467 1.38312745 0.00330123748
v -0.302721292 1.40066719 0.00330123724
v -0.310535133 1.38903475 -0.0190615728
v -0.284422427 1.37149429 -0.0190617181
v -0.302247077 1.40137351 -0.0838196576
v -0.276134372 1.38383341 -0.0838196576
v -0.224012792 1.3793664 -0.0617031716
v -0.22652562 1.37562561 -0.0420689508
v -0.197421104 1.36028838 -0.038541507
v -0.19541809 1.36515427 -0.0549060442
v -0.220511779 1.38457847 -0.065504238
v -0.166037232 1.34926677 -0.0357149988
v -0.192763567 1.37603974 -0.0636399612
v -0.207254305 1.40431547 -0.0600469001
v -0.164814875 1.35528862 -0.0559541509
v -0.137711376 1.32755637 -0.033659745
v -0.13597551 1.33608985 -0.0644540787
v -0.164531425 1.370309 -0.0698073432
v -0.136575922 1.35879624 -0.0869970098
v -0.187716246 1.39354658 -0.0642268434
v -0.193996713 1.4240526 -0.0545897037
v -0.16500932 1.39126587 -0.074021928
v -0.13935177 1.38959134 -0.0952484086
v -0.182219774 1.41044831 -0.0588216111
v -0.191776916 1.42735732 -0.0485027693
v -0.165694878 1.4113009 -0.0680474341
v -0.143559173 1.42022324 -0.0869970098
v -0.179323226 1.41910195 -0.0479690246
v -0.194298163 1.42360377 -0.028802935
v -0.165760934 1.42425764 -0.0532590188
v -0.148071021 1.44248497 -0.0644540787
v -0.180026218 1.42036796 -0.0311156642
v -0.196819276 1.41985023 -0.00910325069
v -0.167717546 1.42885387 -0.0327485986
v -0.151678026 1.45041108 -0.033659745
v -0.182557926 1.41576111 -0.0147321923
v -0.200297087 1.41467297 -0.0053614811
v -0.168899015 1.42264616 -0.0125041613
v -0.153413862 1.4418776 -0.00286555523
v -0.186438322 1.40521526 -0.00600972446
v -0.213554561 1.39493608 -0.010818826
v -0.170425981 1.4079088 0.00134653668
v -0.152813479 1.41917109 0.0196775161
v -0.19279325 1.38802624 -0.00542768929
v -0.226812229 1.37519908 -0.0162760206
v -0.171176404 1.38791454 0.00555921532
v -0.150037616 1.38837612 0.0279287789
v -0.197219938 1.37073195 -0.0108387899
v -0.229038522 1.37188554 -0.0224345922
v -0.169906721 1.36753261 -0.000417774194
v -0.14583005 1.35774517 0.0196775161
v -0.198526278 1.3615483 -0.0217062067
v -0.22652562 1.37562561 -0.0420689508
v -0.197421104 1.36028838 -0.038541507
v -0.167950094 1.35354245 -0.0152097112
v -0.141318351 1.33548141 -0.00286555523
v -0.166037232 1.34926677 -0.0357149988
v -0.137711376 1.32755637 -0.033659745
v -0.141865313 0.590620577 -0.0152973486
v -0.123552978 0.588383913 -0.00922244601
v -0.141543254 0.597519338 -0.0198514685
v -0.123137556 0.588724196 -0.01010687
v -0.114865169 0.582820892 0.0069782678
v -0.108987108 0.588627458 0.0077703651
v -0.118994899 0.595286191 -0.0129143018
v -0.108987108 0.657059133 0.0231629815
v -0.118994899 0.661911011 0.000662919367
v -0.0940612927 0.719518185 0.0282768272
v -0.116046995 0.727383077 -0.00253791036
v -0.086691089 0.756666601 0.030654883
v -0.112044662 0.769125104 -0.00213467074
v -0.0822527111 0.777908027 0.0304054786
v -0.107844025 0.795128465 -0.00149024732
v -0.0765908137 0.799309134 0.0291220639
v -0.135877028 0.821040392 -0.00678376667
v -0.12938185 0.855338871 -0.00138617086
v -0.160882279 0.874698877 0.023015894
v -0.165806025 0.916861534 0.0335599221
v -0.143555805 0.932919443 0.0284811631
v -0.100511253 0.820791245 -0.000723398232
v -0.0835420787 0.840552509 -0.000640166341
v -0.0632618219 0.822601736 0.0273852032
v -0.0632596239 0.837216914 0.0303762667
v -0.107131638 0.87139678 -0.00646493118
v -0.130585715 0.930968165 0.0356520228
v -0.0790675208 0.851002872 0.00873729493
v -0.0663807392 0.842215776 0.0325840414
v -0.0806023851 0.854524732 0.0132102389
v -0.0979350284 0.87569648 0.0040729316
v -0.0975002274 0.876653016 0.00903000031
v -0.110030822 0.898537517 0.0231745783
v -0.112494305 0.89985007 0.0187227726
v -0.116944186 0.917366326 0.0522665493
v 0.141865313 0.590620577 -0.0152973486
v 0.123552978 0.588383913 -0.00922244601
v 0.123137556 0.588724196 -0.01010687
v 0.114865169 0.582820892 0.0069782678
v 0.108987108 0.588627458 0.0077703651
v 0.141543254 0.597519338 -0.0198514685
v 0.118994899 0.595286191 -0.0129143018
v 0.108987108 0.657059133 0.0231629815
v 0.118994899 0.661911011 0.000662919367
v 0.0940612927 0.719518185 0.0282768272
v 0.116046995 0.727383077 -0.00253791036
v 0.086691089 0.756666601 0.030654883
v 0.112044662 0.769125104 -0.00213467074
v 0.0822527111 0.777908027 0.0304054786
v 0.107844025 0.795128465 -0.00149024732
v 0.0765908137 0.799309134 0.0291220639
v 0.135877028 0.821040392 -0.00678376667
v 0.12938185 0.855338871 -0.00138617086
v 0.160882279 0.874698877 0.023015894
v 0.165806025 0.916861534 0.0335599221
v 0.143555805 0.932919443 0.0284811631
v 0.100511253 0.820791245 -0.000723398232
v 0.0835420787 0.840552509 -0.000640166341
v 0.0632618219 0.822601736 0.0273852032
v 0.0632596239 0.837216914 0.0303762667
v 0.107131638 0.87139678 -0.00646493118
v 0.130585715 0.930968165 0.0356520228
v 0.0790675208 0.851002872 0.00873729493
v 0.0663807392 0.842215776 0.0325840414
v 0.0806023851 0.854524732 0.0132102389
v 0.0979350284 0.87569648 0.0040729316
v 0.0975002274 0.876653016 0.00903000031
v 0.110030822 0.898537517 0.0231745783
v 0.112494305 0.89985007 0.0187227726
v 0.116944186 0.917366326 0.0522665493
v -0.421907991 1.19109511 -0.0644222274
v -0.435429633 1.18740356 -0.103244253
v -0.425034732 1.18644035 -0.110841841
v -0.455476433 1.1501596 -0.112085186
v -0.433020502 1.19099057 -0.0674731806
v -0.451405525 1.15621996 -0.0516407713
v -0.463523328 1.1575675 -0.106453739
v -0.461526543 1.16054034 -0.0572617836
v -0.482017577 1.10160589 -0.0472347587
v -0.486810148 1.11091065 -0.0543775931
v -0.485375404 1.09660769 -0.0970856845
v -0.489379883 1.10708475 -0.0925331637
v 0.421907991 1.19109511 -0.0644222274
v 0.425034732 1.18644035 -0.110841841
v 0.435429633 1.18740356 -0.103244253
v 0.455476433 1.1501596 -0.112085186
v 0.433020502 1.19099057 -0.0674731806
v 0.451405525 1.15621996 -0.0516407713
v 0.463523328 1.1575675 -0.106453739
v 0.461526543 1.16054034 -0.0572617836
v 0.482017577 1.10160589 -0.0472347587
v 0.486810148 1.11091065 -0.0543775931
v 0.485375404 1.09660769 -0.0970856845
v 0.489379883 1.10708475 -0.0925331637
v 0.342769831 1.20147729 -0.0528961457
v 0.338243216 1.20821607 -0.088263832
v 0.33230263 1.21705973 -0.0535756573
v 0.352023661 1.18770063 -0.0616934747
v 0.323427528 1.23027253 -0.0635498315
v 0.357585102 1.17942095 -0.077610299
v 0.318522513 1.23757541 -0.0801460743
v 0.35796383 1.17885697 -0.0963816494
v 0.318901181 1.23701143 -0.0989173651
v 0.353058726 1.18615985 -0.112977989
v 0.324463189 1.22873187 -0.114834182
v 0.344183683 1.19937241 -0.122951999
v 0.33371678 1.21495485 -0.123631515
v 0.371296555 1.24325228 -0.0535756573
v 0.377236903 1.23440874 -0.088263832
v 0.381763399 1.22766984 -0.0528961457
v 0.362421423 1.25646532 -0.0635498315
v 0.391017348 1.21389329 -0.0616934709
v 0.357515931 1.26376784 -0.0801460743
v 0.396578819 1.20561326 -0.077610299
v 0.357894897 1.26320386 -0.0989173651
v 0.396957815 1.20504916 -0.0963816494
v 0.363456458 1.25492418 -0.114834182
v 0.392052382 1.21235216 -0.112977989
v 0.372710496 1.24114704 -0.123631515
v 0.383177221 1.22556484 -0.122951999
v -0.287697971 1.44416666 -0.0167475212
v -0.254143059 1.47298765 0.00415132241
v -0.266612768 1.45442367 0.0181649607
v -0.302721292 1.40066719 0.00330123724
v -0.276514441 1.46081614 -0.0293158311
v -0.293841839 1.43501985 -0.0192766264
v -0.300850123 1.42458642 -0.03933331
v -0.310535133 1.38903475 -0.0190615728
v -0.275104135 1.46291542 -0.0403351784
v -0.245855078 1.48532653 -0.0606067702
v -0.253669083 1.47369301 -0.0829697996
v -0.299439788 1.42668617 -0.0503525101
v -0.302247077 1.40137351 -0.0838196576
v -0.282112092 1.45248258 -0.0603915639
v -0.288256288 1.44333553 -0.0629208162
v -0.289777935 1.41993666 -0.0978332981
v -0.240499735 1.43688357 0.0181649569
v -0.238004237 1.44059908 -0.00223551667
v -0.265808672 1.39920545 -0.0136807114
v -0.23336339 1.44750762 -0.00722840475
v -0.276608467 1.38312745 0.00330123748
v -0.228030309 1.45544755 0.00415131822
v -0.284422427 1.37149429 -0.0190617181
v -0.228009194 1.45547867 -0.0490638092
v -0.26877284 1.39479256 -0.0218803026
v -0.219742477 1.46778619 -0.0606067702
v -0.276134372 1.38383341 -0.0838196576
v -0.263437271 1.40273583 -0.0635711104
v -0.230971545 1.451069 -0.0571864843
v -0.227556393 1.45615304 -0.0829697996
v -0.26366505 1.40239656 -0.0978332981
v -0.25877592 1.40967536 -0.0686318278
v -0.323427528 1.23027253 -0.0635498315
v -0.318522513 1.23757541 -0.0801460743
v -0.338243216 1.20821607 -0.088263832
v -0.33230263 1.21705973 -0.0535756573
v -0.318901181 1.23701143 -0.0989173651
v -0.342769831 1.20147729 -0.0528961457
v -0.324463189 1.22873187 -0.114834182
v -0.352023661 1.18770063 -0.0616934747
v -0.33371678 1.21495485 -0.123631515
v -0.357585102 1.17942095 -0.077610299
v -0.344183683 1.19937241 -0.122951999
v -0.35796383 1.17885697 -0.0963816494
v -0.353058726 1.18615985 -0.112977989
v -0.372710496 1.24114704 -0.123631515
v -0.363456458 1.25492418 -0.114834182
v -0.377236903 1.23440874 -0.088263832
v -0.383177221 1.22556484 -0.122951999
v -0.357894897 1.26320386 -0.0989173651
v -0.392052382 1.21235216 -0.112977989
v -0.357515931 1.26376784 -0.0801460743
v -0.396957815 1.20504916 -0.0963816494
v -0.362421423 1.25646532 -0.0635498315
v -0.396578819 1.20561326 -0.077610299
v -0.371296555 1.24325228 -0.0535756573
v -0.391017348 1.21389329 -0.0616934709
v -0.381763399 1.22766984 -0.0528961457
v -0.352496475 1.20310462 -0.14626193
v -0.33746326 1.21240091 -0.145407453
v -0.334075809 1.19545853 -0.146055698
v -0.358215213 1.15931082 -0.148364469
v -0.373662055 1.23657429 -0.14540863
v -0.373649776 1.17147195 -0.148283273
v -0.375162244 1.15594745 -0.149013445
v -0.411361039 1.1801213 -0.149014607
v -0.398265988 1.18790138 -0.148284152
v -0.414748102 1.19706321 -0.148366511
v -0.378002614 1.22013128 -0.146262676
v -0.390609175 1.23321104 -0.146057606
v 0.287697971 1.44416666 -0.0167475212
v 0.266612768 1.45442367 0.0181649607
v 0.254143059 1.47298765 0.00415132241
v 0.302721292 1.40066719 0.00330123724
v 0.276514441 1.46081614 -0.0293158311
v 0.293841839 1.43501985 -0.0192766264
v 0.300850123 1.42458642 -0.03933331
v 0.310535133 1.38903475 -0.0190615728
v 0.275104135 1.46291542 -0.0403351784
v 0.245855078 1.48532653 -0.0606067702
v 0.253669083 1.47369301 -0.0829697996
v 0.299439788 1.42668617 -0.0503525101
v 0.302247077 1.40137351 -0.0838196576
v 0.282112092 1.45248258 -0.0603915639
v 0.288256288 1.44333553 -0.0629208162
v 0.289777935 1.41993666 -0.0978332981
v 0.240499735 1.43688357 0.0181649569
v 0.265808672 1.39920545 -0.0136807114
v 0.238004237 1.44059908 -0.00223551667
v 0.23336339 1.44750762 -0.00722840475
v 0.276608467 1.38312745 0.00330123748
v 0.228030309 1.45544755 0.00415131822
v 0.284422427 1.37149429 -0.0190617181
v 0.228009194 1.45547867 -0.0490638092
v 0.26877284 1.39479256 -0.0218803026
v 0.219742477 1.46778619 -0.0606067702
v 0.276134372 1.38383341 -0.0838196576
v 0.263437271 1.40273583 -0.0635711104
v 0.230971545 1.451069 -0.0571864843
v 0.227556393 1.45615304 -0.0829697996
v 0.26366505 1.40239656 -0.0978332981
v 0.25877592 1.40967536 -0.0686318278
v -0.0374873802 1.65929878 0.132505178
v -0.0295429192 1.65929878 0.132505178
v -0.0384515263 1.63779187 0.132505178
v -0.0384515263 1.6808058 0.132505178
v -0.0440690182 1.64340949 0.132505178
v -0.0599585287 1.62888336 0.132505178
v -0.0440690182 1.67518806 0.132505178
v -0.0599585287 1.68971443 0.132505178
v -0.0599585287 1.63682747 0.132505178
v -0.0814656839 1.63779175 0.132505178
v -0.046674449 1.64601469 0.127637371
v -0.0411720835 1.65929878 0.127637371
v -0.0599585287 1.64051199 0.127637371
v -0.046674449 1.67258286 0.127637371
v -0.0732427463 1.64601469 0.127637371
v -0.0599585287 1.68177009 0.132505178
v -0.0599585287 1.67808545 0.127637371
v -0.075848043 1.64340925 0.132505178
v -0.0787451565 1.65929878 0.127637371
v -0.075848043 1.67518806 0.132505178
v -0.0814656839 1.6808058 0.132505178
v -0.0732426047 1.67258286 0.127637371
v -0.0824297518 1.65929878 0.132505178
v -0.0903741345 1.65929878 0.132505178
v 0.0374873802 1.65929878 0.132505178
v 0.0384515263 1.63779187 0.132505178
v 0.0295429192 1.65929878 0.132505178
v 0.0384515263 1.6808058 0.132505178
v 0.0440690182 1.64340949 0.132505178
v 0.0599585287 1.62888336 0.132505178
v 0.0440690182 1.67518806 0.132505178
v 0.0599585287 1.68971443 0.132505178
v 0.0599585287 1.63682747 0.132505178
v 0.0814656839 1.63779175 0.132505178
v 0.046674449 1.64601469 0.127637371
v 0.0411720835 1.65929878 0.127637371
v 0.0599585287 1.64051199 0.127637371
v 0.046674449 1.67258286 0.127637371
v 0.0732427463 1.64601469 0.127637371
v 0.0599585287 1.68177009 0.132505178
v 0.0599585287 1.67808545 0.127637371
v 0.075848043 1.64340925 0.132505178
v 0.0787451565 1.65929878 0.127637371
v 0.075848043 1.67518806 0.132505178
v 0.0814656839 1.6808058 0.132505178
v 0.0732426047 1.67258286 0.127637371
v 0.0824297518 1.65929878 0.132505178
v 0.0903741345 1.65929878 0.132505178
v -0.114091262 0.562575877 0.0264047682
v -0.127937704 0.562575877 0.0264047682
v -0.123552978 0.57455951 0.0325742029
v -0.160015166 0.57455951 0.0325742029
v -0.127937704 0.544432223 0.0312664248
v -0.114091262 0.544432223 0.0312664248
v -0.127937704 0.526288509 0.0264047682
v -0.114091262 0.526288509 0.0264047682
v -0.127937704 0.513006508 0.0131227486
v -0.114091262 0.513006508 0.0131227486
v -0.127937704 0.508144855 -0.0050209281
v -0.114091262 0.508144855 -0.0050209281
v -0.127937704 0.513006508 -0.0231645964
v -0.114091262 0.513006508 -0.0231645964
v -0.127937704 0.526288509 -0.0364467651
v -0.114091262 0.526288509 -0.0364467651
v -0.127937704 0.544432223 -0.0413082689
v -0.114091262 0.544432223 -0.0413082689
v -0.127937704 0.562575877 -0.0364467651
v -0.114091262 0.562575877 -0.0364467651
v -0.127937704 0.575857878 -0.0231645964
v -0.114091262 0.575857878 -0.0231645964
v -0.123552978 0.588383913 -0.00922244601
v -0.155630589 0.575857878 -0.0231645964
v -0.160015166 0.588383913 -0.00922244601
v -0.169476733 0.575857878 -0.0231645964
v -0.155630589 0.562575877 -0.0364467651
v -0.169477016 0.562575877 -0.0364467651
v -0.155630589 0.544432223 -0.0413082689
v -0.169476733 0.544432223 -0.0413082689
v -0.155630589 0.526288509 -0.0364467651
v -0.169476733 0.526288509 -0.0364467651
v -0.155630589 0.51300633 -0.0231645964
v -0.169476733 0.51300633 -0.0231645964
v -0.155630589 0.508144855 -0.0050209281
v -0.169476733 0.508144855 -0.0050209281
v -0.155630589 0.51300633 0.0131227486
v -0.169476733 0.51300633 0.0131227486
v -0.155630589 0.526288509 0.0264047682
v -0.169476733 0.526288509 0.0264047682
v -0.155630589 0.544432223 0.0312664248
v -0.169476733 0.544432223 0.0312664248
v -0.155630589 0.562575877 0.0264047682
v -0.169477016 0.562575877 0.0264047682
v -0.155630589 0.575857878 -0.0231645964
v -0.155630589 0.562575877 -0.0364467651
v -0.155630589 0.544432223 -0.0050209281
v -0.155630589 0.562575877 0.0264047682
v -0.155630589 0.544432223 -0.0413082689
v -0.155630589 0.544432223 0.0312664248
v -0.155630589 0.526288509 -0.0364467651
v -0.155630589 0.526288509 0.0264047682
v -0.155630589 0.51300633 -0.0231645964
v -0.155630589 0.51300633 0.0131227486
v -0.155630589 0.508144855 -0.0050209281
v -0.127937704 0.562575877 -0.0364467651
v -0.127937704 0.575857878 -0.0231645964
v -0.127937704 0.544432223 -0.0050209281
v -0.127937704 0.544432223 -0.0413082689
v -0.127937704 0.562575877 0.0264047682
v -0.127937704 0.526288509 -0.0364467651
v -0.127937704 0.544432223 0.0312664248
v -0.127937704 0.513006508 -0.0231645964
v -0.127937704 0.526288509 0.0264047682
v -0.127937704 0.508144855 -0.0050209281
v -0.127937704 0.513006508 0.0131227486
v 0.114091262 0.562575877 0.0264047682
v 0.123552978 0.57455951 0.0325742029
v 0.127937704 0.562575877 0.0264047682
v 0.160015166 0.57455951 0.0325742029
v 0.127937704 0.544432223 0.0312664248
v 0.114091262 0.544432223 0.0312664248
v 0.127937704 0.526288509 0.0264047682
v 0.114091262 0.526288509 0.0264047682
v 0.127937704 0.513006508 0.0131227486
v 0.114091262 0.513006508 0.0131227486
v 0.127937704 0.508144855 -0.0050209281
v 0.114091262 0.508144855 -0.0050209281
v 0.127937704 0.513006508 -0.0231645964
v 0.114091262 0.513006508 -0.0231645964
v 0.127937704 0.526288509 -0.0364467651
v 0.114091262 0.526288509 -0.0364467651
v 0.127937704 0.544432223 -0.0413082689
v 0.114091262 0.544432223 -0.0413082689
v 0.127937704 0.562575877 -0.0364467651
v 0.114091262 0.562575877 -0.0364467651
v 0.127937704 0.575857878 -0.0231645964
v 0.114091262 0.575857878 -0.0231645964
v 0.123552978 0.588383913 -0.00922244601
v 0.155630589 0.575857878 -0.0231645964
v 0.160015166 0.588383913 -0.00922244601
v 0.169476733 0.575857878 -0.0231645964
v 0.155630589 0.562575877 -0.0364467651
v 0.169477016 0.562575877 -0.0364467651
v 0.155630589 0.544432223 -0.0413082689
v 0.169476733 0.544432223 -0.0413082689
v 0.155630589 0.526288509 -0.0364467651
v 0.169476733 0.526288509 -0.0364467651
v 0.155630589 0.51300633 -0.0231645964
v 0.169476733 0.51300633 -0.0231645964
v 0.155630589 0.508144855 -0.0050209281
v 0.169476733 0.508144855 -0.0050209281
v 0.155630589 0.51300633 0.0131227486
v 0.169476733 0.51300633 0.0131227486
v 0.155630589 0.526288509 0.0264047682
v 0.169476733 0.526288509 0.0264047682
v 0.155630589 0.544432223 0.0312664248
v 0.169476733 0.544432223 0.0312664248
v 0.155630589 0.562575877 0.0264047682
v 0.169477016 0.562575877 0.0264047682
v 0.155630589 0.575857878 -0.0231645964
v 0.155630589 0.544432223 -0.0050209281
v 0.155630589 0.562575877 -0.0364467651
v 0.155630589 0.562575877 0.0264047682
v 0.155630589 0.544432223 -0.0413082689
v 0.155630589 0.544432223 0.0312664248
v 0.155630589 0.526288509 -0.0364467651
v 0.155630589 0.526288509 0.0264047682
v 0.155630589 0.51300633 -0.0231645964
v 0.155630589 0.51300633 0.0131227486
v 0.155630589 0.508144855 -0.0050209281
v 0.127937704 0.562575877 -0.0364467651
v 0.127937704 0.544432223 -0.0050209281
v 0.127937704 0.575857878 -0.0231645964
v 0.127937704 0.544432223 -0.0413082689
v 0.127937704 0.562575877 0.0264047682
v 0.127937704 0.526288509 -0.0364467651
v 0.127937704 0.544432223 0.0312664248
v 0.127937704 0.513006508 -0.0231645964
v 0.127937704 0.526288509 0.0264047682
v 0.127937704 0.508144855 -0.0050209281
v 0.127937704 0.513006508 0.0131227486
v -0.123704918 0.489653111 0.0302611794
v -0.120020099 0.476226181 0.0272075832
v -0.10779456 0.488147199 0.0299187098
v -0.163548484 0.476226181 0.0272075832
v -0.123680703 0.526811063 0.0387119316
v -0.10779456 0.530591786 0.0395717025
v -0.120020099 0.542512953 0.0422829799
v -0.156184882 0.489653111 0.0302611794
v -0.175774187 0.488147199 0.0299187098
v -0.175774187 0.530591786 0.0395717025
v -0.156209096 0.526811063 0.0387119316
v -0.163548484 0.542512953 0.0422829799
v -0.132078469 0.129475653 -0.0294266604
v -0.114130743 0.129475802 -0.0372903869
v -0.121261239 0.129475653 -0.0402439833
v -0.121261239 0.129475653 -0.056423299
v -0.129124969 0.129475802 -0.022296166
v -0.151489839 0.129475653 -0.0294266604
v -0.154443473 0.129475802 -0.022296166
v -0.162307203 0.129475653 -0.0402439833
v -0.169437543 0.129475802 -0.0372903869
v -0.162307203 0.129475653 -0.056423299
v -0.169437706 0.129475936 -0.0755562186
v -0.162307203 0.129475653 -0.0726027265
v -0.114130601 0.129475936 -0.0755562186
v -0.121261239 0.129475653 -0.0726027265
v -0.150547996 0.129475936 -0.0944460481
v -0.147594377 0.129475653 -0.0873155445
v -0.135974213 0.129475653 -0.0873155445
v -0.13302058 0.129475936 -0.0944460481
v -0.121703528 0.0396784246 0.00698208436
v -0.113172337 0.0327107273 0.0024562953
v -0.127076611 0.0351724513 0.00405531656
v -0.156491682 0.0351724513 0.00405531656
v -0.170396119 0.0327107273 0.0024562953
v -0.161864758 0.0396784246 0.00698208436
v -0.113172337 0.0700819939 0.0267302096
v -0.121703528 0.0633378625 0.022349745
v -0.170396119 0.0700819939 0.0267302096
v -0.161864758 0.0633378625 0.022349745
v -0.152877629 0.0708746836 0.0272451602
v -0.156503573 0.0800821558 0.0332256779
v -0.130690664 0.0708746836 0.0272451602
v -0.127064884 0.0800821558 0.0332256779
v 0.123704918 0.489653111 0.0302611794
v 0.10779456 0.488147199 0.0299187098
v 0.120020099 0.476226181 0.0272075832
v 0.163548484 0.476226181 0.0272075832
v 0.123680703 0.526811063 0.0387119316
v 0.10779456 0.530591786 0.0395717025
v 0.120020099 0.542512953 0.0422829799
v 0.156184882 0.489653111 0.0302611794
v 0.175774187 0.488147199 0.0299187098
v 0.175774187 0.530591786 0.0395717025
v 0.156209096 0.526811063 0.0387119316
v 0.163548484 0.542512953 0.0422829799
v 0.132078469 0.129475653 -0.0294266604
v 0.121261239 0.129475653 -0.0402439833
v 0.114130743 0.129475802 -0.0372903869
v 0.121261239 0.129475653 -0.056423299
v 0.129124969 0.129475802 -0.022296166
v 0.151489839 0.129475653 -0.0294266604
v 0.154443473 0.129475802 -0.022296166
v 0.162307203 0.129475653 -0.0402439833
v 0.169437543 0.129475802 -0.0372903869
v 0.162307203 0.129475653 -0.056423299
v 0.169437706 0.129475936 -0.0755562186
v 0.162307203 0.129475653 -0.0726027265
v 0.114130601 0.129475936 -0.0755562186
v 0.121261239 0.129475653 -0.0726027265
v 0.150547996 0.129475936 -0.0944460481
v 0.147594377 0.129475653 -0.0873155445
v 0.135974213 0.129475653 -0.0873155445
v 0.13302058 0.129475936 -0.0944460481
v 0.121703528 0.0396784246 0.00698208436
v 0.127076611 0.0351724513 0.00405531656
v 0.113172337 0.0327107273 0.0024562953
v 0.156491682 0.0351724513 0.00405531656
v 0.170396119 0.0327107273 0.0024562953
v 0.161864758 0.0396784246 0.00698208436
v 0.113172337 0.0700819939 0.0267302096
v 0.121703528 0.0633378625 0.022349745
v 0.170396119 0.0700819939 0.0267302096
v 0.161864758 0.0633378625 0.022349745
v 0.152877629 0.0708746836 0.0272451602
v 0.156503573 0.0800821558 0.0332256779
v 0.130690664 0.0708746836 0.0272451602
v 0.127064884 0.0800821558 0.0332256779
v 0.352496475 1.20310462 -0.14626193
v 0.334075809 1.19545853 -0.146055698
v 0.33746326 1.21240091 -0.145407453
v 0.358215213 1.15931082 -0.148364469
v 0.373662055 1.23657429 -0.14540863
v 0.373649776 1.17147195 -0.148283273
v 0.375162244 1.15594745 -0.149013445
v 0.411361039 1.1801213 -0.149014607
v 0.398265988 1.18790138 -0.148284152
v 0.414748102 1.19706321 -0.148366511
v 0.378002614 1.22013128 -0.146262676
v 0.390609175 1.23321104 -0.146057606
v -0.227824733 1.37369156 -0.0136807114
v -0.213554561 1.39493608 -0.010818826
v -0.226812229 1.37519908 -0.0162760206
v -0.200297087 1.41467297 -0.0053614811
v -0.23078911 1.36927962 -0.0218803026
v -0.200020283 1.41508484 -0.00223551784
v -0.229038522 1.37188554 -0.0224345922
v -0.196819276 1.41985023 -0.00910325069
v -0.195379749 1.42199373 -0.00722840568
v -0.194298163 1.42360377 -0.028802935
v -0.225453332 1.37722182 -0.0635711104
v -0.22652562 1.37562561 -0.0420689508
v -0.224012792 1.3793664 -0.0617031716
v -0.190025494 1.42996454 -0.0490638092
v -0.191776916 1.42735732 -0.0485027693
v -0.193996713 1.4240526 -0.0545897037
v -0.192987591 1.42555475 -0.0571864843
v -0.207254305 1.40431547 -0.0600469001
v -0.22079204 1.38416123 -0.0686318204
v -0.220511779 1.38457847 -0.065504238
v -0.605338335 0.916846931 -0.0232419576
v -0.599461794 0.934039891 -0.0232419558
v -0.594834566 0.920946002 -0.00842785649
v -0.605338275 0.916847348 -0.0731655359
v -0.584592521 0.945297837 -0.00842785183
v -0.599461794 0.934039891 -0.0731655359
v -0.594834566 0.920946002 -0.0879797935
v -0.584592521 0.945297956 -0.0879797935
v -0.591521382 0.949847519 -0.0232419614
v -0.574904978 0.959741175 -0.00842785183
v -0.591521204 0.949847639 -0.0731655359
v -0.574905336 0.959741056 -0.0879797935
v -0.581744552 0.964424849 -0.0232419576
v -0.581744015 0.964424431 -0.0731655359
v -0.570132077 0.977770746 -0.0731655359
v -0.556261837 0.978457928 -0.0879797935
v -0.556455314 0.989731669 -0.0731655359
v -0.556455076 0.989731729 -0.0232419576
v -0.570131898 0.977770746 -0.0232419632
v -0.556261778 0.978457749 -0.00842785649
v -0.373054266 1.2374835 -0.165988326
v -0.360843778 1.20003712 -0.175012186
v -0.336855531 1.21330953 -0.165986881
v -0.333468705 1.19636738 -0.166635111
v -0.37612167 1.21023977 -0.175012618
v -0.390001297 1.23411989 -0.166637018
v -0.386309803 1.1949836 -0.175987169
v -0.414140642 1.19797206 -0.168945923
v -0.410753518 1.18102968 -0.16959402
v -0.374554664 1.15685642 -0.169592857
v -0.371031791 1.18478084 -0.175986573
v -0.357607633 1.16021967 -0.168943986
v 0.227824733 1.37369156 -0.0136807114
v 0.226812229 1.37519908 -0.0162760206
v 0.213554561 1.39493608 -0.010818826
v 0.200297087 1.41467297 -0.0053614811
v 0.23078911 1.36927962 -0.0218803026
v 0.200020283 1.41508484 -0.00223551784
v 0.229038522 1.37188554 -0.0224345922
v 0.196819276 1.41985023 -0.00910325069
v 0.195379749 1.42199373 -0.00722840568
v 0.194298163 1.42360377 -0.028802935
v 0.225453332 1.37722182 -0.0635711104
v 0.22652562 1.37562561 -0.0420689508
v 0.224012792 1.3793664 -0.0617031716
v 0.190025494 1.42996454 -0.0490638092
v 0.191776916 1.42735732 -0.0485027693
v 0.193996713 1.4240526 -0.0545897037
v 0.192987591 1.42555475 -0.0571864843
v 0.207254305 1.40431547 -0.0600469001
v 0.22079204 1.38416123 -0.0686318204
v 0.220511779 1.38457847 -0.065504238
v -0.0732427463 1.64601469 0.127637371
v -0.0787451565 1.65929878 0.127637371
v -0.0599585287 1.65929878 0.124593168
v -0.0599585287 1.64051199 0.127637371
v -0.0732426047 1.67258286 0.127637371
v -0.046674449 1.64601469 0.127637371
v -0.0599585287 1.67808545 0.127637371
v -0.0411720835 1.65929878 0.127637371
v -0.046674449 1.67258286 0.127637371
v 0.0732427463 1.64601469 0.127637371
v 0.0599585287 1.65929878 0.124593168
v 0.0787451565 1.65929878 0.127637371
v 0.0599585287 1.64051199 0.127637371
v 0.0732426047 1.67258286 0.127637371
v 0.046674449 1.64601469 0.127637371
v 0.0599585287 1.67808545 0.127637371
v 0.0411720835 1.65929878 0.127637371
v 0.046674449 1.67258286 0.127637371
v -0.175774187 0.526021481 0.059666995
v -0.150970042 0.494130462 0.0603312366
v -0.175774187 0.483576864 0.0500140078
v -0.163548484 0.471655935 0.0473028757
v -0.150970042 0.512044251 0.064405337
v -0.163548484 0.537942767 0.0623782761
v -0.120020099 0.537942767 0.0623782761
v -0.132598549 0.494130462 0.0603312366
v -0.120020099 0.471655935 0.0473028757
v -0.10779456 0.483576864 0.0500140078
v -0.10779456 0.526021481 0.059666995
v -0.132598549 0.512044251 0.064405337
v 0.599461794 0.934039891 -0.0731655359
v 0.594834566 0.920946002 -0.0879797935
v 0.605338275 0.916847348 -0.0731655359
v 0.584592521 0.945297956 -0.0879797935
v 0.599461794 0.934039891 -0.0232419558
v 0.605338335 0.916846931 -0.0232419576
v 0.594834566 0.920946002 -0.00842785649
v 0.584592521 0.945297837 -0.00842785183
v 0.591521382 0.949847519 -0.0232419614
v 0.574904978 0.959741175 -0.00842785183
v 0.591521204 0.949847639 -0.0731655359
v 0.574905336 0.959741056 -0.0879797935
v 0.581744552 0.964424849 -0.0232419576
v 0.581744015 0.964424431 -0.0731655359
v 0.570132077 0.977770746 -0.0731655359
v 0.556261837 0.978457928 -0.0879797935
v 0.556455314 0.989731669 -0.0731655359
v 0.556455076 0.989731729 -0.0232419576
v 0.570131898 0.977770746 -0.0232419632
v 0.556261778 0.978457749 -0.00842785649
v 0.175774187 0.526021481 0.059666995
v 0.175774187 0.483576864 0.0500140078
v 0.150970042 0.494130462 0.0603312366
v 0.163548484 0.471655935 0.0473028757
v 0.150970042 0.512044251 0.064405337
v 0.163548484 0.537942767 0.0623782761
v 0.120020099 0.537942767 0.0623782761
v 0.132598549 0.494130462 0.0603312366
v 0.120020099 0.471655935 0.0473028757
v 0.10779456 0.483576864 0.0500140078
v 0.10779456 0.526021481 0.059666995
v 0.132598549 0.512044251 0.064405337
v 0.333468705 1.19636738 -0.166635111
v 0.357607633 1.16021967 -0.168943986
v 0.371031791 1.18478084 -0.175986573
v 0.374554664 1.15685642 -0.169592857
v 0.360843778 1.20003712 -0.175012186
v 0.336855531 1.21330953 -0.165986881
v 0.373054266 1.2374835 -0.165988326
v 0.386309803 1.1949836 -0.175987169
v 0.410753518 1.18102968 -0.16959402
v 0.414140642 1.19797206 -0.168945923
v 0.390001297 1.23411989 -0.166637018
v 0.37612167 1.21023977 -0.175012618
v -0.515075386 0.98651135 -0.0714483559
v -0.504167378 0.981001318 -0.0592534803
v -0.503404081 0.979563475 -0.0660514906
v -0.512334526 0.984386563 -0.0741287991
v -0.501680315 0.982302606 -0.0392690189
v -0.529384613 0.996169627 -0.0715676844
v -0.503050685 0.982867658 -0.0421269424
v -0.531595886 0.997333407 -0.0740687624
v -0.510869563 0.990147293 -0.0277750865
v -0.538712919 1.00431955 -0.0595417768
v -0.512379467 0.991016805 -0.0301008821
v -0.541095555 1.00494385 -0.0656203479
v -0.527779698 1.00150204 -0.0278012156
v -0.537596107 1.00618553 -0.0424150974
v -0.526688397 1.0006758 -0.0302203726
v -0.539212465 1.00748789 -0.0394453146
v -0.49989596 0.974444091 -0.0360799246
v -0.501959085 0.971165836 -0.0681294948
v -0.503404081 0.979563475 -0.0660514906
v -0.501680315 0.982302606 -0.0392690189
v -0.512334526 0.984386563 -0.0741287991
v -0.511761546 0.984572947 -0.0212383736
v -0.514264882 0.977812409 -0.0792593732
v -0.510869563 0.990147293 -0.0277750865
v -0.531595886 0.997333407 -0.0740687624
v -0.532532573 0.998520553 -0.0212703552
v -0.536783516 0.992948115 -0.0791892111
v -0.527779698 1.00150204 -0.0278012156
v -0.541095555 1.00494385 -0.0656203479
v -0.547151566 1.00617349 -0.0361594893
v -0.549437761 1.00308561 -0.0679358765
v -0.539212465 1.00748789 -0.0394453146
v 0.152686626 1.45928359 -0.033659745
v 0.151678026 1.45041108 -0.033659745
v 0.153413862 1.4418776 -0.00286555523
v 0.154673189 1.44951761 0.0015824337
v 0.148558661 1.45021272 -0.0689020678
v 0.152813479 1.41917109 0.0196775161
v 0.148071021 1.44248497 -0.0644540787
v 0.153986067 1.42353141 0.0273815338
v 0.143395185 1.42473555 -0.0947011635
v 0.150037616 1.38837612 0.0279287789
v 0.143559173 1.42022324 -0.0869970098
v 0.150809303 1.3882885 0.0368246101
v 0.138580084 1.38967896 -0.104144245
v 0.145830065 1.35774517 0.0196775161
v 0.13935177 1.38959134 -0.0952484086
v 0.145994186 1.35323179 0.0273815338
v 0.135403171 1.35443568 -0.0947011635
v 0.141318366 1.33548141 -0.00286555523
v 0.136575922 1.35879624 -0.0869970098
v 0.140830711 1.32775474 0.0015824337
v 0.134716168 1.32845104 -0.0689020678
v 0.137711376 1.32755637 -0.033659745
v 0.135975525 1.33608985 -0.0644540787
v 0.136702731 1.31868494 -0.033659745
v -0.152686626 1.45928359 -0.033659745
v -0.154673189 1.44951761 0.0015824337
v -0.153413862 1.4418776 -0.00286555523
v -0.151678026 1.45041108 -0.033659745
v -0.152813479 1.41917109 0.0196775161
v -0.148558661 1.45021272 -0.0689020678
v -0.153986067 1.42353141 0.0273815338
v -0.148071021 1.44248497 -0.0644540787
v -0.150037616 1.38837612 0.0279287789
v -0.143395185 1.42473555 -0.0947011635
v -0.150809303 1.3882885 0.0368246101
v -0.143559173 1.42022324 -0.0869970098
v -0.14583005 1.35774517 0.0196775161
v -0.138580084 1.38967896 -0.104144245
v -0.145994186 1.35323179 0.0273815338
v -0.13935177 1.38959134 -0.0952484086
v -0.141318351 1.33548141 -0.00286555523
v -0.135403186 1.35443568 -0.0947011635
v -0.14083074 1.32775474 0.0015824337
v -0.136575922 1.35879624 -0.0869970098
v -0.137711376 1.32755637 -0.033659745
v -0.134716183 1.32845104 -0.0689020678
v -0.136702746 1.31868494 -0.033659745
v -0.13597551 1.33608985 -0.0644540787
v 0.0943889394 1.13761675 0.0254989062
v 0.0831061751 1.13761675 0.0254989062
v 0.0719721094 1.12831569 0.0659976155
v 0.0817431882 1.12705278 0.0714959055
v 0.0817431882 1.14818096 -0.0204979479
v 0.0415530875 1.12150657 0.0956447572
v 0.0719721094 1.14691806 -0.0149997966
v 0.0471943989 1.11931956 0.105167843
v 0.0471943989 1.15591395 -0.0541701652
v -0 1.11901438 0.106496312
v 0.0415530875 1.15372705 -0.0446469449
v -0 1.11648881 0.117492765
v -0 1.15874469 -0.0664949417
v -0.0415530875 1.12150657 0.0956447572
v -0 1.15621924 -0.0554986522
v -0.0471943989 1.11931956 0.105167843
v -0.0471943989 1.15591395 -0.0541701652
v -0.0719721094 1.12831569 0.0659976155
v -0.0415530875 1.15372705 -0.0446469449
v -0.0817431882 1.12705278 0.0714959055
v -0.0817431882 1.14818096 -0.0204979479
v -0.0831061751 1.13761675 0.0254989062
v -0.0719721094 1.14691806 -0.0149997966
v -0.0943889394 1.13761675 0.0254989062
v 0.081669718 1.04623234 0.0800248235
v 0.0838751495 1.05426848 0.0335625634
v 0.0943040997 1.05426848 0.0335625634
v 0.0726379603 1.04712105 0.0748865455
v 0.0726379603 1.06141603 -0.00776141137
v 0.0471521169 1.04034936 0.114037409
v 0.081669718 1.06230474 -0.0128996223
v 0.0419375747 1.04188871 0.105137743
v 0.0419375747 1.06664836 -0.0380127579
v -0 1.03819609 0.126486942
v 0.0471521169 1.06818759 -0.0469122604
v -0 1.03997338 0.116210528
v -0 1.06856346 -0.0490855351
v -0.0471521169 1.04034936 0.114037409
v -0 1.07034075 -0.0593618155
v -0.0419375747 1.04188871 0.105137743
v -0.0419375747 1.06664836 -0.0380127579
v -0.081669718 1.04623234 0.0800248235
v -0.0471521169 1.06818759 -0.0469122604
v -0.0726379603 1.04712105 0.0748865455
v -0.0726379603 1.06141603 -0.00776141137
v -0.0943040997 1.05426848 0.0335625634
v -0.081669718 1.06230474 -0.0128996223
v -0.0838751495 1.05426848 0.0335625634
v -0.113679357 0.417517185 -0.0167416483
v -0.113679357 0.466975003 -0.00841009151
v -0.104513139 0.46110329 -0.015353716
v -0.104513139 0.418492645 -0.0225319192
v -0.113679357 0.309840083 -0.0348809175
v -0.104513139 0.46110329 -0.0513847619
v -0.113679357 0.466975003 -0.055167187
v -0.104513139 0.416148484 -0.0717983022
v -0.113679357 0.417517185 -0.0776255652
v -0.104513139 0.315711826 -0.0753303021
v -0.113679357 0.309840083 -0.0814121738
v -0.104513139 0.315711826 -0.0398462079
v -0.169889241 0.466975003 -0.055167187
v -0.169889241 0.466975003 -0.00841009151
v -0.179055586 0.46110329 -0.015353716
v -0.179055586 0.46110329 -0.0513847619
v -0.169889241 0.417517185 -0.0776255652
v -0.179055586 0.418492645 -0.0225319192
v -0.169889241 0.417517185 -0.0167416483
v -0.179055586 0.416148484 -0.0717983022
v -0.169889241 0.309840083 -0.0814121738
v -0.179055586 0.315711826 -0.0753303021
v -0.169889241 0.309840083 -0.0348809175
v -0.179055586 0.315711826 -0.0398462079
v 0.113679357 0.417517185 -0.0167416483
v 0.104513139 0.46110329 -0.015353716
v 0.113679357 0.466975003 -0.00841009151
v 0.104513139 0.418492645 -0.0225319192
v 0.113679357 0.309840083 -0.0348809175
v 0.104513139 0.46110329 -0.0513847619
v 0.113679357 0.466975003 -0.055167187
v 0.104513139 0.416148484 -0.0717983022
v 0.113679357 0.417517185 -0.0776255652
v 0.104513139 0.315711826 -0.0753303021
v 0.113679357 0.309840083 -0.0814121738
v 0.104513139 0.315711826 -0.0398462079
v 0.169889241 0.466975003 -0.055167187
v 0.179055586 0.46110329 -0.015353716
v 0.169889241 0.466975003 -0.00841009151
v 0.179055586 0.46110329 -0.0513847619
v 0.169889241 0.417517185 -0.0776255652
v 0.179055586 0.418492645 -0.0225319192
v 0.169889241 0.417517185 -0.0167416483
v 0.179055586 0.416148484 -0.0717983022
v 0.169889241 0.309840083 -0.0814121738
v 0.179055586 0.315711826 -0.0753303021
v 0.169889241 0.309840083 -0.0348809175
v 0.179055586 0.315711826 -0.0398462079
v 0.515075386 0.98651135 -0.0714483559
v 0.512334526 0.984386563 -0.0741287991
v 0.503404081 0.979563475 -0.0660514906
v 0.529384613 0.996169627 -0.0715676844
v 0.504167378 0.981001318 -0.0592534803
v 0.531595886 0.997333407 -0.0740687624
v 0.501680315 0.982302606 -0.0392690189
v 0.538712919 1.00431955 -0.0595417768
v 0.503050685 0.982867658 -0.0421269424
v 0.541095555 1.00494385 -0.0656203479
v 0.510869563 0.990147293 -0.0277750865
v 0.537596107 1.00618553 -0.0424150974
v 0.512379467 0.991016805 -0.0301008821
v 0.539212465 1.00748789 -0.0394453146
v 0.527779698 1.00150204 -0.0278012156
v 0.526688397 1.0006758 -0.0302203726
v 0.49989596 0.974444091 -0.0360799246
v 0.503404081 0.979563475 -0.0660514906
v 0.501959085 0.971165836 -0.0681294948
v 0.501680315 0.982302606 -0.0392690189
v 0.512334526 0.984386563 -0.0741287991
v 0.511761546 0.984572947 -0.0212383736
v 0.514264882 0.977812409 -0.0792593732
v 0.510869563 0.990147293 -0.0277750865
v 0.531595886 0.997333407 -0.0740687624
v 0.532532573 0.998520553 -0.0212703552
v 0.536783516 0.992948115 -0.0791892111
v 0.527779698 1.00150204 -0.0278012156
v 0.541095555 1.00494385 -0.0656203479
v 0.547151566 1.00617349 -0.0361594893
v 0.549437761 1.00308561 -0.0679358765
v 0.539212465 1.00748789 -0.0394453146
v -0.495543152 0.97181493 -0.0340530016
v -0.497979492 0.968187451 -0.0702305511
v -0.501959085 0.971165836 -0.0681294948
v -0.49989596 0.974444091 -0.0360799246
v -0.514264882 0.977812409 -0.0792593732
v -0.509756684 0.983960629 -0.0161939599
v -0.513221979 0.976362646 -0.0844065472
v -0.511761546 0.984572947 -0.0212383736
v -0.536783516 0.992948115 -0.0791892111
v -0.533826292 1.00012851 -0.0161939654
v -0.53844732 0.993306577 -0.0844065472
v -0.532532573 0.998520553 -0.0212703552
v -0.549437761 1.00308561 -0.0679358765
v -0.55119729 1.00919855 -0.0340530053
v -0.553634048 1.00557065 -0.0702305511
v -0.547151566 1.00617349 -0.0361594893
v 0.495543152 0.97181493 -0.0340530016
v 0.501959085 0.971165836 -0.0681294948
v 0.497979492 0.968187451 -0.0702305511
v 0.49989596 0.974444091 -0.0360799246
v 0.514264882 0.977812409 -0.0792593732
v 0.509756684 0.983960629 -0.0161939599
v 0.513221979 0.976362646 -0.0844065472
v 0.511761546 0.984572947 -0.0212383736
v 0.536783516 0.992948115 -0.0791892111
v 0.533826292 1.00012851 -0.0161939654
v 0.53844732 0.993306577 -0.0844065472
v 0.532532573 0.998520553 -0.0212703552
v 0.549437761 1.00308561 -0.0679358765
v 0.55119729 1.00919855 -0.0340530053
v 0.553634048 1.00557065 -0.0702305511
v 0.547151566 1.00617349 -0.0361594893
vt 0.80864054 0.93544358
vt 0.811829031 0.923925579
vt 0.809083879 0.923183024
vt 0.80864054 0.93544358
vt 0.811526835 0.93523258
vt 0.811867416 0.952372134
vt 0.811867416 0.952372134
vt 0.81425184 0.950573146
vt 0.82359463 0.959415019
vt 0.823565781 0.957171619
vt 0.809083879 0.923183024
vt 0.821952879 0.910013735
vt 0.820029914 0.907831848
vt 0.833092749 0.902867377
vt 0.833637655 0.900963724
vt 0.72063911 0.247724608
vt 0.72238183 0.242853478
vt 0.718961596 0.242831185
vt 0.72063911 0.273671925
vt 0.722426295 0.268837273
vt 0.718774915 0.268855393
vt 0.72063911 0.261472523
vt 0.722458601 0.256638587
vt 0.718806386 0.256640255
vt 0.722274005 0.29717043
vt 0.724815786 0.290484071
vt 0.719757855 0.290470004
vt 0.72063911 0.273671925
vt 0.722426295 0.268837273
vt 0.718774915 0.268855393
vt 0.72063911 0.261472523
vt 0.722458601 0.256638587
vt 0.718806386 0.256640255
vt 0.722274005 0.29717043
vt 0.724815786 0.290484071
vt 0.719757855 0.290470004
vt 0.72063911 0.273671925
vt 0.722426295 0.268837273
vt 0.718774915 0.268855393
vt 0.72063911 0.261472523
vt 0.722458601 0.256638587
vt 0.718806386 0.256640255
vt 0.722274005 0.29717043
vt 0.724815786 0.290484071
vt 0.719757855 0.290470004
vt 0.72063911 0.273671925
vt 0.722426295 0.268837273
vt 0.718774915 0.268855393
vt 0.72063911 0.261472523
vt 0.722458601 0.256638587
vt 0.718806386 0.256640255
vt 0.722274005 0.29717043
vt 0.724815786 0.290484071
vt 0.719757855 0.290470004
vt 0.417453498 0.134321928
vt 0.399042457 0.10320507
vt 0.393721968 0.108806677
vt 0.399042457 0.10320507
vt 0.351465195 0.0916372389
vt 0.352997571 0.0832607299
vt 0.417453498 0.134321928
vt 0.410747498 0.137991086
vt 0.435281128 0.175076082
vt 0.428420633 0.177988186
vt 0.461295336 0.216882825
vt 0.461295336 0.216882825
vt 0.45216465 0.218400761
vt 0.466929555 0.26551646
vt 0.458803505 0.266443312
vt 0.538327515 0.134321928
vt 0.562059939 0.108806677
vt 0.556738555 0.10320507
vt 0.556738555 0.10320507
vt 0.604316771 0.0916372389
vt 0.602784455 0.0832607299
vt 0.538327515 0.134321928
vt 0.545033514 0.137991086
vt 0.520499885 0.175076082
vt 0.527361333 0.177988186
vt 0.494485706 0.216882825
vt 0.494485706 0.216882825
vt 0.503617346 0.218400761
vt 0.488851458 0.26551646
vt 0.496977508 0.266443312
vt 0.80864054 0.93544358
vt 0.809083879 0.923183024
vt 0.811829031 0.923925579
vt 0.80864054 0.93544358
vt 0.811526835 0.93523258
vt 0.811867416 0.952372134
vt 0.811867416 0.952372134
vt 0.81425184 0.950573146
vt 0.82359463 0.959415019
vt 0.823565781 0.957171619
vt 0.809083879 0.923183024
vt 0.821952879 0.910013735
vt 0.820029914 0.907831848
vt 0.833092749 0.902867377
vt 0.833637655 0.900963724
vt 0.72063911 0.247724608
vt 0.718961596 0.242831185
vt 0.72238183 0.242853478
vt 0.72063911 0.273671925
vt 0.718774915 0.268855393
vt 0.722426295 0.268837273
vt 0.72063911 0.261472523
vt 0.718806386 0.256640255
vt 0.722458601 0.256638587
vt 0.722274005 0.29717043
vt 0.719757855 0.290470004
vt 0.724815786 0.290484071
vt 0.72063911 0.273671925
vt 0.718774915 0.268855393
vt 0.722426295 0.268837273
vt 0.72063911 0.261472523
vt 0.718806386 0.256640255
vt 0.722458601 0.256638587
vt 0.722274005 0.29717043
vt 0.719757855 0.290470004
vt 0.724815786 0.290484071
vt 0.72063911 0.273671925
vt 0.718774915 0.268855393
vt 0.722426295 0.268837273
vt 0.72063911 0.261472523
vt 0.718806386 0.256640255
vt 0.722458601 0.256638587
vt 0.722274005 0.29717043
vt 0.719757855 0.290470004
vt 0.724815786 0.290484071
vt 0.72063911 0.273671925
vt 0.718774915 0.268855393
vt 0.722426295 0.268837273
vt 0.72063911 0.261472523
vt 0.718806386 0.256640255
vt 0.722458601 0.256638587
vt 0.722274005 0.29717043
vt 0.719757855 0.290470004
vt 0.724815786 0.290484071
vt 0.979188144 0.211705402
vt 0.988022268 0.213607132
vt 0.99023813 0.203312546
vt 0.981807292 0.202391937
vt 0.974345028 0.209535807
vt 0.989906728 0.192716286
vt 0.977606714 0.201697871
vt 0.970086157 0.206288204
vt 0.981959522 0.193904251
vt 0.987158835 0.1823477
vt 0.973632395 0.200578183
vt 0.967100561 0.20175156
vt 0.977873981 0.19447577
vt 0.979291737 0.185776591
vt 0.981864631 0.172959715
vt 0.973807991 0.177503094
vt 0.975421965 0.187759191
vt 0.969743788 0.181161791
vt 0.969636977 0.198976487
vt 0.965177476 0.196566731
vt 0.974064291 0.195102632
vt 0.971921146 0.189972535
vt 0.966908395 0.185719281
vt 0.970028341 0.195717961
vt 0.968540728 0.192775637
vt 0.965177476 0.190954164
vt 0.97382921 0.160138354
vt 0.98286289 0.162261009
vt 0.98492986 0.151623055
vt 0.976766288 0.150759235
vt 0.968948662 0.157846823
vt 0.984967411 0.141091421
vt 0.972459972 0.149978176
vt 0.964954436 0.154347584
vt 0.976836622 0.142200187
vt 0.982123554 0.130734846
vt 0.968518794 0.14887616
vt 0.962099612 0.149918303
vt 0.97279495 0.142863482
vt 0.974205911 0.134108037
vt 0.976767838 0.121023789
vt 0.968605816 0.125948563
vt 0.97038883 0.136100918
vt 0.964656889 0.129634365
vt 0.96459955 0.147234887
vt 0.96024543 0.144838184
vt 0.969002426 0.143428251
vt 0.96690625 0.138337716
vt 0.961910546 0.134165853
vt 0.965017021 0.144022688
vt 0.963559568 0.141115889
vt 0.96024543 0.139326662
vt 0.843329251 0.807630837
vt 0.869507372 0.807521045
vt 0.865401089 0.796148002
vt 0.847340405 0.796223342
vt 0.732209742 0.760335267
vt 0.766718447 0.751523077
vt 0.750691712 0.688792288
vt 0.716682017 0.697972834
vt 0.700847208 0.657288849
vt 0.726410449 0.651738107
vt 0.719075978 0.598539114
vt 0.693904221 0.602014482
vt 0.673024356 0.604216516
vt 0.706625402 0.761155665
vt 0.7238006 0.809873641
vt 0.694116294 0.701708257
vt 0.70296675 0.803007424
vt 0.678414881 0.660219133
vt 0.63951546 0.606136501
vt 0.641807735 0.662493169
vt 0.641103446 0.704249084
vt 0.70800525 0.81590122
vt 0.719430983 0.818720281
vt 0.672775924 0.83443898
vt 0.670738876 0.828232944
vt 0.660069048 0.814777672
vt 0.615968168 0.66343838
vt 0.615386784 0.606835961
vt 0.592438161 0.606737137
vt 0.615887582 0.704790294
vt 0.590873182 0.663687766
vt 0.616128445 0.766485751
vt 0.6394943 0.769717276
vt 0.609722793 0.807389557
vt 0.628852427 0.815175951
vt 0.574139416 0.765049279
vt 0.564769804 0.663012326
vt 0.569232523 0.605343044
vt 0.53622061 0.601701677
vt 0.577382565 0.706252515
vt 0.527372956 0.656937659
vt 0.517762482 0.598539114
vt 0.508057117 0.651217043
vt 0.491976678 0.692727268
vt 0.557112992 0.705779493
vt 0.511370301 0.69992739
vt 0.473250031 0.751427114
vt 0.553350627 0.766550958
vt 0.496484488 0.754925549
vt 0.473626107 0.798839271
vt 0.578013897 0.804897726
vt 0.534516394 0.811370432
vt 0.560946167 0.811917484
vt 0.493446678 0.795542419
vt 0.523017704 0.822339594
vt 0.578006208 0.819381416
vt 0.570666015 0.823680937
vt 0.57679534 0.82518357
vt 0.608947515 0.828272283
vt 0.488178045 0.806535542
vt 0.476824164 0.807980478
vt 0.5204041 0.828160942
vt 0.609501123 0.822285831
vt 0.614926159 0.828824818
vt 0.617315352 0.826678455
vt 0.190573394 0.0962054655
vt 0.229370221 0.0967881083
vt 0.22964178 0.0787302554
vt 0.190844178 0.0781469196
vt 0.229370221 0.0967881083
vt 0.25176996 0.0971247703
vt 0.252041429 0.0790662318
vt 0.22964178 0.0787302554
vt 0.537969708 0.984463334
vt 0.540785789 0.991774797
vt 0.558346748 0.991774797
vt 0.558919549 0.984249234
vt 0.537969708 0.96411109
vt 0.506327927 0.96411109
vt 0.558918536 0.96411109
vt 0.506330788 0.984429717
vt 0.536368191 0.991774678
vt 0.508398473 0.991774678
vt 0.483304501 0.984089017
vt 0.504438698 0.991774797
vt 0.483741164 0.991774797
vt 0.483306527 0.964111209
vt 0.458132744 0.984102607
vt 0.479756236 0.991774678
vt 0.460813642 0.991774797
vt 0.458128989 0.964111209
vt 0.435678422 0.984429717
vt 0.435678363 0.96411109
vt 0.456511319 0.991774797
vt 0.437789321 0.991774797
vt 0.561714649 0.991774678
vt 0.582854509 0.991774678
vt 0.585302174 0.984277964
vt 0.585304141 0.96411109
vt 0.604722619 0.984463334
vt 0.604722679 0.964111209
vt 0.637471616 0.96411109
vt 0.637471616 0.984429598
vt 0.602436066 0.991774797
vt 0.586492062 0.991774797
vt 0.607075274 0.991774678
vt 0.635589123 0.991774797
vt 0.960280001 0.750104725
vt 0.939821422 0.750104725
vt 0.939822376 0.793315232
vt 0.960280001 0.793315232
vt 0.939822376 0.810478866
vt 0.960280955 0.810478866
vt 0.939823329 0.853688419
vt 0.960280955 0.853688419
vt 0.939823329 0.870852172
vt 0.960280955 0.870852172
vt 0.939823329 0.91406256
vt 0.960280955 0.91406256
vt 0.939823329 0.931226313
vt 0.960280955 0.93122524
vt 0.939823329 0.974435866
vt 0.960280955 0.974435866
vt 0.939823329 0.9915995
vt 0.960280955 0.9915995
vt 0.168173671 0.0958695561
vt 0.190573394 0.0962054655
vt 0.190844178 0.0781469196
vt 0.16844523 0.077810958
vt 0.145349413 0.0774647221
vt 0.145078465 0.0955226272
vt 0.134386227 0.099423863
vt 0.134779379 0.0732443333
vt 0.884048879 0.76926589
vt 0.865401089 0.796148002
vt 0.87482053 0.803730309
vt 0.867602885 0.751502395
vt 0.886781991 0.763239861
vt 0.900237381 0.733973026
vt 0.875732481 0.723800421
vt 0.924644768 0.756689668
vt 0.923270166 0.767988682
vt 0.93878299 0.738423228
vt 0.920794785 0.725071788
vt 0.941352189 0.716169834
vt 0.902807176 0.711718082
vt 0.828693211 0.769340634
vt 0.837920964 0.803805768
vt 0.847340405 0.796223342
vt 0.8451913 0.751531601
vt 0.825972617 0.76330936
vt 0.812645257 0.733983278
vt 0.837034523 0.723850965
vt 0.78813833 0.756594539
vt 0.789463103 0.767898679
vt 0.774080575 0.738266587
vt 0.792126715 0.724992752
vt 0.810172856 0.711718082
vt 0.771608174 0.716001511
vt 0.865401089 0.796148002
vt 0.867602885 0.751502395
vt 0.8451913 0.751531601
vt 0.847340405 0.796223342
vt 0.252041429 0.0790662318
vt 0.25176996 0.0971247703
vt 0.278079778 0.0994238704
vt 0.27841866 0.0762028396
vt 0.125878721 0.826732934
vt 0.143032461 0.859312713
vt 0.143038124 0.826736271
vt 0.125873059 0.859309494
vt 0.1214405 0.859308779
vt 0.121445388 0.826732934
vt 0.104988307 0.826729715
vt 0.104982696 0.859306276
vt 0.0975684226 0.859305441
vt 0.0975741446 0.82672888
vt 0.0846261084 0.859312713
vt 0.0846357048 0.826724827
vt 0.0772191584 0.826722443
vt 0.0772086084 0.859310329
vt 0.0607547462 0.826717556
vt 0.0607451499 0.859305441
vt 0.0563109815 0.859303892
vt 0.0563208163 0.826716006
vt 0.094493717 0.821584523
vt 0.103987128 0.820625365
vt 0.0875590742 0.821745694
vt 0.0784610212 0.821511567
vt 0.0856442153 0.817205489
vt 0.0957563818 0.816678226
vt 0.0956431925 0.809602678
vt 0.101774067 0.803585827
vt 0.0851371586 0.810235322
vt 0.0782876909 0.805152357
vt 0.0856507123 0.806249917
vt 0.081753701 0.801963389
vt 0.0946516097 0.805934012
vt 0.0977062881 0.800986469
vt 0.534560442 0.925020456
vt 0.557658136 0.925866961
vt 0.557670236 0.911532164
vt 0.536803365 0.912625551
vt 0.535916328 0.902858496
vt 0.556676269 0.899777889
vt 0.53272897 0.891408801
vt 0.553638875 0.885423541
vt 0.514714241 0.858257055
vt 0.54241842 0.859045267
vt 0.531112969 0.835985661
vt 0.555850208 0.852441072
vt 0.506396115 0.832465291
vt 0.503621757 0.853897572
vt 0.49618727 0.831728935
vt 0.495420218 0.853008986
vt 0.481958568 0.854007006
vt 0.479124308 0.832110524
vt 0.47345984 0.855811596
vt 0.468580306 0.833824515
vt 0.462111413 0.861488223
vt 0.443419397 0.839864731
vt 0.434032917 0.864373446
vt 0.419755638 0.858887196
vt 0.422597885 0.891188383
vt 0.44530201 0.900790453
vt 0.536803365 0.912625551
vt 0.530096352 0.922581553
vt 0.534560442 0.925020456
vt 0.53210938 0.912312984
vt 0.535916328 0.902858496
vt 0.531036019 0.903788328
vt 0.528375149 0.893351316
vt 0.53272897 0.891408801
vt 0.510703743 0.862803698
vt 0.514714241 0.858257055
vt 0.502364576 0.858641028
vt 0.503621757 0.853897572
vt 0.495420218 0.853008986
vt 0.495404899 0.85764873
vt 0.481958568 0.854007006
vt 0.482533693 0.85891819
vt 0.475300252 0.860742211
vt 0.47345984 0.855811596
vt 0.462111413 0.861488223
vt 0.466905177 0.865967631
vt 0.44530201 0.900790453
vt 0.450942099 0.901355028
vt 0.132090628 0.793551385
vt 0.132090628 0.761848867
vt 0.103302479 0.761848867
vt 0.103302479 0.793551385
vt 0.623746812 0.850019395
vt 0.622852683 0.84588176
vt 0.611036897 0.84588176
vt 0.610142589 0.850019395
vt 0.608649731 0.84588176
vt 0.594331801 0.84588176
vt 0.593935609 0.84998697
vt 0.593038201 0.84588176
vt 0.565582573 0.849884212
vt 0.565582573 0.84588176
vt 0.639953673 0.84998697
vt 0.625236332 0.84588176
vt 0.639561534 0.84588176
vt 0.668306589 0.849884093
vt 0.640852034 0.84588176
vt 0.668306649 0.845881879
vt 0.565582573 0.849884212
vt 0.565582573 0.865832627
vt 0.593935549 0.865832627
vt 0.593935609 0.84998697
vt 0.610142529 0.865832627
vt 0.610142589 0.850019395
vt 0.623746812 0.850019395
vt 0.623746872 0.865832627
vt 0.639953673 0.84998697
vt 0.639953673 0.865832627
vt 0.668306589 0.849884093
vt 0.668306649 0.865832627
vt 0.601687253 0.915771902
vt 0.601687253 0.900445521
vt 0.599270105 0.897453308
vt 0.599270105 0.911956012
vt 0.567567587 0.911956012
vt 0.565151215 0.915771902
vt 0.565151215 0.900445521
vt 0.567567587 0.897453308
vt 0.601687253 0.915771902
vt 0.565151215 0.915771902
vt 0.565151215 0.944134772
vt 0.601687253 0.944134772
vt 0.590223014 0.955598831
vt 0.576614618 0.955598831
vt 0.412884325 0.727337897
vt 0.41675213 0.716206729
vt 0.40803951 0.72073555
vt 0.422306418 0.723649919
vt 0.423035443 0.698990524
vt 0.41753304 0.733969629
vt 0.44359535 0.725129783
vt 0.428056002 0.731444716
vt 0.420704275 0.740888
vt 0.441279441 0.732923865
vt 0.43193841 0.739991307
vt 0.420614362 0.750818789
vt 0.440100968 0.739196539
vt 0.432089865 0.751541376
vt 0.417498916 0.758032084
vt 0.44053027 0.751834512
vt 0.42837429 0.760439456
vt 0.412821829 0.764819205
vt 0.442118764 0.758297682
vt 0.422458708 0.768785834
vt 0.407543898 0.771085501
vt 0.444926262 0.766360641
vt 0.41647923 0.777201116
vt 0.399553001 0.778292239
vt 0.42505154 0.79565084
vt 0.406751633 0.787217855
vt 0.394447446 0.781915367
vt 0.418705046 0.803751171
vt 0.400743008 0.791462302
vt 0.385071456 0.787677109
vt 0.411743045 0.808576345
vt 0.389004946 0.797100782
vt 0.401661515 0.81157583
vt 0.652264535 0.256980956
vt 0.65090692 0.290911078
vt 0.664538682 0.29082197
vt 0.663549721 0.256747663
vt 0.647982776 0.249088109
vt 0.652264535 0.256980956
vt 0.663549721 0.256747663
vt 0.668159544 0.2493141
vt 0.652264535 0.256980956
vt 0.647982776 0.249088109
vt 0.643002808 0.275657535
vt 0.65090692 0.290911078
vt 0.640367746 0.27975142
vt 0.614053547 0.273394376
vt 0.619630456 0.283356011
vt 0.646966934 0.31165725
vt 0.656072438 0.292261362
vt 0.655258238 0.313476562
vt 0.614678085 0.30385679
vt 0.642646372 0.313438475
vt 0.617765009 0.307376325
vt 0.60850817 0.31290549
vt 0.628274202 0.318416893
vt 0.612034023 0.314042807
vt 0.608269095 0.323763013
vt 0.64473784 0.321976095
vt 0.648424923 0.322569817
vt 0.611920774 0.32285738
vt 0.61372453 0.33325398
vt 0.640747726 0.329872966
vt 0.643593311 0.332425356
vt 0.616409898 0.330576062
vt 0.623352468 0.338636577
vt 0.633237183 0.334730685
vt 0.634337962 0.338319033
vt 0.62427038 0.334909707
vt 0.664538682 0.29082197
vt 0.668159544 0.2493141
vt 0.663549721 0.256747663
vt 0.672578156 0.275715083
vt 0.675158918 0.279821068
vt 0.695775449 0.283638686
vt 0.701440036 0.273777515
vt 0.700483441 0.304114342
vt 0.6682356 0.311530054
vt 0.660537243 0.313079655
vt 0.660381794 0.291931629
vt 0.697379291 0.307579637
vt 0.672549784 0.313361555
vt 0.666704714 0.32239002
vt 0.686809361 0.318462253
vt 0.703017116 0.314271182
vt 0.706543982 0.313171983
vt 0.670370877 0.321837574
vt 0.671357453 0.332218796
vt 0.703044713 0.323044509
vt 0.706662118 0.323978424
vt 0.674217701 0.32975632
vt 0.680567443 0.338248581
vt 0.698513448 0.330687851
vt 0.701154888 0.333361745
vt 0.681728184 0.334588081
vt 0.69157958 0.338636577
vt 0.690675676 0.334963113
vt 0.873206794 0.017252624
vt 0.862290919 0.0141356289
vt 0.862035036 0.0332885683
vt 0.873030126 0.030464828
vt 0.894178212 0.0175328851
vt 0.894001603 0.0307451189
vt 0.903873265 0.0308763087
vt 0.904049814 0.0176649094
vt 0.913920701 0.0177969337
vt 0.913744211 0.0310091674
vt 0.923615038 0.0311404169
vt 0.923791766 0.0179289579
vt 0.933486819 0.0312724411
vt 0.933663428 0.0180609822
vt 0.943357646 0.0314044654
vt 0.94353348 0.0181930065
vt 0.953228652 0.0315364897
vt 0.953405201 0.0183250606
vt 0.96309948 0.031668514
vt 0.963276863 0.0184570849
vt 0.972971141 0.0318005383
vt 0.97314769 0.018589139
vt 0.0259182211 0.318753511
vt 0.0464935377 0.243281573
vt 0.027156746 0.242963225
vt 0.045418568 0.32201305
vt 0.0176730789 0.333687037
vt 0.05576583 0.243383616
vt 0.0439404026 0.33893916
vt 0.0551777855 0.322550863
vt 0.0677014962 0.322880596
vt 0.06747628 0.24342975
vt 0.0767501667 0.243369907
vt 0.0522633269 0.339651197
vt 0.0774897709 0.322211415
vt 0.0960627124 0.243120342
vt 0.0970306024 0.318818301
vt 0.0791365281 0.339086622
vt 0.105423167 0.333676487
vt 0.0708451793 0.339739472
vt 0.079200469 0.396811873
vt 0.0711051747 0.39865303
vt 0.0842096135 0.421945095
vt 0.052410759 0.398744553
vt 0.0442935005 0.396964192
vt 0.0467681661 0.426302999
vt 0.0768741593 0.426104546
vt 0.0393993184 0.422186524
vt 0.0853622481 0.426388919
vt 0.0805142596 0.4297764
vt 0.105101652 0.424642473
vt 0.107981347 0.41930449
vt 0.105370574 0.428020298
vt 0.0382815674 0.426646501
vt 0.0431529954 0.42999351
vt 0.0182619132 0.428457677
vt 0.0185072683 0.425077468
vt 0.0155839892 0.419762105
vt 0.157406151 0.301078647
vt 0.157723546 0.225488499
vt 0.145397604 0.225394502
vt 0.14474231 0.302324504
vt 0.159470975 0.317722112
vt 0.137635961 0.302123636
vt 0.138472781 0.22532405
vt 0.126128882 0.225166038
vt 0.124978647 0.300878614
vt 0.13442263 0.318933159
vt 0.123009451 0.317814499
vt 0.148157299 0.318920165
vt 0.159278005 0.376340032
vt 0.13470377 0.374395996
vt 0.123778202 0.37649554
vt 0.148391336 0.374361098
vt 0.135149181 0.40129751
vt 0.125368237 0.40695554
vt 0.14823097 0.401288599
vt 0.158020943 0.406559378
vt 0.150982544 0.409618825
vt 0.155060381 0.41257298
vt 0.15137957 0.41310519
vt 0.1326617 0.40986836
vt 0.128586382 0.413016081
vt 0.13236843 0.413438916
vt 0.78894186 0.0288755149
vt 0.776531577 0.0361009017
vt 0.787046432 0.0361008942
vt 0.77418983 0.0288755
vt 0.788941085 0.0121024624
vt 0.815558314 0.0121024624
vt 0.774190664 0.0121024698
vt 0.81555748 0.0288755149
vt 0.790926456 0.0361008942
vt 0.813367248 0.0361009017
vt 0.8341434 0.0288755074
vt 0.817524195 0.0361009017
vt 0.831872106 0.0361008942
vt 0.834141016 0.0121024549
vt 0.84633255 0.0288755074
vt 0.84633255 0.0121024624
vt 0.836101174 0.0361009091
vt 0.844527006 0.0361008868
vt 0.756579995 0.0288755223
vt 0.756579161 0.0121024698
vt 0.758564532 0.0361008942
vt 0.771928251 0.0361008942
vt 0.741827905 0.0288755
vt 0.741829574 0.0121024624
vt 0.715211511 0.0121024624
vt 0.743388832 0.0361009091
vt 0.754198551 0.0361009017
vt 0.715211511 0.0288755149
vt 0.696545422 0.0121024624
vt 0.739452124 0.0361008868
vt 0.717219591 0.0361009166
vt 0.696545422 0.0288755074
vt 0.698286176 0.0361008942
vt 0.712874651 0.0361008942
vt 0.922741354 0.881006896
vt 0.934158623 0.856892526
vt 0.922741354 0.856892526
vt 0.934158623 0.881006896
vt 0.922741354 0.890585363
vt 0.934158623 0.890585363
vt 0.922741354 0.914700449
vt 0.934159338 0.914700449
vt 0.922741354 0.924279749
vt 0.934159338 0.924279749
vt 0.922741354 0.948394835
vt 0.934159338 0.948394835
vt 0.922741354 0.957973301
vt 0.934159338 0.957973301
vt 0.922741354 0.982088387
vt 0.934158623 0.982088387
vt 0.922741354 0.991666853
vt 0.934158623 0.991666853
vt 0.980907738 0.0152696669
vt 0.97314769 0.018589139
vt 0.972971141 0.0318005383
vt 0.980667233 0.0332885683
vt 0.758286893 0.833779395
vt 0.757151425 0.831462085
vt 0.749627888 0.831462085
vt 0.748040855 0.833779395
vt 0.249953613 0.149916381
vt 0.270454049 0.149916381
vt 0.270454049 0.127585441
vt 0.249953613 0.127585441
vt 0.209931284 0.295760989
vt 0.209280103 0.306057215
vt 0.213653415 0.300130248
vt 0.205502957 0.305827141
vt 0.208494395 0.310465932
vt 0.204714864 0.309720874
vt 0.208562344 0.319325328
vt 0.203999549 0.319594979
vt 0.203076154 0.342777014
vt 0.207648665 0.343292952
vt 0.202397376 0.353126526
vt 0.206073195 0.352396727
vt 0.202931911 0.357076287
vt 0.206603795 0.356772423
vt 0.207792133 0.366985202
vt 0.211277574 0.362476707
vt 0.211277574 0.362476707
vt 0.207792133 0.366985202
vt 0.233796149 0.370209098
vt 0.234448999 0.365727305
vt 0.259132713 0.36735785
vt 0.260781854 0.370802879
vt 0.263241917 0.367814779
vt 0.269877702 0.371884942
vt 0.270262331 0.368649721
vt 0.258316964 0.289214492
vt 0.26971969 0.286751866
vt 0.26714465 0.274827719
vt 0.255742759 0.277289271
vt 0.270468086 0.277981877
vt 0.269669503 0.27428174
vt 0.26714465 0.274827719
vt 0.26971969 0.286751866
vt 0.272668034 0.288170338
vt 0.303724498 0.76749295
vt 0.30410251 0.777061939
vt 0.306219637 0.776934266
vt 0.32616204 0.775428414
vt 0.325437397 0.762575924
vt 0.341475666 0.761596143
vt 0.327337682 0.796279073
vt 0.307470173 0.797561705
vt 0.343202919 0.774141669
vt 0.346084356 0.795068741
vt 0.357347935 0.761596143
vt 0.361056805 0.763765514
vt 0.366718918 0.772366524
vt 0.371074557 0.793455482
vt 0.370190203 0.803120196
vt 0.367601991 0.805952311
vt 0.347961813 0.808709919
vt 0.328104049 0.809876621
vt 0.305810988 0.805227518
vt 0.30535391 0.797689497
vt 0.260781854 0.370802879
vt 0.259346515 0.382866383
vt 0.268442303 0.383948565
vt 0.269877702 0.371884942
vt 0.259346515 0.382866383
vt 0.260781854 0.370802879
vt 0.233796149 0.370209098
vt 0.232153386 0.379435182
vt 0.208839387 0.374098778
vt 0.207792133 0.366985202
vt 0.185462207 0.371135712
vt 0.186303943 0.358666301
vt 0.202931911 0.357076287
vt 0.186486095 0.354396701
vt 0.202397376 0.353126526
vt 0.186646491 0.34293735
vt 0.203076154 0.342777014
vt 0.18947348 0.319752216
vt 0.203999549 0.319594979
vt 0.204714864 0.309720874
vt 0.182103902 0.342780113
vt 0.184956044 0.319450855
vt 0.181866556 0.353818417
vt 0.183258265 0.357848883
vt 0.169955224 0.359180689
vt 0.169657975 0.354360223
vt 0.169568092 0.34223175
vt 0.173171133 0.316468358
vt 0.188154727 0.308679104
vt 0.177048534 0.304571629
vt 0.178848475 0.29974699
vt 0.190808386 0.304697871
vt 0.192907065 0.308846951
vt 0.193366438 0.304338336
vt 0.205502957 0.305827141
vt 0.209931284 0.295760989
vt 0.191807181 0.291680098
vt 0.210644096 0.288488746
vt 0.231737942 0.29232657
vt 0.229381531 0.283108473
vt 0.255742759 0.277289271
vt 0.258316964 0.289214492
vt 0.268442303 0.383948565
vt 0.270996243 0.384252429
vt 0.271441907 0.380509257
vt 0.269877702 0.371884942
vt 0.272668034 0.370202661
vt 0.273811549 0.127585441
vt 0.270454049 0.127585441
vt 0.270454049 0.149916381
vt 0.273811549 0.149916381
vt 0.346661657 0.359657407
vt 0.325714678 0.366490692
vt 0.346840709 0.365884751
vt 0.325624675 0.358165354
vt 0.346967906 0.355571598
vt 0.309212178 0.357999265
vt 0.307364434 0.366465539
vt 0.325681418 0.390657634
vt 0.30577752 0.390639871
vt 0.305792183 0.399473876
vt 0.325618356 0.354076356
vt 0.309243649 0.353771776
vt 0.310003519 0.346735924
vt 0.327878207 0.34078154
vt 0.350705355 0.333673567
vt 0.325510591 0.399385661
vt 0.346618026 0.395387262
vt 0.34677276 0.391493529
vt 0.347027987 0.399454445
vt 0.325670213 0.403466433
vt 0.305551618 0.403600872
vt 0.306889027 0.410538048
vt 0.329205841 0.416413873
vt 0.353164524 0.420845479
vt 0.350705355 0.333673567
vt 0.355515212 0.359990329
vt 0.359743446 0.335215896
vt 0.346967906 0.355571598
vt 0.349352568 0.358938068
vt 0.26971969 0.286751866
vt 0.261012822 0.291819334
vt 0.270357937 0.289961219
vt 0.258316964 0.289214492
vt 0.256953746 0.292669058
vt 0.231737942 0.29232657
vt 0.23273012 0.296850324
vt 0.213653415 0.300130248
vt 0.209931284 0.295760989
vt 0.249953613 0.127585441
vt 0.226247326 0.108047083
vt 0.22696434 0.127585441
vt 0.249173507 0.104714938
vt 0.257584184 0.108557582
vt 0.35280177 0.394757956
vt 0.353164524 0.420845479
vt 0.359743416 0.418958038
vt 0.347027987 0.399454445
vt 0.349031031 0.395839304
vt 0.226247326 0.169454277
vt 0.249953613 0.149916381
vt 0.22696434 0.149916381
vt 0.249173507 0.172787085
vt 0.257584184 0.168943569
vt 0.249953613 0.127585441
vt 0.22696434 0.127585441
vt 0.22696434 0.149916381
vt 0.249953613 0.149916381
vt 0.799348772 0.88584286
vt 0.799348772 0.85879606
vt 0.78427583 0.85879606
vt 0.78427583 0.891400278
vt 0.740570128 0.891215026
vt 0.740570128 0.858610928
vt 0.725498259 0.885658562
vt 0.725498259 0.858610928
vt 0.69438237 0.898801863
vt 0.726439536 0.921704471
vt 0.722014248 0.898842156
vt 0.726312935 0.937172711
vt 0.705312073 0.95636946
vt 0.721820414 0.96002239
vt 0.78409344 0.986297548
vt 0.798444927 0.991757214
vt 0.798471749 0.975206673
vt 0.78409344 0.968041956
vt 0.740278542 0.986037552
vt 0.740278542 0.967780888
vt 0.725900352 0.974946558
vt 0.725927174 0.991497099
vt 0.617929995 0.883173287
vt 0.611198008 0.894536674
vt 0.622227669 0.905577838
vt 0.639398098 0.885194957
vt 0.630792201 0.876701415
vt 0.623031676 0.926267684
vt 0.673680246 0.878433287
vt 0.63981837 0.943877637
vt 0.612744808 0.940754354
vt 0.618709147 0.946067154
vt 0.631441772 0.952812493
vt 0.673505723 0.886316597
vt 0.686070383 0.886466324
vt 0.686070383 0.94241339
vt 0.67352587 0.942590892
vt 0.673741758 0.950926125
vt 0.825972259 0.890313089
vt 0.820029914 0.907831848
vt 0.833637655 0.900963724
vt 0.801112235 0.899230778
vt 0.800552905 0.921594918
vt 0.809083879 0.923183024
vt 0.800230443 0.936848342
vt 0.80864054 0.93544358
vt 0.800917447 0.960488737
vt 0.811867416 0.952372134
vt 0.82359463 0.959415019
vt 0.817150533 0.964449584
vt 0.611198008 0.894536674
vt 0.611095428 0.8964625
vt 0.619795263 0.906536281
vt 0.622227669 0.905577838
vt 0.620375812 0.925655544
vt 0.623031676 0.926267684
vt 0.612049162 0.938737452
vt 0.612744808 0.940754354
vt 0.825314462 0.629887998
vt 0.824848235 0.61074394
vt 0.81544596 0.61387676
vt 0.83281976 0.617470086
vt 0.838779271 0.632103503
vt 0.831597388 0.603941023
vt 0.843914568 0.617679238
vt 0.850864232 0.636820495
vt 0.835815251 0.601813734
vt 0.833782136 0.592858613
vt 0.851275027 0.619917691
vt 0.866616547 0.63285476
vt 0.847456038 0.602247417
vt 0.8627823 0.619776666
vt 0.87490195 0.625919461
vt 0.850919902 0.604714334
vt 0.87133342 0.616182327
vt 0.886167467 0.617479622
vt 0.860929549 0.605712235
vt 0.882868588 0.609750807
vt 0.88853544 0.606923044
vt 0.887110651 0.604468644
vt 0.86485678 0.603435338
vt 0.879857719 0.602300167
vt 0.885349929 0.601640046
vt 0.878936589 0.591480792
vt 0.864816487 0.587985218
vt 0.861406386 0.585102022
vt 0.875711739 0.593363225
vt 0.851089776 0.585039556
vt 0.873610437 0.589851499
vt 0.87600714 0.587233067
vt 0.866769135 0.584060848
vt 0.861437023 0.579946578
vt 0.86687845 0.587663829
vt 0.851120412 0.579885125
vt 0.861496508 0.569961905
vt 0.851180971 0.569900453
vt 0.861527264 0.564817011
vt 0.851211607 0.564754665
vt 0.861593544 0.553812385
vt 0.851276815 0.553750932
vt 0.853081644 0.54456079
vt 0.863732278 0.55100292
vt 0.859938323 0.537422121
vt 0.866851509 0.551376164
vt 0.847640336 0.587915242
vt 0.84548527 0.584040761
vt 0.837292969 0.594077229
vt 0.845581234 0.587738633
vt 0.83897692 0.590483844
vt 0.836239398 0.588075459
vt 0.980075717 0.640750349
vt 0.969440699 0.640771449
vt 0.969478011 0.659359992
vt 0.980113268 0.659338892
vt 0.969497204 0.668793857
vt 0.980131626 0.668772757
vt 0.969537497 0.689947188
vt 0.980170727 0.689927042
vt 0.983714223 0.686359584
vt 0.983566523 0.673472464
vt 0.97766757 0.693514645
vt 0.972055316 0.693525136
vt 0.969566345 0.705124676
vt 0.974876165 0.701532304
vt 0.980200648 0.70510453
vt 0.991331935 0.686683834
vt 0.987205029 0.674955785
vt 0.990145683 0.671851814
vt 0.980131626 0.668772757
vt 0.996013284 0.6901142
vt 0.980170727 0.689927042
vt 0.953711271 0.690277278
vt 0.969537497 0.689947188
vt 0.965984583 0.686401784
vt 0.958385229 0.686794221
vt 0.959451199 0.671917975
vt 0.966068983 0.673530042
vt 0.969537497 0.689947188
vt 0.962408543 0.675029695
vt 0.969497204 0.668793857
vt 0.711384535 0.237055376
vt 0.713894844 0.243873075
vt 0.718961596 0.242831185
vt 0.718363523 0.235620096
vt 0.718363523 0.235620096
vt 0.718961596 0.242831185
vt 0.72238183 0.242853478
vt 0.723074079 0.235650614
vt 0.723074079 0.235650614
vt 0.72238183 0.242853478
vt 0.727434635 0.243961528
vt 0.730034113 0.237177566
vt 0.560565114 0.221697167
vt 0.571200371 0.221710756
vt 0.571224332 0.203123048
vt 0.560588241 0.203108743
vt 0.571235776 0.193689182
vt 0.560601711 0.193674758
vt 0.571264625 0.172535852
vt 0.560630322 0.172521546
vt 0.557076454 0.176076367
vt 0.557181835 0.188964561
vt 0.56276536 0.168177679
vt 0.569141269 0.168186381
vt 0.571284771 0.157358304
vt 0.565965295 0.15974845
vt 0.560651541 0.157342985
vt 0.549458742 0.175727203
vt 0.553548217 0.187469676
vt 0.550597787 0.190563157
vt 0.560601711 0.193674758
vt 0.54478991 0.172282532
vt 0.560630322 0.172521546
vt 0.58709085 0.172257617
vt 0.571264625 0.172535852
vt 0.574806094 0.176091865
vt 0.582406402 0.175724342
vt 0.581291437 0.190597728
vt 0.574679375 0.188963607
vt 0.571264625 0.172535852
vt 0.578344941 0.187476352
vt 0.571235776 0.193689182
vt 0.710684657 0.264763653
vt 0.713847756 0.270403922
vt 0.718774915 0.268855393
vt 0.717903137 0.262493908
vt 0.717903137 0.262493908
vt 0.718774915 0.268855393
vt 0.722426295 0.268837273
vt 0.723254323 0.262475669
vt 0.723254323 0.262475669
vt 0.722426295 0.268837273
vt 0.727364302 0.270357668
vt 0.730488539 0.264695942
vt 0.710730076 0.252520382
vt 0.713874102 0.25817138
vt 0.718806386 0.256640255
vt 0.717956901 0.250275195
vt 0.717956901 0.250275195
vt 0.718806386 0.256640255
vt 0.722458601 0.256638587
vt 0.723307848 0.250275195
vt 0.723307848 0.250275195
vt 0.722458601 0.256638587
vt 0.727389812 0.25817138
vt 0.730534911 0.252520382
vt 0.539558411 0.286351293
vt 0.529086471 0.297548801
vt 0.539572835 0.297534376
vt 0.529073 0.286364645
vt 0.539551735 0.281120867
vt 0.529066324 0.281134337
vt 0.529052854 0.270985574
vt 0.539539337 0.270972222
vt 0.539532542 0.265732378
vt 0.529047132 0.265745729
vt 0.539506674 0.244938821
vt 0.529021263 0.244952291
vt 0.525469899 0.262610048
vt 0.522960782 0.266655415
vt 0.542937875 0.248372883
vt 0.543098092 0.262570709
vt 0.545632124 0.266594023
vt 0.553646803 0.24759385
vt 0.557069421 0.243875712
vt 0.557533979 0.256031722
vt 0.553591251 0.255257338
vt 0.552149177 0.25916931
vt 0.555336714 0.26151821
vt 0.545292616 0.262611955
vt 0.537401557 0.240655631
vt 0.539485574 0.227756947
vt 0.534247637 0.232343286
vt 0.52899909 0.227769464
vt 0.531114936 0.24066326
vt 0.51482141 0.24763605
vt 0.511402726 0.243956178
vt 0.510964155 0.256130546
vt 0.525600553 0.248389214
vt 0.514918327 0.255328387
vt 0.516390204 0.259251803
vt 0.513205647 0.261627525
vt 0.523280382 0.262663811
vt 0.708348334 0.279300839
vt 0.712744296 0.291874766
vt 0.719757855 0.290470004
vt 0.718624294 0.277239233
vt 0.718624294 0.277239233
vt 0.719757855 0.290470004
vt 0.724815786 0.290484071
vt 0.726035297 0.277263314
vt 0.726035297 0.277263314
vt 0.724815786 0.290484071
vt 0.731820405 0.29193747
vt 0.736298144 0.279392511
vt 0.0264419168 0.528290689
vt 0.0368765444 0.508677304
vt 0.0264401287 0.508678257
vt 0.0368795246 0.528289616
vt 0.0264431089 0.533302128
vt 0.0368795246 0.533301175
vt 0.0368804783 0.542982638
vt 0.0264440626 0.542984545
vt 0.0264448971 0.55040437
vt 0.0368825048 0.550403535
vt 0.0264506191 0.579699218
vt 0.0368882269 0.579697192
vt 0.0405027717 0.553587973
vt 0.0452571958 0.549347937
vt 0.0229704231 0.576176822
vt 0.0228255838 0.553601444
vt 0.0180675834 0.549371064
vt 0.0119199604 0.576858103
vt 0.00861047208 0.580578148
vt 0.00690935506 0.559910238
vt 0.0108816465 0.560512841
vt 0.0120416731 0.556714237
vt 0.00873051584 0.554480374
vt 0.0185088962 0.553401887
vt 0.0273372978 0.582371414
vt 0.026454553 0.596800506
vt 0.0316732973 0.593834698
vt 0.0368921608 0.596798599
vt 0.0360035747 0.582369506
vt 0.0403654426 0.576173961
vt 0.0546948761 0.580589592
vt 0.0514113754 0.576882064
vt 0.0564583391 0.559852779
vt 0.0524782985 0.56048876
vt 0.0448281616 0.55337888
vt 0.0513048023 0.556677639
vt 0.054612264 0.554431498
vt 0.560565114 0.221697167
vt 0.571200371 0.221710756
vt 0.571224332 0.203123048
vt 0.560588241 0.203108743
vt 0.571235776 0.193689182
vt 0.560601711 0.193674758
vt 0.571264625 0.172535852
vt 0.560630322 0.172521546
vt 0.557076454 0.176076367
vt 0.557181835 0.188964561
vt 0.56276536 0.168177679
vt 0.569141269 0.168186381
vt 0.571284771 0.157358304
vt 0.565965295 0.15974845
vt 0.560651541 0.157342985
vt 0.549458742 0.175727203
vt 0.553548217 0.187469676
vt 0.550597787 0.190563157
vt 0.560601711 0.193674758
vt 0.54478991 0.172282532
vt 0.560630322 0.172521546
vt 0.58709085 0.172257617
vt 0.571264625 0.172535852
vt 0.574806094 0.176091865
vt 0.582406402 0.175724342
vt 0.581291437 0.190597728
vt 0.574679375 0.188963607
vt 0.571264625 0.172535852
vt 0.578344941 0.187476352
vt 0.571235776 0.193689182
vt 0.710684657 0.264763653
vt 0.713847756 0.270403922
vt 0.718774915 0.268855393
vt 0.717903137 0.262493908
vt 0.717903137 0.262493908
vt 0.718774915 0.268855393
vt 0.722426295 0.268837273
vt 0.723254323 0.262475669
vt 0.723254323 0.262475669
vt 0.722426295 0.268837273
vt 0.727364302 0.270357668
vt 0.730488539 0.264695942
vt 0.710730076 0.252520382
vt 0.713874102 0.25817138
vt 0.718806386 0.256640255
vt 0.717956901 0.250275195
vt 0.717956901 0.250275195
vt 0.718806386 0.256640255
vt 0.722458601 0.256638587
vt 0.723307848 0.250275195
vt 0.723307848 0.250275195
vt 0.722458601 0.256638587
vt 0.727389812 0.25817138
vt 0.730534911 0.252520382
vt 0.539558411 0.286351293
vt 0.529086471 0.297548801
vt 0.539572835 0.297534376
vt 0.529073 0.286364645
vt 0.539551735 0.281120867
vt 0.529066324 0.281134337
vt 0.529052854 0.270985574
vt 0.539539337 0.270972222
vt 0.539532542 0.265732378
vt 0.529047132 0.265745729
vt 0.539506674 0.244938821
vt 0.529021263 0.244952291
vt 0.525469899 0.262610048
vt 0.522960782 0.266655415
vt 0.542937875 0.248372883
vt 0.543098092 0.262570709
vt 0.545632124 0.266594023
vt 0.553646803 0.24759385
vt 0.557069421 0.243875712
vt 0.557533979 0.256031722
vt 0.553591251 0.255257338
vt 0.552149177 0.25916931
vt 0.555336714 0.26151821
vt 0.545292616 0.262611955
vt 0.537401557 0.240655631
vt 0.539485574 0.227756947
vt 0.534247637 0.232343286
vt 0.52899909 0.227769464
vt 0.531114936 0.24066326
vt 0.51482141 0.24763605
vt 0.511402726 0.243956178
vt 0.510964155 0.256130546
vt 0.525600553 0.248389214
vt 0.514918327 0.255328387
vt 0.516390204 0.259251803
vt 0.513205647 0.261627525
vt 0.523280382 0.262663811
vt 0.708348334 0.279300839
vt 0.712744296 0.291874766
vt 0.719757855 0.290470004
vt 0.718624294 0.277239233
vt 0.718624294 0.277239233
vt 0.719757855 0.290470004
vt 0.724815786 0.290484071
vt 0.726035297 0.277263314
vt 0.726035297 0.277263314
vt 0.724815786 0.290484071
vt 0.731820405 0.29193747
vt 0.736298144 0.279392511
vt 0.0264419168 0.528290689
vt 0.0368765444 0.508677304
vt 0.0264401287 0.508678257
vt 0.0368795246 0.528289616
vt 0.0264431089 0.533302128
vt 0.0368795246 0.533301175
vt 0.0368804783 0.542982638
vt 0.0264440626 0.542984545
vt 0.0264448971 0.55040437
vt 0.0368825048 0.550403535
vt 0.0264506191 0.579699218
vt 0.0368882269 0.579697192
vt 0.0405027717 0.553587973
vt 0.0452571958 0.549347937
vt 0.0229704231 0.576176822
vt 0.0228255838 0.553601444
vt 0.0180675834 0.549371064
vt 0.0119199604 0.576858103
vt 0.00861047208 0.580578148
vt 0.00690935506 0.559910238
vt 0.0108816465 0.560512841
vt 0.0120416731 0.556714237
vt 0.00873051584 0.554480374
vt 0.0185088962 0.553401887
vt 0.0273372978 0.582371414
vt 0.026454553 0.596800506
vt 0.0316732973 0.593834698
vt 0.0368921608 0.596798599
vt 0.0360035747 0.582369506
vt 0.0403654426 0.576173961
vt 0.0546948761 0.580589592
vt 0.0514113754 0.576882064
vt 0.0564583391 0.559852779
vt 0.0524782985 0.56048876
vt 0.0448281616 0.55337888
vt 0.0513048023 0.556677639
vt 0.054612264 0.554431498
vt 0.560565114 0.221697167
vt 0.571200371 0.221710756
vt 0.571224332 0.203123048
vt 0.560588241 0.203108743
vt 0.571235776 0.193689182
vt 0.560601711 0.193674758
vt 0.571264625 0.172535852
vt 0.560630322 0.172521546
vt 0.557076454 0.176076367
vt 0.557181835 0.188964561
vt 0.56276536 0.168177679
vt 0.569141269 0.168186381
vt 0.571284771 0.157358304
vt 0.565965295 0.15974845
vt 0.560651541 0.157342985
vt 0.549458742 0.175727203
vt 0.553548217 0.187469676
vt 0.550597787 0.190563157
vt 0.560601711 0.193674758
vt 0.54478991 0.172282532
vt 0.560630322 0.172521546
vt 0.58709085 0.172257617
vt 0.571264625 0.172535852
vt 0.574806094 0.176091865
vt 0.582406402 0.175724342
vt 0.581291437 0.190597728
vt 0.574679375 0.188963607
vt 0.571264625 0.172535852
vt 0.578344941 0.187476352
vt 0.571235776 0.193689182
vt 0.710684657 0.264763653
vt 0.713847756 0.270403922
vt 0.718774915 0.268855393
vt 0.717903137 0.262493908
vt 0.717903137 0.262493908
vt 0.718774915 0.268855393
vt 0.722426295 0.268837273
vt 0.723254323 0.262475669
vt 0.723254323 0.262475669
vt 0.722426295 0.268837273
vt 0.727364302 0.270357668
vt 0.730488539 0.264695942
vt 0.710730076 0.252520382
vt 0.713874102 0.25817138
vt 0.718806386 0.256640255
vt 0.717956901 0.250275195
vt 0.717956901 0.250275195
vt 0.718806386 0.256640255
vt 0.722458601 0.256638587
vt 0.723307848 0.250275195
vt 0.723307848 0.250275195
vt 0.722458601 0.256638587
vt 0.727389812 0.25817138
vt 0.730534911 0.252520382
vt 0.539558411 0.286351293
vt 0.529086471 0.297548801
vt 0.539572835 0.297534376
vt 0.529073 0.286364645
vt 0.539551735 0.281120867
vt 0.529066324 0.281134337
vt 0.529052854 0.270985574
vt 0.539539337 0.270972222
vt 0.539532542 0.265732378
vt 0.529047132 0.265745729
vt 0.539506674 0.244938821
vt 0.529021263 0.244952291
vt 0.525469899 0.262610048
vt 0.522960782 0.266655415
vt 0.542937875 0.248372883
vt 0.543098092 0.262570709
vt 0.545632124 0.266594023
vt 0.553646803 0.24759385
vt 0.557069421 0.243875712
vt 0.557533979 0.256031722
vt 0.553591251 0.255257338
vt 0.552149177 0.25916931
vt 0.555336714 0.26151821
vt 0.545292616 0.262611955
vt 0.537401557 0.240655631
vt 0.539485574 0.227756947
vt 0.534247637 0.232343286
vt 0.52899909 0.227769464
vt 0.531114936 0.24066326
vt 0.51482141 0.24763605
vt 0.511402726 0.243956178
vt 0.510964155 0.256130546
vt 0.525600553 0.248389214
vt 0.514918327 0.255328387
vt 0.516390204 0.259251803
vt 0.513205647 0.261627525
vt 0.523280382 0.262663811
vt 0.708348334 0.279300839
vt 0.712744296 0.291874766
vt 0.719757855 0.290470004
vt 0.718624294 0.277239233
vt 0.718624294 0.277239233
vt 0.719757855 0.290470004
vt 0.724815786 0.290484071
vt 0.726035297 0.277263314
vt 0.726035297 0.277263314
vt 0.724815786 0.290484071
vt 0.731820405 0.29193747
vt 0.736298144 0.279392511
vt 0.0264419168 0.528290689
vt 0.0368765444 0.508677304
vt 0.0264401287 0.508678257
vt 0.0368795246 0.528289616
vt 0.0264431089 0.533302128
vt 0.0368795246 0.533301175
vt 0.0368804783 0.542982638
vt 0.0264440626 0.542984545
vt 0.0264448971 0.55040437
vt 0.0368825048 0.550403535
vt 0.0264506191 0.579699218
vt 0.0368882269 0.579697192
vt 0.0405027717 0.553587973
vt 0.0452571958 0.549347937
vt 0.0229704231 0.576176822
vt 0.0228255838 0.553601444
vt 0.0180675834 0.549371064
vt 0.0119199604 0.576858103
vt 0.00861047208 0.580578148
vt 0.00690935506 0.559910238
vt 0.0108816465 0.560512841
vt 0.0120416731 0.556714237
vt 0.00873051584 0.554480374
vt 0.0185088962 0.553401887
vt 0.0273372978 0.582371414
vt 0.026454553 0.596800506
vt 0.0316732973 0.593834698
vt 0.0368921608 0.596798599
vt 0.0360035747 0.582369506
vt 0.0403654426 0.576173961
vt 0.0546948761 0.580589592
vt 0.0514113754 0.576882064
vt 0.0564583391 0.559852779
vt 0.0524782985 0.56048876
vt 0.0448281616 0.55337888
vt 0.0513048023 0.556677639
vt 0.054612264 0.554431498
vt 0.560565114 0.221697167
vt 0.571200371 0.221710756
vt 0.571224332 0.203123048
vt 0.560588241 0.203108743
vt 0.571235776 0.193689182
vt 0.560601711 0.193674758
vt 0.571264625 0.172535852
vt 0.560630322 0.172521546
vt 0.557076454 0.176076367
vt 0.557181835 0.188964561
vt 0.56276536 0.168177679
vt 0.569141269 0.168186381
vt 0.571284771 0.157358304
vt 0.565965295 0.15974845
vt 0.560651541 0.157342985
vt 0.549458742 0.175727203
vt 0.553548217 0.187469676
vt 0.550597787 0.190563157
vt 0.560601711 0.193674758
vt 0.54478991 0.172282532
vt 0.560630322 0.172521546
vt 0.58709085 0.172257617
vt 0.571264625 0.172535852
vt 0.574806094 0.176091865
vt 0.582406402 0.175724342
vt 0.581291437 0.190597728
vt 0.574679375 0.188963607
vt 0.571264625 0.172535852
vt 0.578344941 0.187476352
vt 0.571235776 0.193689182
vt 0.710684657 0.264763653
vt 0.713847756 0.270403922
vt 0.718774915 0.268855393
vt 0.717903137 0.262493908
vt 0.717903137 0.262493908
vt 0.718774915 0.268855393
vt 0.722426295 0.268837273
vt 0.723254323 0.262475669
vt 0.723254323 0.262475669
vt 0.722426295 0.268837273
vt 0.727364302 0.270357668
vt 0.730488539 0.264695942
vt 0.710730076 0.252520382
vt 0.713874102 0.25817138
vt 0.718806386 0.256640255
vt 0.717956901 0.250275195
vt 0.717956901 0.250275195
vt 0.718806386 0.256640255
vt 0.722458601 0.256638587
vt 0.723307848 0.250275195
vt 0.723307848 0.250275195
vt 0.722458601 0.256638587
vt 0.727389812 0.25817138
vt 0.730534911 0.252520382
vt 0.539558411 0.286351293
vt 0.529086471 0.297548801
vt 0.539572835 0.297534376
vt 0.529073 0.286364645
vt 0.539551735 0.281120867
vt 0.529066324 0.281134337
vt 0.529052854 0.270985574
vt 0.539539337 0.270972222
vt 0.539532542 0.265732378
vt 0.529047132 0.265745729
vt 0.539506674 0.244938821
vt 0.529021263 0.244952291
vt 0.525469899 0.262610048
vt 0.522960782 0.266655415
vt 0.542937875 0.248372883
vt 0.543098092 0.262570709
vt 0.545632124 0.266594023
vt 0.553646803 0.24759385
vt 0.557069421 0.243875712
vt 0.557533979 0.256031722
vt 0.553591251 0.255257338
vt 0.552149177 0.25916931
vt 0.555336714 0.26151821
vt 0.545292616 0.262611955
vt 0.537401557 0.240655631
vt 0.539485574 0.227756947
vt 0.534247637 0.232343286
vt 0.52899909 0.227769464
vt 0.531114936 0.24066326
vt 0.51482141 0.24763605
vt 0.511402726 0.243956178
vt 0.510964155 0.256130546
vt 0.525600553 0.248389214
vt 0.514918327 0.255328387
vt 0.516390204 0.259251803
vt 0.513205647 0.261627525
vt 0.523280382 0.262663811
vt 0.708348334 0.279300839
vt 0.712744296 0.291874766
vt 0.719757855 0.290470004
vt 0.718624294 0.277239233
vt 0.718624294 0.277239233
vt 0.719757855 0.290470004
vt 0.724815786 0.290484071
vt 0.726035297 0.277263314
vt 0.726035297 0.277263314
vt 0.724815786 0.290484071
vt 0.731820405 0.29193747
vt 0.736298144 0.279392511
vt 0.0264419168 0.528290689
vt 0.0368765444 0.508677304
vt 0.0264401287 0.508678257
vt 0.0368795246 0.528289616
vt 0.0264431089 0.533302128
vt 0.0368795246 0.533301175
vt 0.0368804783 0.542982638
vt 0.0264440626 0.542984545
vt 0.0264448971 0.55040437
vt 0.0368825048 0.550403535
vt 0.0264506191 0.579699218
vt 0.0368882269 0.579697192
vt 0.0405027717 0.553587973
vt 0.0452571958 0.549347937
vt 0.0229704231 0.576176822
vt 0.0228255838 0.553601444
vt 0.0180675834 0.549371064
vt 0.0119199604 0.576858103
vt 0.00861047208 0.580578148
vt 0.00690935506 0.559910238
vt 0.0108816465 0.560512841
vt 0.0120416731 0.556714237
vt 0.00873051584 0.554480374
vt 0.0185088962 0.553401887
vt 0.0273372978 0.582371414
vt 0.026454553 0.596800506
vt 0.0316732973 0.593834698
vt 0.0368921608 0.596798599
vt 0.0360035747 0.582369506
vt 0.0403654426 0.576173961
vt 0.0546948761 0.580589592
vt 0.0514113754 0.576882064
vt 0.0564583391 0.559852779
vt 0.0524782985 0.56048876
vt 0.0448281616 0.55337888
vt 0.0513048023 0.556677639
vt 0.054612264 0.554431498
vt 0.125878721 0.826732934
vt 0.143038124 0.826736271
vt 0.143032461 0.859312713
vt 0.125873059 0.859309494
vt 0.1214405 0.859308779
vt 0.121445388 0.826732934
vt 0.104988307 0.826729715
vt 0.104982696 0.859306276
vt 0.0975684226 0.859305441
vt 0.0975741446 0.82672888
vt 0.0846261084 0.859312713
vt 0.0846357048 0.826724827
vt 0.0772191584 0.826722443
vt 0.0772086084 0.859310329
vt 0.0607547462 0.826717556
vt 0.0607451499 0.859305441
vt 0.0563109815 0.859303892
vt 0.0563208163 0.826716006
vt 0.094493717 0.821584523
vt 0.103987128 0.820625365
vt 0.0875590742 0.821745694
vt 0.0784610212 0.821511567
vt 0.0856442153 0.817205489
vt 0.0957563818 0.816678226
vt 0.0956431925 0.809602678
vt 0.101774067 0.803585827
vt 0.0851371586 0.810235322
vt 0.0782876909 0.805152357
vt 0.0856507123 0.806249917
vt 0.081753701 0.801963389
vt 0.0946516097 0.805934012
vt 0.0977062881 0.800986469
vt 0.534560442 0.925020456
vt 0.557670236 0.911532164
vt 0.557658136 0.925866961
vt 0.536803365 0.912625551
vt 0.535916328 0.902858496
vt 0.556676269 0.899777889
vt 0.53272897 0.891408801
vt 0.553638875 0.885423541
vt 0.514714241 0.858257055
vt 0.54241842 0.859045267
vt 0.531112969 0.835985661
vt 0.555850208 0.852441072
vt 0.506396115 0.832465291
vt 0.503621757 0.853897572
vt 0.49618727 0.831728935
vt 0.495420218 0.853008986
vt 0.481958568 0.854007006
vt 0.479124308 0.832110524
vt 0.47345984 0.855811596
vt 0.468580306 0.833824515
vt 0.462111413 0.861488223
vt 0.443419397 0.839864731
vt 0.434032917 0.864373446
vt 0.419755638 0.858887196
vt 0.422597885 0.891188383
vt 0.44530201 0.900790453
vt 0.536803365 0.912625551
vt 0.534560442 0.925020456
vt 0.530096352 0.922581553
vt 0.53210938 0.912312984
vt 0.535916328 0.902858496
vt 0.531036019 0.903788328
vt 0.528375149 0.893351316
vt 0.53272897 0.891408801
vt 0.510703743 0.862803698
vt 0.514714241 0.858257055
vt 0.502364576 0.858641028
vt 0.503621757 0.853897572
vt 0.495420218 0.853008986
vt 0.495404899 0.85764873
vt 0.481958568 0.854007006
vt 0.482533693 0.85891819
vt 0.475300252 0.860742211
vt 0.47345984 0.855811596
vt 0.462111413 0.861488223
vt 0.466905177 0.865967631
vt 0.44530201 0.900790453
vt 0.450942099 0.901355028
vt 0.132090628 0.793551385
vt 0.103302479 0.793551385
vt 0.103302479 0.761848867
vt 0.132090628 0.761848867
vt 0.623746812 0.850019395
vt 0.611036897 0.84588176
vt 0.622852683 0.84588176
vt 0.610142589 0.850019395
vt 0.594331801 0.84588176
vt 0.608649731 0.84588176
vt 0.593935609 0.84998697
vt 0.593038201 0.84588176
vt 0.565582573 0.849884212
vt 0.565582573 0.84588176
vt 0.639953673 0.84998697
vt 0.625236332 0.84588176
vt 0.639561534 0.84588176
vt 0.668306589 0.849884093
vt 0.640852034 0.84588176
vt 0.668306649 0.845881879
vt 0.565582573 0.849884212
vt 0.593935549 0.865832627
vt 0.565582573 0.865832627
vt 0.593935609 0.84998697
vt 0.610142529 0.865832627
vt 0.610142589 0.850019395
vt 0.623746812 0.850019395
vt 0.623746872 0.865832627
vt 0.639953673 0.84998697
vt 0.639953673 0.865832627
vt 0.668306589 0.849884093
vt 0.668306649 0.865832627
vt 0.601687253 0.915771902
vt 0.599270105 0.897453308
vt 0.601687253 0.900445521
vt 0.599270105 0.911956012
vt 0.567567587 0.911956012
vt 0.565151215 0.915771902
vt 0.565151215 0.900445521
vt 0.567567587 0.897453308
vt 0.601687253 0.915771902
vt 0.565151215 0.944134772
vt 0.565151215 0.915771902
vt 0.601687253 0.944134772
vt 0.590223014 0.955598831
vt 0.576614618 0.955598831
vt 0.412884325 0.727337897
vt 0.40803951 0.72073555
vt 0.41675213 0.716206729
vt 0.422306418 0.723649919
vt 0.423035443 0.698990524
vt 0.41753304 0.733969629
vt 0.44359535 0.725129783
vt 0.428056002 0.731444716
vt 0.420704275 0.740888
vt 0.441279441 0.732923865
vt 0.43193841 0.739991307
vt 0.420614362 0.750818789
vt 0.440100968 0.739196539
vt 0.432089865 0.751541376
vt 0.417498916 0.758032084
vt 0.44053027 0.751834512
vt 0.42837429 0.760439456
vt 0.412821829 0.764819205
vt 0.442118764 0.758297682
vt 0.422458708 0.768785834
vt 0.407543898 0.771085501
vt 0.444926262 0.766360641
vt 0.41647923 0.777201116
vt 0.399553001 0.778292239
vt 0.42505154 0.79565084
vt 0.406751633 0.787217855
vt 0.394447446 0.781915367
vt 0.418705046 0.803751171
vt 0.400743008 0.791462302
vt 0.385071456 0.787677109
vt 0.411743045 0.808576345
vt 0.389004946 0.797100782
vt 0.401661515 0.81157583
vt 0.652264535 0.256980956
vt 0.663549721 0.256747663
vt 0.664538682 0.29082197
vt 0.65090692 0.290911078
vt 0.647982776 0.249088109
vt 0.668159544 0.2493141
vt 0.663549721 0.256747663
vt 0.652264535 0.256980956
vt 0.652264535 0.256980956
vt 0.643002808 0.275657535
vt 0.647982776 0.249088109
vt 0.65090692 0.290911078
vt 0.640367746 0.27975142
vt 0.614053547 0.273394376
vt 0.619630456 0.283356011
vt 0.646966934 0.31165725
vt 0.656072438 0.292261362
vt 0.655258238 0.313476562
vt 0.614678085 0.30385679
vt 0.642646372 0.313438475
vt 0.617765009 0.307376325
vt 0.60850817 0.31290549
vt 0.628274202 0.318416893
vt 0.612034023 0.314042807
vt 0.608269095 0.323763013
vt 0.64473784 0.321976095
vt 0.648424923 0.322569817
vt 0.611920774 0.32285738
vt 0.61372453 0.33325398
vt 0.640747726 0.329872966
vt 0.643593311 0.332425356
vt 0.616409898 0.330576062
vt 0.623352468 0.338636577
vt 0.633237183 0.334730685
vt 0.634337962 0.338319033
vt 0.62427038 0.334909707
vt 0.664538682 0.29082197
vt 0.663549721 0.256747663
vt 0.668159544 0.2493141
vt 0.672578156 0.275715083
vt 0.675158918 0.279821068
vt 0.695775449 0.283638686
vt 0.701440036 0.273777515
vt 0.700483441 0.304114342
vt 0.6682356 0.311530054
vt 0.660537243 0.313079655
vt 0.660381794 0.291931629
vt 0.697379291 0.307579637
vt 0.672549784 0.313361555
vt 0.666704714 0.32239002
vt 0.686809361 0.318462253
vt 0.703017116 0.314271182
vt 0.706543982 0.313171983
vt 0.670370877 0.321837574
vt 0.671357453 0.332218796
vt 0.703044713 0.323044509
vt 0.706662118 0.323978424
vt 0.674217701 0.32975632
vt 0.680567443 0.338248581
vt 0.698513448 0.330687851
vt 0.701154888 0.333361745
vt 0.681728184 0.334588081
vt 0.69157958 0.338636577
vt 0.690675676 0.334963113
vt 0.873206794 0.017252624
vt 0.862035036 0.0332885683
vt 0.862290919 0.0141356289
vt 0.873030126 0.030464828
vt 0.894178212 0.0175328851
vt 0.894001603 0.0307451189
vt 0.903873265 0.0308763087
vt 0.904049814 0.0176649094
vt 0.913920701 0.0177969337
vt 0.913744211 0.0310091674
vt 0.923615038 0.0311404169
vt 0.923791766 0.0179289579
vt 0.933486819 0.0312724411
vt 0.933663428 0.0180609822
vt 0.943357646 0.0314044654
vt 0.94353348 0.0181930065
vt 0.953228652 0.0315364897
vt 0.953405201 0.0183250606
vt 0.96309948 0.031668514
vt 0.963276863 0.0184570849
vt 0.972971141 0.0318005383
vt 0.97314769 0.018589139
vt 0.0259182211 0.318753511
vt 0.027156746 0.242963225
vt 0.0464935377 0.243281573
vt 0.045418568 0.32201305
vt 0.0176730789 0.333687037
vt 0.05576583 0.243383616
vt 0.0439404026 0.33893916
vt 0.0551777855 0.322550863
vt 0.0677014962 0.322880596
vt 0.06747628 0.24342975
vt 0.0767501667 0.243369907
vt 0.0522633269 0.339651197
vt 0.0774897709 0.322211415
vt 0.0960627124 0.243120342
vt 0.0970306024 0.318818301
vt 0.0791365281 0.339086622
vt 0.105423167 0.333676487
vt 0.0708451793 0.339739472
vt 0.079200469 0.396811873
vt 0.0711051747 0.39865303
vt 0.0842096135 0.421945095
vt 0.052410759 0.398744553
vt 0.0442935005 0.396964192
vt 0.0467681661 0.426302999
vt 0.0768741593 0.426104546
vt 0.0393993184 0.422186524
vt 0.0853622481 0.426388919
vt 0.0805142596 0.4297764
vt 0.105101652 0.424642473
vt 0.107981347 0.41930449
vt 0.105370574 0.428020298
vt 0.0382815674 0.426646501
vt 0.0431529954 0.42999351
vt 0.0182619132 0.428457677
vt 0.0185072683 0.425077468
vt 0.0155839892 0.419762105
vt 0.157406151 0.301078647
vt 0.145397604 0.225394502
vt 0.157723546 0.225488499
vt 0.14474231 0.302324504
vt 0.159470975 0.317722112
vt 0.137635961 0.302123636
vt 0.138472781 0.22532405
vt 0.126128882 0.225166038
vt 0.124978647 0.300878614
vt 0.13442263 0.318933159
vt 0.123009451 0.317814499
vt 0.148157299 0.318920165
vt 0.159278005 0.376340032
vt 0.13470377 0.374395996
vt 0.123778202 0.37649554
vt 0.148391336 0.374361098
vt 0.135149181 0.40129751
vt 0.125368237 0.40695554
vt 0.14823097 0.401288599
vt 0.158020943 0.406559378
vt 0.150982544 0.409618825
vt 0.155060381 0.41257298
vt 0.15137957 0.41310519
vt 0.1326617 0.40986836
vt 0.128586382 0.413016081
vt 0.13236843 0.413438916
vt 0.78894186 0.0288755149
vt 0.787046432 0.0361008942
vt 0.776531577 0.0361009017
vt 0.77418983 0.0288755
vt 0.788941085 0.0121024624
vt 0.815558314 0.0121024624
vt 0.774190664 0.0121024698
vt 0.81555748 0.0288755149
vt 0.790926456 0.0361008942
vt 0.813367248 0.0361009017
vt 0.8341434 0.0288755074
vt 0.817524195 0.0361009017
vt 0.831872106 0.0361008942
vt 0.834141016 0.0121024549
vt 0.84633255 0.0288755074
vt 0.84633255 0.0121024624
vt 0.836101174 0.0361009091
vt 0.844527006 0.0361008868
vt 0.756579995 0.0288755223
vt 0.756579161 0.0121024698
vt 0.758564532 0.0361008942
vt 0.771928251 0.0361008942
vt 0.741827905 0.0288755
vt 0.741829574 0.0121024624
vt 0.715211511 0.0121024624
vt 0.743388832 0.0361009091
vt 0.754198551 0.0361009017
vt 0.715211511 0.0288755149
vt 0.696545422 0.0121024624
vt 0.739452124 0.0361008868
vt 0.717219591 0.0361009166
vt 0.696545422 0.0288755074
vt 0.698286176 0.0361008942
vt 0.712874651 0.0361008942
vt 0.922741354 0.881006896
vt 0.922741354 0.856892526
vt 0.934158623 0.856892526
vt 0.934158623 0.881006896
vt 0.922741354 0.890585363
vt 0.934158623 0.890585363
vt 0.922741354 0.914700449
vt 0.934159338 0.914700449
vt 0.922741354 0.924279749
vt 0.934159338 0.924279749
vt 0.922741354 0.948394835
vt 0.934159338 0.948394835
vt 0.922741354 0.957973301
vt 0.934159338 0.957973301
vt 0.922741354 0.982088387
vt 0.934158623 0.982088387
vt 0.922741354 0.991666853
vt 0.934158623 0.991666853
vt 0.980907738 0.0152696669
vt 0.980667233 0.0332885683
vt 0.972971141 0.0318005383
vt 0.97314769 0.018589139
vt 0.758286893 0.833779395
vt 0.748040855 0.833779395
vt 0.749627888 0.831462085
vt 0.757151425 0.831462085
vt 0.249953613 0.149916381
vt 0.249953613 0.127585441
vt 0.270454049 0.127585441
vt 0.270454049 0.149916381
vt 0.209931284 0.295760989
vt 0.213653415 0.300130248
vt 0.209280103 0.306057215
vt 0.205502957 0.305827141
vt 0.208494395 0.310465932
vt 0.204714864 0.309720874
vt 0.208562344 0.319325328
vt 0.203999549 0.319594979
vt 0.203076154 0.342777014
vt 0.207648665 0.343292952
vt 0.202397376 0.353126526
vt 0.206073195 0.352396727
vt 0.202931911 0.357076287
vt 0.206603795 0.356772423
vt 0.207792133 0.366985202
vt 0.211277574 0.362476707
vt 0.211277574 0.362476707
vt 0.233796149 0.370209098
vt 0.207792133 0.366985202
vt 0.234448999 0.365727305
vt 0.259132713 0.36735785
vt 0.260781854 0.370802879
vt 0.258316964 0.289214492
vt 0.255742759 0.277289271
vt 0.26714465 0.274827719
vt 0.26971969 0.286751866
vt 0.270468086 0.277981877
vt 0.26714465 0.274827719
vt 0.269669503 0.27428174
vt 0.26971969 0.286751866
vt 0.272668034 0.288170338
vt 0.303724498 0.76749295
vt 0.306219637 0.776934266
vt 0.30410251 0.777061939
vt 0.32616204 0.775428414
vt 0.325437397 0.762575924
vt 0.341475666 0.761596143
vt 0.327337682 0.796279073
vt 0.307470173 0.797561705
vt 0.343202919 0.774141669
vt 0.346084356 0.795068741
vt 0.357347935 0.761596143
vt 0.361056805 0.763765514
vt 0.366718918 0.772366524
vt 0.371074557 0.793455482
vt 0.370190203 0.803120196
vt 0.367601991 0.805952311
vt 0.347961813 0.808709919
vt 0.328104049 0.809876621
vt 0.305810988 0.805227518
vt 0.30535391 0.797689497
vt 0.260781854 0.370802879
vt 0.269877702 0.371884942
vt 0.268442303 0.383948565
vt 0.259346515 0.382866383
vt 0.259346515 0.382866383
vt 0.233796149 0.370209098
vt 0.260781854 0.370802879
vt 0.232153386 0.379435182
vt 0.208839387 0.374098778
vt 0.207792133 0.366985202
vt 0.185462207 0.371135712
vt 0.186303943 0.358666301
vt 0.202931911 0.357076287
vt 0.186486095 0.354396701
vt 0.202397376 0.353126526
vt 0.186646491 0.34293735
vt 0.203076154 0.342777014
vt 0.18947348 0.319752216
vt 0.203999549 0.319594979
vt 0.204714864 0.309720874
vt 0.182103902 0.342780113
vt 0.184956044 0.319450855
vt 0.181866556 0.353818417
vt 0.183258265 0.357848883
vt 0.169955224 0.359180689
vt 0.169657975 0.354360223
vt 0.169568092 0.34223175
vt 0.173171133 0.316468358
vt 0.188154727 0.308679104
vt 0.177048534 0.304571629
vt 0.178848475 0.29974699
vt 0.190808386 0.304697871
vt 0.192907065 0.308846951
vt 0.193366438 0.304338336
vt 0.205502957 0.305827141
vt 0.209931284 0.295760989
vt 0.191807181 0.291680098
vt 0.210644096 0.288488746
vt 0.231737942 0.29232657
vt 0.229381531 0.283108473
vt 0.255742759 0.277289271
vt 0.258316964 0.289214492
vt 0.268442303 0.383948565
vt 0.271441907 0.380509257
vt 0.270996243 0.384252429
vt 0.269877702 0.371884942
vt 0.272668034 0.370202661
vt 0.273811549 0.127585441
vt 0.273811549 0.149916381
vt 0.270454049 0.149916381
vt 0.270454049 0.127585441
vt 0.346661657 0.359657407
vt 0.346840709 0.365884751
vt 0.325714678 0.366490692
vt 0.325624675 0.358165354
vt 0.346967906 0.355571598
vt 0.309212178 0.357999265
vt 0.307364434 0.366465539
vt 0.325681418 0.390657634
vt 0.30577752 0.390639871
vt 0.305792183 0.399473876
vt 0.325618356 0.354076356
vt 0.309243649 0.353771776
vt 0.310003519 0.346735924
vt 0.327878207 0.34078154
vt 0.350705355 0.333673567
vt 0.325510591 0.399385661
vt 0.346618026 0.395387262
vt 0.34677276 0.391493529
vt 0.347027987 0.399454445
vt 0.325670213 0.403466433
vt 0.305551618 0.403600872
vt 0.306889027 0.410538048
vt 0.329205841 0.416413873
vt 0.353164524 0.420845479
vt 0.350705355 0.333673567
vt 0.359743446 0.335215896
vt 0.355515212 0.359990329
vt 0.346967906 0.355571598
vt 0.349352568 0.358938068
vt 0.26971969 0.286751866
vt 0.270357937 0.289961219
vt 0.261012822 0.291819334
vt 0.258316964 0.289214492
vt 0.249953613 0.127585441
vt 0.22696434 0.127585441
vt 0.226247326 0.108047083
vt 0.249173507 0.104714938
vt 0.257584184 0.108557582
vt 0.256953746 0.292669058
vt 0.231737942 0.29232657
vt 0.258316964 0.289214492
vt 0.23273012 0.296850324
vt 0.213653415 0.300130248
vt 0.209931284 0.295760989
vt 0.35280177 0.394757956
vt 0.359743416 0.418958038
vt 0.353164524 0.420845479
vt 0.347027987 0.399454445
vt 0.349031031 0.395839304
vt 0.226247326 0.169454277
vt 0.22696434 0.149916381
vt 0.249953613 0.149916381
vt 0.249173507 0.172787085
vt 0.257584184 0.168943569
vt 0.263241917 0.367814779
vt 0.270262331 0.368649721
vt 0.269877702 0.371884942
vt 0.260781854 0.370802879
vt 0.249953613 0.127585441
vt 0.249953613 0.149916381
vt 0.22696434 0.149916381
vt 0.22696434 0.127585441
vt 0.570250034 0.59276545
vt 0.539785206 0.577777445
vt 0.549321055 0.587954819
vt 0.586504877 0.588516057
vt 0.589347064 0.579771101
vt 0.594851077 0.582373321
vt 0.599308789 0.563522041
vt 0.54151839 0.568160594
vt 0.535033643 0.567791641
vt 0.540335596 0.549109161
vt 0.592753232 0.563718259
vt 0.545757771 0.552047968
vt 0.542605817 0.511952579
vt 0.605655551 0.532488346
vt 0.612820923 0.533246338
vt 0.621297181 0.50600785
vt 0.550311625 0.516354084
vt 0.555450022 0.490203738
vt 0.546440423 0.486446083
vt 0.612415135 0.505542636
vt 0.55830431 0.452966511
vt 0.528158665 0.473729014
vt 0.538016617 0.51204747
vt 0.514777899 0.493711531
vt 0.531772792 0.551194966
vt 0.51126045 0.557136357
vt 0.61578542 0.468589067
vt 0.625617087 0.468685448
vt 0.566698313 0.456073105
vt 0.621282995 0.434364676
vt 0.629610896 0.434617221
vt 0.581882775 0.425167978
vt 0.537725747 0.443261921
vt 0.574748456 0.422546268
vt 0.626322329 0.389624357
vt 0.632478416 0.389891326
vt 0.595317304 0.383235335
vt 0.648407102 0.433267951
vt 0.646397173 0.388988674
vt 0.646918058 0.465156257
vt 0.624087095 0.35390383
vt 0.605359733 0.352286577
vt 0.628685951 0.353809655
vt 0.590434909 0.381343663
vt 0.601631165 0.351230562
vt 0.564857602 0.371621728
vt 0.584962308 0.339088798
vt 0.547241032 0.411052763
vt 0.603413165 0.348059118
vt 0.605617583 0.348616123
vt 0.587988436 0.336060762
vt 0.62801671 0.349577069
vt 0.624186575 0.34990561
vt 0.602019131 0.344606817
vt 0.586924613 0.333569407
vt 0.626346886 0.348456919
vt 0.582865179 0.330617309
vt 0.585542381 0.300067306
vt 0.579466164 0.313374817
vt 0.572070301 0.313507318
vt 0.578760326 0.333260655
vt 0.551183522 0.364302695
vt 0.533723891 0.352890432
vt 0.528126001 0.403805375
vt 0.502304971 0.392050207
vt 0.516012013 0.432348251
vt 0.487446934 0.417701662
vt 0.507268369 0.451357782
vt 0.478705287 0.432049274
vt 0.499037296 0.467132926
vt 0.469702423 0.446839809
vt 0.483384311 0.480021119
vt 0.459629595 0.465282619
vt 0.457042873 0.476379871
vt 0.496642977 0.502002001
vt 0.476155758 0.487184525
vt 0.456459343 0.481037796
vt 0.492724389 0.527720392
vt 0.500043094 0.556723177
vt 0.484657794 0.552806079
vt 0.49020493 0.52821666
vt 0.485175818 0.507784903
vt 0.487930685 0.505606532
vt 0.474037409 0.490746677
vt 0.437063396 0.486239851
vt 0.284727186 0.14508076
vt 0.305228055 0.110901162
vt 0.288385779 0.109631732
vt 0.306470603 0.142783701
vt 0.280873775 0.163757592
vt 0.297231495 0.177489132
vt 0.269254148 0.178853542
vt 0.275881469 0.204525173
vt 0.247463673 0.188224107
vt 0.246643305 0.213828593
vt 0.226290226 0.181502745
vt 0.218433753 0.204219103
vt 0.212583646 0.16314353
vt 0.197538555 0.18085508
vt 0.207572132 0.144148141
vt 0.187975138 0.15002799
vt 0.210318238 0.124507003
vt 0.193713948 0.120915547
vt 0.306470603 0.142783701
vt 0.309824079 0.108605057
vt 0.305228055 0.110901162
vt 0.311531037 0.143317178
vt 0.297231495 0.177489132
vt 0.301650017 0.179745883
vt 0.275881469 0.204525173
vt 0.278585374 0.208530158
vt 0.246643305 0.213828593
vt 0.246593416 0.218490839
vt 0.218433753 0.204219103
vt 0.215966851 0.207961202
vt 0.197538555 0.18085508
vt 0.193695724 0.183045641
vt 0.187975138 0.15002799
vt 0.183295608 0.150268823
vt 0.193713948 0.120915547
vt 0.189755008 0.118144497
vt 0.182392702 0.112220503
vt 0.174143806 0.1067321
vt 0.161248982 0.148275942
vt 0.170229018 0.150419459
vt 0.189755008 0.118144497
vt 0.15632382 0.174554929
vt 0.183295608 0.150268823
vt 0.158688068 0.194900364
vt 0.17696093 0.189984798
vt 0.193695724 0.183045641
vt 0.176243216 0.23700358
vt 0.215966851 0.207961202
vt 0.205591694 0.225588322
vt 0.216036901 0.243373752
vt 0.246593416 0.218490839
vt 0.255997568 0.254055977
vt 0.251162589 0.239812076
vt 0.290723145 0.2324747
vt 0.298227459 0.269105852
vt 0.31875518 0.242081299
vt 0.278585374 0.208530158
vt 0.328053772 0.196558401
vt 0.318896204 0.187314481
vt 0.301650017 0.179745883
vt 0.344557315 0.152941048
vt 0.311531037 0.143317178
vt 0.328581512 0.147698313
vt 0.329938263 0.108516783
vt 0.309824079 0.108605057
vt 0.319691658 0.1067321
vt 0.384236604 0.359555364
vt 0.391514868 0.359555364
vt 0.391514868 0.346068263
vt 0.384236604 0.346068263
vt 0.475600511 0.403476417
vt 0.485344142 0.398042977
vt 0.484215468 0.374677122
vt 0.475600511 0.37620753
vt 0.461965472 0.389841318
vt 0.466956317 0.408466518
vt 0.466956317 0.371216774
vt 0.456975281 0.408466518
vt 0.456975281 0.371216774
vt 0.448331714 0.403476417
vt 0.448331714 0.376206875
vt 0.443340868 0.394832134
vt 0.443340868 0.384851158
vt 0.381651133 0.37620753
vt 0.37303558 0.374677122
vt 0.371907532 0.398042262
vt 0.381651133 0.403475702
vt 0.395286262 0.389841914
vt 0.390295506 0.408466518
vt 0.390295506 0.371216774
vt 0.400276452 0.408466518
vt 0.400276452 0.371216774
vt 0.408920676 0.403475702
vt 0.40892002 0.376206875
vt 0.413910866 0.394832134
vt 0.413910866 0.384851158
vt 0.570250034 0.59276545
vt 0.549321055 0.587954819
vt 0.539785206 0.577777445
vt 0.586504877 0.588516057
vt 0.589347064 0.579771101
vt 0.594851077 0.582373321
vt 0.599308789 0.563522041
vt 0.54151839 0.568160594
vt 0.535033643 0.567791641
vt 0.540335596 0.549109161
vt 0.592753232 0.563718259
vt 0.545757771 0.552047968
vt 0.542605817 0.511952579
vt 0.605655551 0.532488346
vt 0.612820923 0.533246338
vt 0.621297181 0.50600785
vt 0.550311625 0.516354084
vt 0.555450022 0.490203738
vt 0.546440423 0.486446083
vt 0.612415135 0.505542636
vt 0.55830431 0.452966511
vt 0.528158665 0.473729014
vt 0.538016617 0.51204747
vt 0.514777899 0.493711531
vt 0.531772792 0.551194966
vt 0.51126045 0.557136357
vt 0.61578542 0.468589067
vt 0.625617087 0.468685448
vt 0.566698313 0.456073105
vt 0.621282995 0.434364676
vt 0.629610896 0.434617221
vt 0.581882775 0.425167978
vt 0.537725747 0.443261921
vt 0.574748456 0.422546268
vt 0.626322329 0.389624357
vt 0.632478416 0.389891326
vt 0.595317304 0.383235335
vt 0.648407102 0.433267951
vt 0.646397173 0.388988674
vt 0.646918058 0.465156257
vt 0.624087095 0.35390383
vt 0.605359733 0.352286577
vt 0.628685951 0.353809655
vt 0.590434909 0.381343663
vt 0.601631165 0.351230562
vt 0.564857602 0.371621728
vt 0.584962308 0.339088798
vt 0.547241032 0.411052763
vt 0.603413165 0.348059118
vt 0.605617583 0.348616123
vt 0.587988436 0.336060762
vt 0.62801671 0.349577069
vt 0.624186575 0.34990561
vt 0.602019131 0.344606817
vt 0.586924613 0.333569407
vt 0.626346886 0.348456919
vt 0.582865179 0.330617309
vt 0.585542381 0.300067306
vt 0.579466164 0.313374817
vt 0.572070301 0.313507318
vt 0.578760326 0.333260655
vt 0.551183522 0.364302695
vt 0.533723891 0.352890432
vt 0.528126001 0.403805375
vt 0.502304971 0.392050207
vt 0.516012013 0.432348251
vt 0.487446934 0.417701662
vt 0.507268369 0.451357782
vt 0.478705287 0.432049274
vt 0.499037296 0.467132926
vt 0.469702423 0.446839809
vt 0.483384311 0.480021119
vt 0.459629595 0.465282619
vt 0.457042873 0.476379871
vt 0.496642977 0.502002001
vt 0.476155758 0.487184525
vt 0.456459343 0.481037796
vt 0.492724389 0.527720392
vt 0.500043094 0.556723177
vt 0.484657794 0.552806079
vt 0.49020493 0.52821666
vt 0.485175818 0.507784903
vt 0.487930685 0.505606532
vt 0.474037409 0.490746677
vt 0.437063396 0.486239851
vt 0.284727186 0.14508076
vt 0.288385779 0.109631732
vt 0.305228055 0.110901162
vt 0.306470603 0.142783701
vt 0.280873775 0.163757592
vt 0.297231495 0.177489132
vt 0.269254148 0.178853542
vt 0.275881469 0.204525173
vt 0.247463673 0.188224107
vt 0.246643305 0.213828593
vt 0.226290226 0.181502745
vt 0.218433753 0.204219103
vt 0.212583646 0.16314353
vt 0.197538555 0.18085508
vt 0.207572132 0.144148141
vt 0.187975138 0.15002799
vt 0.210318238 0.124507003
vt 0.193713948 0.120915547
vt 0.306470603 0.142783701
vt 0.305228055 0.110901162
vt 0.309824079 0.108605057
vt 0.311531037 0.143317178
vt 0.297231495 0.177489132
vt 0.301650017 0.179745883
vt 0.275881469 0.204525173
vt 0.278585374 0.208530158
vt 0.246643305 0.213828593
vt 0.246593416 0.218490839
vt 0.218433753 0.204219103
vt 0.215966851 0.207961202
vt 0.197538555 0.18085508
vt 0.193695724 0.183045641
vt 0.187975138 0.15002799
vt 0.183295608 0.150268823
vt 0.193713948 0.120915547
vt 0.189755008 0.118144497
vt 0.182392702 0.112220503
vt 0.161248982 0.148275942
vt 0.174143806 0.1067321
vt 0.170229018 0.150419459
vt 0.189755008 0.118144497
vt 0.15632382 0.174554929
vt 0.183295608 0.150268823
vt 0.158688068 0.194900364
vt 0.17696093 0.189984798
vt 0.193695724 0.183045641
vt 0.176243216 0.23700358
vt 0.215966851 0.207961202
vt 0.205591694 0.225588322
vt 0.216036901 0.243373752
vt 0.246593416 0.218490839
vt 0.255997568 0.254055977
vt 0.251162589 0.239812076
vt 0.290723145 0.2324747
vt 0.298227459 0.269105852
vt 0.31875518 0.242081299
vt 0.278585374 0.208530158
vt 0.328053772 0.196558401
vt 0.318896204 0.187314481
vt 0.301650017 0.179745883
vt 0.344557315 0.152941048
vt 0.311531037 0.143317178
vt 0.328581512 0.147698313
vt 0.329938263 0.108516783
vt 0.309824079 0.108605057
vt 0.319691658 0.1067321
vt 0.384236604 0.359555364
vt 0.384236604 0.346068263
vt 0.391514868 0.346068263
vt 0.391514868 0.359555364
vt 0.475600511 0.403476417
vt 0.484215468 0.374677122
vt 0.485344142 0.398042977
vt 0.475600511 0.37620753
vt 0.461965472 0.389841318
vt 0.466956317 0.408466518
vt 0.466956317 0.371216774
vt 0.456975281 0.408466518
vt 0.456975281 0.371216774
vt 0.448331714 0.403476417
vt 0.448331714 0.376206875
vt 0.443340868 0.394832134
vt 0.443340868 0.384851158
vt 0.381651133 0.37620753
vt 0.371907532 0.398042262
vt 0.37303558 0.374677122
vt 0.381651133 0.403475702
vt 0.395286262 0.389841914
vt 0.390295506 0.408466518
vt 0.390295506 0.371216774
vt 0.400276452 0.408466518
vt 0.400276452 0.371216774
vt 0.408920676 0.403475702
vt 0.40892002 0.376206875
vt 0.413910866 0.394832134
vt 0.413910866 0.384851158
vt 0.405257165 0.0670565516
vt 0.370728284 0.0532895289
vt 0.365155488 0.0610625036
vt 0.403277695 0.0758322179
vt 0.352997571 0.0832607299
vt 0.399042457 0.10320507
vt 0.44160527 0.0692893267
vt 0.44132027 0.0780026242
vt 0.477890998 0.0682521015
vt 0.477890998 0.077215828
vt 0.514460742 0.0780026242
vt 0.514175713 0.0692893267
vt 0.439289957 0.0990983695
vt 0.399042457 0.10320507
vt 0.417453498 0.134321928
vt 0.440306127 0.129764259
vt 0.435281128 0.175076082
vt 0.477890998 0.0987558365
vt 0.447339296 0.166657358
vt 0.461295336 0.216882825
vt 0.477890998 0.127496943
vt 0.516491055 0.0990983695
vt 0.552503288 0.0758322179
vt 0.550524771 0.0670565516
vt 0.556738555 0.10320507
vt 0.556738555 0.10320507
vt 0.602784455 0.0832607299
vt 0.590626419 0.0610625036
vt 0.585053623 0.0532895289
vt 0.538327515 0.134321928
vt 0.515475869 0.129764259
vt 0.520499885 0.175076082
vt 0.50844264 0.166657358
vt 0.494485706 0.216882825
vt 0.477890998 0.16402638
vt 0.494485706 0.216882825
vt 0.461295336 0.216882825
vt 0.477890998 0.212230161
vt 0.488851458 0.26551646
vt 0.466929555 0.26551646
vt 0.477890998 0.265090406
vt 0.255993336 0.350499749
vt 0.287681073 0.304800272
vt 0.241344482 0.32491827
vt 0.295511633 0.326712608
vt 0.263836354 0.358221889
vt 0.300004989 0.335816383
vt 0.330033809 0.283688247
vt 0.340209365 0.320538163
vt 0.338395864 0.30960834
vt 0.355386883 0.302696049
vt 0.383629054 0.320130348
vt 0.35777989 0.271205008
vt 0.33869049 0.271500587
vt 0.370268852 0.296976447
vt 0.383629054 0.296612799
vt 0.396989256 0.296976447
vt 0.411871195 0.302696049
vt 0.427048683 0.320538163
vt 0.37063539 0.272286415
vt 0.370268852 0.296976447
vt 0.383629054 0.296612799
vt 0.370236248 0.233250737
vt 0.356536359 0.228936791
vt 0.365667015 0.205103561
vt 0.375083655 0.238546252
vt 0.370236248 0.233250737
vt 0.383629054 0.232571393
vt 0.383629054 0.271979332
vt 0.383629054 0.238594234
vt 0.392174453 0.238546252
vt 0.397020876 0.233250737
vt 0.409478188 0.271205008
vt 0.396622717 0.272286415
vt 0.396989256 0.296976447
vt 0.437223345 0.283688247
vt 0.428567618 0.271500587
vt 0.397020876 0.233250737
vt 0.410720766 0.228936791
vt 0.401590079 0.205103561
vt 0.428862154 0.30960834
vt 0.471746445 0.326712608
vt 0.467253059 0.335816383
vt 0.50342077 0.358221889
vt 0.479576975 0.304800272
vt 0.511264741 0.350499749
vt 0.525912642 0.32491827
vt 0.383629054 0.232571393
vt 0.401590079 0.205103561
vt 0.383629054 0.205644712
vt 0.396413535 0.174836829
vt 0.365667015 0.205103561
vt 0.370844543 0.174836829
vt 0.383629054 0.176608086
vt 0.370844543 0.174836829
vt 0.396413535 0.174836829
vt 0.395144075 0.158889785
vt 0.372113973 0.158889785
vt 0.383629054 0.160898045
vt 0.383629054 0.125157312
vt 0.394589514 0.125583336
vt 0.37266764 0.125583336
vt 0.241344482 0.32491827
vt 0.283763409 0.29655236
vt 0.239581868 0.315478623
vt 0.287681073 0.304800272
vt 0.330033809 0.283688247
vt 0.325125903 0.275002778
vt 0.33869049 0.271500587
vt 0.356536359 0.228936791
vt 0.347358674 0.224741817
vt 0.356070966 0.202696145
vt 0.365667015 0.205103561
vt 0.362225264 0.172873676
vt 0.370844543 0.174836829
vt 0.372113973 0.158889785
vt 0.364541531 0.126510218
vt 0.37266764 0.125583336
vt 0.525912642 0.32491827
vt 0.527675211 0.315478623
vt 0.483494639 0.29655236
vt 0.479576975 0.304800272
vt 0.437223345 0.283688247
vt 0.442132175 0.275002778
vt 0.428567618 0.271500587
vt 0.410720766 0.228936791
vt 0.419899404 0.224741817
vt 0.411187053 0.202696145
vt 0.401590079 0.205103561
vt 0.4050318 0.172873676
vt 0.396413535 0.174836829
vt 0.395144075 0.158889785
vt 0.402716547 0.126510218
vt 0.394589514 0.125583336
vt 0.00499254139 0.063424401
vt 0.0145341083 0.063424401
vt 0.0204009488 0.0402694605
vt 0.012733791 0.0909131989
vt 0.0204009488 0.0865793303
vt 0.0322875194 0.111598939
vt 0.0371661484 0.103655927
vt 0.060441263 0.119913168
vt 0.0606679544 0.110315092
vt 0.0897277147 0.112711333
vt 0.0847131088 0.103992328
vt 0.110262312 0.091027528
vt 0.102124251 0.0865543783
vt 0.117018111 0.063424401
vt 0.0204009488 0.0402694605
vt 0.012733791 0.0359355919
vt 0.0371661484 0.0231928583
vt 0.0322875194 0.015249854
vt 0.0606679544 0.0165330525
vt 0.060441263 0.00693559321
vt 0.0847131088 0.0228564572
vt 0.0897277147 0.0141368192
vt 0.102124251 0.0402937792
vt 0.110262312 0.0358206145
vt 0.108218268 0.063424401
vt 0.102124251 0.0865543783
vt 0.369444698 0.546998322
vt 0.374526232 0.533299446
vt 0.350101024 0.523962498
vt 0.350841761 0.541221201
vt 0.326406896 0.51248771
vt 0.365522236 0.56534797
vt 0.329926401 0.534314632
vt 0.302921027 0.501338243
vt 0.347434551 0.561919689
vt 0.306527823 0.527879179
vt 0.278762549 0.492508829
vt 0.341356069 0.580452621
vt 0.365940571 0.584846139
vt 0.326986462 0.556487858
vt 0.318010271 0.576220155
vt 0.303967834 0.551546395
vt 0.294781506 0.574870169
vt 0.28108263 0.523297548
vt 0.253581166 0.486723006
vt 0.279127151 0.548961461
vt 0.268138856 0.575250149
vt 0.253907412 0.521010041
vt 0.226778269 0.484477818
vt 0.253173381 0.550044835
vt 0.24253723 0.581153989
vt 0.226810887 0.520815313
vt 0.199979201 0.48676914
vt 0.226847351 0.550265491
vt 0.226627618 0.580428541
vt 0.199728757 0.521073401
vt 0.1748209 0.492635489
vt 0.200528026 0.550109088
vt 0.211236164 0.581201971
vt 0.172560304 0.523421288
vt 0.150688291 0.501510024
vt 0.174566627 0.549078524
vt 0.185617268 0.575342238
vt 0.147125661 0.528049052
vt 0.127233118 0.512692153
vt 0.149725914 0.551715314
vt 0.158974603 0.575027525
vt 0.123731866 0.534513235
vt 0.103575483 0.524170697
vt 0.126684278 0.556703746
vt 0.135745883 0.576444685
vt 0.112398162 0.580795109
vt 0.102808833 0.541411102
vt 0.0791905522 0.53342706
vt 0.0842183679 0.547103941
vt 0.106143132 0.562183499
vt 0.0880170614 0.565421879
vt 0.0863609463 0.585493803
vt 0.956553757 0.268430948
vt 0.974638641 0.287484765
vt 0.986470163 0.280366719
vt 0.965788305 0.257918954
vt 0.934369266 0.253812373
vt 0.983477294 0.265227199
vt 0.992784083 0.274421871
vt 0.975886524 0.249137267
vt 0.989978492 0.24057278
vt 0.957971871 0.236588955
vt 0.939472258 0.240881503
vt 0.958011568 0.220540941
vt 0.916705072 0.232439086
vt 0.909760892 0.243451506
vt 0.922353923 0.211642146
vt 0.953695595 0.174684331
vt 0.891937912 0.225251511
vt 0.88321799 0.238708973
vt 0.856185853 0.241276115
vt 0.857041061 0.218672886
vt 0.897649944 0.206734985
vt 0.873025358 0.204059243
vt 0.919762671 0.173223674
vt 0.8651492 0.172995135
vt 0.823154271 0.179303348
vt 0.893974841 0.172702014
vt 0.902038157 0.138614386
vt 0.882295191 0.142954469
vt 0.916808069 0.124389678
vt 0.944291413 0.12350817
vt 0.863333762 0.136363775
vt 0.935130775 0.0894773304
vt 0.921973526 0.104650937
vt 0.916691601 0.0853402242
vt 0.902514517 0.0711524189
vt 0.918165743 0.0676292628
vt 0.891896665 0.0536210202
vt 0.88318032 0.0662686676
vt 0.864509761 0.0724732578
vt 0.854133308 0.0482979454
vt 0.818433225 0.0568759032
vt 0.821410477 0.0492525436
vt 0.851481616 0.0871302038
vt 0.779349625 0.0465902947
vt 0.816403925 0.075254038
vt 0.846386373 0.104210928
vt 0.779349625 0.0551434122
vt 0.816095889 0.116801798
vt 0.850414217 0.121835306
vt 0.74026531 0.0568759032
vt 0.737287939 0.0492525436
vt 0.704565227 0.0482979454
vt 0.779349625 0.0752128735
vt 0.818675935 0.155480042
vt 0.779349625 0.156363681
vt 0.694188774 0.0724732578
vt 0.66680187 0.0536210202
vt 0.675518215 0.0662686676
vt 0.656184733 0.0711524189
vt 0.640532792 0.0676292628
vt 0.623568475 0.0894773304
vt 0.642007649 0.0853402242
vt 0.636725008 0.104650937
vt 0.641891181 0.124389678
vt 0.614407778 0.12350817
vt 0.60500294 0.174684331
vt 0.707216918 0.0871302038
vt 0.656660378 0.138614386
vt 0.74229449 0.075254038
vt 0.712312043 0.104210928
vt 0.742602527 0.116801798
vt 0.708283603 0.121835306
vt 0.779349625 0.11676985
vt 0.740023315 0.155480042
vt 0.695364773 0.136363775
vt 0.735544264 0.179303348
vt 0.779349625 0.180935055
vt 0.821205318 0.231895447
vt 0.779349625 0.225027949
vt 0.806829512 0.250112444
vt 0.779349625 0.245293289
vt 0.751869023 0.250112444
vt 0.737493098 0.231895447
vt 0.693549335 0.172995135
vt 0.701657474 0.218672886
vt 0.664723694 0.172702014
vt 0.676403344 0.142954469
vt 0.685673177 0.204059243
vt 0.638935864 0.173223674
vt 0.666760623 0.225251511
vt 0.702512681 0.241276115
vt 0.675480545 0.238708973
vt 0.648937643 0.243451506
vt 0.661048591 0.206734985
vt 0.636344612 0.211642146
vt 0.600686967 0.220540941
vt 0.641993463 0.232439086
vt 0.624329269 0.253812373
vt 0.619226933 0.240881503
vt 0.600727439 0.236588955
vt 0.592910349 0.257918954
vt 0.602145493 0.268430948
vt 0.582812071 0.249137267
vt 0.572228372 0.280366719
vt 0.584059775 0.287484765
vt 0.57522136 0.265227199
vt 0.568720043 0.24057278
vt 0.565914452 0.274421871
vt 0.937202156 0.269702792
vt 0.93321532 0.275535643
vt 0.956388414 0.294439912
vt 0.94604975 0.299643338
vt 0.950080693 0.317501664
vt 0.929508865 0.289347768
vt 0.906122625 0.272984326
vt 0.937202156 0.269702792
vt 0.907998502 0.299612641
vt 0.854419529 0.300325513
vt 0.854419529 0.27462703
vt 0.802716434 0.272984326
vt 0.800840676 0.299612641
vt 0.779329479 0.289347768
vt 0.775623739 0.275535643
vt 0.771636069 0.269702792
vt 0.762788475 0.299643338
vt 0.752449811 0.294439912
vt 0.758758605 0.317501664
vt 0.771636069 0.269702792
vt 0.771636069 0.269702792
vt 0.744186461 0.288553298
vt 0.742807567 0.313122451
vt 0.758758605 0.317501664
vt 0.730728328 0.310977995
vt 0.749248803 0.388318241
vt 0.730828226 0.387709856
vt 0.720066369 0.380624831
vt 0.748070538 0.463423669
vt 0.729803503 0.464772761
vt 0.718610823 0.463350773
vt 0.752111018 0.519423544
vt 0.73524195 0.522187829
vt 0.722620666 0.520411789
vt 0.75710243 0.558914006
vt 0.740941465 0.56125325
vt 0.731231153 0.563774765
vt 0.761921108 0.602131188
vt 0.747505367 0.606116951
vt 0.736374199 0.610148787
vt 0.775701582 0.638651907
vt 0.763803661 0.643647134
vt 0.789929092 0.657676995
vt 0.756638944 0.665784895
vt 0.782258809 0.666897953
vt 0.8154127 0.68623203
vt 0.819655597 0.672651112
vt 0.8154127 0.68623203
vt 0.798760474 0.692433298
vt 0.854419529 0.677464068
vt 0.854419529 0.70815295
vt 0.854419529 0.695367515
vt 0.893425524 0.68623203
vt 0.910078824 0.692433298
vt 0.889183581 0.672651112
vt 0.952200234 0.665784895
vt 0.926580369 0.666897953
vt 0.893425524 0.68623203
vt 0.918910086 0.657676995
vt 0.945035517 0.643647134
vt 0.972464979 0.610148787
vt 0.933137715 0.638651907
vt 0.961332858 0.606116951
vt 0.977607906 0.563774765
vt 0.94691819 0.602131188
vt 0.967897832 0.56125325
vt 0.986218631 0.520411789
vt 0.951736748 0.558914006
vt 0.973597229 0.522187829
vt 0.990228474 0.463350773
vt 0.95672816 0.519423544
vt 0.979035795 0.464772761
vt 0.98877281 0.380624831
vt 0.960767686 0.463423669
vt 0.978009999 0.387709856
vt 0.978110731 0.310977995
vt 0.959590375 0.388318241
vt 0.966031492 0.313122451
vt 0.950080693 0.317501664
vt 0.964651763 0.288553298
vt 0.937202156 0.269702792
vt 0.950080693 0.317501664
vt 0.94604975 0.299643338
vt 0.929508865 0.289347768
vt 0.907998502 0.299612641
vt 0.959590375 0.388318241
vt 0.903433144 0.386815548
vt 0.960767686 0.463423669
vt 0.854419529 0.300325513
vt 0.90400511 0.456171751
vt 0.854419529 0.387876809
vt 0.903275788 0.503979266
vt 0.95672816 0.519423544
vt 0.805405915 0.386815548
vt 0.800840676 0.299612641
vt 0.909754455 0.561336696
vt 0.951736748 0.558914006
vt 0.887066901 0.536019146
vt 0.915506661 0.594168246
vt 0.94691819 0.602131188
vt 0.933137715 0.638651907
vt 0.904473245 0.622599423
vt 0.918910086 0.657676995
vt 0.889183581 0.672651112
vt 0.882256806 0.64241904
vt 0.854419529 0.677464068
vt 0.854419529 0.650601685
vt 0.826581299 0.64241904
vt 0.819655597 0.672651112
vt 0.804364979 0.622599423
vt 0.789929092 0.657676995
vt 0.775701582 0.638651907
vt 0.793331563 0.594168246
vt 0.761921108 0.602131188
vt 0.75710243 0.558914006
vt 0.799083769 0.561336696
vt 0.752111018 0.519423544
vt 0.80556339 0.503979266
vt 0.821772397 0.536019146
vt 0.748070538 0.463423669
vt 0.854419529 0.526770413
vt 0.804834187 0.456171751
vt 0.854419529 0.498426557
vt 0.854419529 0.455575883
vt 0.749248803 0.388318241
vt 0.758758605 0.317501664
vt 0.779329479 0.289347768
vt 0.762788475 0.299643338
vt 0.957274497 0.106513068
vt 0.986946285 0.100866348
vt 0.980396688 0.0952734351
vt 0.953426778 0.113763079
vt 0.940352619 0.0796430111
vt 0.951843679 0.0796429589
vt 0.980396688 0.0952734351
vt 0.981582582 0.0796429589
vt 0.980396688 0.0640135556
vt 0.957274377 0.0527739413
vt 0.953426778 0.0455238484
vt 0.986946285 0.0584196784
vt 0.980396688 0.0640135556
vt 0.980396688 0.0952734351
vt 0.986946285 0.100866348
vt 0.989761531 0.0796430111
vt 0.981582582 0.0796429589
vt 0.980396688 0.0640135556
vt 0.986946285 0.0584196784
vt 0.0429189354 0.963478506
vt 0.0255124867 0.994027555
vt 0.0450364649 0.994028151
vt 0.0255097449 0.963481605
vt 0.039653182 0.932866573
vt 0.0254999399 0.932871521
vt 0.0392104983 0.90214318
vt 0.0254862905 0.902148843
vt 0.0425265431 0.871287704
vt 0.0254718661 0.87129432
vt 0.0462694168 0.840318382
vt 0.0254604816 0.840323627
vt 0.0481328368 0.80928421
vt 0.0254557133 0.809284985
vt 0.046267271 0.778250098
vt 0.0254583359 0.778246224
vt 0.0425229073 0.747281253
vt 0.025468111 0.747275114
vt 0.0392062068 0.716426015
vt 0.0254819989 0.716420114
vt 0.0396494269 0.685702682
vt 0.025496304 0.685697198
vt 0.0429167747 0.655091047
vt 0.0255075693 0.655086875
vt 0.0450363159 0.624541461
vt 0.0255124569 0.624540806
vt 0.0255097449 0.963481605
vt 0.0153859556 0.994027555
vt 0.0255124867 0.994027555
vt 0.0153862536 0.963520646
vt 0.0254999399 0.932871521
vt 0.0153880119 0.93293941
vt 0.0254862905 0.902148843
vt 0.015390873 0.902228177
vt 0.0254718661 0.87129432
vt 0.0153939128 0.87136358
vt 0.0254604816 0.840323627
vt 0.0153961778 0.840364039
vt 0.0254557133 0.809284985
vt 0.0153970122 0.809284985
vt 0.0254583359 0.778246224
vt 0.015395999 0.778205872
vt 0.025468111 0.747275114
vt 0.0153933764 0.747205853
vt 0.0254819989 0.716420114
vt 0.0153898001 0.716341019
vt 0.025496304 0.685697198
vt 0.015386045 0.685629189
vt 0.0255075693 0.655086875
vt 0.0153830051 0.655047834
vt 0.0255124569 0.624540806
vt 0.0153814554 0.624540806
vt 0.0153862536 0.963520646
vt 0.00463171303 0.994027913
vt 0.0153859556 0.994027555
vt 0.00463397801 0.963536799
vt 0.0153880119 0.93293941
vt 0.00464513898 0.932967365
vt 0.015390873 0.902228177
vt 0.00466176867 0.902260721
vt 0.0153939128 0.87136358
vt 0.00467905402 0.871391952
vt 0.0153961778 0.840364039
vt 0.00469225645 0.840380311
vt 0.0153970122 0.809284985
vt 0.00469791889 0.809284985
vt 0.015395999 0.778205872
vt 0.00469362736 0.7781896
vt 0.0153933764 0.747205853
vt 0.00468087196 0.747177958
vt 0.0153898001 0.716341019
vt 0.00466293097 0.716308892
vt 0.015386045 0.685629189
vt 0.00464397669 0.685602069
vt 0.0153830051 0.655047834
vt 0.00462937355 0.655032516
vt 0.0153814554 0.624540806
vt 0.00462293625 0.624541283
vt 0.119227648 0.201085255
vt 0.134996772 0.178065032
vt 0.125880912 0.178065032
vt 0.127317876 0.1502451
vt 0.127317876 0.1502451
vt 0.119227648 0.155044138
vt 0.107137397 0.130962119
vt 0.102810107 0.138554931
vt 0.0809928551 0.123691231
vt 0.0807760358 0.132597521
vt 0.0541302711 0.13008824
vt 0.0584549308 0.138265178
vt 0.0330923423 0.149692506
vt 0.0413349792 0.154749766
vt 0.0251328778 0.178065032
vt 0.119227648 0.201085255
vt 0.127317876 0.205884978
vt 0.102810107 0.217575118
vt 0.107137397 0.22516793
vt 0.0807760358 0.223531917
vt 0.0809928551 0.232438818
vt 0.0584549308 0.217865512
vt 0.0541302711 0.226041839
vt 0.0413349792 0.201380283
vt 0.0330923423 0.206437543
vt 0.0344380289 0.178065032
vt 0.0413349792 0.154749766
vt 0.0330923423 0.206437543
vt 0.107137397 0.22516793
vt 0.131387591 0.208156422
vt 0.127317876 0.205884978
vt 0.139925927 0.178065032
vt 0.107137397 0.22516793
vt 0.109482341 0.229019567
vt 0.0809928551 0.232438818
vt 0.081071794 0.236683324
vt 0.0541302711 0.226041839
vt 0.051848352 0.23000446
vt 0.0330923423 0.206437543
vt 0.0289786104 0.208779946
vt 0.0251328778 0.178065032
vt 0.0200874116 0.178065032
vt 0.0330923423 0.149692506
vt 0.127317876 0.205884978
vt 0.134996772 0.178065032
vt 0.131387591 0.147973672
vt 0.127317876 0.1502451
vt 0.109482341 0.127110511
vt 0.107137397 0.130962119
vt 0.081071794 0.119446062
vt 0.0809928551 0.123691231
vt 0.051848352 0.126125619
vt 0.0541302711 0.13008824
vt 0.0289786104 0.147350132
vt 0.0330923423 0.149692506
vt 0.0541302711 0.13008824
vt 0.379129976 0.442774355
vt 0.406511456 0.479966819
vt 0.409981042 0.446972251
vt 0.376621813 0.476787031
vt 0.407706082 0.511453092
vt 0.34861666 0.435907185
vt 0.37646541 0.508805811
vt 0.346795529 0.469645381
vt 0.318592697 0.427143037
vt 0.346489429 0.500805438
vt 0.31791237 0.460286379
vt 0.288672358 0.418237805
vt 0.317341477 0.490373671
vt 0.288893968 0.451039553
vt 0.258210838 0.41143012
vt 0.288007408 0.48029691
vt 0.258509248 0.4442904
vt 0.22689724 0.408749282
vt 0.257790565 0.47303921
vt 0.22689724 0.442033648
vt 0.195582747 0.41143012
vt 0.22689724 0.470293045
vt 0.195284322 0.4442904
vt 0.165122196 0.418237805
vt 0.196003959 0.47303921
vt 0.164900526 0.451039553
vt 0.135200873 0.427143037
vt 0.165787131 0.48029691
vt 0.135882139 0.460286379
vt 0.105177857 0.435907185
vt 0.136453047 0.490373671
vt 0.106998987 0.469645381
vt 0.0746635795 0.442774355
vt 0.10730508 0.500805438
vt 0.0771726966 0.476787031
vt 0.0438134708 0.446972251
vt 0.0773290843 0.508805811
vt 0.0472820885 0.479966819
vt 0.0460884534 0.511453092
vt 0.410770923 0.8986817
vt 0.4033539 0.901718557
vt 0.416716963 0.914078891
vt 0.403437346 0.884315908
vt 0.415778577 0.872059166
vt 0.366554826 0.831912339
vt 0.360918641 0.831882656
vt 0.360828459 0.849285185
vt 0.366169065 0.849314034
vt 0.360737354 0.866688788
vt 0.403536171 0.866913378
vt 0.360645205 0.884091437
vt 0.403437346 0.884315908
vt 0.4033539 0.901718557
vt 0.360555023 0.901495039
vt 0.403264642 0.919921458
vt 0.360463858 0.918897569
vt 0.379708737 0.93626374
vt 0.360497445 0.936301172
vt 0.370646179 0.953684628
vt 0.360531002 0.953703821
vt 0.366201729 0.97109586
vt 0.360565543 0.971107304
vt 0.346225709 0.831878841
vt 0.351849407 0.849286258
vt 0.351861864 0.831882656
vt 0.346507788 0.849282324
vt 0.35183692 0.866688788
vt 0.309038043 0.866658151
vt 0.351824433 0.884092391
vt 0.309025556 0.884061635
vt 0.309013098 0.901465237
vt 0.351811975 0.901495993
vt 0.351798564 0.918899596
vt 0.308992952 0.919668138
vt 0.332451016 0.936149538
vt 0.351661354 0.936301172
vt 0.341408968 0.95362407
vt 0.351524144 0.953704774
vt 0.351386935 0.971107304
vt 0.345750749 0.971062243
vt 0.301501095 0.898667395
vt 0.309025556 0.884061635
vt 0.295949429 0.872220337
vt 0.309013098 0.901465237
vt 0.296053976 0.914247811
vt 0.0958149657 0.0542560555
vt 0.0898395479 0.0558429547
vt 0.0820922405 0.0427039303
vt 0.0865947753 0.0381915607
vt 0.0684130564 0.0352104716
vt 0.0699811876 0.0286569204
vt 0.0527537987 0.0356944688
vt 0.0507853404 0.0296128001
vt 0.0398119688 0.0438558348
vt 0.0352300927 0.0397432186
vt 0.0327814706 0.0569959767
vt 0.0271822177 0.0557058565
vt 0.0327814706 0.0569959767
vt 0.0332914293 0.0717571601
vt 0.0274762549 0.0733633414
vt 0.0958149657 0.0722521618
vt 0.0898395479 0.0558429547
vt 0.0900703222 0.0708491802
vt 0.0332914293 0.0717571601
vt 0.040908277 0.0846065208
vt 0.0365412459 0.0889399722
vt 0.0540483817 0.0921242461
vt 0.0523904487 0.0981436968
vt 0.0693429932 0.0920614675
vt 0.0709579736 0.0981976613
vt 0.0826500356 0.0841803774
vt 0.0873738751 0.0887527466
vt 0.0900703222 0.0708491802
vt 0.67492044 0.00796555728
vt 0.689029038 0.0433253571
vt 0.689029098 0.00796555728
vt 0.67492038 0.0433253571
vt 0.660780132 0.00796555728
vt 0.660780132 0.0433253571
vt 0.646640837 0.0433253571
vt 0.646640897 0.00796555728
vt 0.632501543 0.00796555728
vt 0.632501543 0.0433253571
vt 0.617482364 0.0330086872
vt 0.618361175 0.0433253571
vt 0.604222 0.0433253571
vt 0.617482364 0.0182821676
vt 0.618361175 0.00796555728
vt 0.604222 0.00796555728
vt 0.603957117 0.0313468501
vt 0.599715173 0.0374281928
vt 0.603957117 0.0199440643
vt 0.590081632 0.0433253571
vt 0.58101052 0.0374281928
vt 0.599715233 0.0138627216
vt 0.590081692 0.00796555728
vt 0.58101052 0.0138627216
vt 0.575942457 0.0433253571
vt 0.575942457 0.00796555728
vt 0.577279031 0.0199440643
vt 0.577279031 0.0313468501
vt 0.563268185 0.0182822272
vt 0.561803043 0.00796555728
vt 0.547662795 0.00796555728
vt 0.563268185 0.0330087468
vt 0.561803043 0.0433253571
vt 0.547662795 0.0433253571
vt 0.5335235 0.0433253571
vt 0.53352356 0.00796555728
vt 0.519384205 0.00796555728
vt 0.519384205 0.0433253571
vt 0.073401168 0.872482836
vt 0.0498078465 0.872482836
vt 0.0498078465 0.991366923
vt 0.073401168 0.991366923
vt 0.0812010169 0.872482836
vt 0.0812010169 0.991366923
vt 0.095825851 0.872482836
vt 0.095825851 0.991366923
vt 0.103625678 0.991366923
vt 0.103625678 0.872482836
vt 0.127219036 0.872482836
vt 0.127219036 0.991366923
vt 0.135018885 0.991366923
vt 0.135018885 0.872482836
vt 0.149643719 0.872482836
vt 0.149644658 0.991366923
vt 0.157444507 0.991366923
vt 0.157444507 0.872482836
vt 0.188514382 0.0369106755
vt 0.193787903 0.0369174108
vt 0.188521087 0.0313963518
vt 0.190993756 0.0411890969
vt 0.216344982 0.0369461998
vt 0.221567512 0.0412284359
vt 0.221618444 0.0369528756
vt 0.22796461 0.0412361845
vt 0.221626103 0.0314386114
vt 0.231919706 0.0369662866
vt 0.23195228 0.011313878
vt 0.221644282 0.0168156847
vt 0.221651077 0.0113014206
vt 0.216377616 0.0112946853
vt 0.228007734 0.00703444332
vt 0.221611738 0.00702586025
vt 0.191037863 0.00698652118
vt 0.193820417 0.0112658963
vt 0.188548058 0.0112592205
vt 0.188540339 0.0167734846
vt 0.272356242 0.0112994537
vt 0.2713947 0.00699897856
vt 0.232925266 0.00701334327
vt 0.272323698 0.0369509682
vt 0.271365047 0.0412524566
vt 0.232895553 0.0412668809
vt 0.28411597 0.0112937316
vt 0.274744481 0.0070085749
vt 0.282024205 0.0070047006
vt 0.284082413 0.0369461998
vt 0.318854898 0.0369768962
vt 0.274714649 0.0412399396
vt 0.281994432 0.0412370786
vt 0.285412312 0.0412256345
vt 0.317518324 0.0412534103
vt 0.318888515 0.011324428
vt 0.285452604 0.00701721758
vt 0.317558616 0.00704600662
vt 0.330663651 0.0113186464
vt 0.320968717 0.00708337873
vt 0.328309983 0.00706424564
vt 0.330631107 0.0369701609
vt 0.371090651 0.0369855389
vt 0.328254312 0.0412112102
vt 0.320913166 0.0412294492
vt 0.331590533 0.041277431
vt 0.37011379 0.0412917957
vt 0.371124208 0.0113330707
vt 0.331626981 0.0070123896
vt 0.370150268 0.00702675432
vt 0.382919371 0.0168597922
vt 0.382883906 0.0314539894
vt 0.382918417 0.0113311633
vt 0.373515248 0.00704696029
vt 0.380839169 0.00704499334
vt 0.38288492 0.0369826183
vt 0.373484552 0.0412706956
vt 0.380807459 0.041269742
vt 0.966723979 0.734060705
vt 0.990240514 0.714331329
vt 0.966723979 0.714331329
vt 0.990241587 0.734060705
vt 0.990241587 0.783732593
vt 0.966723979 0.783732593
vt 0.966723979 0.803462923
vt 0.990240514 0.803462923
vt 0.990240514 0.853133857
vt 0.966723979 0.853133857
vt 0.966723979 0.872864068
vt 0.990241587 0.872864068
vt 0.990241587 0.922535956
vt 0.966723979 0.922535956
vt 0.966723979 0.942265332
vt 0.990241587 0.942265332
vt 0.966723979 0.99193722
vt 0.990240514 0.99193722
vt 0.479250014 0.643074989
vt 0.481217027 0.667518377
vt 0.490000367 0.651058078
vt 0.470322758 0.661468744
vt 0.474786431 0.640580237
vt 0.476061583 0.686884165
vt 0.461217999 0.655078411
vt 0.461239129 0.632488728
vt 0.461531788 0.681713343
vt 0.473620623 0.712201834
vt 0.45168528 0.706100225
vt 0.448378801 0.673025966
vt 0.433187902 0.694015265
vt 0.450174063 0.645388365
vt 0.450412005 0.621328652
vt 0.43654424 0.660985112
vt 0.418683946 0.678105593
vt 0.440588564 0.633710146
vt 0.4480353 0.617034853
vt 0.426987529 0.646615505
vt 0.408177376 0.659621716
vt 0.435685486 0.622751594
vt 0.444505274 0.60451901
vt 0.420724809 0.63118279
vt 0.401232421 0.639737785
vt 0.432111323 0.609096885
vt 0.444749951 0.591813207
vt 0.416790843 0.614431739
vt 0.396928072 0.619292617
vt 0.431209385 0.594832778
vt 0.446258307 0.587134659
vt 0.415035903 0.597099185
vt 0.394899696 0.598436713
vt 0.432931721 0.582863927
vt 0.453802913 0.572941661
vt 0.415439844 0.580148458
vt 0.394899666 0.577814996
vt 0.437711 0.568560481
vt 0.464320093 0.560753942
vt 0.419207871 0.563191116
vt 0.397264838 0.557194173
vt 0.444861263 0.555422902
vt 0.467775285 0.556946635
vt 0.425406277 0.547186494
vt 0.403394192 0.536760449
vt 0.451128751 0.546134889
vt 0.475676835 0.545416236
vt 0.458664715 0.536326826
vt 0.433623493 0.533740878
vt 0.414091736 0.517779469
vt 0.444010168 0.522975266
vt 0.430138588 0.502133727
vt 0.0958149657 0.0542560555
vt 0.0820922405 0.0427039303
vt 0.0898395479 0.0558429547
vt 0.0865947753 0.0381915607
vt 0.0684130564 0.0352104716
vt 0.0699811876 0.0286569204
vt 0.0527537987 0.0356944688
vt 0.0507853404 0.0296128001
vt 0.0398119688 0.0438558348
vt 0.0352300927 0.0397432186
vt 0.0327814706 0.0569959767
vt 0.0271822177 0.0557058565
vt 0.0332914293 0.0717571601
vt 0.0327814706 0.0569959767
vt 0.0274762549 0.0733633414
vt 0.0958149657 0.0722521618
vt 0.0898395479 0.0558429547
vt 0.0900703222 0.0708491802
vt 0.040908277 0.0846065208
vt 0.0332914293 0.0717571601
vt 0.0365412459 0.0889399722
vt 0.0540483817 0.0921242461
vt 0.0523904487 0.0981436968
vt 0.0693429932 0.0920614675
vt 0.0709579736 0.0981976613
vt 0.0826500356 0.0841803774
vt 0.0873738751 0.0887527466
vt 0.0900703222 0.0708491802
vt 0.374892265 0.606294632
vt 0.350143701 0.622481585
vt 0.381395817 0.619937956
vt 0.349321395 0.608778834
vt 0.316868901 0.623500526
vt 0.315221429 0.610203683
vt 0.284927815 0.606283128
vt 0.287275761 0.620080829
vt 0.264810771 0.609419763
vt 0.268113375 0.617340565
vt 0.243584484 0.612071872
vt 0.244166911 0.621016324
vt 0.224359781 0.610847533
vt 0.224342525 0.619183719
vt 0.20447205 0.620991409
vt 0.205057353 0.612021983
vt 0.180454597 0.617316544
vt 0.183764905 0.609354556
vt 0.161245242 0.620105863
vt 0.163580686 0.606272638
vt 0.131666496 0.623611927
vt 0.133309171 0.610296786
vt 0.098404184 0.62264663
vt 0.0992120951 0.608921766
vt 0.0736306459 0.606483698
vt 0.0671347678 0.620145261
vt 0.374892265 0.606294632
vt 0.38166064 0.59213233
vt 0.348742813 0.60014993
vt 0.349321395 0.608778834
vt 0.315221429 0.610203683
vt 0.315703094 0.601333022
vt 0.275623471 0.595733345
vt 0.284927815 0.606283128
vt 0.264810771 0.609419763
vt 0.243459761 0.604914904
vt 0.243584484 0.612071872
vt 0.223949105 0.603891134
vt 0.224359781 0.610847533
vt 0.205057353 0.612021983
vt 0.205186874 0.604832351
vt 0.183764905 0.609354556
vt 0.172914788 0.595620096
vt 0.163580686 0.606272638
vt 0.133309171 0.610296786
vt 0.132814065 0.601435721
vt 0.0992120951 0.608921766
vt 0.0997743607 0.600290954
vt 0.0736306459 0.606483698
vt 0.0668344498 0.592330992
vt 0.265723765 0.968710661
vt 0.278404117 0.973344028
vt 0.281687558 0.95945698
vt 0.269925803 0.954329014
vt 0.253043324 0.964077175
vt 0.283658355 0.915405929
vt 0.255170554 0.949887931
vt 0.224510431 0.961425006
vt 0.269993454 0.914460778
vt 0.284397215 0.896896064
vt 0.268958479 0.897144616
vt 0.285136074 0.878386199
vt 0.250829756 0.918962836
vt 0.224498898 0.945580542
vt 0.268012643 0.877781272
vt 0.285008937 0.868573308
vt 0.247709438 0.897824526
vt 0.266429782 0.86616832
vt 0.2848818 0.858760536
vt 0.193829194 0.949932992
vt 0.195979446 0.964125097
vt 0.183299497 0.968786895
vt 0.224483147 0.918607712
vt 0.246749952 0.878829956
vt 0.268133432 0.854767978
vt 0.285728067 0.848654985
vt 0.179073453 0.954403162
vt 0.170619637 0.973448575
vt 0.167309344 0.959552944
vt 0.198131815 0.919003785
vt 0.178957 0.914514184
vt 0.165287644 0.915479004
vt 0.201228127 0.897867799
vt 0.179974377 0.89720279
vt 0.16453588 0.896963358
vt 0.22447595 0.896610856
vt 0.180908769 0.877833247
vt 0.163784102 0.878447711
vt 0.202174485 0.878869951
vt 0.224475086 0.879545987
vt 0.182485655 0.866217792
vt 0.16390644 0.868632853
vt 0.203310594 0.867320657
vt 0.245604172 0.867283285
vt 0.18077521 0.854814172
vt 0.164028764 0.858818114
vt 0.224469244 0.867848575
vt 0.201291278 0.856854975
vt 0.224457636 0.857288361
vt 0.247614413 0.856821358
vt 0.181906104 0.842261672
vt 0.163163766 0.848714471
vt 0.224447966 0.844118893
vt 0.202134132 0.84371835
vt 0.266973466 0.842213511
vt 0.286574334 0.838549435
vt 0.178548381 0.833499074
vt 0.162298784 0.838610828
vt 0.246751875 0.84368825
vt 0.270316839 0.833453715
vt 0.289297432 0.806465447
vt 0.224437505 0.8325966
vt 0.20014371 0.832520783
vt 0.176010817 0.805061817
vt 0.159547865 0.806526721
vt 0.248726487 0.832493961
vt 0.272834122 0.805016875
vt 0.285175353 0.778041899
vt 0.224421605 0.805822968
vt 0.199538946 0.805669844
vt 0.179085925 0.781896234
vt 0.163639233 0.778106153
vt 0.249302283 0.805641353
vt 0.269728363 0.78184849
vt 0.282502174 0.766891897
vt 0.22440584 0.781466305
vt 0.199243695 0.781040251
vt 0.224399611 0.77189219
vt 0.249567986 0.781009614
vt 0.266823769 0.770863533
vt 0.279828995 0.755741894
vt 0.199997351 0.771651626
vt 0.248803362 0.771620572
vt 0.266041636 0.760256052
vt 0.27666837 0.7448107
vt 0.181981117 0.770911336
vt 0.166302353 0.766955733
vt 0.248538435 0.761954725
vt 0.263811588 0.75129956
vt 0.273507744 0.733879507
vt 0.200251177 0.761986315
vt 0.182757303 0.760304391
vt 0.168965459 0.755805314
vt 0.224393368 0.762044013
vt 0.248022616 0.751478553
vt 0.184968129 0.751346886
vt 0.172105938 0.744876027
vt 0.200749815 0.751508951
vt 0.185202882 0.739891171
vt 0.175246388 0.733946741
vt 0.224383593 0.75140667
vt 0.199405849 0.740847528
vt 0.263556451 0.739839196
vt 0.249351144 0.740816772
vt 0.224375129 0.740400374
vt 0.224356815 0.716640174
vt 0.199974015 0.716509342
vt 0.185155585 0.71632272
vt 0.263571113 0.716270328
vt 0.24875173 0.716479242
vt 0.224344432 0.697701275
vt 0.270857573 0.715362906
vt 0.268207401 0.696846306
vt 0.251118571 0.689461052
vt 0.24322851 0.675293863
vt 0.197569355 0.68949753
vt 0.297713935 0.706301868
vt 0.2945306 0.689419687
vt 0.300801933 0.722974718
vt 0.224333882 0.676014483
vt 0.224330783 0.657850862
vt 0.247480094 0.661521971
vt 0.205434442 0.675314963
vt 0.18048723 0.696907699
vt 0.201165587 0.661534607
vt 0.332409412 0.683221936
vt 0.292895585 0.673864186
vt 0.177866817 0.71542722
vt 0.150985241 0.706418931
vt 0.15414682 0.689528167
vt 0.147917688 0.72309953
vt 0.116230927 0.683380067
vt 0.155740559 0.673955381
vt 0.202772766 0.632921994
vt 0.165872961 0.649873674
vt 0.153018191 0.738946974
vt 0.165957421 0.740657508
vt 0.15666841 0.747368276
vt 0.145000309 0.749236941
vt 0.133332208 0.751105487
vt 0.11211215 0.703076065
vt 0.108678587 0.718865097
vt 0.103984676 0.751617014
vt 0.0718401968 0.745235264
vt 0.0791286305 0.699006438
vt 0.0755045563 0.714435995
vt 0.0836741626 0.678908706
vt 0.0620900281 0.727376342
vt 0.0625531077 0.739843845
vt 0.0532660373 0.734452426
vt 0.049884744 0.724880397
vt 0.0465034135 0.715308249
vt 0.0475655906 0.696647286
vt 0.0486277677 0.677986324
vt 0.0654047728 0.635039628
vt 0.0969447643 0.63701719
vt 0.0671347678 0.620145261
vt 0.098404184 0.62264663
vt 0.131553277 0.638644516
vt 0.131666496 0.623611927
vt 0.158012673 0.63544935
vt 0.161245242 0.620105863
vt 0.172662437 0.630462706
vt 0.180454597 0.617316544
vt 0.20447205 0.620991409
vt 0.224330992 0.63039273
vt 0.224342525 0.619183719
vt 0.244166911 0.621016324
vt 0.245859489 0.632929623
vt 0.268113375 0.617340565
vt 0.282720953 0.649819911
vt 0.275909394 0.630445421
vt 0.287275761 0.620080829
vt 0.290548623 0.635391772
vt 0.316868901 0.623500526
vt 0.317010909 0.638525546
vt 0.350143701 0.622481585
vt 0.351627082 0.636844456
vt 0.381395817 0.619937956
vt 0.383146912 0.634821832
vt 0.364954472 0.678701699
vt 0.399982482 0.677727163
vt 0.336562157 0.7029019
vt 0.369526118 0.69878453
vt 0.401071519 0.696378052
vt 0.340018958 0.718678892
vt 0.373171896 0.714201868
vt 0.402160555 0.715028942
vt 0.386598527 0.72711587
vt 0.398794591 0.724602044
vt 0.395428628 0.734175026
vt 0.386154503 0.739577591
vt 0.376880378 0.744980156
vt 0.344761819 0.751406848
vt 0.315430611 0.750942409
vt 0.29573518 0.738825977
vt 0.303766787 0.749097288
vt 0.282805383 0.740565777
vt 0.292103022 0.747252166
vt 0.26124233 0.981646121
vt 0.271572411 0.985616982
vt 0.278404117 0.973344028
vt 0.265723765 0.968710661
vt 0.250912249 0.977675259
vt 0.253043324 0.964077175
vt 0.224523857 0.973695219
vt 0.224510431 0.961425006
vt 0.195979446 0.964125097
vt 0.198135465 0.97772032
vt 0.187810674 0.981720984
vt 0.183299497 0.968786895
vt 0.177485883 0.985721648
vt 0.170619637 0.973448575
vt 0.257589489 0.990382969
vt 0.271572411 0.985616982
vt 0.26124233 0.981646121
vt 0.250912249 0.977675259
vt 0.224859685 0.981958568
vt 0.224523857 0.973695219
vt 0.198135465 0.97772032
vt 0.191498533 0.990458667
vt 0.187810674 0.981720984
vt 0.177485883 0.985721648
vt 0.979188144 0.211705402
vt 0.99023813 0.203312546
vt 0.988022268 0.213607132
vt 0.981807292 0.202391937
vt 0.974345028 0.209535807
vt 0.989906728 0.192716286
vt 0.977606714 0.201697871
vt 0.970086157 0.206288204
vt 0.981959522 0.193904251
vt 0.987158835 0.1823477
vt 0.973632395 0.200578183
vt 0.967100561 0.20175156
vt 0.977873981 0.19447577
vt 0.979291737 0.185776591
vt 0.981864631 0.172959715
vt 0.973807991 0.177503094
vt 0.975421965 0.187759191
vt 0.969743788 0.181161791
vt 0.969636977 0.198976487
vt 0.965177476 0.196566731
vt 0.974064291 0.195102632
vt 0.971921146 0.189972535
vt 0.966908395 0.185719281
vt 0.970028341 0.195717961
vt 0.968540728 0.192775637
vt 0.965177476 0.190954164
vt 0.97382921 0.160138354
vt 0.98492986 0.151623055
vt 0.98286289 0.162261009
vt 0.976766288 0.150759235
vt 0.968948662 0.157846823
vt 0.984967411 0.141091421
vt 0.972459972 0.149978176
vt 0.964954436 0.154347584
vt 0.976836622 0.142200187
vt 0.982123554 0.130734846
vt 0.968518794 0.14887616
vt 0.962099612 0.149918303
vt 0.97279495 0.142863482
vt 0.974205911 0.134108037
vt 0.976767838 0.121023789
vt 0.968605816 0.125948563
vt 0.97038883 0.136100918
vt 0.964656889 0.129634365
vt 0.96459955 0.147234887
vt 0.96024543 0.144838184
vt 0.969002426 0.143428251
vt 0.96690625 0.138337716
vt 0.961910546 0.134165853
vt 0.965017021 0.144022688
vt 0.963559568 0.141115889
vt 0.96024543 0.139326662
vt 0.843329251 0.807630837
vt 0.847340405 0.796223342
vt 0.865401089 0.796148002
vt 0.869507372 0.807521045
vt 0.732209742 0.760335267
vt 0.750691712 0.688792288
vt 0.766718447 0.751523077
vt 0.716682017 0.697972834
vt 0.700847208 0.657288849
vt 0.726410449 0.651738107
vt 0.719075978 0.598539114
vt 0.693904221 0.602014482
vt 0.673024356 0.604216516
vt 0.706625402 0.761155665
vt 0.7238006 0.809873641
vt 0.694116294 0.701708257
vt 0.70296675 0.803007424
vt 0.678414881 0.660219133
vt 0.63951546 0.606136501
vt 0.641807735 0.662493169
vt 0.641103446 0.704249084
vt 0.70800525 0.81590122
vt 0.719430983 0.818720281
vt 0.672775924 0.83443898
vt 0.670738876 0.828232944
vt 0.660069048 0.814777672
vt 0.615968168 0.66343838
vt 0.615386784 0.606835961
vt 0.592438161 0.606737137
vt 0.615887582 0.704790294
vt 0.590873182 0.663687766
vt 0.616128445 0.766485751
vt 0.6394943 0.769717276
vt 0.609722793 0.807389557
vt 0.628852427 0.815175951
vt 0.574139416 0.765049279
vt 0.564769804 0.663012326
vt 0.569232523 0.605343044
vt 0.53622061 0.601701677
vt 0.577382565 0.706252515
vt 0.527372956 0.656937659
vt 0.517762482 0.598539114
vt 0.508057117 0.651217043
vt 0.491976678 0.692727268
vt 0.557112992 0.705779493
vt 0.511370301 0.69992739
vt 0.473250031 0.751427114
vt 0.553350627 0.766550958
vt 0.496484488 0.754925549
vt 0.473626107 0.798839271
vt 0.578013897 0.804897726
vt 0.534516394 0.811370432
vt 0.560946167 0.811917484
vt 0.493446678 0.795542419
vt 0.523017704 0.822339594
vt 0.578006208 0.819381416
vt 0.570666015 0.823680937
vt 0.57679534 0.82518357
vt 0.608947515 0.828272283
vt 0.488178045 0.806535542
vt 0.476824164 0.807980478
vt 0.5204041 0.828160942
vt 0.609501123 0.822285831
vt 0.614926159 0.828824818
vt 0.617315352 0.826678455
vt 0.190573394 0.0962054655
vt 0.190844178 0.0781469196
vt 0.22964178 0.0787302554
vt 0.229370221 0.0967881083
vt 0.229370221 0.0967881083
vt 0.22964178 0.0787302554
vt 0.252041429 0.0790662318
vt 0.25176996 0.0971247703
vt 0.537969708 0.984463334
vt 0.558346748 0.991774797
vt 0.540785789 0.991774797
vt 0.558919549 0.984249234
vt 0.537969708 0.96411109
vt 0.506327927 0.96411109
vt 0.558918536 0.96411109
vt 0.506330788 0.984429717
vt 0.536368191 0.991774678
vt 0.508398473 0.991774678
vt 0.483304501 0.984089017
vt 0.504438698 0.991774797
vt 0.483741164 0.991774797
vt 0.483306527 0.964111209
vt 0.458132744 0.984102607
vt 0.479756236 0.991774678
vt 0.460813642 0.991774797
vt 0.458128989 0.964111209
vt 0.435678422 0.984429717
vt 0.435678363 0.96411109
vt 0.456511319 0.991774797
vt 0.437789321 0.991774797
vt 0.582854509 0.991774678
vt 0.561714649 0.991774678
vt 0.585302174 0.984277964
vt 0.585304141 0.96411109
vt 0.604722619 0.984463334
vt 0.604722679 0.964111209
vt 0.637471616 0.96411109
vt 0.637471616 0.984429598
vt 0.602436066 0.991774797
vt 0.586492062 0.991774797
vt 0.607075274 0.991774678
vt 0.635589123 0.991774797
vt 0.960280001 0.750104725
vt 0.939822376 0.793315232
vt 0.939821422 0.750104725
vt 0.960280001 0.793315232
vt 0.939822376 0.810478866
vt 0.960280955 0.810478866
vt 0.939823329 0.853688419
vt 0.960280955 0.853688419
vt 0.939823329 0.870852172
vt 0.960280955 0.870852172
vt 0.939823329 0.91406256
vt 0.960280955 0.91406256
vt 0.939823329 0.931226313
vt 0.960280955 0.93122524
vt 0.939823329 0.974435866
vt 0.960280955 0.974435866
vt 0.939823329 0.9915995
vt 0.960280955 0.9915995
vt 0.168173671 0.0958695561
vt 0.190844178 0.0781469196
vt 0.190573394 0.0962054655
vt 0.16844523 0.077810958
vt 0.145349413 0.0774647221
vt 0.145078465 0.0955226272
vt 0.134386227 0.099423863
vt 0.134779379 0.0732443333
vt 0.884048879 0.76926589
vt 0.87482053 0.803730309
vt 0.865401089 0.796148002
vt 0.867602885 0.751502395
vt 0.886781991 0.763239861
vt 0.900237381 0.733973026
vt 0.875732481 0.723800421
vt 0.924644768 0.756689668
vt 0.923270166 0.767988682
vt 0.93878299 0.738423228
vt 0.920794785 0.725071788
vt 0.941352189 0.716169834
vt 0.902807176 0.711718082
vt 0.828693211 0.769340634
vt 0.847340405 0.796223342
vt 0.837920964 0.803805768
vt 0.8451913 0.751531601
vt 0.825972617 0.76330936
vt 0.812645257 0.733983278
vt 0.837034523 0.723850965
vt 0.78813833 0.756594539
vt 0.789463103 0.767898679
vt 0.774080575 0.738266587
vt 0.792126715 0.724992752
vt 0.810172856 0.711718082
vt 0.771608174 0.716001511
vt 0.865401089 0.796148002
vt 0.847340405 0.796223342
vt 0.8451913 0.751531601
vt 0.867602885 0.751502395
vt 0.252041429 0.0790662318
vt 0.27841866 0.0762028396
vt 0.278079778 0.0994238704
vt 0.25176996 0.0971247703
vt 0.799348772 0.88584286
vt 0.78427583 0.85879606
vt 0.799348772 0.85879606
vt 0.78427583 0.891400278
vt 0.740570128 0.891215026
vt 0.740570128 0.858610928
vt 0.725498259 0.885658562
vt 0.725498259 0.858610928
vt 0.69438237 0.898801863
vt 0.722014248 0.898842156
vt 0.726439536 0.921704471
vt 0.726312935 0.937172711
vt 0.705312073 0.95636946
vt 0.721820414 0.96002239
vt 0.78409344 0.986297548
vt 0.798471749 0.975206673
vt 0.798444927 0.991757214
vt 0.78409344 0.968041956
vt 0.740278542 0.986037552
vt 0.740278542 0.967780888
vt 0.725900352 0.974946558
vt 0.725927174 0.991497099
vt 0.617929995 0.883173287
vt 0.622227669 0.905577838
vt 0.611198008 0.894536674
vt 0.639398098 0.885194957
vt 0.630792201 0.876701415
vt 0.623031676 0.926267684
vt 0.673680246 0.878433287
vt 0.63981837 0.943877637
vt 0.612744808 0.940754354
vt 0.618709147 0.946067154
vt 0.631441772 0.952812493
vt 0.673505723 0.886316597
vt 0.686070383 0.886466324
vt 0.686070383 0.94241339
vt 0.67352587 0.942590892
vt 0.673741758 0.950926125
vt 0.825972259 0.890313089
vt 0.833637655 0.900963724
vt 0.820029914 0.907831848
vt 0.801112235 0.899230778
vt 0.800552905 0.921594918
vt 0.809083879 0.923183024
vt 0.800230443 0.936848342
vt 0.80864054 0.93544358
vt 0.800917447 0.960488737
vt 0.811867416 0.952372134
vt 0.82359463 0.959415019
vt 0.817150533 0.964449584
vt 0.611198008 0.894536674
vt 0.619795263 0.906536281
vt 0.611095428 0.8964625
vt 0.622227669 0.905577838
vt 0.620375812 0.925655544
vt 0.623031676 0.926267684
vt 0.612049162 0.938737452
vt 0.612744808 0.940754354
vt 0.825314462 0.629887998
vt 0.81544596 0.61387676
vt 0.824848235 0.61074394
vt 0.83281976 0.617470086
vt 0.838779271 0.632103503
vt 0.831597388 0.603941023
vt 0.843914568 0.617679238
vt 0.850864232 0.636820495
vt 0.835815251 0.601813734
vt 0.833782136 0.592858613
vt 0.851275027 0.619917691
vt 0.866616547 0.63285476
vt 0.847456038 0.602247417
vt 0.8627823 0.619776666
vt 0.87490195 0.625919461
vt 0.850919902 0.604714334
vt 0.87133342 0.616182327
vt 0.886167467 0.617479622
vt 0.860929549 0.605712235
vt 0.882868588 0.609750807
vt 0.88853544 0.606923044
vt 0.887110651 0.604468644
vt 0.86485678 0.603435338
vt 0.879857719 0.602300167
vt 0.885349929 0.601640046
vt 0.878936589 0.591480792
vt 0.864816487 0.587985218
vt 0.861406386 0.585102022
vt 0.875711739 0.593363225
vt 0.851089776 0.585039556
vt 0.873610437 0.589851499
vt 0.87600714 0.587233067
vt 0.866769135 0.584060848
vt 0.861437023 0.579946578
vt 0.86687845 0.587663829
vt 0.851120412 0.579885125
vt 0.861496508 0.569961905
vt 0.851180971 0.569900453
vt 0.861527264 0.564817011
vt 0.851211607 0.564754665
vt 0.861593544 0.553812385
vt 0.851276815 0.553750932
vt 0.853081644 0.54456079
vt 0.863732278 0.55100292
vt 0.859938323 0.537422121
vt 0.866851509 0.551376164
vt 0.847640336 0.587915242
vt 0.84548527 0.584040761
vt 0.837292969 0.594077229
vt 0.845581234 0.587738633
vt 0.83897692 0.590483844
vt 0.836239398 0.588075459
vt 0.980075717 0.640750349
vt 0.969478011 0.659359992
vt 0.969440699 0.640771449
vt 0.980113268 0.659338892
vt 0.969497204 0.668793857
vt 0.980131626 0.668772757
vt 0.969537497 0.689947188
vt 0.980170727 0.689927042
vt 0.983714223 0.686359584
vt 0.983566523 0.673472464
vt 0.97766757 0.693514645
vt 0.972055316 0.693525136
vt 0.969566345 0.705124676
vt 0.974876165 0.701532304
vt 0.980200648 0.70510453
vt 0.991331935 0.686683834
vt 0.987205029 0.674955785
vt 0.990145683 0.671851814
vt 0.980131626 0.668772757
vt 0.996013284 0.6901142
vt 0.980170727 0.689927042
vt 0.953711271 0.690277278
vt 0.965984583 0.686401784
vt 0.969537497 0.689947188
vt 0.958385229 0.686794221
vt 0.959451199 0.671917975
vt 0.966068983 0.673530042
vt 0.969537497 0.689947188
vt 0.962408543 0.675029695
vt 0.969497204 0.668793857
vt 0.711384535 0.237055376
vt 0.718363523 0.235620096
vt 0.718961596 0.242831185
vt 0.713894844 0.243873075
vt 0.718363523 0.235620096
vt 0.723074079 0.235650614
vt 0.72238183 0.242853478
vt 0.718961596 0.242831185
vt 0.723074079 0.235650614
vt 0.730034113 0.237177566
vt 0.727434635 0.243961528
vt 0.72238183 0.242853478
vt 0.560565114 0.221697167
vt 0.571224332 0.203123048
vt 0.571200371 0.221710756
vt 0.560588241 0.203108743
vt 0.571235776 0.193689182
vt 0.560601711 0.193674758
vt 0.571264625 0.172535852
vt 0.560630322 0.172521546
vt 0.557076454 0.176076367
vt 0.557181835 0.188964561
vt 0.56276536 0.168177679
vt 0.569141269 0.168186381
vt 0.571284771 0.157358304
vt 0.565965295 0.15974845
vt 0.560651541 0.157342985
vt 0.549458742 0.175727203
vt 0.553548217 0.187469676
vt 0.550597787 0.190563157
vt 0.560601711 0.193674758
vt 0.54478991 0.172282532
vt 0.560630322 0.172521546
vt 0.58709085 0.172257617
vt 0.574806094 0.176091865
vt 0.571264625 0.172535852
vt 0.582406402 0.175724342
vt 0.581291437 0.190597728
vt 0.574679375 0.188963607
vt 0.571264625 0.172535852
vt 0.578344941 0.187476352
vt 0.571235776 0.193689182
vt 0.710684657 0.264763653
vt 0.717903137 0.262493908
vt 0.718774915 0.268855393
vt 0.713847756 0.270403922
vt 0.717903137 0.262493908
vt 0.723254323 0.262475669
vt 0.722426295 0.268837273
vt 0.718774915 0.268855393
vt 0.723254323 0.262475669
vt 0.730488539 0.264695942
vt 0.727364302 0.270357668
vt 0.722426295 0.268837273
vt 0.710730076 0.252520382
vt 0.717956901 0.250275195
vt 0.718806386 0.256640255
vt 0.713874102 0.25817138
vt 0.717956901 0.250275195
vt 0.723307848 0.250275195
vt 0.722458601 0.256638587
vt 0.718806386 0.256640255
vt 0.723307848 0.250275195
vt 0.730534911 0.252520382
vt 0.727389812 0.25817138
vt 0.722458601 0.256638587
vt 0.539558411 0.286351293
vt 0.539572835 0.297534376
vt 0.529086471 0.297548801
vt 0.529073 0.286364645
vt 0.539551735 0.281120867
vt 0.529066324 0.281134337
vt 0.529052854 0.270985574
vt 0.539539337 0.270972222
vt 0.539532542 0.265732378
vt 0.529047132 0.265745729
vt 0.539506674 0.244938821
vt 0.529021263 0.244952291
vt 0.525469899 0.262610048
vt 0.522960782 0.266655415
vt 0.542937875 0.248372883
vt 0.543098092 0.262570709
vt 0.545632124 0.266594023
vt 0.553646803 0.24759385
vt 0.557069421 0.243875712
vt 0.557533979 0.256031722
vt 0.553591251 0.255257338
vt 0.552149177 0.25916931
vt 0.555336714 0.26151821
vt 0.545292616 0.262611955
vt 0.537401557 0.240655631
vt 0.539485574 0.227756947
vt 0.534247637 0.232343286
vt 0.52899909 0.227769464
vt 0.531114936 0.24066326
vt 0.51482141 0.24763605
vt 0.511402726 0.243956178
vt 0.510964155 0.256130546
vt 0.525600553 0.248389214
vt 0.514918327 0.255328387
vt 0.516390204 0.259251803
vt 0.513205647 0.261627525
vt 0.523280382 0.262663811
vt 0.708348334 0.279300839
vt 0.718624294 0.277239233
vt 0.719757855 0.290470004
vt 0.712744296 0.291874766
vt 0.718624294 0.277239233
vt 0.726035297 0.277263314
vt 0.724815786 0.290484071
vt 0.719757855 0.290470004
vt 0.726035297 0.277263314
vt 0.736298144 0.279392511
vt 0.731820405 0.29193747
vt 0.724815786 0.290484071
vt 0.0264419168 0.528290689
vt 0.0264401287 0.508678257
vt 0.0368765444 0.508677304
vt 0.0368795246 0.528289616
vt 0.0264431089 0.533302128
vt 0.0368795246 0.533301175
vt 0.0368804783 0.542982638
vt 0.0264440626 0.542984545
vt 0.0264448971 0.55040437
vt 0.0368825048 0.550403535
vt 0.0264506191 0.579699218
vt 0.0368882269 0.579697192
vt 0.0405027717 0.553587973
vt 0.0452571958 0.549347937
vt 0.0229704231 0.576176822
vt 0.0228255838 0.553601444
vt 0.0180675834 0.549371064
vt 0.0119199604 0.576858103
vt 0.00861047208 0.580578148
vt 0.00690935506 0.559910238
vt 0.0108816465 0.560512841
vt 0.0120416731 0.556714237
vt 0.00873051584 0.554480374
vt 0.0185088962 0.553401887
vt 0.0273372978 0.582371414
vt 0.026454553 0.596800506
vt 0.0316732973 0.593834698
vt 0.0368921608 0.596798599
vt 0.0360035747 0.582369506
vt 0.0403654426 0.576173961
vt 0.0546948761 0.580589592
vt 0.0514113754 0.576882064
vt 0.0564583391 0.559852779
vt 0.0524782985 0.56048876
vt 0.0448281616 0.55337888
vt 0.0513048023 0.556677639
vt 0.054612264 0.554431498
vt 0.560565114 0.221697167
vt 0.571224332 0.203123048
vt 0.571200371 0.221710756
vt 0.560588241 0.203108743
vt 0.571235776 0.193689182
vt 0.560601711 0.193674758
vt 0.571264625 0.172535852
vt 0.560630322 0.172521546
vt 0.557076454 0.176076367
vt 0.557181835 0.188964561
vt 0.56276536 0.168177679
vt 0.569141269 0.168186381
vt 0.571284771 0.157358304
vt 0.565965295 0.15974845
vt 0.560651541 0.157342985
vt 0.549458742 0.175727203
vt 0.553548217 0.187469676
vt 0.550597787 0.190563157
vt 0.560601711 0.193674758
vt 0.54478991 0.172282532
vt 0.560630322 0.172521546
vt 0.58709085 0.172257617
vt 0.574806094 0.176091865
vt 0.571264625 0.172535852
vt 0.582406402 0.175724342
vt 0.581291437 0.190597728
vt 0.574679375 0.188963607
vt 0.571264625 0.172535852
vt 0.578344941 0.187476352
vt 0.571235776 0.193689182
vt 0.710684657 0.264763653
vt 0.717903137 0.262493908
vt 0.718774915 0.268855393
vt 0.713847756 0.270403922
vt 0.717903137 0.262493908
vt 0.723254323 0.262475669
vt 0.722426295 0.268837273
vt 0.718774915 0.268855393
vt 0.723254323 0.262475669
vt 0.730488539 0.264695942
vt 0.727364302 0.270357668
vt 0.722426295 0.268837273
vt 0.710730076 0.252520382
vt 0.717956901 0.250275195
vt 0.718806386 0.256640255
vt 0.713874102 0.25817138
vt 0.717956901 0.250275195
vt 0.723307848 0.250275195
vt 0.722458601 0.256638587
vt 0.718806386 0.256640255
vt 0.723307848 0.250275195
vt 0.730534911 0.252520382
vt 0.727389812 0.25817138
vt 0.722458601 0.256638587
vt 0.539558411 0.286351293
vt 0.539572835 0.297534376
vt 0.529086471 0.297548801
vt 0.529073 0.286364645
vt 0.539551735 0.281120867
vt 0.529066324 0.281134337
vt 0.529052854 0.270985574
vt 0.539539337 0.270972222
vt 0.539532542 0.265732378
vt 0.529047132 0.265745729
vt 0.539506674 0.244938821
vt 0.529021263 0.244952291
vt 0.525469899 0.262610048
vt 0.522960782 0.266655415
vt 0.542937875 0.248372883
vt 0.543098092 0.262570709
vt 0.545632124 0.266594023
vt 0.553646803 0.24759385
vt 0.557069421 0.243875712
vt 0.557533979 0.256031722
vt 0.553591251 0.255257338
vt 0.552149177 0.25916931
vt 0.555336714 0.26151821
vt 0.545292616 0.262611955
vt 0.537401557 0.240655631
vt 0.539485574 0.227756947
vt 0.534247637 0.232343286
vt 0.52899909 0.227769464
vt 0.531114936 0.24066326
vt 0.51482141 0.24763605
vt 0.511402726 0.243956178
vt 0.510964155 0.256130546
vt 0.525600553 0.248389214
vt 0.514918327 0.255328387
vt 0.516390204 0.259251803
vt 0.513205647 0.261627525
vt 0.523280382 0.262663811
vt 0.708348334 0.279300839
vt 0.718624294 0.277239233
vt 0.719757855 0.290470004
vt 0.712744296 0.291874766
vt 0.718624294 0.277239233
vt 0.726035297 0.277263314
vt 0.724815786 0.290484071
vt 0.719757855 0.290470004
vt 0.726035297 0.277263314
vt 0.736298144 0.279392511
vt 0.731820405 0.29193747
vt 0.724815786 0.290484071
vt 0.0264419168 0.528290689
vt 0.0264401287 0.508678257
vt 0.0368765444 0.508677304
vt 0.0368795246 0.528289616
vt 0.0264431089 0.533302128
vt 0.0368795246 0.533301175
vt 0.0368804783 0.542982638
vt 0.0264440626 0.542984545
vt 0.0264448971 0.55040437
vt 0.0368825048 0.550403535
vt 0.0264506191 0.579699218
vt 0.0368882269 0.579697192
vt 0.0405027717 0.553587973
vt 0.0452571958 0.549347937
vt 0.0229704231 0.576176822
vt 0.0228255838 0.553601444
vt 0.0180675834 0.549371064
vt 0.0119199604 0.576858103
vt 0.00861047208 0.580578148
vt 0.00690935506 0.559910238
vt 0.0108816465 0.560512841
vt 0.0120416731 0.556714237
vt 0.00873051584 0.554480374
vt 0.0185088962 0.553401887
vt 0.0273372978 0.582371414
vt 0.026454553 0.596800506
vt 0.0316732973 0.593834698
vt 0.0368921608 0.596798599
vt 0.0360035747 0.582369506
vt 0.0403654426 0.576173961
vt 0.0546948761 0.580589592
vt 0.0514113754 0.576882064
vt 0.0564583391 0.559852779
vt 0.0524782985 0.56048876
vt 0.0448281616 0.55337888
vt 0.0513048023 0.556677639
vt 0.054612264 0.554431498
vt 0.560565114 0.221697167
vt 0.571224332 0.203123048
vt 0.571200371 0.221710756
vt 0.560588241 0.203108743
vt 0.571235776 0.193689182
vt 0.560601711 0.193674758
vt 0.571264625 0.172535852
vt 0.560630322 0.172521546
vt 0.557076454 0.176076367
vt 0.557181835 0.188964561
vt 0.56276536 0.168177679
vt 0.569141269 0.168186381
vt 0.571284771 0.157358304
vt 0.565965295 0.15974845
vt 0.560651541 0.157342985
vt 0.549458742 0.175727203
vt 0.553548217 0.187469676
vt 0.550597787 0.190563157
vt 0.560601711 0.193674758
vt 0.54478991 0.172282532
vt 0.560630322 0.172521546
vt 0.58709085 0.172257617
vt 0.574806094 0.176091865
vt 0.571264625 0.172535852
vt 0.582406402 0.175724342
vt 0.581291437 0.190597728
vt 0.574679375 0.188963607
vt 0.571264625 0.172535852
vt 0.578344941 0.187476352
vt 0.571235776 0.193689182
vt 0.710684657 0.264763653
vt 0.717903137 0.262493908
vt 0.718774915 0.268855393
vt 0.713847756 0.270403922
vt 0.717903137 0.262493908
vt 0.723254323 0.262475669
vt 0.722426295 0.268837273
vt 0.718774915 0.268855393
vt 0.723254323 0.262475669
vt 0.730488539 0.264695942
vt 0.727364302 0.270357668
vt 0.722426295 0.268837273
vt 0.710730076 0.252520382
vt 0.717956901 0.250275195
vt 0.718806386 0.256640255
vt 0.713874102 0.25817138
vt 0.717956901 0.250275195
vt 0.723307848 0.250275195
vt 0.722458601 0.256638587
vt 0.718806386 0.256640255
vt 0.723307848 0.250275195
vt 0.730534911 0.252520382
vt 0.727389812 0.25817138
vt 0.722458601 0.256638587
vt 0.539558411 0.286351293
vt 0.539572835 0.297534376
vt 0.529086471 0.297548801
vt 0.529073 0.286364645
vt 0.539551735 0.281120867
vt 0.529066324 0.281134337
vt 0.529052854 0.270985574
vt 0.539539337 0.270972222
vt 0.539532542 0.265732378
vt 0.529047132 0.265745729
vt 0.539506674 0.244938821
vt 0.529021263 0.244952291
vt 0.525469899 0.262610048
vt 0.522960782 0.266655415
vt 0.542937875 0.248372883
vt 0.543098092 0.262570709
vt 0.545632124 0.266594023
vt 0.553646803 0.24759385
vt 0.557069421 0.243875712
vt 0.557533979 0.256031722
vt 0.553591251 0.255257338
vt 0.552149177 0.25916931
vt 0.555336714 0.26151821
vt 0.545292616 0.262611955
vt 0.537401557 0.240655631
vt 0.539485574 0.227756947
vt 0.534247637 0.232343286
vt 0.52899909 0.227769464
vt 0.531114936 0.24066326
vt 0.51482141 0.24763605
vt 0.511402726 0.243956178
vt 0.510964155 0.256130546
vt 0.525600553 0.248389214
vt 0.514918327 0.255328387
vt 0.516390204 0.259251803
vt 0.513205647 0.261627525
vt 0.523280382 0.262663811
vt 0.708348334 0.279300839
vt 0.718624294 0.277239233
vt 0.719757855 0.290470004
vt 0.712744296 0.291874766
vt 0.718624294 0.277239233
vt 0.726035297 0.277263314
vt 0.724815786 0.290484071
vt 0.719757855 0.290470004
vt 0.726035297 0.277263314
vt 0.736298144 0.279392511
vt 0.731820405 0.29193747
vt 0.724815786 0.290484071
vt 0.0264419168 0.528290689
vt 0.0264401287 0.508678257
vt 0.0368765444 0.508677304
vt 0.0368795246 0.528289616
vt 0.0264431089 0.533302128
vt 0.0368795246 0.533301175
vt 0.0368804783 0.542982638
vt 0.0264440626 0.542984545
vt 0.0264448971 0.55040437
vt 0.0368825048 0.550403535
vt 0.0264506191 0.579699218
vt 0.0368882269 0.579697192
vt 0.0405027717 0.553587973
vt 0.0452571958 0.549347937
vt 0.0229704231 0.576176822
vt 0.0228255838 0.553601444
vt 0.0180675834 0.549371064
vt 0.0119199604 0.576858103
vt 0.00861047208 0.580578148
vt 0.00690935506 0.559910238
vt 0.0108816465 0.560512841
vt 0.0120416731 0.556714237
vt 0.00873051584 0.554480374
vt 0.0185088962 0.553401887
vt 0.0273372978 0.582371414
vt 0.026454553 0.596800506
vt 0.0316732973 0.593834698
vt 0.0368921608 0.596798599
vt 0.0360035747 0.582369506
vt 0.0403654426 0.576173961
vt 0.0546948761 0.580589592
vt 0.0514113754 0.576882064
vt 0.0564583391 0.559852779
vt 0.0524782985 0.56048876
vt 0.0448281616 0.55337888
vt 0.0513048023 0.556677639
vt 0.054612264 0.554431498
vt 0.560565114 0.221697167
vt 0.571224332 0.203123048
vt 0.571200371 0.221710756
vt 0.560588241 0.203108743
vt 0.571235776 0.193689182
vt 0.560601711 0.193674758
vt 0.571264625 0.172535852
vt 0.560630322 0.172521546
vt 0.557076454 0.176076367
vt 0.557181835 0.188964561
vt 0.56276536 0.168177679
vt 0.569141269 0.168186381
vt 0.571284771 0.157358304
vt 0.565965295 0.15974845
vt 0.560651541 0.157342985
vt 0.549458742 0.175727203
vt 0.553548217 0.187469676
vt 0.550597787 0.190563157
vt 0.560601711 0.193674758
vt 0.54478991 0.172282532
vt 0.560630322 0.172521546
vt 0.58709085 0.172257617
vt 0.574806094 0.176091865
vt 0.571264625 0.172535852
vt 0.582406402 0.175724342
vt 0.581291437 0.190597728
vt 0.574679375 0.188963607
vt 0.571264625 0.172535852
vt 0.578344941 0.187476352
vt 0.571235776 0.193689182
vt 0.710684657 0.264763653
vt 0.717903137 0.262493908
vt 0.718774915 0.268855393
vt 0.713847756 0.270403922
vt 0.717903137 0.262493908
vt 0.723254323 0.262475669
vt 0.722426295 0.268837273
vt 0.718774915 0.268855393
vt 0.723254323 0.262475669
vt 0.730488539 0.264695942
vt 0.727364302 0.270357668
vt 0.722426295 0.268837273
vt 0.710730076 0.252520382
vt 0.717956901 0.250275195
vt 0.718806386 0.256640255
vt 0.713874102 0.25817138
vt 0.717956901 0.250275195
vt 0.723307848 0.250275195
vt 0.722458601 0.256638587
vt 0.718806386 0.256640255
vt 0.723307848 0.250275195
vt 0.730534911 0.252520382
vt 0.727389812 0.25817138
vt 0.722458601 0.256638587
vt 0.539558411 0.286351293
vt 0.539572835 0.297534376
vt 0.529086471 0.297548801
vt 0.529073 0.286364645
vt 0.539551735 0.281120867
vt 0.529066324 0.281134337
vt 0.529052854 0.270985574
vt 0.539539337 0.270972222
vt 0.539532542 0.265732378
vt 0.529047132 0.265745729
vt 0.539506674 0.244938821
vt 0.529021263 0.244952291
vt 0.525469899 0.262610048
vt 0.522960782 0.266655415
vt 0.542937875 0.248372883
vt 0.543098092 0.262570709
vt 0.545632124 0.266594023
vt 0.553646803 0.24759385
vt 0.557069421 0.243875712
vt 0.557533979 0.256031722
vt 0.553591251 0.255257338
vt 0.552149177 0.25916931
vt 0.555336714 0.26151821
vt 0.545292616 0.262611955
vt 0.537401557 0.240655631
vt 0.539485574 0.227756947
vt 0.534247637 0.232343286
vt 0.52899909 0.227769464
vt 0.531114936 0.24066326
vt 0.51482141 0.24763605
vt 0.511402726 0.243956178
vt 0.510964155 0.256130546
vt 0.525600553 0.248389214
vt 0.514918327 0.255328387
vt 0.516390204 0.259251803
vt 0.513205647 0.261627525
vt 0.523280382 0.262663811
vt 0.708348334 0.279300839
vt 0.718624294 0.277239233
vt 0.719757855 0.290470004
vt 0.712744296 0.291874766
vt 0.718624294 0.277239233
vt 0.726035297 0.277263314
vt 0.724815786 0.290484071
vt 0.719757855 0.290470004
vt 0.726035297 0.277263314
vt 0.736298144 0.279392511
vt 0.731820405 0.29193747
vt 0.724815786 0.290484071
vt 0.0264419168 0.528290689
vt 0.0264401287 0.508678257
vt 0.0368765444 0.508677304
vt 0.0368795246 0.528289616
vt 0.0264431089 0.533302128
vt 0.0368795246 0.533301175
vt 0.0368804783 0.542982638
vt 0.0264440626 0.542984545
vt 0.0264448971 0.55040437
vt 0.0368825048 0.550403535
vt 0.0264506191 0.579699218
vt 0.0368882269 0.579697192
vt 0.0405027717 0.553587973
vt 0.0452571958 0.549347937
vt 0.0229704231 0.576176822
vt 0.0228255838 0.553601444
vt 0.0180675834 0.549371064
vt 0.0119199604 0.576858103
vt 0.00861047208 0.580578148
vt 0.00690935506 0.559910238
vt 0.0108816465 0.560512841
vt 0.0120416731 0.556714237
vt 0.00873051584 0.554480374
vt 0.0185088962 0.553401887
vt 0.0273372978 0.582371414
vt 0.026454553 0.596800506
vt 0.0316732973 0.593834698
vt 0.0368921608 0.596798599
vt 0.0360035747 0.582369506
vt 0.0403654426 0.576173961
vt 0.0546948761 0.580589592
vt 0.0514113754 0.576882064
vt 0.0564583391 0.559852779
vt 0.0524782985 0.56048876
vt 0.0448281616 0.55337888
vt 0.0513048023 0.556677639
vt 0.054612264 0.554431498
vt 0.519384205 0.0433253571
vt 0.519384205 0.00796555728
vt 0.53352356 0.00796555728
vt 0.5335235 0.0433253571
vt 0.547662795 0.0433253571
vt 0.547662795 0.00796555728
vt 0.563268185 0.0330087468
vt 0.561803043 0.0433253571
vt 0.575942457 0.0433253571
vt 0.563268185 0.0182822272
vt 0.561803043 0.00796555728
vt 0.575942457 0.00796555728
vt 0.58101052 0.0138627216
vt 0.590081692 0.00796555728
vt 0.577279031 0.0199440643
vt 0.577279031 0.0313468501
vt 0.58101052 0.0374281928
vt 0.590081632 0.0433253571
vt 0.599715173 0.0374281928
vt 0.599715233 0.0138627216
vt 0.604222 0.0433253571
vt 0.604222 0.00796555728
vt 0.603957117 0.0313468501
vt 0.617482364 0.0182821676
vt 0.603957117 0.0199440643
vt 0.618361175 0.00796555728
vt 0.632501543 0.00796555728
vt 0.617482364 0.0330086872
vt 0.618361175 0.0433253571
vt 0.632501543 0.0433253571
vt 0.646640837 0.0433253571
vt 0.646640897 0.00796555728
vt 0.660780132 0.00796555728
vt 0.660780132 0.0433253571
vt 0.67492038 0.0433253571
vt 0.67492044 0.00796555728
vt 0.689029038 0.0433253571
vt 0.689029098 0.00796555728
vt 0.073401168 0.872482836
vt 0.0498078465 0.991366923
vt 0.0498078465 0.872482836
vt 0.073401168 0.991366923
vt 0.0812010169 0.872482836
vt 0.0812010169 0.991366923
vt 0.095825851 0.872482836
vt 0.095825851 0.991366923
vt 0.103625678 0.991366923
vt 0.103625678 0.872482836
vt 0.127219036 0.872482836
vt 0.127219036 0.991366923
vt 0.135018885 0.991366923
vt 0.135018885 0.872482836
vt 0.149643719 0.872482836
vt 0.149644658 0.991366923
vt 0.157444507 0.991366923
vt 0.157444507 0.872482836
vt 0.188514382 0.0369106755
vt 0.188521087 0.0313963518
vt 0.193787903 0.0369174108
vt 0.190993756 0.0411890969
vt 0.216344982 0.0369461998
vt 0.221567512 0.0412284359
vt 0.221618444 0.0369528756
vt 0.22796461 0.0412361845
vt 0.221626103 0.0314386114
vt 0.231919706 0.0369662866
vt 0.23195228 0.011313878
vt 0.221644282 0.0168156847
vt 0.221651077 0.0113014206
vt 0.216377616 0.0112946853
vt 0.228007734 0.00703444332
vt 0.221611738 0.00702586025
vt 0.191037863 0.00698652118
vt 0.193820417 0.0112658963
vt 0.188548058 0.0112592205
vt 0.188540339 0.0167734846
vt 0.272356242 0.0112994537
vt 0.2713947 0.00699897856
vt 0.232925266 0.00701334327
vt 0.272323698 0.0369509682
vt 0.271365047 0.0412524566
vt 0.232895553 0.0412668809
vt 0.28411597 0.0112937316
vt 0.274744481 0.0070085749
vt 0.282024205 0.0070047006
vt 0.284082413 0.0369461998
vt 0.318854898 0.0369768962
vt 0.274714649 0.0412399396
vt 0.281994432 0.0412370786
vt 0.285412312 0.0412256345
vt 0.317518324 0.0412534103
vt 0.318888515 0.011324428
vt 0.285452604 0.00701721758
vt 0.317558616 0.00704600662
vt 0.330663651 0.0113186464
vt 0.320968717 0.00708337873
vt 0.328309983 0.00706424564
vt 0.330631107 0.0369701609
vt 0.371090651 0.0369855389
vt 0.328254312 0.0412112102
vt 0.320913166 0.0412294492
vt 0.331590533 0.041277431
vt 0.37011379 0.0412917957
vt 0.371124208 0.0113330707
vt 0.331626981 0.0070123896
vt 0.370150268 0.00702675432
vt 0.382919371 0.0168597922
vt 0.382883906 0.0314539894
vt 0.382918417 0.0113311633
vt 0.373515248 0.00704696029
vt 0.380839169 0.00704499334
vt 0.38288492 0.0369826183
vt 0.373484552 0.0412706956
vt 0.380807459 0.041269742
vt 0.966723979 0.734060705
vt 0.966723979 0.714331329
vt 0.990240514 0.714331329
vt 0.990241587 0.734060705
vt 0.990241587 0.783732593
vt 0.966723979 0.783732593
vt 0.966723979 0.803462923
vt 0.990240514 0.803462923
vt 0.990240514 0.853133857
vt 0.966723979 0.853133857
vt 0.966723979 0.872864068
vt 0.990241587 0.872864068
vt 0.990241587 0.922535956
vt 0.966723979 0.922535956
vt 0.966723979 0.942265332
vt 0.990241587 0.942265332
vt 0.966723979 0.99193722
vt 0.990240514 0.99193722
vt 0.479250014 0.643074989
vt 0.490000367 0.651058078
vt 0.481217027 0.667518377
vt 0.470322758 0.661468744
vt 0.474786431 0.640580237
vt 0.476061583 0.686884165
vt 0.461217999 0.655078411
vt 0.461239129 0.632488728
vt 0.461531788 0.681713343
vt 0.473620623 0.712201834
vt 0.45168528 0.706100225
vt 0.448378801 0.673025966
vt 0.433187902 0.694015265
vt 0.450174063 0.645388365
vt 0.450412005 0.621328652
vt 0.43654424 0.660985112
vt 0.418683946 0.678105593
vt 0.440588564 0.633710146
vt 0.4480353 0.617034853
vt 0.426987529 0.646615505
vt 0.408177376 0.659621716
vt 0.435685486 0.622751594
vt 0.444505274 0.60451901
vt 0.420724809 0.63118279
vt 0.401232421 0.639737785
vt 0.432111323 0.609096885
vt 0.444749951 0.591813207
vt 0.416790843 0.614431739
vt 0.396928072 0.619292617
vt 0.431209385 0.594832778
vt 0.446258307 0.587134659
vt 0.415035903 0.597099185
vt 0.394899696 0.598436713
vt 0.432931721 0.582863927
vt 0.453802913 0.572941661
vt 0.415439844 0.580148458
vt 0.394899666 0.577814996
vt 0.437711 0.568560481
vt 0.464320093 0.560753942
vt 0.419207871 0.563191116
vt 0.397264838 0.557194173
vt 0.444861263 0.555422902
vt 0.467775285 0.556946635
vt 0.425406277 0.547186494
vt 0.403394192 0.536760449
vt 0.451128751 0.546134889
vt 0.475676835 0.545416236
vt 0.458664715 0.536326826
vt 0.433623493 0.533740878
vt 0.414091736 0.517779469
vt 0.444010168 0.522975266
vt 0.430138588 0.502133727
vt 0.636930048 0.347796798
vt 0.645751715 0.34126395
vt 0.638529122 0.351589859
vt 0.645992935 0.341807544
vt 0.653864682 0.330719888
vt 0.659429848 0.333551884
vt 0.649180114 0.345602095
vt 0.679611742 0.379636824
vt 0.662559688 0.385782659
vt 0.693729579 0.424696445
vt 0.666751444 0.431468964
vt 0.699003756 0.453042388
vt 0.668115437 0.460963666
vt 0.700231612 0.469534099
vt 0.668907702 0.479870498
vt 0.700926483 0.486470342
vt 0.645499766 0.494735599
vt 0.645985544 0.519526362
vt 0.617592156 0.535492837
vt 0.612446725 0.568283796
vt 0.630211294 0.580219805
vt 0.670991004 0.499051869
vt 0.678586066 0.515306592
vt 0.704650819 0.50667727
vt 0.704539955 0.518026173
vt 0.660421908 0.532249272
vt 0.64102304 0.583227217
vt 0.683621109 0.523809195
vt 0.703993499 0.522647619
vt 0.684735954 0.527722955
vt 0.667596996 0.53807348
vt 0.669589698 0.540952504
vt 0.660321891 0.560117781
vt 0.65691036 0.558268309
vt 0.65971607 0.586463034
vt 0.636930048 0.347796798
vt 0.645751715 0.34126395
vt 0.645992935 0.341807544
vt 0.653864682 0.330719888
vt 0.659429848 0.333551884
vt 0.638529122 0.351589859
vt 0.649180114 0.345602095
vt 0.679611742 0.379636824
vt 0.662559688 0.385782659
vt 0.693729579 0.424696445
vt 0.666751444 0.431468964
vt 0.699003756 0.453042388
vt 0.668115437 0.460963666
vt 0.700231612 0.469534099
vt 0.668907702 0.479870498
vt 0.700926483 0.486470342
vt 0.645499766 0.494735599
vt 0.645985544 0.519526362
vt 0.617592156 0.535492837
vt 0.612446725 0.568283796
vt 0.630211294 0.580219805
vt 0.670991004 0.499051869
vt 0.678586066 0.515306592
vt 0.704650819 0.50667727
vt 0.704539955 0.518026173
vt 0.660421908 0.532249272
vt 0.64102304 0.583227217
vt 0.683621109 0.523809195
vt 0.703993499 0.522647619
vt 0.684735954 0.527722955
vt 0.667596996 0.53807348
vt 0.669589698 0.540952504
vt 0.660321891 0.560117781
vt 0.65691036 0.558268309
vt 0.65971607 0.586463034
vt 0.660069048 0.814777672
vt 0.693846643 0.796058714
vt 0.70296675 0.803007424
vt 0.706625402 0.761155665
vt 0.664292872 0.802720487
vt 0.6394943 0.769717276
vt 0.695548832 0.762612164
vt 0.651846111 0.766013563
vt 0.641103446 0.704249084
vt 0.651369274 0.714056194
vt 0.694116294 0.701708257
vt 0.686584175 0.712857783
vt 0.660069048 0.814777672
vt 0.70296675 0.803007424
vt 0.693846643 0.796058714
vt 0.706625402 0.761155665
vt 0.664292872 0.802720487
vt 0.6394943 0.769717276
vt 0.695548832 0.762612164
vt 0.651846111 0.766013563
vt 0.641103446 0.704249084
vt 0.651369274 0.714056194
vt 0.694116294 0.701708257
vt 0.686584175 0.712857783
vt 0.461910009 0.0519662239
vt 0.481091678 0.0327837206
vt 0.454888403 0.0398044921
vt 0.474070787 0.0589878894
vt 0.454888403 0.0257620551
vt 0.488114238 0.0589869358
vt 0.461909235 0.0136012761
vt 0.500275016 0.0519652702
vt 0.474070787 0.00657955091
vt 0.507295728 0.0398044325
vt 0.488113225 0.00657955091
vt 0.507295728 0.0257620551
vt 0.500274062 0.0136002628
vt 0.411719143 0.0589869358
vt 0.418739974 0.0327837206
vt 0.399557412 0.0519662239
vt 0.425761461 0.0589878894
vt 0.39253664 0.0398053862
vt 0.437923312 0.0519662239
vt 0.3925367 0.0257620551
vt 0.444944024 0.0398054458
vt 0.399557352 0.0136012156
vt 0.444944024 0.0257620551
vt 0.411719084 0.00657955091
vt 0.437922359 0.0136012156
vt 0.425761461 0.00657955091
vt 0.891486466 0.946188986
vt 0.900437772 0.910656393
vt 0.914906085 0.92506355
vt 0.914906085 0.976077497
vt 0.879135668 0.933941901
vt 0.891577542 0.954595149
vt 0.879308403 0.966932476
vt 0.900353253 0.990361869
vt 0.870799482 0.934081852
vt 0.849730551 0.910899103
vt 0.835321605 0.925281227
vt 0.870942414 0.967043817
vt 0.849551141 0.990333021
vt 0.858663619 0.946304977
vt 0.858596504 0.954659522
vt 0.83527261 0.97590214
vt 0.742065132 0.850526512
vt 0.742160857 0.840603173
vt 0.766470373 0.840603173
vt 0.738837302 0.83740586
vt 0.773635328 0.850526512
vt 0.733198106 0.841659486
vt 0.782501876 0.841660082
vt 0.738837302 0.817010939
vt 0.769803822 0.837371051
vt 0.733198106 0.81008929
vt 0.782501876 0.810089886
vt 0.769804418 0.817046463
vt 0.742160857 0.813814223
vt 0.742065847 0.801222861
vt 0.773635328 0.801222861
vt 0.766470373 0.813814223
vt 0.454888403 0.0257620551
vt 0.461909235 0.0136012761
vt 0.481091678 0.0327837206
vt 0.454888403 0.0398044921
vt 0.474070787 0.00657955091
vt 0.461910009 0.0519662239
vt 0.488113225 0.00657955091
vt 0.474070787 0.0589878894
vt 0.500274062 0.0136002628
vt 0.488114238 0.0589869358
vt 0.507295728 0.0257620551
vt 0.500275016 0.0519652702
vt 0.507295728 0.0398044325
vt 0.437922359 0.0136012156
vt 0.444944024 0.0257620551
vt 0.418739974 0.0327837206
vt 0.425761461 0.00657955091
vt 0.444944024 0.0398054458
vt 0.411719084 0.00657955091
vt 0.437923312 0.0519662239
vt 0.399557352 0.0136012156
vt 0.425761461 0.0589878894
vt 0.3925367 0.0257620551
vt 0.411719143 0.0589869358
vt 0.39253664 0.0398053862
vt 0.399557412 0.0519662239
vt 0.800731719 0.817572653
vt 0.790571868 0.812941492
vt 0.798285663 0.805228293
vt 0.825748622 0.805228293
vt 0.790571868 0.840405047
vt 0.824774683 0.817587197
vt 0.833462417 0.812941492
vt 0.833462417 0.840404332
vt 0.824779451 0.836259902
vt 0.825748622 0.848118246
vt 0.800734818 0.836921036
vt 0.798285663 0.848118842
vt 0.891486466 0.946188986
vt 0.914906085 0.92506355
vt 0.900437772 0.910656393
vt 0.914906085 0.976077497
vt 0.879135668 0.933941901
vt 0.891577542 0.954595149
vt 0.879308403 0.966932476
vt 0.900353253 0.990361869
vt 0.870799482 0.934081852
vt 0.849730551 0.910899103
vt 0.835321605 0.925281227
vt 0.870942414 0.967043817
vt 0.849551141 0.990333021
vt 0.858663619 0.946304977
vt 0.858596504 0.954659522
vt 0.83527261 0.97590214
vt 0.742065132 0.850526512
vt 0.766470373 0.840603173
vt 0.742160857 0.840603173
vt 0.738837302 0.83740586
vt 0.773635328 0.850526512
vt 0.733198106 0.841659486
vt 0.782501876 0.841660082
vt 0.738837302 0.817010939
vt 0.769803822 0.837371051
vt 0.733198106 0.81008929
vt 0.782501876 0.810089886
vt 0.769804418 0.817046463
vt 0.742160857 0.813814223
vt 0.742065847 0.801222861
vt 0.773635328 0.801222861
vt 0.766470373 0.813814223
vt 0.416006923 0.956845224
vt 0.420876414 0.952922642
vt 0.404712528 0.944072187
vt 0.42611438 0.97064203
vt 0.404014975 0.950280249
vt 0.387136251 0.949206531
vt 0.419873744 0.969960749
vt 0.417158306 0.986757934
vt 0.390980989 0.954099119
vt 0.378170639 0.965089262
vt 0.403481513 0.95508641
vt 0.412389606 0.959758341
vt 0.393834621 0.957715452
vt 0.415063739 0.969429195
vt 0.389040917 0.966478646
vt 0.413228184 0.981832683
vt 0.410334319 0.978203833
vt 0.384370953 0.96583575
vt 0.391875297 0.976081431
vt 0.400140494 0.985699475
vt 0.399432391 0.991946876
vt 0.400706589 0.980856955
vt 0.388083309 0.978972495
vt 0.383118838 0.982902467
vt 0.298300236 0.953973353
vt 0.310909122 0.942630112
vt 0.29396227 0.949529827
vt 0.286614358 0.966341436
vt 0.310882241 0.948860109
vt 0.327829033 0.94973141
vt 0.29288283 0.966427743
vt 0.293503672 0.98352915
vt 0.32342878 0.954151809
vt 0.334863216 0.966617763
vt 0.310845792 0.953685462
vt 0.301535636 0.957288563
vt 0.320172161 0.95741123
vt 0.297711104 0.966478646
vt 0.323915213 0.966726243
vt 0.298018098 0.979094326
vt 0.301332265 0.975831926
vt 0.328610092 0.966635048
vt 0.319993764 0.975927889
vt 0.310648143 0.984479964
vt 0.310613602 0.990785897
vt 0.310673088 0.979584634
vt 0.323395193 0.979226768
vt 0.327860743 0.983709514
vt 0.443340868 0.344926536
vt 0.435983539 0.344926536
vt 0.438313276 0.337764263
vt 0.418938518 0.337764263
vt 0.435983539 0.354907513
vt 0.443340868 0.354907513
vt 0.435983539 0.364888549
vt 0.443340868 0.364888549
vt 0.435983539 0.374870121
vt 0.443340868 0.374870121
vt 0.435983539 0.384851158
vt 0.443340868 0.384851158
vt 0.435983539 0.394832134
vt 0.443340868 0.394832134
vt 0.435983539 0.404813111
vt 0.443340868 0.404813111
vt 0.435983539 0.414794028
vt 0.443340868 0.414794028
vt 0.435983539 0.42477572
vt 0.443340868 0.42477572
vt 0.435983539 0.434755981
vt 0.443340868 0.434755981
vt 0.438313276 0.444715798
vt 0.421268165 0.434755981
vt 0.418938518 0.444715798
vt 0.413910866 0.434755981
vt 0.421268165 0.42477572
vt 0.413910866 0.42477572
vt 0.421268165 0.414794028
vt 0.413910866 0.414794028
vt 0.421268165 0.404813111
vt 0.413910866 0.404813111
vt 0.421268165 0.394832134
vt 0.413910866 0.394832134
vt 0.421268165 0.384851158
vt 0.413910866 0.384851158
vt 0.421268165 0.374870121
vt 0.413910866 0.374870121
vt 0.421268165 0.364888549
vt 0.413910866 0.364888549
vt 0.421268165 0.354907513
vt 0.413910866 0.354907513
vt 0.421268165 0.344926536
vt 0.413910866 0.344926536
vt 0.391514868 0.346068263
vt 0.395790309 0.343600094
vt 0.398258418 0.352811754
vt 0.391514868 0.359555364
vt 0.400726527 0.343600094
vt 0.395790309 0.362023473
vt 0.405001938 0.346068263
vt 0.400726527 0.362023473
vt 0.407470137 0.350343645
vt 0.405001938 0.359555364
vt 0.407470137 0.355280578
vt 0.379961878 0.343600094
vt 0.384236604 0.346068263
vt 0.377493709 0.352811754
vt 0.375024945 0.343600094
vt 0.384236604 0.359555364
vt 0.370750159 0.346068263
vt 0.379961878 0.362023473
vt 0.368282109 0.350343645
vt 0.375024945 0.362023473
vt 0.368282109 0.355280578
vt 0.370750159 0.359555364
vt 0.443340868 0.344926536
vt 0.438313276 0.337764263
vt 0.435983539 0.344926536
vt 0.418938518 0.337764263
vt 0.435983539 0.354907513
vt 0.443340868 0.354907513
vt 0.435983539 0.364888549
vt 0.443340868 0.364888549
vt 0.435983539 0.374870121
vt 0.443340868 0.374870121
vt 0.435983539 0.384851158
vt 0.443340868 0.384851158
vt 0.435983539 0.394832134
vt 0.443340868 0.394832134
vt 0.435983539 0.404813111
vt 0.443340868 0.404813111
vt 0.435983539 0.414794028
vt 0.443340868 0.414794028
vt 0.435983539 0.42477572
vt 0.443340868 0.42477572
vt 0.435983539 0.434755981
vt 0.443340868 0.434755981
vt 0.438313276 0.444715798
vt 0.421268165 0.434755981
vt 0.418938518 0.444715798
vt 0.413910866 0.434755981
vt 0.421268165 0.42477572
vt 0.413910866 0.42477572
vt 0.421268165 0.414794028
vt 0.413910866 0.414794028
vt 0.421268165 0.404813111
vt 0.413910866 0.404813111
vt 0.421268165 0.394832134
vt 0.413910866 0.394832134
vt 0.421268165 0.384851158
vt 0.413910866 0.384851158
vt 0.421268165 0.374870121
vt 0.413910866 0.374870121
vt 0.421268165 0.364888549
vt 0.413910866 0.364888549
vt 0.421268165 0.354907513
vt 0.413910866 0.354907513
vt 0.421268165 0.344926536
vt 0.413910866 0.344926536
vt 0.391514868 0.346068263
vt 0.398258418 0.352811754
vt 0.395790309 0.343600094
vt 0.391514868 0.359555364
vt 0.400726527 0.343600094
vt 0.395790309 0.362023473
vt 0.405001938 0.346068263
vt 0.400726527 0.362023473
vt 0.407470137 0.350343645
vt 0.405001938 0.359555364
vt 0.407470137 0.355280578
vt 0.379961878 0.343600094
vt 0.377493709 0.352811754
vt 0.384236604 0.346068263
vt 0.375024945 0.343600094
vt 0.384236604 0.359555364
vt 0.370750159 0.346068263
vt 0.379961878 0.362023473
vt 0.368282109 0.350343645
vt 0.375024945 0.362023473
vt 0.368282109 0.355280578
vt 0.370750159 0.359555364
vt 0.748040855 0.833779395
vt 0.746878445 0.838123024
vt 0.743021905 0.834266484
vt 0.760609686 0.838123024
vt 0.748033464 0.821758449
vt 0.743021905 0.820535243
vt 0.746878445 0.816678584
vt 0.758286893 0.833779395
vt 0.764465868 0.834266484
vt 0.764465868 0.820535243
vt 0.758294284 0.821758449
vt 0.760609686 0.816678584
vt 0.667417943 0.12315464
vt 0.654937148 0.117687032
vt 0.659896076 0.115632802
vt 0.659896076 0.104381651
vt 0.665363729 0.128113598
vt 0.680916131 0.12315464
vt 0.682970345 0.128113598
vt 0.688438833 0.115632802
vt 0.693396866 0.117687032
vt 0.688438833 0.104381651
vt 0.693396866 0.0910770595
vt 0.688438833 0.0931313187
vt 0.654937148 0.0910770595
vt 0.659896076 0.0931313187
vt 0.680261672 0.0779418349
vt 0.678207338 0.0828998983
vt 0.670126617 0.0828998983
vt 0.668073297 0.0779418349
vt 0.0986992717 0.766575396
vt 0.103302479 0.761848867
vt 0.101676047 0.769552171
vt 0.101676047 0.785848081
vt 0.103302479 0.793551385
vt 0.0986992717 0.788824975
vt 0.0786139369 0.761848867
vt 0.0830690265 0.766575396
vt 0.0786139369 0.793551385
vt 0.0830690265 0.788824975
vt 0.0780907869 0.783845842
vt 0.0720082521 0.785854638
vt 0.0780907869 0.771554649
vt 0.0720082521 0.769545734
vt 0.748040855 0.833779395
vt 0.743021905 0.834266484
vt 0.746878445 0.838123024
vt 0.760609686 0.838123024
vt 0.748033464 0.821758449
vt 0.743021905 0.820535243
vt 0.746878445 0.816678584
vt 0.758286893 0.833779395
vt 0.764465868 0.834266484
vt 0.764465868 0.820535243
vt 0.758294284 0.821758449
vt 0.760609686 0.816678584
vt 0.667417943 0.12315464
vt 0.659896076 0.115632802
vt 0.654937148 0.117687032
vt 0.659896076 0.104381651
vt 0.665363729 0.128113598
vt 0.680916131 0.12315464
vt 0.682970345 0.128113598
vt 0.688438833 0.115632802
vt 0.693396866 0.117687032
vt 0.688438833 0.104381651
vt 0.693396866 0.0910770595
vt 0.688438833 0.0931313187
vt 0.654937148 0.0910770595
vt 0.659896076 0.0931313187
vt 0.680261672 0.0779418349
vt 0.678207338 0.0828998983
vt 0.670126617 0.0828998983
vt 0.668073297 0.0779418349
vt 0.0986992717 0.766575396
vt 0.101676047 0.769552171
vt 0.103302479 0.761848867
vt 0.101676047 0.785848081
vt 0.103302479 0.793551385
vt 0.0986992717 0.788824975
vt 0.0786139369 0.761848867
vt 0.0830690265 0.766575396
vt 0.0786139369 0.793551385
vt 0.0830690265 0.788824975
vt 0.0780907869 0.783845842
vt 0.0720082521 0.785854638
vt 0.0780907869 0.771554649
vt 0.0720082521 0.769545734
vt 0.800731719 0.817572653
vt 0.798285663 0.805228293
vt 0.790571868 0.812941492
vt 0.825748622 0.805228293
vt 0.790571868 0.840405047
vt 0.824774683 0.817587197
vt 0.833462417 0.812941492
vt 0.833462417 0.840404332
vt 0.824779451 0.836259902
vt 0.825748622 0.848118246
vt 0.800734818 0.836921036
vt 0.798285663 0.848118842
vt 0.302780718 0.0460057184
vt 0.322088987 0.0482250974
vt 0.303677887 0.0482212827
vt 0.340500027 0.0482278988
vt 0.297485143 0.0511381552
vt 0.341393262 0.0460124537
vt 0.299700826 0.0520765111
vt 0.344455153 0.052034311
vt 0.346671492 0.0510920808
vt 0.344453126 0.0672885701
vt 0.297479481 0.0834217593
vt 0.299697846 0.0672809407
vt 0.299694926 0.0824843571
vt 0.346665889 0.0834870264
vt 0.344450146 0.0825428292
vt 0.340493351 0.0863482878
vt 0.341385514 0.0885637328
vt 0.322082251 0.0863444135
vt 0.302773088 0.0885570571
vt 0.303671211 0.0863405988
vt 0.78409344 0.968041956
vt 0.783644378 0.952176511
vt 0.799112618 0.960907042
vt 0.740278542 0.967780888
vt 0.7983163 0.937360704
vt 0.740849435 0.952029645
vt 0.725403249 0.960603774
vt 0.726312935 0.937172711
vt 0.783482254 0.937062323
vt 0.798249066 0.92187041
vt 0.741116107 0.93695873
vt 0.726439536 0.921704471
vt 0.783535063 0.922156394
vt 0.74114877 0.922050774
vt 0.741019189 0.907011449
vt 0.725640237 0.898324072
vt 0.740570128 0.891215026
vt 0.78427583 0.891400278
vt 0.783736527 0.907105505
vt 0.799112618 0.89852947
vt 0.914629519 0.89095825
vt 0.889011681 0.859919131
vt 0.914454997 0.846841991
vt 0.901926696 0.834401906
vt 0.889213026 0.877775609
vt 0.90213865 0.903349221
vt 0.87124151 0.877922356
vt 0.858028114 0.903349221
vt 0.845662892 0.890865147
vt 0.845600545 0.846847713
vt 0.871084154 0.859890282
vt 0.857957184 0.83445853
vt 0.302780718 0.0460057184
vt 0.303677887 0.0482212827
vt 0.322088987 0.0482250974
vt 0.340500027 0.0482278988
vt 0.297485143 0.0511381552
vt 0.341393262 0.0460124537
vt 0.299700826 0.0520765111
vt 0.344455153 0.052034311
vt 0.346671492 0.0510920808
vt 0.344453126 0.0672885701
vt 0.297479481 0.0834217593
vt 0.299697846 0.0672809407
vt 0.299694926 0.0824843571
vt 0.346665889 0.0834870264
vt 0.344450146 0.0825428292
vt 0.340493351 0.0863482878
vt 0.341385514 0.0885637328
vt 0.322082251 0.0863444135
vt 0.302773088 0.0885570571
vt 0.303671211 0.0863405988
vt 0.338957459 0.839883983
vt 0.338957459 0.829053104
vt 0.32588318 0.834468544
vt 0.331298679 0.847542822
vt 0.331298679 0.821394265
vt 0.32046774 0.847542822
vt 0.32046774 0.821393311
vt 0.312808931 0.839883983
vt 0.312809914 0.82905215
vt 0.397077769 0.826005638
vt 0.386459798 0.835360944
vt 0.400583804 0.836254179
vt 0.387352169 0.821237862
vt 0.395815045 0.845978796
vt 0.37710461 0.824742973
vt 0.385566562 0.849483907
vt 0.372336805 0.834468544
vt 0.375841945 0.844716132
vt 0.894028127 0.796191275
vt 0.908202589 0.813462436
vt 0.893982708 0.820744455
vt 0.900879204 0.8276636
vt 0.908245504 0.803446472
vt 0.901000679 0.789220989
vt 0.925617158 0.789220989
vt 0.918264568 0.813399136
vt 0.925447047 0.827694595
vt 0.932430208 0.820815027
vt 0.932505548 0.79621309
vt 0.918213665 0.803379238
vt 0.740849435 0.952029645
vt 0.725403249 0.960603774
vt 0.740278542 0.967780888
vt 0.726312935 0.937172711
vt 0.783644378 0.952176511
vt 0.78409344 0.968041956
vt 0.799112618 0.960907042
vt 0.7983163 0.937360704
vt 0.783482254 0.937062323
vt 0.798249066 0.92187041
vt 0.741116107 0.93695873
vt 0.726439536 0.921704471
vt 0.783535063 0.922156394
vt 0.74114877 0.922050774
vt 0.741019189 0.907011449
vt 0.725640237 0.898324072
vt 0.740570128 0.891215026
vt 0.78427583 0.891400278
vt 0.783736527 0.907105505
vt 0.799112618 0.89852947
vt 0.894028127 0.796191275
vt 0.893982708 0.820744455
vt 0.908202589 0.813462436
vt 0.900879204 0.8276636
vt 0.908245504 0.803446472
vt 0.901000679 0.789220989
vt 0.925617158 0.789220989
vt 0.918264568 0.813399136
vt 0.925447047 0.827694595
vt 0.932430208 0.820815027
vt 0.932505548 0.79621309
vt 0.918213665 0.803379238
vt 0.901926696 0.834401906
vt 0.857957184 0.83445853
vt 0.871084154 0.859890282
vt 0.845600545 0.846847713
vt 0.889011681 0.859919131
vt 0.914454997 0.846841991
vt 0.914629519 0.89095825
vt 0.87124151 0.877922356
vt 0.845662892 0.890865147
vt 0.858028114 0.903349221
vt 0.90213865 0.903349221
vt 0.889213026 0.877775609
vt 0.472899437 0.930550098
vt 0.482604265 0.940261543
vt 0.47713393 0.941399932
vt 0.470716953 0.933305085
vt 0.498712718 0.941388726
vt 0.472904205 0.916705132
vt 0.496427119 0.940217614
vt 0.470900089 0.914706588
vt 0.507969975 0.931841254
vt 0.48259154 0.90697372
vt 0.506104887 0.93045342
vt 0.477703124 0.905070186
vt 0.50795716 0.91562587
vt 0.496385634 0.906971335
vt 0.5060274 0.916704297
vt 0.498759866 0.905330122
vt 0.501516283 0.948271751
vt 0.473840266 0.948067248
vt 0.47713393 0.941399932
vt 0.498712718 0.941388726
vt 0.470716953 0.933305085
vt 0.514779389 0.934821546
vt 0.463904291 0.935892761
vt 0.507969975 0.931841254
vt 0.470900089 0.914706588
vt 0.514964163 0.912912607
vt 0.463944227 0.91236496
vt 0.50795716 0.91562587
vt 0.477703124 0.905070186
vt 0.501754463 0.898479879
vt 0.474224836 0.898351967
vt 0.498759866 0.905330122
vt 0.0900703222 0.0708491802
vt 0.0864774063 0.0699323863
vt 0.0799254999 0.0815186352
vt 0.0826500356 0.0841803774
vt 0.0898395479 0.0558429547
vt 0.0683243871 0.0884075239
vt 0.0862681791 0.0568616278
vt 0.0693429932 0.0920614675
vt 0.0820922405 0.0427039303
vt 0.0549914762 0.0885016918
vt 0.0794592276 0.0454449467
vt 0.0540483817 0.0921242461
vt 0.0684130564 0.0352104716
vt 0.0434955806 0.0819635615
vt 0.0675270185 0.038953077
vt 0.040908277 0.0846065208
vt 0.0527537987 0.0356944688
vt 0.0367498994 0.0707384869
vt 0.0538720712 0.0393919162
vt 0.0332914293 0.0717571601
vt 0.0398119688 0.0438558348
vt 0.0363458246 0.0578296296
vt 0.0425170735 0.0464008264
vt 0.0327814706 0.0569959767
vt 0.0900703222 0.0708491802
vt 0.0826500356 0.0841803774
vt 0.0799254999 0.0815186352
vt 0.0864774063 0.0699323863
vt 0.0683243871 0.0884075239
vt 0.0898395479 0.0558429547
vt 0.0693429932 0.0920614675
vt 0.0862681791 0.0568616278
vt 0.0549914762 0.0885016918
vt 0.0820922405 0.0427039303
vt 0.0540483817 0.0921242461
vt 0.0794592276 0.0454449467
vt 0.0434955806 0.0819635615
vt 0.0684130564 0.0352104716
vt 0.040908277 0.0846065208
vt 0.0675270185 0.038953077
vt 0.0367498994 0.0707384869
vt 0.0527537987 0.0356944688
vt 0.0332914293 0.0717571601
vt 0.0538720712 0.0393919162
vt 0.0363458246 0.0578296296
vt 0.0398119688 0.0438558348
vt 0.0327814706 0.0569959767
vt 0.0425170735 0.0464008264
vt 0.0807760358 0.223531917
vt 0.0807498321 0.218214437
vt 0.0611441955 0.213092789
vt 0.0584549308 0.217865512
vt 0.102810107 0.217575118
vt 0.0461156294 0.198503762
vt 0.10010577 0.21296005
vt 0.0413349792 0.201380283
vt 0.119227648 0.201085255
vt 0.0402107537 0.178065032
vt 0.114502162 0.198330298
vt 0.0344380289 0.178065032
vt 0.125880912 0.178065032
vt 0.0461156294 0.157626346
vt 0.120198153 0.178065032
vt 0.0413349792 0.154749766
vt 0.119227648 0.155044138
vt 0.0611441955 0.143037289
vt 0.114502162 0.15779914
vt 0.0584549308 0.138265178
vt 0.102810107 0.138554931
vt 0.0807498321 0.137916282
vt 0.10010577 0.143170014
vt 0.0807760358 0.132597521
vt 0.0847131088 0.103992328
vt 0.0607165173 0.10493391
vt 0.0606679544 0.110315092
vt 0.082064651 0.0993516371
vt 0.039801456 0.0991715863
vt 0.102124251 0.0865543783
vt 0.0371661484 0.103655927
vt 0.0975912437 0.0839248821
vt 0.0249055997 0.0840293244
vt 0.108218268 0.063424401
vt 0.0204009488 0.0865793303
vt 0.103098594 0.063424401
vt 0.0196025893 0.063424401
vt 0.102124251 0.0402937792
vt 0.0145341083 0.063424401
vt 0.0975912437 0.0429239236
vt 0.0249055997 0.042819459
vt 0.0847131088 0.0228564572
vt 0.0204009488 0.0402694605
vt 0.082064651 0.0274964999
vt 0.039801456 0.0276771989
vt 0.0606679544 0.0165330525
vt 0.0371661484 0.0231928583
vt 0.0607165173 0.0219149124
vt 0.0442935005 0.396964192
vt 0.0393993184 0.422186524
vt 0.035450615 0.416926235
vt 0.0384662971 0.396466792
vt 0.0439404026 0.33893916
vt 0.0196056776 0.414552122
vt 0.0155839892 0.419762105
vt 0.0119874822 0.390435368
vt 0.00576988328 0.390851706
vt 0.0218819045 0.340056211
vt 0.0176730789 0.333687037
vt 0.0385602042 0.343801707
vt 0.107981347 0.41930449
vt 0.0842096135 0.421945095
vt 0.0881682709 0.416593343
vt 0.103891477 0.414090365
vt 0.117439039 0.390456468
vt 0.0849978253 0.396270782
vt 0.079200469 0.396811873
vt 0.11125531 0.390081406
vt 0.105423167 0.333676487
vt 0.10117387 0.340131551
vt 0.0791365281 0.339086622
vt 0.0846414044 0.343978316
vt 0.0442935005 0.396964192
vt 0.035450615 0.416926235
vt 0.0393993184 0.422186524
vt 0.0384662971 0.396466792
vt 0.0439404026 0.33893916
vt 0.0196056776 0.414552122
vt 0.0155839892 0.419762105
vt 0.0119874822 0.390435368
vt 0.00576988328 0.390851706
vt 0.0218819045 0.340056211
vt 0.0176730789 0.333687037
vt 0.0385602042 0.343801707
vt 0.107981347 0.41930449
vt 0.0881682709 0.416593343
vt 0.0842096135 0.421945095
vt 0.103891477 0.414090365
vt 0.117439039 0.390456468
vt 0.0849978253 0.396270782
vt 0.079200469 0.396811873
vt 0.11125531 0.390081406
vt 0.105423167 0.333676487
vt 0.10117387 0.340131551
vt 0.0791365281 0.339086622
vt 0.0846414044 0.343978316
vt 0.472899437 0.930550098
vt 0.470716953 0.933305085
vt 0.47713393 0.941399932
vt 0.472904205 0.916705132
vt 0.482604265 0.940261543
vt 0.470900089 0.914706588
vt 0.498712718 0.941388726
vt 0.48259154 0.90697372
vt 0.496427119 0.940217614
vt 0.477703124 0.905070186
vt 0.507969975 0.931841254
vt 0.496385634 0.906971335
vt 0.506104887 0.93045342
vt 0.498759866 0.905330122
vt 0.50795716 0.91562587
vt 0.5060274 0.916704297
vt 0.501516283 0.948271751
vt 0.47713393 0.941399932
vt 0.473840266 0.948067248
vt 0.498712718 0.941388726
vt 0.470716953 0.933305085
vt 0.514779389 0.934821546
vt 0.463904291 0.935892761
vt 0.507969975 0.931841254
vt 0.470900089 0.914706588
vt 0.514964163 0.912912607
vt 0.463944227 0.91236496
vt 0.50795716 0.91562587
vt 0.477703124 0.905070186
vt 0.501754463 0.898479879
vt 0.474224836 0.898351967
vt 0.498759866 0.905330122
vt 0.503259003 0.952671826
vt 0.47198081 0.95235616
vt 0.473840266 0.948067248
vt 0.501516283 0.948271751
vt 0.463904291 0.935892761
vt 0.519200206 0.936613798
vt 0.459394008 0.937366903
vt 0.514779389 0.934821546
vt 0.463944227 0.91236496
vt 0.51943928 0.911205769
vt 0.45938912 0.910938025
vt 0.514964163 0.912912607
vt 0.474224836 0.898351967
vt 0.503620327 0.894113481
vt 0.472239822 0.894113481
vt 0.501754463 0.898479879
vt 0.503259003 0.952671826
vt 0.473840266 0.948067248
vt 0.47198081 0.95235616
vt 0.501516283 0.948271751
vt 0.463904291 0.935892761
vt 0.519200206 0.936613798
vt 0.459394008 0.937366903
vt 0.514779389 0.934821546
vt 0.463944227 0.91236496
vt 0.51943928 0.911205769
vt 0.45938912 0.910938025
vt 0.514964163 0.912912607
vt 0.474224836 0.898351967
vt 0.503620327 0.894113481
vt 0.472239822 0.894113481
vt 0.501754463 0.898479879
vn -0.798482358 -0.382005125 0.465293437
vn -0.475978673 -0.759461343 0.443466842
vn -0.475978673 -0.759461343 0.443466842
vn -0.798482358 -0.382005125 0.465293437
vn -0.798482358 -0.382005125 0.465293437
vn -0.74185133 0.263857812 0.616470277
vn -0.74185133 0.263857812 0.616470277
vn -0.74185133 0.263857812 0.616470277
vn -0.529832363 0.53837657 0.65530777
vn -0.529832363 0.53837657 0.65530777
vn -0.475978673 -0.759461343 0.443466842
vn 0.214107439 -0.895189524 0.390888423
vn 0.214107439 -0.895189524 0.390888423
vn 0.479130477 -0.732884824 0.48302564
vn 0.479130477 -0.732884824 0.48302564
vn -0.296261162 0.947059274 -0.123725303
vn -0.296261162 0.947059274 -0.123725303
vn -0.296261162 0.947059274 -0.123725303
vn -0.557043076 0.830483615 -4.77553622E-05
vn -0.557043076 0.830483615 -4.77553622E-05
vn -0.557043076 0.830483615 -4.77553622E-05
vn -0.557098269 0.830446541 2.38757566E-05
vn -0.557098269 0.830446541 2.38757566E-05
vn -0.557098269 0.830446541 2.38757566E-05
vn -0.556972861 0.830530643 2.48941378E-05
vn -0.556972861 0.830530643 2.48941378E-05
vn -0.556972861 0.830530643 2.48941378E-05
vn -0.556950212 0.830545902 -6.30754366E-05
vn -0.556950212 0.830545902 -6.30754366E-05
vn -0.556950212 0.830545902 -6.30754366E-05
vn -0.557103693 0.830442905 -3.15377038E-05
vn -0.557103693 0.830442905 -3.15377038E-05
vn -0.557103693 0.830442905 -3.15377038E-05
vn -0.556999326 0.830512881 1.64402645E-05
vn -0.556999326 0.830512881 1.64402645E-05
vn -0.556999326 0.830512881 1.64402645E-05
vn -0.556892753 0.830584347 4.97892543E-05
vn -0.556892753 0.830584347 4.97892543E-05
vn -0.556892753 0.830584347 4.97892543E-05
vn -0.557085097 0.830455422 0.00024892998
vn -0.557085097 0.830455422 0.00024892998
vn -0.557085097 0.830455422 0.00024892998
vn -0.557024717 0.830495894 2.59521858E-05
vn -0.557024717 0.830495894 2.59521858E-05
vn -0.557024717 0.830495894 2.59521858E-05
vn -0.556965947 0.830535293 -2.82039346E-05
vn -0.556965947 0.830535293 -2.82039346E-05
vn -0.556965947 0.830535293 -2.82039346E-05
vn -0.557036459 0.830488086 0
vn -0.557036459 0.830488086 0
vn -0.557036459 0.830488086 0
vn -0.557027519 0.830493987 2.94050442E-05
vn -0.557027519 0.830493987 2.94050442E-05
vn -0.557027519 0.830493987 2.94050442E-05
vn -0.693360686 -0.325591654 0.642838299
vn -0.528512776 -0.810477078 0.252588868
vn -0.528512776 -0.810477078 0.252588868
vn -0.528512776 -0.810477078 0.252588868
vn -0.300689399 -0.948081195 -0.103575952
vn -0.300689399 -0.948081195 -0.103575952
vn -0.693360686 -0.325591654 0.642838299
vn -0.693360686 -0.325591654 0.642838299
vn -0.699665129 -0.197876573 0.686522782
vn -0.699665129 -0.197876573 0.686522782
vn -0.896150649 -0.126583889 0.42531237
vn -0.896150649 -0.126583889 0.42531237
vn -0.896150649 -0.126583889 0.42531237
vn -0.999564588 -0.00563493557 0.0289624557
vn -0.999564588 -0.00563493557 0.0289624557
vn 0.693361163 -0.325591862 0.642837703
vn 0.528512836 -0.810477138 0.2525886
vn 0.528512836 -0.810477138 0.2525886
vn 0.528512836 -0.810477138 0.2525886
vn 0.30068928 -0.948081076 -0.103577115
vn 0.30068928 -0.948081076 -0.103577115
vn 0.693361163 -0.325591862 0.642837703
vn 0.693361163 -0.325591862 0.642837703
vn 0.699665189 -0.197876602 0.686522663
vn 0.699665189 -0.197876602 0.686522663
vn 0.896150529 -0.126583859 0.425312579
vn 0.896150529 -0.126583859 0.425312579
vn 0.896150529 -0.126583859 0.425312579
vn 0.999564588 -0.00563493604 0.0289624985
vn 0.999564588 -0.00563493604 0.0289624985
vn 0.798483729 -0.382006019 0.465290487
vn 0.475979894 -0.759460747 0.443466306
vn 0.475979894 -0.759460747 0.443466306
vn 0.798483729 -0.382006019 0.465290487
vn 0.798483729 -0.382006019 0.465290487
vn 0.741851091 0.263858885 0.616470158
vn 0.741851091 0.263858885 0.616470158
vn 0.741851091 0.263858885 0.616470158
vn 0.529835284 0.53837502 0.655306756
vn 0.529835284 0.53837502 0.655306756
vn 0.475979894 -0.759460747 0.443466306
vn -0.214107558 -0.895187795 0.390892088
vn -0.214107558 -0.895187795 0.390892088
vn -0.479129821 -0.732887626 0.483022124
vn -0.479129821 -0.732887626 0.483022124
vn 0.296261072 0.947059274 -0.123725303
vn 0.296261072 0.947059274 -0.123725303
vn 0.296261072 0.947059274 -0.123725303
vn 0.557043076 0.830483615 -4.77553622E-05
vn 0.557043076 0.830483615 -4.77553622E-05
vn 0.557043076 0.830483615 -4.77553622E-05
vn 0.557098269 0.830446541 2.38757566E-05
vn 0.557098269 0.830446541 2.38757566E-05
vn 0.557098269 0.830446541 2.38757566E-05
vn 0.556972563 0.830530822 2.48941396E-05
vn 0.556972563 0.830530822 2.48941396E-05
vn 0.556972563 0.830530822 2.48941396E-05
vn 0.556950212 0.830545902 -6.30754366E-05
vn 0.556950212 0.830545902 -6.30754366E-05
vn 0.556950212 0.830545902 -6.30754366E-05
vn 0.557103693 0.830442905 -3.15377038E-05
vn 0.557103693 0.830442905 -3.15377038E-05
vn 0.557103693 0.830442905 -3.15377038E-05
vn 0.556999326 0.830512881 1.64402645E-05
vn 0.556999326 0.830512881 1.64402645E-05
vn 0.556999326 0.830512881 1.64402645E-05
vn 0.556892753 0.830584347 4.97892543E-05
vn 0.556892753 0.830584347 4.97892543E-05
vn 0.556892753 0.830584347 4.97892543E-05
vn 0.557085097 0.830455422 0.00024892998
vn 0.557085097 0.830455422 0.00024892998
vn 0.557085097 0.830455422 0.00024892998
vn 0.557024717 0.830495894 2.59521858E-05
vn 0.557024717 0.830495894 2.59521858E-05
vn 0.557024717 0.830495894 2.59521858E-05
vn 0.556965947 0.830535293 -2.82039346E-05
vn 0.556965947 0.830535293 -2.82039346E-05
vn 0.556965947 0.830535293 -2.82039346E-05
vn 0.557036459 0.830488086 0
vn 0.557036459 0.830488086 0
vn 0.557036459 0.830488086 0
vn 0.557027519 0.830493987 2.94050442E-05
vn 0.557027519 0.830493987 2.94050442E-05
vn 0.557027519 0.830493987 2.94050442E-05
vn -0.201621294 -0.393109739 -0.897114098
vn -0.257406145 -0.313970715 -0.913873374
vn -0.74097842 -0.558248222 -0.373242229
vn -0.682858527 -0.636205375 -0.359091967
vn -0.0239141174 -0.605838239 -0.795228362
vn -0.790488541 -0.475507259 0.386032104
vn -0.470304936 -0.83132267 -0.296168685
vn 0.212671444 -0.804173827 -0.555045426
vn -0.732127368 -0.5538643 0.396514416
vn -0.376947224 -0.114219755 0.919165134
vn -0.128221959 -0.97637707 -0.17391631
vn 0.415928155 -0.879430771 -0.231528208
vn -0.516005039 -0.754944444 0.404719353
vn -0.32057783 -0.194327891 0.927074134
vn 0.257413417 0.313966513 0.913872778
vn 0.310722649 0.231782839 0.921807051
vn -0.134240583 -0.421452254 0.896859705
vn 0.451337188 -0.0261998419 0.891968787
vn 0.231896609 -0.97239989 -0.0257386416
vn 0.555747926 -0.821778655 0.12579383
vn -0.163127393 -0.918044627 0.361363292
vn 0.12841703 -0.663342178 0.737215221
vn 0.575614691 -0.361476749 0.733486474
vn 0.21303308 -0.940906644 0.263271153
vn 0.370428562 -0.803400457 0.46618703
vn 0.611892343 -0.640414596 0.464173436
vn 0.310722649 0.231782839 0.921807051
vn 0.257413417 0.313966513 0.913872778
vn 0.740986824 0.558233976 0.373246998
vn 0.791967452 0.474860549 0.383790374
vn 0.451337188 -0.0261998419 0.891968787
vn 0.790497184 0.475495875 -0.386028349
vn 0.897723258 0.199279219 0.392913222
vn 0.575614691 -0.361476749 0.733486474
vn 0.841238081 0.39252159 -0.371813655
vn 0.376945198 0.114211924 -0.919167042
vn 0.916527331 -0.189276844 0.352352053
vn 0.611892343 -0.640414596 0.464173436
vn 0.943422914 0.122919448 -0.307967424
vn 0.429678202 0.0329998657 -0.902378917
vn -0.257406145 -0.313970715 -0.913873374
vn -0.201621294 -0.393109739 -0.897114098
vn 0.561675906 -0.210567847 -0.80011332
vn -0.0239141174 -0.605838239 -0.795228362
vn 0.795957923 -0.547437727 0.258385092
vn 0.555747926 -0.821778655 0.12579383
vn 0.951440275 -0.247592941 -0.18291837
vn 0.659894407 -0.502305984 -0.558773756
vn 0.212671444 -0.804173827 -0.555045426
vn 0.814808071 -0.578923523 -0.0305845644
vn 0.657390773 -0.716458499 -0.233504936
vn 0.415928155 -0.879430771 -0.231528208
vn 0.496878743 -0.739721894 -0.453787446
vn 0.496878743 -0.739721894 -0.453787446
vn 0.496878743 -0.739721894 -0.453787446
vn 0.496878743 -0.739721894 -0.453787446
vn 0.334250659 0.0578199923 -0.940708995
vn -0.197862983 -0.298685938 -0.933614969
vn 0.00500838365 -0.47449711 -0.880242884
vn 0.403031021 -0.1520264 -0.902471006
vn 0.392731756 -0.0926336274 -0.914975822
vn -0.0532659218 -0.44921279 -0.891835451
vn -0.195829183 -0.26871562 -0.943102777
vn 0.296114206 0.0602430068 -0.953250825
vn 0.759766877 0.440856695 -0.47791177
vn 0.426328152 0.179188401 -0.886643052
vn 0.26601705 0.487016648 -0.831895232
vn 0.752003253 0.221849784 -0.620704353
vn 0.192571193 0.734544933 -0.650661349
vn 0.805919409 0.370146394 -0.462044924
vn 0.723461449 0.547317505 0.420769632
vn 0.732103646 0.537131846 0.418943614
vn 0.676375806 0.481532335 0.55735302
vn -0.142839387 0.924854398 -0.352478534
vn -0.213766351 0.849249184 -0.482783467
vn -0.553568006 0.824123561 -0.119927861
vn -0.342695981 0.939420581 -0.0069511761
vn 0.0603650436 0.931433439 0.358870178
vn 0.246725485 0.249708667 0.936361074
vn 0.219938353 0.283679634 0.933355808
vn -0.356128275 -0.10395243 0.928636849
vn 0.260318637 0.224188939 0.939134419
vn -0.29027769 -0.208521634 0.933947384
vn 0.179396316 0.327192575 0.927772582
vn 0.43972227 0.468520463 0.766246021
vn -0.141741082 0.710765362 0.689000785
vn 0.0603650436 0.931433439 0.358870178
vn -0.408695638 -0.0708666071 0.909915268
vn -0.658624887 -0.62826848 0.414115965
vn -0.7841838 -0.467170477 0.408420771
vn -0.710858285 -0.542548776 -0.447572798
vn -0.283846736 -0.242281675 0.927755654
vn -0.551993072 -0.729738653 -0.403466284
vn -0.195829183 -0.26871562 -0.943102777
vn -0.0532659218 -0.44921279 -0.891835451
vn 0.00500838365 -0.47449711 -0.880242884
vn -0.633535206 -0.662059665 0.400387317
vn -0.494762331 -0.763422489 -0.415206313
vn -0.197862983 -0.298685938 -0.933614969
vn -0.810038269 -0.448687434 0.377515018
vn -0.691583514 -0.515844524 -0.505585432
vn -0.567778409 -0.0916223526 -0.818066716
vn -0.63495183 0.383151263 0.67084378
vn -0.967227995 0.0549320653 0.24789615
vn -0.967227995 0.0549320653 0.24789615
vn -0.860449016 -0.0941860676 -0.500755906
vn -0.756616116 0.653736532 -0.0126769673
vn -0.637011826 0.762440622 0.113579556
vn -0.756616116 0.653736532 -0.0126769673
vn -0.553569674 0.824121892 -0.119932368
vn -0.553568006 0.824123561 -0.119927861
vn -0.822522938 0.447189659 -0.35139361
vn -0.718829155 0.499352276 -0.483665198
vn -0.553569674 0.824121892 -0.119932368
vn -0.472302198 0.873197734 0.120234907
vn -0.342695981 0.939420581 -0.0069511761
vn -0.342695981 0.939420581 -0.0069511761
vn -0.553564072 0.824127614 -0.119918309
vn -0.553564072 0.824127614 -0.119918309
vn -0.553564072 0.824127614 -0.119918309
vn -0.553564072 0.824127614 -0.119918309
vn 0.066864267 -0.0995455384 -0.992783904
vn 0.066864267 -0.0995455384 -0.992783904
vn 0.066864267 -0.0995455384 -0.992783904
vn 0.066864267 -0.0995455384 -0.992783904
vn 0.448350519 0.76597631 -0.460719019
vn 0.062337853 0.919822156 -0.387351394
vn -0.204952404 0.660347521 -0.72245115
vn 0.0597976372 0.409607857 -0.910299778
vn 0.77078104 0.452507466 -0.448479205
vn 0.733628035 0.550769389 0.398049057
vn 0.322044879 0.0790672302 -0.943416953
vn 0.417649746 0.855235636 0.306823432
vn 0.062337853 0.919822156 -0.387351394
vn 0.038533587 0.985934854 0.162627459
vn -0.0260307956 0.617184341 0.786387861
vn 0.038533587 0.985934854 0.162627459
vn -0.276486933 0.813565791 0.511532724
vn 0.240078926 0.295865238 0.924567997
vn -0.570359528 0.253021598 0.781453848
vn -0.276486933 0.813565791 0.511532724
vn -0.654827952 0.560815036 0.506642759
vn -0.373560518 -0.116954438 0.920203388
vn -0.952296674 -0.0684967563 0.297387332
vn -0.790482402 -0.474557549 0.387211382
vn -0.654827952 0.560815036 0.506642759
vn -0.93010205 0.33239314 0.156285062
vn -0.204952404 0.660347521 -0.72245115
vn -0.552228212 0.434500694 -0.711514771
vn -0.426109791 0.0901463404 -0.900168896
vn -0.218846574 -0.28286317 -0.933860064
vn -0.889682651 -0.134565428 -0.436298996
vn -0.722940922 -0.546991587 -0.42208609
vn -0.790482402 -0.474557549 0.387211382
vn -0.952296674 -0.0684967563 0.297387332
vn -0.885438323 0.281030267 -0.37016356
vn -0.552228212 0.434500694 -0.711514771
vn -0.885438323 0.281030267 -0.37016356
vn -0.93010205 0.33239314 0.156285062
vn 0.194107234 -0.979755998 -0.0489968359
vn 0.194107234 -0.979755998 -0.0489968359
vn 0.830600142 -0.554708242 -0.0490111448
vn 0.830600142 -0.554708242 -0.0490111448
vn 0.980537474 0.195277095 -0.020322999
vn 0.980537474 0.195277095 -0.020322999
vn 0.556095719 0.830870986 0.0202747677
vn 0.556095719 0.830870986 0.0202747677
vn -0.19410421 0.979756117 0.0490056053
vn -0.19410421 0.979756117 0.0490056053
vn -0.830599666 0.554708302 0.0490194298
vn -0.830599666 0.554708302 0.0490194298
vn -0.980537951 -0.195275649 0.0203147922
vn -0.980537951 -0.195275649 0.0203147922
vn -0.556092203 -0.830873013 -0.020282682
vn -0.556092203 -0.830873013 -0.020282682
vn 0.194107234 -0.979755998 -0.0489968359
vn 0.194107234 -0.979755998 -0.0489968359
vn 0.0842323452 -0.125399277 0.988524139
vn -0.0668657869 0.0995471925 0.992783666
vn -0.0668657869 0.0995471925 0.992783666
vn 0.0842323452 -0.125399277 0.988524139
vn 0.0817710459 -0.121736787 0.989188373
vn 0.0817710459 -0.121736787 0.989188373
vn -0.0718050972 0.10689722 0.991673887
vn -0.0718050972 0.10689722 0.991673887
vn 0.831826687 0.535789311 -0.144893274
vn 0.838196635 0.501144052 -0.215130508
vn 0.838196635 0.501144052 -0.215130508
vn 0.825571835 0.558292866 -0.0820991173
vn 0.756119609 0.654373705 -0.00884751789
vn 0.813794076 0.580795169 0.020402588
vn 0.802015841 0.59566468 0.0442038104
vn 0.692524433 0.721389115 -0.00275335205
vn 0.577924132 0.814967155 -0.0428047068
vn 0.817555785 0.575714529 0.0124602169
vn 0.830118179 0.557587564 -4.5298757E-06
vn 0.830118477 0.557587087 -5.03313686E-06
vn 0.830117166 0.557589054 -6.03979106E-06
vn -0.810888946 -0.563031673 -0.159544438
vn -0.78143537 -0.581670821 -0.22587122
vn -0.78143537 -0.581670821 -0.22587122
vn -0.832468331 -0.544438303 -0.10287489
vn -0.894161105 -0.447213203 -0.0218223985
vn -0.848140836 -0.529630423 0.0121958051
vn -0.865486443 -0.500802875 0.0113843102
vn -0.929708958 -0.368284792 -0.0027471201
vn -0.972995222 -0.226824403 -0.0427898802
vn -0.842143118 -0.539109945 0.0124660889
vn -0.830113471 -0.557594419 5.53651489E-06
vn -0.830116093 -0.557590485 4.02649175E-06
vn -0.830118418 -0.557587206 8.05309082E-06
vn 0.113195859 -0.169143751 -0.979069531
vn 0.113195859 -0.169143751 -0.979069531
vn 0.113195859 -0.169143751 -0.979069531
vn 0.113195859 -0.169143751 -0.979069531
vn -0.549191415 0.820468068 0.158811167
vn -0.549191415 0.820468068 0.158811167
vn -0.549191415 0.820468068 0.158811167
vn -0.549191415 0.820468068 0.158811167
vn 0.345996529 -0.887131751 -0.305423796
vn -0.382679731 -0.774787188 -0.50325042
vn -0.345995545 -0.887132406 -0.305422813
vn 0.382679611 -0.774787545 -0.503249943
vn 0.923877895 -0.320930332 -0.208454713
vn 0.891797662 -0.452033281 -0.0190479718
vn 0.897015274 0.198590502 0.394873887
vn 0.923880517 0.32092461 0.208451644
vn 0.382685661 0.774785578 0.503248572
vn 0.358138204 0.631375134 0.687824428
vn -0.382685393 0.774785638 0.503248453
vn -0.358138412 0.6313743 0.687825143
vn -0.897014618 0.198588341 0.39487648
vn -0.923880339 0.320925236 0.208451778
vn -0.891796708 -0.452035338 -0.0190449581
vn -0.923878014 -0.320929676 -0.208455145
vn -0.382679731 -0.774787188 -0.50325042
vn -0.345995545 -0.887132406 -0.305422813
vn 0.213365033 0.328166693 0.92020762
vn 0.897015274 0.198590502 0.394873887
vn -0.213365167 0.328165084 0.920208097
vn -0.897014618 0.198588341 0.39487648
vn -0.466276169 -0.112987339 0.87739408
vn 0.466278017 -0.112984866 0.877393365
vn 0.458151549 -0.784820497 0.417317569
vn 0.891797662 -0.452033281 -0.0190479718
vn -0.45814839 -0.784820914 0.417320162
vn -0.891796708 -0.452035338 -0.0190449581
vn -0.195874661 -0.980614603 0.00529195648
vn -0.345995545 -0.887132406 -0.305422813
vn 0.195876122 -0.980614424 0.00529039465
vn 0.345996529 -0.887131751 -0.305423796
vn -0.92395556 0.00185316138 -0.382495373
vn -0.92395556 0.00185316138 -0.382495373
vn -0.382681698 0.00477195065 -0.923867941
vn -0.382681698 0.00477195065 -0.923867941
vn 0.382680655 0.00477109523 -0.923868299
vn 0.382680655 0.00477109523 -0.923868299
vn 0.923955142 0.00185263949 -0.382496506
vn 0.923955142 0.00185263949 -0.382496506
vn 1 0.00015867113 0.000134480564
vn 1 0.000158581272 0.000134480564
vn 1 -1.81568183E-07 0
vn 1 0 0
vn 0.908657789 0.350159466 0.227441043
vn 0.908657789 0.350159466 0.227441043
vn 0.347271591 0.786428869 0.510815144
vn 0.347271591 0.786428869 0.510815144
vn -0.347271532 0.786428928 0.510815084
vn -0.347271532 0.786428928 0.510815084
vn -0.908657789 0.350159347 0.227441072
vn -0.908657789 0.350159347 0.227441072
vn -1 0.000158672177 0.000134533373
vn -1 0 0
vn -1 0.000158717114 0.000134533373
vn -1 0 0
vn -0.92395556 0.00185316138 -0.382495373
vn -0.92395556 0.00185316138 -0.382495373
vn -0.235441208 0.788342595 -0.568404198
vn -0.55184859 0.800882638 -0.232487127
vn -0.55184859 0.800882638 -0.232487127
vn -0.235441208 0.788342595 -0.568404198
vn 0.235441133 0.788342714 -0.568404198
vn 0.235441133 0.788342714 -0.568404198
vn 0.551846564 0.800884068 -0.23248677
vn 0.551846564 0.800884068 -0.23248677
vn 0.669194043 0.649609029 -0.360814989
vn 0.669194043 0.649609029 -0.360814989
vn 0.538079321 0.645686924 -0.54181087
vn 0.538079321 0.645686924 -0.54181087
vn 0.211969465 0.91440469 -0.344866544
vn 0.211969465 0.91440469 -0.344866544
vn -0.211969748 0.914405406 -0.344864666
vn -0.211969748 0.914405406 -0.344864666
vn -0.538084388 0.645686448 -0.54180634
vn -0.538084388 0.645686448 -0.54180634
vn -0.669199765 0.649604857 -0.36081174
vn -0.669199765 0.649604857 -0.36081174
vn -0.55184859 0.800882638 -0.232487127
vn -0.55184859 0.800882638 -0.232487127
vn -0 -0.864397764 0.502808511
vn -0 -0.864397764 0.502808511
vn -0 -0.864397764 0.502808511
vn -0 -0.864397764 0.502808511
vn 0.287227809 0.665462315 -0.688955724
vn 0.287227809 0.665462315 -0.688955724
vn -0.287230015 0.665459812 -0.688957214
vn -0.287230015 0.665459812 -0.688957214
vn -0.287230015 0.665459812 -0.688957214
vn -0.695856035 0.658229053 -0.28726092
vn -0.695856035 0.658229053 -0.28726092
vn -0.695856035 0.658229053 -0.28726092
vn -0.779715359 0.626134038 0.000375865638
vn -0.779715359 0.626134038 0.000375865638
vn 0.695854604 0.65823108 -0.287259966
vn 0.287227809 0.665462315 -0.688955724
vn 0.695854604 0.65823108 -0.287259966
vn 0.779716492 0.626132548 0.000375729753
vn 0.695854604 0.65823108 -0.287259966
vn 0.779716492 0.626132548 0.000375729753
vn -1 0 0
vn -1 0 0
vn -0.923879445 0 -0.382683575
vn -0.923879445 0 -0.382683575
vn -0.382683277 0 -0.923879504
vn -0.382683277 0 -0.923879504
vn 0.382683277 0 -0.923879504
vn 0.382683277 0 -0.923879504
vn 0.923879445 0 -0.382683575
vn 0.923879445 0 -0.382683575
vn 1 0 0
vn 1 0 0
vn -6.09035897E-06 -1.32843729E-06 1
vn -1.21807179E-05 -2.65687459E-06 1
vn -1.21807179E-05 -2.65687459E-06 1
vn -6.09035897E-06 -1.32843729E-06 1
vn -4.06025691E-07 0 1
vn -4.06025691E-07 0 1
vn -8.12051269E-07 0 1
vn -8.12051269E-07 0 1
vn -0 -1 0
vn -0 -1 0
vn -0 -1 0
vn -0 -1 0
vn -0 -1 0
vn -0 -1 0
vn -1 0 0
vn -0.929267883 0.0964985043 -0.35657981
vn -0.928262889 -0.0418677069 -0.36956057
vn -0.999970436 0.000942241692 -0.00764027284
vn -0.911841273 0.235502377 -0.33627978
vn -0.922833145 0.133314028 0.361394972
vn -0.999881387 0.00188492727 -0.0152847338
vn -0.919129491 0.23975423 0.312600195
vn -0.38019228 0.333602458 0.862648964
vn -0.901790142 0.347416759 0.25705269
vn -0.355726182 0.542100191 0.761305511
vn 0.380189329 0.333602637 0.862650216
vn -0.313291937 0.71695447 0.622755527
vn 0.355724603 0.54210043 0.761306226
vn 0.922831953 0.133314356 0.361397862
vn 0.313291728 0.716954768 0.622755289
vn 0.919128954 0.239753455 0.312602162
vn 1 -2.91622428E-07 0
vn 0.901790619 0.347414851 0.257053822
vn 0.999970436 0.00094035326 -0.00763929915
vn 0.928263843 -0.0418674648 -0.369558394
vn 0.999881506 0.00188151409 -0.0152827874
vn 0.929268777 0.0964973196 -0.356577873
vn 0.393461317 -0.0811386555 -0.915753603
vn 0.911842465 0.235499918 -0.336278141
vn 0.390111625 0.210177571 -0.896458745
vn -0.393459171 -0.0811387077 -0.915754616
vn 0.354393661 0.479203671 -0.802975059
vn -0.390109718 0.210177958 -0.89645946
vn -0.928262889 -0.0418677069 -0.36956057
vn -0.354392141 0.479204535 -0.802975297
vn -0.929267883 0.0964985043 -0.35657981
vn -0.911841273 0.235502377 -0.33627978
vn -0 -0.248850748 0.968541861
vn -0 -0.248850748 0.968541861
vn -0 -0.248850748 0.968541861
vn -0 -0.248850748 0.968541861
vn -0 -0.83027041 0.557360768
vn -0 -0.83027041 0.557360768
vn -0 -0.83027041 0.557360768
vn -0 -0.83027041 0.557360768
vn -0.922881186 -0.081949003 0.376264066
vn -0.922881186 -0.081949003 0.376264066
vn -0.958172441 -0.0114762802 0.28596133
vn -0.996249497 0.0853355005 0.0143133067
vn -0.972545803 0.21137692 0.0973372608
vn -0.934177756 0.356808066 0
vn -0.983406723 0.181414276 0
vn -0.953041971 -0.301590115 0.0274682529
vn -0.863139451 0.0685575306 -0.500290036
vn -0.863139451 0.0685575306 -0.500290036
vn -0.882415056 -0.411306292 -0.228409141
vn -0.937627256 -0.303922504 0.168778479
vn -0.93762809 -0.30392167 -0.168775558
vn -0.761924148 -0.00870338827 -0.647607744
vn -1 0 0
vn -0.939862907 -0.00458980212 -0.341521144
vn -0.723805606 0.344999999 -0.597562075
vn -0.939861178 -0.00458953902 0.341525674
vn -0.76191777 -0.00870289188 0.647615314
vn -0.929631829 0.184243813 -0.319122106
vn -0.723803401 0.597563684 -0.345001698
vn -0.929630458 0.184245661 0.319124937
vn -0.723800123 0.345003784 0.597566545
vn -0.929631293 0.31912294 -0.184244707
vn -0.723799169 0.690010726 5.68263374E-07
vn -0.929630458 0.31912446 0.184246227
vn -0.723800361 0.597566009 0.345004261
vn -0.929630041 0.368494093 3.03476043E-07
vn 0.99466151 0.0754873008 0.0703568831
vn 0.92287308 -0.0819532499 0.37628299
vn 0.92287308 -0.0819532499 0.37628299
vn 0.95816797 -0.0114762513 0.285976589
vn 0.972542644 0.211388946 0.0973429829
vn 0.983404994 0.181423977 0
vn 0.934170604 0.356826574 0
vn 0.882414222 -0.411307484 -0.228410169
vn 0.947826982 -0.300728887 0.105764523
vn 0.973258317 0.0310036857 -0.227611408
vn 0.973258317 0.0310036857 -0.227611408
vn 0.937627792 -0.303922355 -0.168776304
vn 0.937626541 -0.303924322 0.16877912
vn 0.761915982 -0.00870304648 0.647617519
vn 1 -1.92616739E-07 0
vn 0.93986249 -0.00458967593 -0.341522425
vn 0.761922419 -0.00870314706 -0.64760983
vn 0.939860761 -0.00459009456 0.341526866
vn 0.723799169 0.345005512 0.597566724
vn 0.929631531 0.184245303 -0.319122165
vn 0.723804295 0.345002711 -0.597562075
vn 0.92963016 0.184247062 0.319125056
vn 0.723798752 0.597567022 0.345005989
vn 0.929630816 0.319123864 -0.184245676
vn 0.723801732 0.597564936 -0.345003188
vn 0.929630041 0.319125205 0.1842473
vn 0.723798573 0.690011322 4.47034381E-07
vn 0.929629982 0.368494332 2.38734685E-07
vn -0 0.380850166 -0.924636781
vn -0 0.704296052 -0.709906399
vn -0 0.704296052 -0.709906399
vn -0 0.380850166 -0.924636781
vn -0 -0.130525619 -0.991444945
vn -0 -0.130525619 -0.991444945
vn -0 1.61981598E-06 -1
vn -0 1.61981598E-06 -1
vn 1.18218009E-06 0.499999583 -0.866025686
vn 1.18218009E-06 0.499999583 -0.866025686
vn 2.77938625E-06 0.86602658 -0.499997973
vn 2.77938625E-06 0.86602658 -0.499997973
vn 3.19506808E-06 1 9.87314479E-07
vn 3.19506808E-06 1 9.87314479E-07
vn 2.75948287E-06 0.866026044 0.499998957
vn 2.75948287E-06 0.866026044 0.499998957
vn 1.16160504E-06 0.499999404 0.866025805
vn 1.16160504E-06 0.499999404 0.866025805
vn -0 1.61981598E-06 1
vn -0 1.61981598E-06 1
vn -0 -0.258817911 0.96592617
vn -0 -0.258817911 0.96592617
vn -0.910217166 -0.182549194 -0.371726364
vn -0.923857033 1.84299824E-05 0.382737875
vn -0.923897624 3.80785568E-05 -0.382639676
vn -0.912603915 -0.162146613 0.37531665
vn -0.840014994 -0.232022777 -0.490448922
vn -0.382629037 1.8429082E-05 0.923902094
vn -0.835298181 -0.253882796 0.487668455
vn -0.376248956 -0.142938942 0.915426254
vn 0.376249373 -0.142939776 0.915425897
vn 0.382628679 1.79769831E-05 0.923902214
vn 0.923856854 1.79778635E-05 0.382738173
vn -0.372701645 -0.218253046 0.901919663
vn 0.912603736 -0.162148982 0.375316083
vn 0.923897624 3.84703526E-05 -0.382639676
vn 0.910216689 -0.182552204 -0.371725917
vn 0.835297823 -0.253885657 0.487667441
vn 0.840015054 -0.232026979 -0.490446955
vn 0.372702062 -0.218253702 0.901919305
vn 0.704185128 -0.117619321 0.700206399
vn 0.502987027 -0.142992184 0.852383256
vn 0.841641605 0.242568269 0.482493669
vn -0.502987444 -0.142992184 0.852383077
vn -0.704185605 -0.117619298 0.700205982
vn -0.728208303 0.102267057 0.677682877
vn 0.728208065 0.102266327 0.677683294
vn -0.841641605 0.242568836 0.482493281
vn 0.647301495 0.719879508 0.250547916
vn 0.441934019 0.811565578 0.382172376
vn 0.404463053 0.902169168 -0.150001466
vn 0.742858887 0.515910506 -0.426610887
vn -0 1 0
vn -0.647301137 0.719879985 0.250547707
vn -0.441933572 0.811565995 0.382171929
vn -0 1 0
vn -0.404462904 0.902169287 -0.150001377
vn -0.742857754 0.515911341 -0.426612079
vn -0.910217166 -0.182549194 -0.371726364
vn -0.923897624 3.80785568E-05 -0.382639676
vn -0.382727146 3.80800448E-05 -0.923861384
vn -0.372570425 -0.194283545 -0.907438755
vn -0.840014994 -0.232022777 -0.490448922
vn 0.372570246 -0.19428502 -0.907438576
vn 0.382727146 3.8471866E-05 -0.923861384
vn 0.923897624 3.84703526E-05 -0.382639676
vn 0.910216689 -0.182552204 -0.371725917
vn 0.374009132 -0.17830804 -0.910122693
vn 0.840015054 -0.232026979 -0.490446955
vn -0.374008298 -0.178306282 -0.910123467
vn -0.697691083 0.167047963 -0.696650565
vn 0.378259718 0.21362485 -0.900713027
vn 0.6976946 0.167047262 -0.696647406
vn -0.378257543 0.213625059 -0.900713921
vn 0.327717394 0.620325387 -0.712599337
vn 0.742858887 0.515910506 -0.426610887
vn -0.327716202 0.620325446 -0.712599754
vn -0.742857754 0.515911341 -0.426612079
vn -0.140247926 0.951742411 -0.272977769
vn -0.404462904 0.902169287 -0.150001377
vn -0 1 0
vn 0.140247986 0.951742411 -0.272977889
vn 0.404463053 0.902169168 -0.150001466
vn -0 1 0
vn 0.807137549 0.486565799 0.334339261
vn 0.210818246 0.834562659 0.508980215
vn 0.508964777 0.834568202 0.210833326
vn 0.334323436 0.48656112 0.807146847
vn 0.923876882 2.35815278E-05 0.382689983
vn 0.923882902 4.85741875E-05 -0.38267538
vn 0.382678896 2.35814532E-05 0.923881352
vn 0.807138383 0.486580938 -0.334314972
vn 0.508964777 0.834568202 0.210833326
vn 0.508966386 0.834573686 -0.210807905
vn 0.3343319 0.486587375 -0.807127595
vn 0.508966386 0.834573686 -0.210807905
vn 0.210821897 0.834580719 -0.508948922
vn 0.382689416 4.85743949E-05 -0.92387706
vn -0.334329456 0.486587912 -0.80712831
vn -0.382686943 4.71539206E-05 -0.923878074
vn 0.210821897 0.834580719 -0.508948922
vn -0.210819259 0.834582388 -0.508947492
vn -0.334323138 0.486561328 0.807146966
vn -0.382677734 2.22209146E-05 0.923881948
vn -0.210818172 0.834563851 0.508978248
vn 0.210818246 0.834562659 0.508980215
vn -0.807136238 0.486568093 0.334339082
vn -0.923876464 2.20847651E-05 0.382690907
vn -0.92388165 4.70175619E-05 -0.382678181
vn -0.508960605 0.834571362 0.210831195
vn -0.210818172 0.834563851 0.508978248
vn -0.80713594 0.486584127 -0.334316611
vn -0.382686943 4.71539206E-05 -0.923878074
vn -0.508960605 0.834571362 0.210831195
vn -0.50895983 0.834577978 -0.210806668
vn -0.334329456 0.486587912 -0.80712831
vn -0.210819259 0.834582388 -0.508947492
vn -0.50895983 0.834577978 -0.210806668
vn 0.382676899 -0.900877595 -0.204885259
vn -0.382680267 -0.900876224 -0.204885021
vn -0.382680267 -0.900876224 -0.204885021
vn 0.382676899 -0.900877595 -0.204885259
vn 0.923876882 -0.37316075 -0.0848676264
vn 0.923876882 -0.37316075 -0.0848676264
vn 0.923879027 0.373155832 0.0848665312
vn 0.923879027 0.373155832 0.0848665312
vn 0.382682323 0.900875568 0.204883978
vn 0.382682323 0.900875568 0.204883978
vn -0.382685333 0.900874376 0.204883665
vn -0.382685333 0.900874376 0.204883665
vn -0.923880219 0.373152763 0.0848658159
vn -0.923880219 0.373152763 0.0848658159
vn -0.923878193 -0.373157561 -0.0848669559
vn -0.923878193 -0.373157561 -0.0848669559
vn -0.382680267 -0.900876224 -0.204885021
vn -0.382680267 -0.900876224 -0.204885021
vn -0 0.999568641 0.0293702707
vn -0 0.999568641 0.0293702707
vn -0 0.999568641 0.0293702707
vn -0 0.999568641 0.0293702707
vn -0 -0.999222755 0.0394183509
vn -0 -0.999222755 0.0394183509
vn -0 -0.999222755 0.0394183509
vn -0 -0.999222755 0.0394183509
vn -0 0.998886526 0.0471789949
vn -0 0.998886526 0.0471789949
vn -0 0.998886526 0.0471789949
vn -0 0.998886526 0.0471789949
vn 0.589152157 0.410381466 -0.696050882
vn 0.47604695 0.542990506 -0.691766322
vn 0.589152157 0.410381466 -0.696050882
vn 0.47604695 0.542990506 -0.691766322
vn 0.137553141 0.740229309 -0.658133507
vn 0.137553141 0.740229309 -0.658133507
vn -0.06422095 0.742543519 -0.666711867
vn -0.06422095 0.742543519 -0.666711867
vn -0.0481594801 0.726868212 -0.68508637
vn -0.0481594801 0.726868212 -0.68508637
vn -0.230198905 0.697182298 -0.678929508
vn -0.230198905 0.697182298 -0.678929508
vn -0.502167583 0.517835379 -0.692585289
vn -0.502167583 0.517835379 -0.692585289
vn -0.591225982 0.41130507 -0.693743467
vn -0.591225982 0.41130507 -0.693743467
vn -0.461493939 0.882574737 0.0899180844
vn -0.461493939 0.882574737 0.0899180844
vn -0.491967827 0.870308161 0.0230502225
vn -0.491967827 0.870308161 0.0230502225
vn -0.281813383 0.890688896 -0.356727451
vn -0.281813383 0.890688896 -0.356727451
vn -0.281813383 0.890688896 -0.356727451
vn -0 0.78936851 -0.613919675
vn -0 0.78936851 -0.613919675
vn 0.0210403875 0 -0.999778688
vn 0.0210403875 0 -0.999778688
vn 0.0210403875 0 -0.999778688
vn 0.0210403875 0 -0.999778688
vn -1 0 0
vn -1 0 0
vn -1 0 0
vn -1 0 0
vn -1 0 0
vn -0 -1 0
vn -0 -1 0
vn -0 -1 0
vn -0 -1 0
vn -0 -1 0
vn -0 -1 0
vn -0 -1 0
vn -0 -1 0
vn -0 -1 0
vn -0 -1 0
vn -0 -1 0
vn -0 -1 0
vn -0 -1 0
vn -0 -1 0
vn -0 -1 0
vn -0 -1 0
vn -0 -1 0
vn -0 -1 0
vn -0 -1 0
vn -0 -1 0
vn -0 0 -1
vn -0 0 -1
vn -0 0 -1
vn -0 0 -1
vn -0.964787781 0 -0.263029397
vn -0.964787781 0 -0.263029397
vn -0.991039455 0.000122161422 -0.133569255
vn -0.991039455 0.000122161422 -0.133569255
vn -0.999173105 -0.0129118329 0.0385534987
vn -0.998901844 0.00975137204 0.0458267294
vn -0.956538916 -0.00639914023 0.291534454
vn -0.836338341 0.343232661 0.427468687
vn -0.910328925 0.397956103 0.113720544
vn -0.397830278 0.768983841 0.500394702
vn -0.432082981 0.874579072 0.220035985
vn -0.00818676036 0.827466011 0.561456084
vn -0.0376061723 0.957700729 0.285298169
vn 0.190468952 0.808640599 0.556616485
vn 0.116644666 0.945183575 0.304995209
vn 0.495772839 0.831253111 0.251450956
vn 0.0215147957 0.341695458 0.939564466
vn 0.292907178 0.333015919 0.896273315
vn -0.406518489 0.309666961 0.85956341
vn -0.836338341 0.343232661 0.427468687
vn -0.956538916 -0.00639914023 0.291534454
vn -0.440918982 -0.0211093295 0.897298634
vn 0.0188017264 0.0286881495 0.999411583
vn 0.311051399 0.0337611474 0.94979322
vn 0.637791276 0.282924354 0.716363132
vn 0.67486918 0.0047386298 0.737922132
vn 0.973814905 0.0127369724 0.226985618
vn 0.881046891 0.316528559 0.351519465
vn 0.540644586 0.702612162 0.46264416
vn 0.881046891 0.316528559 0.351519465
vn 0.918639898 0.376288354 0.120448418
vn 0.9991979 0.0150171099 0.0371215828
vn 0.973814905 0.0127369724 0.226985618
vn 0.999498129 -0.00997633021 0.0300681833
vn 0.996699035 2.82790552E-05 -0.0811847076
vn 0.996699035 2.82790552E-05 -0.0811847076
vn 0.986885428 0 -0.161422655
vn 0.986885428 0 -0.161422655
vn 1 0 0
vn 1 0 0
vn 1 0 0
vn 1 0 0
vn 1 0 0
vn -0 0 -1
vn -0 0 -1
vn -0 0 -1
vn -0 0 -1
vn 0.381428838 0.842417061 0.380585819
vn 0.0210498329 0.908853412 0.416584045
vn -0 0.893708229 0.448648632
vn 0.399340123 0.831760406 0.385619193
vn 0.917362332 0.387297809 0.0919059142
vn 0.41697529 0.820780218 0.390450239
vn 0.0315652154 0.91584909 0.400280088
vn 0.00443339907 0.916722536 0.399499804
vn 0.00664529111 0.927211106 0.374480069
vn -0.383424878 0.859254003 0.338626623
vn 0.923959017 0.360184073 0.128714114
vn 0.928575277 0.332370758 0.165158972
vn 1 0 0
vn 0.998732388 0.027570527 -0.0421139225
vn 0.994932592 0.0550711453 -0.0841210634
vn -0.380110323 0.861157477 0.337526441
vn -0.37678495 0.863049924 0.336419344
vn -0 0.893708289 0.448648423
vn -0.896929622 0.442066938 -0.00969565939
vn -0.914017439 0.400420576 0.0650798902
vn -0.924186409 0.355416805 0.139851436
vn -1 0 0
vn -0.993452072 0.0625832006 -0.0955841616
vn -0.97389406 0.124346823 -0.189916611
vn -4.66380015E-07 0.542084038 -0.840324223
vn -2.33190022E-07 0.542087078 -0.840322375
vn -4.66380015E-07 0.542084038 -0.840324223
vn -2.33190022E-07 0.542087078 -0.840322375
vn -0 0.542090058 -0.840320408
vn 0.00730344187 0.776112914 -0.630551577
vn 0.297987401 0.891946793 -0.340050519
vn 0.00730344187 0.776112914 -0.630551577
vn 0.297987401 0.891946793 -0.340050519
vn 0.297987401 0.891946793 -0.340050519
vn 0.494825274 0.866810203 0.0615459271
vn 0.494825274 0.866810203 0.0615459271
vn 0.453106314 0.884597123 0.110374816
vn 0.453106314 0.884597123 0.110374816
vn -1 -1.17504577E-07 0
vn -1 -2.35009153E-07 0
vn -1 -2.35009153E-07 0
vn -1 0 0
vn -1 0 0
vn 3.38977145E-07 0.542086184 -0.840322852
vn 6.77954233E-07 0.542084396 -0.840324044
vn 6.77954233E-07 0.542084396 -0.840324044
vn 3.38977145E-07 0.542086184 -0.840322852
vn -0 0.542088091 -0.84032172
vn 1 1.17504577E-07 0
vn 1 0 0
vn 1 1.17504577E-07 0
vn 1 0 0
vn 1 0 0
vn -0 0.415581316 -0.909556031
vn -0 0.415581316 -0.909556031
vn -0 0.415581316 -0.909556031
vn -0 0.415581316 -0.909556031
vn -0.178325042 0.463549465 0.86794132
vn -0.854140103 0.0264067575 0.519372046
vn -0.96980077 0.151685506 0.19099234
vn -0.535445452 0.798339188 0.275595397
vn -0.535446286 0.798339844 -0.275591284
vn -0.969801784 0.151689097 -0.190984085
vn -0.270070076 0.402671695 -0.874595642
vn -0.61347574 -0.169922709 -0.771215796
vn -0.61347574 -0.169922709 -0.771215796
vn -0 0 -1
vn -0.270070076 0.402671695 -0.874595642
vn -0 0 -1
vn -0.244497702 -0.678952098 -0.692275167
vn 0.189737514 -0.485420316 -0.853444099
vn -0.0781736895 -0.988618612 0.128538162
vn -0.0928329974 -0.917622268 0.386460185
vn 0.397477031 -0.429451108 0.810915351
vn 0.353056997 -0.905621409 0.234948263
vn -0.0781692117 -0.988618731 -0.128540277
vn 0.353055894 -0.905622065 -0.234947309
vn 0.189737514 -0.485420316 -0.853444099
vn -0.244497702 -0.678952098 -0.692275167
vn -0.854140103 0.0264067575 0.519372046
vn -0.763244033 -0.0498678312 0.64418304
vn -0.810941279 -0.531551719 -0.244595468
vn -0.806563199 -0.583330154 -0.0958213434
vn -0.96980077 0.151685506 0.19099234
vn -0.540263653 -0.808054864 -0.234867051
vn -0.969801784 0.151689097 -0.190984085
vn -0.557809234 -0.824790955 -0.0925679356
vn -0.0947311297 -0.85046494 0.517431438
vn -0.0928329974 -0.917622268 0.386460185
vn -0.0781736895 -0.988618612 0.128538162
vn -0.773522139 -0.633769274 4.52750373E-06
vn -0.61347574 -0.169922709 -0.771215796
vn -0.244497702 -0.678952098 -0.692275167
vn -0.601896763 -0.798573971 2.8602376E-06
vn -0.0781692117 -0.988618731 -0.128540277
vn -0.854140103 0.0264067575 0.519372046
vn -0.0117000164 0.296201169 0.955053926
vn -0.763244033 -0.0498678312 0.64418304
vn -0.178325042 0.463549465 0.86794132
vn 0.315405846 0.301543802 0.899772406
vn 0.315405846 0.301543802 0.899772406
vn 0.465355784 0.243274286 0.851035655
vn 0.465355784 0.243274286 0.851035655
vn 0.397477031 -0.429451108 0.810915351
vn 0.390481889 -0.166716143 0.905389249
vn -0.0947311297 -0.85046494 0.517431438
vn -0.0928329974 -0.917622268 0.386460185
vn 0.479130477 -0.732884824 0.48302564
vn 0.479130477 -0.732884824 0.48302564
vn 0.141725913 -0.495387703 0.857032537
vn 0.141725913 -0.495387703 0.857032537
vn -0.427915663 0.0752816126 0.900678039
vn -0.427915663 0.0752816126 0.900678039
vn -0.529832363 0.53837657 0.65530777
vn -0.529832363 0.53837657 0.65530777
vn -0.820319057 -0.546276808 -0.169287547
vn -0.339894623 -0.896479011 -0.284248143
vn -0.400423706 -0.865657747 -0.300495595
vn -0.812021136 -0.577567518 -0.0838889405
vn -0.862504661 0.191696495 0.468335479
vn -0.357208818 -0.789190412 -0.499580175
vn -0.830722868 0.0851498023 0.550135434
vn -0.161946431 0.759082794 0.630528867
vn -0.847008586 -0.528656304 -0.0556683242
vn -0.373577327 -0.67746824 -0.633621931
vn -0.196535885 0.645741522 0.73782891
vn 0.464365065 0.70250386 0.53930825
vn -0.811680913 -0.0436481014 0.582467973
vn 0.454021841 0.647894084 0.611635029
vn 0.813779831 0.287834227 0.504889846
vn -0.251609087 0.414443433 0.874602497
vn 0.874725044 0.21772185 0.432958782
vn 0.643748164 -0.293237418 0.706823945
vn 0.442285061 0.549093604 0.70914048
vn 0.744748056 -0.518122017 0.420594931
vn 0.11052157 -0.936706245 0.332214236
vn 0.16256012 -0.983642459 0.0775998533
vn 0.928022325 0.280960411 0.244613513
vn 0.895587325 -0.344283074 -0.281766981
vn 0.283599973 -0.780084133 -0.557709515
vn 0.348604947 -0.474400073 -0.80834347
vn 0.984694004 0.170278624 0.0371878371
vn 0.734554768 -0.120673828 0.667732835
vn 0.862009168 0.00652706949 -0.506850541
vn -0.213251665 -0.387153119 0.897015214
vn 0.89245522 -0.211822316 -0.398315042
vn 0.511376679 -0.719612598 -0.469735801
vn 0.639402688 -0.766349971 0.0622248501
vn 0.639402688 -0.766349971 0.0622248501
vn 0.962011456 -0.247768223 -0.114651009
vn -0.0794147626 -0.968470514 0.236131892
vn 0.511376679 -0.719612598 -0.469735801
vn -0.231686711 -0.928566337 -0.289975554
vn 0.348604947 -0.474400073 -0.80834347
vn -0.373577327 -0.67746824 -0.633621931
vn 0.283599973 -0.780084133 -0.557709515
vn -0.357208818 -0.789190412 -0.499580175
vn -0.339894623 -0.896479011 -0.284248143
vn 0.16256012 -0.983642459 0.0775998533
vn -0.400423706 -0.865657747 -0.300495595
vn 0.11052157 -0.936706245 0.332214236
vn -0.814870298 -0.33572349 0.472521067
vn -0.0794147626 -0.968470514 0.236131892
vn -0.872289836 -0.481135547 -0.0872874185
vn -0.655554235 -0.702638447 0.276673019
vn -0.741219819 -0.671255112 -0.0031213006
vn -0.231686711 -0.928566337 -0.289975554
vn 0.1367919 0.692151904 -0.708670318
vn -0.747254193 0.443580747 -0.494820476
vn -0.319023192 -0.824370861 -0.467586309
vn 0.450474411 -0.608026683 -0.653740227
vn -0.287455112 -0.710483313 0.642326295
vn 0.842286289 -0.392897487 0.36903289
vn -0.519253612 0.715563118 0.467274159
vn 0.238644749 0.928671598 0.283932656
vn 0.835341275 0.54942435 0.0183843449
vn 0.998979747 0.0394066721 -0.0220569093
vn -0.296183556 0.947083652 -0.123724535
vn -0.296221942 0.947073638 -0.12370947
vn -0.747254193 0.443580747 -0.494820476
vn -0.296191514 0.947078228 -0.123747483
vn 0.1367919 0.692151904 -0.708670318
vn 0.78854996 0.373174906 -0.488804072
vn 0.859450281 -0.140736043 -0.491465628
vn 0.450474411 -0.608026683 -0.653740227
vn 0.842286289 -0.392897487 0.36903289
vn 0.1367919 0.692151904 -0.708670318
vn 0.238644749 0.928671598 0.283932656
vn -0.747254193 0.443580747 -0.494820476
vn -0.519253612 0.715563118 0.467274159
vn -0.897071898 0.0622816794 0.437473595
vn -0.990178585 -0.126989141 -0.0584807917
vn -0.319023192 -0.824370861 -0.467586309
vn -0.786235929 -0.4624798 0.409811646
vn -0.519253612 0.715563118 0.467274159
vn -0.791054308 -0.60476613 -0.092146568
vn -0.287455112 -0.710483313 0.642326295
vn -0.226800382 -0.0309120864 -0.973450541
vn -0.226800382 -0.0309120864 -0.973450541
vn -0.959455073 -0.258785665 -0.111695766
vn -0.959455073 -0.258785665 -0.111695766
vn 0.152868539 0.273330092 0.949695587
vn 0.152868539 0.273330092 0.949695587
vn 0.152868539 0.273330092 0.949695587
vn 0.152868539 0.273330092 0.949695587
vn 0.807800651 0.238115743 -0.53922075
vn 0.807800651 0.238115743 -0.53922075
vn -0.226800382 -0.0309120864 -0.973450541
vn -0.226800382 -0.0309120864 -0.973450541
vn -0.833943546 0.286802441 -0.471468389
vn -0.833954334 0.286800712 0.471450388
vn -0.198812559 -0.889977574 0.410382122
vn -0.198811054 -0.889975488 -0.410387486
vn 0.735394239 -0.310168862 0.602487087
vn 0.735411465 -0.310140014 -0.60248071
vn -0.0257618707 0.914317787 0.404177219
vn -0.0257503949 0.914310217 -0.404195011
vn 0.0740127414 0.375434756 -0.923888981
vn 0.28197363 -0.118903279 -0.952025712
vn -0.557005048 0.830509007 2.21898772E-05
vn -0.556997776 0.830513954 -3.9509363E-05
vn -0.833954334 0.286800712 0.471450388
vn -0.556955159 0.830542564 -2.23293882E-05
vn -0.833943546 0.286802441 -0.471468389
vn -0.316478074 0.00482715666 -0.948587537
vn -0.1034692 -0.46314469 -0.880222201
vn -0.198811054 -0.889975488 -0.410387486
vn 0.735411465 -0.310140014 -0.60248071
vn -0.833943546 0.286802441 -0.471468389
vn -0.0257503949 0.914310217 -0.404195011
vn -0.833954334 0.286800712 0.471450388
vn -0.0257618707 0.914317787 0.404177219
vn 0.0739914775 0.37543714 0.923889697
vn -0.316490024 0.00481685298 0.948583543
vn -0.198812559 -0.889977574 0.410382122
vn 0.281950146 -0.118926905 0.952029586
vn -0.0257618707 0.914317787 0.404177219
vn -0.103479065 -0.463182122 0.88020128
vn 0.735394239 -0.310168862 0.602487087
vn -0.93239522 -0.36144042 1.40249222E-06
vn -0.93239522 -0.36144042 1.40249222E-06
vn -0.336819768 -0.130565614 0.932472587
vn -0.336819768 -0.130565614 0.932472587
vn 0.75078851 0.660542786 3.67622233E-05
vn 0.75078851 0.660542786 3.67622233E-05
vn 0.75078851 0.660542786 3.67622233E-05
vn 0.75078851 0.660542786 3.67622233E-05
vn -0.336821496 -0.130569518 -0.932471395
vn -0.336821496 -0.130569518 -0.932471395
vn -0.93239522 -0.36144042 1.40249222E-06
vn -0.93239522 -0.36144042 1.40249222E-06
vn -0.932391226 -0.361450672 6.68287475E-06
vn -0.932391226 -0.361450672 6.68287475E-06
vn -0.336791486 -0.130563512 0.932483017
vn -0.336791486 -0.130563512 0.932483017
vn 0.750754893 0.660580814 -2.20580223E-05
vn 0.750754893 0.660580814 -2.20580223E-05
vn 0.750754893 0.660580814 -2.20580223E-05
vn 0.750754893 0.660580814 -2.20580223E-05
vn -0.336805254 -0.130562946 -0.93247813
vn -0.336805254 -0.130562946 -0.93247813
vn -0.932391226 -0.361450672 6.68287475E-06
vn -0.932391226 -0.361450672 6.68287475E-06
vn -0.630264401 -0.674101233 0.385167897
vn -0.839335799 0.343413532 -0.421405375
vn -0.839329898 0.34341374 0.421417087
vn -0.630264521 -0.674094737 -0.385179132
vn -0.2356987 -0.887368143 0.396262437
vn -0.235701472 -0.887363017 -0.396272182
vn 0.312930167 -0.868987381 -0.383321941
vn 0.31292206 -0.868984044 0.383336157
vn 0.84654969 -0.166884869 0.505473197
vn 0.84656781 -0.166883409 -0.505443275
vn -0.0257775467 0.914296865 0.40422383
vn -0.0257651936 0.914310157 -0.404194534
vn 0.275789857 -0.0543669388 -0.959679246
vn 0.312930167 -0.868987381 -0.383321941
vn 0.073987931 0.375429481 0.923893034
vn 0.275756747 -0.0543649085 0.959688783
vn 0.31292206 -0.868984044 0.383336157
vn -0.361018032 0.0514604524 0.93113786
vn -0.839329898 0.34341374 0.421417087
vn -0.630264401 -0.674101233 0.385167897
vn -0.259671062 -0.277730912 0.924898028
vn -0.123416089 -0.475116432 0.87122488
vn -0.2356987 -0.887368143 0.396262437
vn 0.170711651 -0.476144314 0.862637937
vn -0.557020724 0.830498576 4.41787088E-05
vn -0.839329898 0.34341374 0.421417087
vn -0.557037473 0.830487311 2.6697413E-05
vn -0.839335799 0.343413532 -0.421405375
vn -0.55702287 0.830497086 1.01861651E-05
vn -0.361001134 0.051453162 -0.931144774
vn -0.839335799 0.343413532 -0.421405375
vn -0.630264521 -0.674094737 -0.385179132
vn 0.0740072653 0.37544468 -0.923885405
vn -0.259660572 -0.277712494 -0.924906492
vn -0.123415843 -0.47509411 -0.871237099
vn -0.235701472 -0.887363017 -0.396272182
vn 0.170728788 -0.476166546 -0.862622261
vn -0.903519928 -0.428546041 3.67362509E-06
vn -0.903519928 -0.428546041 3.67362509E-06
vn -0.322509855 -0.152965918 0.934124589
vn -0.322509855 -0.152965918 0.934124589
vn 0.778916359 0.627127886 -1.02187296E-05
vn 0.778916359 0.627127886 -1.02187296E-05
vn 0.778916359 0.627127886 -1.02187296E-05
vn 0.778916359 0.627127886 -1.02187296E-05
vn -0.322513789 -0.152973488 -0.934122026
vn -0.322513789 -0.152973488 -0.934122026
vn -0.903519928 -0.428546041 3.67362509E-06
vn -0.903519928 -0.428546041 3.67362509E-06
vn -0.692691445 -0.609576285 0.385480404
vn -0.836170912 0.370760918 -0.404171348
vn -0.836163819 0.37076959 0.404178023
vn -0.692687213 -0.609575212 -0.38549006
vn -0.289097846 -0.870478511 0.398358613
vn -0.289087772 -0.870477438 -0.398368388
vn 0.297276795 -0.874437749 -0.383386582
vn 0.297273308 -0.874445677 0.383370906
vn 0.846547425 -0.166888759 0.505475581
vn 0.846543252 -0.166877672 -0.50548631
vn -0.0257875323 0.914304137 0.404206604
vn -0.0257836692 0.91431421 -0.404184043
vn 0.275752693 -0.0543561466 -0.959690571
vn 0.297276795 -0.874437749 -0.383386582
vn 0.0739937797 0.375457734 0.923881233
vn 0.275755852 -0.0543656871 0.959689021
vn 0.297273308 -0.874445677 0.383370906
vn -0.375477016 0.0740038306 0.92387259
vn -0.836163819 0.37076959 0.404178023
vn -0.692691445 -0.609576285 0.385480404
vn -0.285189509 -0.250978708 0.925027907
vn -0.150853142 -0.46474278 0.872500777
vn -0.289097846 -0.870478511 0.398358613
vn 0.162005663 -0.479298741 0.862569928
vn -0.557044029 0.8304829 3.88040062E-05
vn -0.836163819 0.37076959 0.404178023
vn -0.557037354 0.83048749 3.371192E-05
vn -0.836170912 0.370760918 -0.404171348
vn -0.557050109 0.830478847 4.53631765E-05
vn 0.0740036815 0.375434518 -0.923889816
vn -0.836170912 0.370760918 -0.404171348
vn -0.375458896 0.0739867762 -0.923881233
vn -0.692687213 -0.609575212 -0.38549006
vn -0.285180897 -0.250972927 -0.925032198
vn 0.162007585 -0.479279578 -0.86258018
vn -0.150838152 -0.464733809 -0.872508049
vn -0.289087772 -0.870477438 -0.398368388
vn -0.833969474 0.286743253 -0.471458495
vn -0.833966732 0.286751211 0.471458673
vn -0.198804632 -0.889997184 0.410343528
vn -0.198797986 -0.889999449 -0.41034168
vn 0.735391676 -0.31023404 0.60245657
vn 0.735414207 -0.310207695 -0.602442622
vn -0.0257856641 0.914301574 0.404212654
vn -0.0257622246 0.914306521 -0.404202759
vn 0.0739983544 0.375459075 -0.923880219
vn 0.281987041 -0.118967779 -0.952013612
vn -0.557006836 0.830507874 -2.02710871E-05
vn -0.557003319 0.830510259 2.62965696E-05
vn -0.833966732 0.286751211 0.471458673
vn -0.557041645 0.830484629 -3.10446467E-06
vn -0.833969474 0.286743253 -0.471458495
vn -0.316488653 0.00483330619 -0.948583961
vn -0.103463769 -0.463222027 -0.880182207
vn -0.198797986 -0.889999449 -0.41034168
vn 0.735414207 -0.310207695 -0.602442622
vn -0.833969474 0.286743253 -0.471458495
vn -0.0257622246 0.914306521 -0.404202759
vn -0.833966732 0.286751211 0.471458673
vn -0.0257856641 0.914301574 0.404212654
vn 0.0739620626 0.375433266 0.92389369
vn -0.316492587 0.00484233676 0.94858259
vn -0.198804632 -0.889997184 0.410343528
vn 0.281938881 -0.118980996 0.952026248
vn -0.0257856641 0.914301574 0.404212654
vn -0.103471205 -0.463212669 0.88018626
vn 0.735391676 -0.31023404 0.60245657
vn -0.932394087 -0.361443281 3.54770214E-06
vn -0.932394087 -0.361443281 3.54770214E-06
vn -0.336794138 -0.130564436 0.932482004
vn -0.336794138 -0.130564436 0.932482004
vn 0.750748575 0.660587966 1.94246295E-05
vn 0.750748575 0.660587966 1.94246295E-05
vn 0.750748575 0.660587966 1.94246295E-05
vn 0.750748575 0.660587966 1.94246295E-05
vn -0.336804032 -0.130556419 -0.932479501
vn -0.336804032 -0.130556419 -0.932479501
vn -0.932394087 -0.361443281 3.54770214E-06
vn -0.932394087 -0.361443281 3.54770214E-06
vn -0.932381451 -0.361475796 1.77381262E-05
vn -0.932381451 -0.361475796 1.77381262E-05
vn -0.336782634 -0.130578846 0.93248409
vn -0.336782634 -0.130578846 0.93248409
vn 0.750744045 0.660593212 -6.7977875E-05
vn 0.750744045 0.660593212 -6.7977875E-05
vn 0.750744045 0.660593212 -6.7977875E-05
vn 0.750744045 0.660593212 -6.7977875E-05
vn -0.336821079 -0.130571187 -0.932471335
vn -0.336821079 -0.130571187 -0.932471335
vn -0.932381451 -0.361475796 1.77381262E-05
vn -0.932381451 -0.361475796 1.77381262E-05
vn -0.630304873 -0.67408675 0.385127038
vn -0.8393507 0.343411684 -0.421377152
vn -0.839348733 0.34340772 0.421384573
vn -0.630300045 -0.674097896 -0.385115415
vn -0.23575525 -0.887354553 0.396259159
vn -0.235742792 -0.887356699 -0.396261901
vn 0.312962592 -0.868970335 -0.383333802
vn 0.312970579 -0.868972063 0.38332358
vn 0.84659189 -0.166849092 0.505414307
vn 0.846581101 -0.166852489 -0.505431235
vn -0.0257574599 0.914317489 0.404178202
vn -0.0257643387 0.914305627 -0.404204547
vn 0.275792778 -0.0543619134 -0.95967871
vn 0.312962592 -0.868970335 -0.383333802
vn 0.0740151033 0.375445932 0.923884273
vn 0.275806963 -0.0543618128 0.959674597
vn 0.312970579 -0.868972063 0.38332358
vn -0.361028105 0.0514419451 0.931135058
vn -0.839348733 0.34340772 0.421384573
vn -0.630304873 -0.67408675 0.385127038
vn -0.259705484 -0.27774325 0.924884677
vn -0.123451583 -0.475103706 0.871226907
vn -0.23575525 -0.887354553 0.396259159
vn 0.170746401 -0.476147532 0.862629175
vn -0.557016075 0.830501735 -3.04644273E-05
vn -0.839348733 0.34340772 0.421384573
vn -0.557012558 0.830504119 -2.17703582E-05
vn -0.8393507 0.343411684 -0.421377152
vn -0.557011247 0.830504894 -4.67930076E-05
vn -0.361055881 0.0514507741 -0.931123793
vn -0.8393507 0.343411684 -0.421377152
vn -0.630300045 -0.674097896 -0.385115415
vn 0.0740014464 0.375462383 -0.923878729
vn -0.25970906 -0.277761877 -0.924878061
vn -0.123439424 -0.475118309 -0.871220529
vn -0.235742792 -0.887356699 -0.396261901
vn 0.170738041 -0.476148605 -0.862630248
vn -0.903509617 -0.428567797 3.59006845E-06
vn -0.903509617 -0.428567797 3.59006845E-06
vn -0.322511077 -0.152978748 0.934122086
vn -0.322511077 -0.152978748 0.934122086
vn 0.778917491 0.627126396 -1.34972934E-05
vn 0.778917491 0.627126396 -1.34972934E-05
vn 0.778917491 0.627126396 -1.34972934E-05
vn 0.778917491 0.627126396 -1.34972934E-05
vn -0.322516948 -0.152981743 -0.934119582
vn -0.322516948 -0.152981743 -0.934119582
vn -0.903509617 -0.428567797 3.59006845E-06
vn -0.903509617 -0.428567797 3.59006845E-06
vn -0.692675769 -0.609565079 0.385526627
vn -0.836167693 0.370758057 -0.404180765
vn -0.836146474 0.370759219 0.404223472
vn -0.692661107 -0.609589696 -0.385513932
vn -0.289072424 -0.870478153 0.398377925
vn -0.28904748 -0.870489597 -0.398370981
vn 0.297297329 -0.874436438 -0.38337332
vn 0.297302842 -0.874433637 0.383375525
vn 0.846554637 -0.166859075 0.505473375
vn 0.846553147 -0.166866213 -0.505473495
vn -0.025750136 0.914294899 0.404229969
vn -0.0257442556 0.914314032 -0.404186964
vn 0.275763124 -0.0543587506 -0.959687352
vn 0.297297329 -0.874436438 -0.38337332
vn 0.0739916489 0.375464469 0.92387861
vn 0.275758296 -0.0543513708 0.95968914
vn 0.297302842 -0.874433637 0.383375525
vn -0.37545675 0.0740289912 0.923878789
vn -0.836146474 0.370759219 0.404223472
vn -0.692675769 -0.609565079 0.385526627
vn -0.285167068 -0.250939786 0.925045311
vn -0.150839254 -0.464700371 0.872525632
vn -0.289072424 -0.870478153 0.398377925
vn 0.162019312 -0.479270309 0.86258322
vn -0.556977451 0.830527544 0.000115783951
vn -0.836146474 0.370759219 0.404223472
vn -0.557069063 0.830466211 5.89672673E-05
vn -0.836167693 0.370758057 -0.404180765
vn -0.556973815 0.830530107 -1.17630225E-06
vn 0.0739971176 0.375451654 -0.923883379
vn -0.836167693 0.370758057 -0.404180765
vn -0.375448853 0.0740089267 -0.923883617
vn -0.692661107 -0.609589696 -0.385513932
vn -0.285153985 -0.250965893 -0.925042391
vn 0.162023276 -0.479308099 -0.862561405
vn -0.150819629 -0.464751482 -0.87250185
vn -0.28904748 -0.870489597 -0.398370981
vn -0.833957314 0.286767781 -0.4714652
vn -0.833955407 0.286811173 0.471442282
vn -0.198812619 -0.889984608 0.410366714
vn -0.198817819 -0.889983118 -0.410367638
vn 0.735402942 -0.310208827 0.602455854
vn 0.735429108 -0.310160816 -0.602448583
vn -0.0257729627 0.91431731 0.404177666
vn -0.0257353056 0.914313614 -0.404188335
vn 0.0740242824 0.375450641 -0.923881531
vn 0.281994909 -0.118914299 -0.952017963
vn -0.557000101 0.830512404 4.21592995E-06
vn -0.557001114 0.830511749 9.72887119E-06
vn -0.833955407 0.286811173 0.471442282
vn -0.557000875 0.830511928 3.67529447E-06
vn -0.833957314 0.286767781 -0.4714652
vn -0.316488683 0.00480962358 -0.94858408
vn -0.103476129 -0.463183552 -0.880200922
vn -0.198817819 -0.889983118 -0.410367638
vn 0.735429108 -0.310160816 -0.602448583
vn -0.833957314 0.286767781 -0.4714652
vn -0.0257353056 0.914313614 -0.404188335
vn -0.833955407 0.286811173 0.471442282
vn -0.0257729627 0.91431731 0.404177666
vn 0.0739747137 0.375471771 0.923877001
vn -0.316507638 0.00486733625 0.948577464
vn -0.198812619 -0.889984608 0.410366714
vn 0.281962335 -0.118955232 0.952022493
vn -0.0257729627 0.91431731 0.404177666
vn -0.103469856 -0.463186413 0.880200088
vn 0.735402942 -0.310208827 0.602455854
vn -0.932403862 -0.361418039 -2.06268487E-06
vn -0.932403862 -0.361418039 -2.06268487E-06
vn -0.336791962 -0.130551085 0.932484567
vn -0.336791962 -0.130551085 0.932484567
vn 0.75070262 0.66064024 1.53327037E-05
vn 0.75070262 0.66064024 1.53327037E-05
vn 0.75070262 0.66064024 1.53327037E-05
vn 0.75070262 0.66064024 1.53327037E-05
vn -0.336791277 -0.130542964 -0.932486057
vn -0.336791277 -0.130542964 -0.932486057
vn -0.932403862 -0.361418039 -2.06268487E-06
vn -0.932403862 -0.361418039 -2.06268487E-06
vn -0.932377756 -0.361485451 -1.32007324E-06
vn -0.932377756 -0.361485451 -1.32007324E-06
vn -0.33679685 -0.130570948 0.932480037
vn -0.33679685 -0.130570948 0.932480037
vn 0.750732243 0.660606503 0
vn 0.750732243 0.660606503 0
vn 0.750732243 0.660606503 0
vn 0.750732243 0.660606503 0
vn -0.336790532 -0.130580738 -0.932480931
vn -0.336790532 -0.130580738 -0.932480931
vn -0.932377756 -0.361485451 -1.32007324E-06
vn -0.932377756 -0.361485451 -1.32007324E-06
vn -0.630300939 -0.674087465 0.385132194
vn -0.839335084 0.343457043 -0.421371341
vn -0.839341998 0.343426347 0.421382636
vn -0.630299926 -0.674090981 -0.385127813
vn -0.235707209 -0.887371004 0.396250963
vn -0.235711023 -0.887376487 -0.39623636
vn 0.312938452 -0.868992507 -0.383303434
vn 0.312943131 -0.868984699 0.38331753
vn 0.846566737 -0.166868865 0.505449772
vn 0.846565306 -0.166886196 -0.505446553
vn -0.0257471204 0.914316118 0.404181987
vn -0.0257482138 0.914305866 -0.404205203
vn 0.275781542 -0.0543766655 -0.959681094
vn 0.312938452 -0.868992507 -0.383303434
vn 0.0740083754 0.375430912 0.923890889
vn 0.275779754 -0.0543624721 0.959682405
vn 0.312943131 -0.868984699 0.38331753
vn -0.361049891 0.0514369905 0.931126833
vn -0.839341998 0.343426347 0.421382636
vn -0.630300939 -0.674087465 0.385132194
vn -0.259703994 -0.277746141 0.92488426
vn -0.123412006 -0.475122333 0.871222377
vn -0.235707209 -0.887371004 0.396250963
vn 0.170733467 -0.4761599 0.862625003
vn -0.556989074 0.830519795 -3.90772475E-05
vn -0.839341998 0.343426347 0.421382636
vn -0.556995451 0.830515504 -4.47246703E-06
vn -0.839335084 0.343457043 -0.421371341
vn -0.556977451 0.830527544 -1.97467525E-05
vn -0.361042798 0.0514682643 -0.931127965
vn -0.839335084 0.343457043 -0.421371341
vn -0.630299926 -0.674090981 -0.385127813
vn 0.0739977881 0.375440717 -0.923887789
vn -0.25969854 -0.277744949 -0.924886227
vn -0.123423904 -0.47515592 -0.87120229
vn -0.235711023 -0.887376487 -0.39623636
vn 0.170734733 -0.476190507 -0.862607896
vn -0.903524876 -0.42853564 7.1801428E-06
vn -0.903524876 -0.42853564 7.1801428E-06
vn -0.322514445 -0.152962923 0.934123576
vn -0.322514445 -0.152962923 0.934123576
vn 0.778914571 0.627129972 0
vn 0.778914571 0.627129972 0
vn 0.778914571 0.627129972 0
vn 0.778914571 0.627129972 0
vn -0.322523922 -0.152974352 -0.93411839
vn -0.322523922 -0.152974352 -0.93411839
vn -0.903524876 -0.42853564 7.1801428E-06
vn -0.903524876 -0.42853564 7.1801428E-06
vn -0.692703068 -0.609550655 0.385500133
vn -0.836134732 0.370810956 -0.404200464
vn -0.836134851 0.370817512 0.404194266
vn -0.692674458 -0.609571636 -0.385518402
vn -0.289101303 -0.870484889 0.398342162
vn -0.289079964 -0.870468915 -0.398392469
vn 0.297293365 -0.874431372 -0.383388221
vn 0.297302991 -0.874447107 0.383344591
vn 0.846557975 -0.166879579 0.505461037
vn 0.846564472 -0.16686359 -0.505455434
vn -0.0257367827 0.914313614 0.404188246
vn -0.0257397965 0.914316416 -0.404181749
vn 0.275777698 -0.0543458685 -0.959683955
vn 0.297293365 -0.874431372 -0.383388221
vn 0.074010618 0.375444114 0.923885345
vn 0.275770992 -0.0543636791 0.959684849
vn 0.297302991 -0.874447107 0.383344591
vn -0.375437111 0.0740064234 0.923888564
vn -0.836134851 0.370817512 0.404194266
vn -0.692703068 -0.609550655 0.385500133
vn -0.285191864 -0.250945568 0.925036132
vn -0.150866881 -0.464745969 0.872496605
vn -0.289101303 -0.870484889 0.398342162
vn 0.16203554 -0.479321897 0.862551451
vn -0.556980968 0.830525339 -1.36760791E-05
vn -0.836134851 0.370817512 0.404194266
vn -0.556991518 0.830518186 -1.55868893E-05
vn -0.836134732 0.370810956 -0.404200464
vn -0.556981146 0.83052516 0
vn 0.074008435 0.375450045 -0.92388308
vn -0.836134732 0.370810956 -0.404200464
vn -0.375449806 0.0740034804 -0.923883617
vn -0.692674458 -0.609571636 -0.385518402
vn -0.285155743 -0.250956476 -0.925044417
vn 0.162015051 -0.479267627 -0.862585425
vn -0.150834784 -0.464707673 -0.872522533
vn -0.289079964 -0.870468915 -0.398392469
vn -0.833949089 0.286780477 -0.471472025
vn -0.833955646 0.286792457 0.47145322
vn -0.198802903 -0.889990211 0.410359323
vn -0.198808879 -0.889978468 -0.410382003
vn 0.735417962 -0.310173243 0.602455854
vn 0.735415101 -0.310165852 -0.602463067
vn -0.025758842 0.914314389 0.404185206
vn -0.0257482231 0.914320409 -0.404172391
vn 0.0740101188 0.375453115 -0.923881769
vn 0.281969875 -0.118931107 -0.952023327
vn -0.556991339 0.830518305 3.16020742E-05
vn -0.556985259 0.830522358 3.36835656E-05
vn -0.833955646 0.286792457 0.47145322
vn -0.556995153 0.830515802 2.26622706E-05
vn -0.833949089 0.286780477 -0.471472025
vn -0.316470146 0.00483777467 -0.948590219
vn -0.103471704 -0.463176757 -0.880205095
vn -0.198808879 -0.889978468 -0.410382003
vn 0.735415101 -0.310165852 -0.602463067
vn -0.833949089 0.286780477 -0.471472025
vn -0.0257482231 0.914320409 -0.404172391
vn -0.833955646 0.286792457 0.47145322
vn -0.025758842 0.914314389 0.404185206
vn 0.0739915296 0.375471771 0.92387563
vn -0.316493154 0.00485030049 0.948582351
vn -0.198802903 -0.889990211 0.410359323
vn 0.281976968 -0.118939981 0.952020109
vn -0.025758842 0.914314389 0.404185206
vn -0.103463672 -0.46318987 0.880199075
vn 0.735417962 -0.310173243 0.602455854
vn -0.932368696 -0.361508608 6.35273864E-06
vn -0.932368696 -0.361508608 6.35273864E-06
vn -0.336789072 -0.13058944 0.932480335
vn -0.336789072 -0.13058944 0.932480335
vn 0.750735164 0.660603285 0
vn 0.750735164 0.660603285 0
vn 0.750735164 0.660603285 0
vn 0.750735164 0.660603285 0
vn -0.336803883 -0.130583689 -0.932475746
vn -0.336803883 -0.130583689 -0.932475746
vn -0.932368696 -0.361508608 6.35273864E-06
vn -0.932368696 -0.361508608 6.35273864E-06
vn -0.932382464 -0.361473292 3.30010744E-06
vn -0.932382464 -0.361473292 3.30010744E-06
vn -0.336798996 -0.130576417 0.932478547
vn -0.336798996 -0.130576417 0.932478547
vn 0.750767231 0.660566986 8.68471398E-06
vn 0.750767231 0.660566986 8.68471398E-06
vn 0.750767231 0.660566986 8.68471398E-06
vn 0.750767231 0.660566986 8.68471398E-06
vn -0.336807251 -0.130572483 -0.932476103
vn -0.336807251 -0.130572483 -0.932476103
vn -0.932382464 -0.361473292 3.30010744E-06
vn -0.932382464 -0.361473292 3.30010744E-06
vn -0.630274951 -0.674110174 0.385134995
vn -0.839327037 0.343473583 -0.421373874
vn -0.839325726 0.343474746 0.421375751
vn -0.630270123 -0.674115121 -0.385134399
vn -0.235705927 -0.887366951 0.396260858
vn -0.235709429 -0.887369096 -0.396254033
vn 0.312958509 -0.868974864 -0.383327156
vn 0.31295228 -0.868976295 0.383328825
vn 0.846567869 -0.166873321 0.505446613
vn 0.846564353 -0.166880623 -0.505449951
vn -0.025768619 0.914321184 0.404169291
vn -0.025767548 0.914322376 -0.404166371
vn 0.275767177 -0.054382436 -0.959684849
vn 0.312958509 -0.868974864 -0.383327156
vn 0.074000448 0.375454783 0.923881888
vn 0.275765985 -0.054376103 0.959685624
vn 0.31295228 -0.868976295 0.383328825
vn -0.361026198 0.0514627174 0.931134582
vn -0.839325726 0.343474746 0.421375751
vn -0.630274951 -0.674110174 0.385134995
vn -0.259685665 -0.277736962 0.924892247
vn -0.123420313 -0.475095183 0.871235847
vn -0.235705927 -0.887366951 0.396260858
vn 0.170715168 -0.476151645 0.862633169
vn -0.557017684 0.830500543 -5.06085053E-05
vn -0.839325726 0.343474746 0.421375751
vn -0.556950748 0.830545545 1.69351024E-05
vn -0.839327037 0.343473583 -0.421373874
vn -0.557010591 0.830505431 7.71545456E-05
vn -0.361018151 0.0514515266 -0.931138396
vn -0.839327037 0.343473583 -0.421373874
vn -0.630270123 -0.674115121 -0.385134399
vn 0.0739952698 0.375436127 -0.923889816
vn -0.259698778 -0.277760506 -0.924881458
vn -0.123434976 -0.475135386 -0.871211946
vn -0.235709429 -0.887369096 -0.396254033
vn 0.170730025 -0.476168901 -0.862620652
vn -0.903519571 -0.428546816 7.34718014E-06
vn -0.903519571 -0.428546816 7.34718014E-06
vn -0.322510034 -0.152965084 0.934124708
vn -0.322510034 -0.152965084 0.934124708
vn 0.778923154 0.627119482 -4.22463163E-05
vn 0.778923154 0.627119482 -4.22463163E-05
vn 0.778923154 0.627119482 -4.22463163E-05
vn 0.778923154 0.627119482 -4.22463163E-05
vn -0.3225196 -0.152977839 -0.934119284
vn -0.3225196 -0.152977839 -0.934119284
vn -0.903519571 -0.428546816 7.34718014E-06
vn -0.903519571 -0.428546816 7.34718014E-06
vn -0.692664206 -0.609591246 0.385505944
vn -0.836134493 0.370820731 -0.404191881
vn -0.836139441 0.370823979 0.404178828
vn -0.692657828 -0.609594107 -0.385512978
vn -0.289032072 -0.870508671 0.398340523
vn -0.28902334 -0.870509088 -0.398345798
vn 0.297294497 -0.874450386 -0.383343935
vn 0.297292084 -0.874458492 0.383327156
vn 0.846549511 -0.166904345 0.505466998
vn 0.846539319 -0.166884542 -0.505490541
vn -0.0257772859 0.914311707 0.404190123
vn -0.0257768445 0.91430223 -0.404211313
vn 0.275755286 -0.0543627664 -0.959689438
vn 0.297294497 -0.874450386 -0.383343935
vn 0.0740040764 0.375417352 0.92389673
vn 0.275759101 -0.0543774702 0.959687471
vn 0.297292084 -0.874458492 0.383327156
vn -0.375440717 0.0739878193 0.923888564
vn -0.836139441 0.370823979 0.404178828
vn -0.692664206 -0.609591246 0.385505944
vn -0.285169184 -0.250967145 0.925037265
vn -0.150821343 -0.464769989 0.872491777
vn -0.289032072 -0.870508671 0.398340523
vn 0.162034094 -0.479345113 0.862538755
vn -0.557040572 0.830485284 -6.31390212E-05
vn -0.836139441 0.370823979 0.404178828
vn -0.556967676 0.830534101 -6.24686072E-06
vn -0.836134493 0.370820731 -0.404191881
vn -0.557042837 0.830483794 4.92085201E-05
vn 0.0740057975 0.375407517 -0.923900604
vn -0.836134493 0.370820731 -0.404191881
vn -0.375431001 0.0739846677 -0.923892736
vn -0.692657828 -0.609594107 -0.385512978
vn -0.285157114 -0.250965178 -0.925041556
vn 0.162033856 -0.479323983 -0.862550557
vn -0.150809541 -0.46476841 -0.872494578
vn -0.28902334 -0.870509088 -0.398345798
vn -0.345996231 -0.887131929 -0.305423647
vn 0.345995486 -0.887132406 -0.305422813
vn 0.38267982 -0.774787128 -0.50325048
vn -0.382679224 -0.774787903 -0.503249705
vn -0.923877776 -0.3209306 -0.208454579
vn -0.891797543 -0.45203346 -0.0190479085
vn -0.897015274 0.198590577 0.394873798
vn -0.923880458 0.320925057 0.208451614
vn -0.382685632 0.774785638 0.503248394
vn -0.358138263 0.631375074 0.687824428
vn 0.382685483 0.774785638 0.503248453
vn 0.358138442 0.6313743 0.687825084
vn 0.897014737 0.198588267 0.394876361
vn 0.923880339 0.320925057 0.208451748
vn 0.891796589 -0.452035427 -0.0190450251
vn 0.923878074 -0.320929617 -0.20845519
vn 0.38267982 -0.774787128 -0.50325048
vn 0.345995486 -0.887132406 -0.305422813
vn -0.213365123 0.328166544 0.92020762
vn -0.897015274 0.198590577 0.394873798
vn 0.213365242 0.328165025 0.920208097
vn 0.897014737 0.198588267 0.394876361
vn 0.466276228 -0.112987407 0.877394021
vn -0.466278195 -0.112984948 0.877393365
vn -0.458151519 -0.784820497 0.41731751
vn -0.891797543 -0.45203346 -0.0190479085
vn 0.458148271 -0.784821033 0.417320222
vn 0.891796589 -0.452035427 -0.0190450251
vn 0.195874542 -0.980614722 0.00529195229
vn 0.345995486 -0.887132406 -0.305422813
vn -0.195876077 -0.980614424 0.00529041002
vn -0.345996231 -0.887131929 -0.305423647
vn 0.92395556 0.00185318652 -0.382495373
vn 0.382681698 0.00477197627 -0.923867941
vn 0.92395556 0.00185318652 -0.382495373
vn 0.382681698 0.00477197627 -0.923867941
vn -0.382680655 0.00477106497 -0.923868299
vn -0.382680655 0.00477106497 -0.923868299
vn -0.923955142 0.00185255578 -0.382496476
vn -0.923955142 0.00185255578 -0.382496476
vn -1 0.000158594354 0.000134480564
vn -1 0.000158684241 0.000134480564
vn -1 -2.25609242E-07 0
vn -1 0 0
vn -0.908657908 0.350159138 0.227441132
vn -0.908657908 0.350159138 0.227441132
vn -0.347271621 0.786428809 0.510815144
vn -0.347271621 0.786428809 0.510815144
vn 0.347271681 0.78642875 0.510815263
vn 0.347271681 0.78642875 0.510815263
vn 0.908657789 0.350159168 0.227441132
vn 0.908657789 0.350159168 0.227441132
vn 1 0.000158717099 0.000134533359
vn 1 0 0
vn 1 0.000158717114 0.000134533373
vn 1 0 0
vn 0.92395556 0.00185318652 -0.382495373
vn 0.92395556 0.00185318652 -0.382495373
vn 0.235441342 0.788342535 -0.568404198
vn 0.55184865 0.800882578 -0.232487097
vn 0.55184865 0.800882578 -0.232487097
vn 0.235441342 0.788342535 -0.568404198
vn -0.235441059 0.788342714 -0.568404078
vn -0.235441059 0.788342714 -0.568404078
vn -0.551846623 0.800884068 -0.232486635
vn -0.551846623 0.800884068 -0.232486635
vn -0.669193983 0.649609208 -0.360814869
vn -0.669193983 0.649609208 -0.360814869
vn -0.538079262 0.645686924 -0.541810811
vn -0.538079262 0.645686924 -0.541810811
vn -0.211969703 0.91440469 -0.344866574
vn -0.211969703 0.91440469 -0.344866574
vn 0.211969852 0.914405406 -0.344864458
vn 0.211969852 0.914405406 -0.344864458
vn 0.538084507 0.645686507 -0.541806281
vn 0.538084507 0.645686507 -0.541806281
vn 0.669199705 0.649604976 -0.36081174
vn 0.669199705 0.649604976 -0.36081174
vn 0.55184865 0.800882578 -0.232487097
vn 0.55184865 0.800882578 -0.232487097
vn -0 -0.864397764 0.502808511
vn -0 -0.864397764 0.502808511
vn -0 -0.864397764 0.502808511
vn -0 -0.864397764 0.502808511
vn -0.28722775 0.665462375 -0.688955724
vn 0.287230015 0.665459871 -0.688957155
vn -0.28722775 0.665462375 -0.688955724
vn 0.287230015 0.665459871 -0.688957155
vn 0.695856154 0.658228993 -0.28726089
vn 0.287230015 0.665459871 -0.688957155
vn 0.695856154 0.658228993 -0.28726089
vn 0.695856154 0.658228993 -0.28726089
vn 0.551245093 0.442656696 0.707236826
vn 0.551245093 0.442656696 0.707236826
vn -0.695854545 0.658231199 -0.287259847
vn -0.28722775 0.665462375 -0.688955724
vn -0.695854545 0.658231199 -0.287259847
vn -0.779716492 0.626132548 0.000375729753
vn -0.695854545 0.658231199 -0.287259847
vn -0.779716492 0.626132548 0.000375729753
vn 1 0 0
vn 0.923879445 0 -0.382683575
vn 1 0 0
vn 0.923879445 0 -0.382683575
vn 0.382683277 0 -0.923879504
vn 0.382683277 0 -0.923879504
vn -0.382683277 0 -0.923879504
vn -0.382683277 0 -0.923879504
vn -0.923879445 0 -0.382683575
vn -0.923879445 0 -0.382683575
vn -1 0 0
vn -1 0 0
vn 6.19186494E-06 -1.32843729E-06 1
vn 0.551245093 0.442656696 0.707236826
vn 0.551245093 0.442656696 0.707236826
vn 6.19186494E-06 -1.32843729E-06 1
vn 3.04519261E-07 0 1
vn 3.04519261E-07 0 1
vn 6.09038466E-07 0 1
vn 6.09038466E-07 0 1
vn -0 -1 0
vn -0 -1 0
vn -0 -1 0
vn -0 -1 0
vn -0 -1 0
vn -0 -1 0
vn 1 2.91622428E-07 0
vn 0.928262889 -0.0418675356 -0.36956057
vn 0.929267883 0.096498549 -0.35657984
vn 0.999970436 0.000942312472 -0.00764027284
vn 0.911841273 0.235502332 -0.336279839
vn 0.922833145 0.133314177 0.361394972
vn 0.999881387 0.00188484997 -0.0152847338
vn 0.919129372 0.239754364 0.312600225
vn 0.38019228 0.333602458 0.862648964
vn 0.901790142 0.347416848 0.257052749
vn 0.355726153 0.542100251 0.761305511
vn -0.3801893 0.333602756 0.862650096
vn 0.313291818 0.716954589 0.622755527
vn -0.355724633 0.542100549 0.761306107
vn -0.922831953 0.133314207 0.361397862
vn -0.313291728 0.716954827 0.622755289
vn -0.919129074 0.239753276 0.312602133
vn -1 -5.83244855E-07 0
vn -0.901790619 0.347414613 0.257053822
vn -0.999970436 0.000940220489 -0.00763929775
vn -0.928263843 -0.041867435 -0.369558394
vn -0.999881506 0.00188154029 -0.0152827865
vn -0.929268777 0.0964974761 -0.356577873
vn -0.393461317 -0.0811386332 -0.915753603
vn -0.911842465 0.235500187 -0.336278141
vn -0.390111625 0.2101776 -0.896458745
vn 0.393459171 -0.0811386108 -0.915754616
vn -0.354393661 0.479203671 -0.802975059
vn 0.390109718 0.210178003 -0.89645946
vn 0.928262889 -0.0418675356 -0.36956057
vn 0.354392141 0.479204535 -0.802975297
vn 0.929267883 0.096498549 -0.35657984
vn 0.911841273 0.235502332 -0.336279839
vn -0 -0.248850748 0.968541861
vn -0 -0.248850748 0.968541861
vn -0 -0.248850748 0.968541861
vn -0 -0.248850748 0.968541861
vn -0 -0.830269396 0.557362258
vn -0 -0.830269396 0.557362258
vn -0 -0.830269396 0.557362258
vn -0 -0.830269396 0.557362258
vn 0.922881186 -0.081949003 0.376264066
vn 0.958172441 -0.011476486 0.28596133
vn 0.922881186 -0.081949003 0.376264066
vn 0.996249497 0.0853354111 0.0143133197
vn 0.972545803 0.211376742 0.0973372608
vn 0.934177756 0.356808066 0
vn 0.983406723 0.181414276 0
vn 0.953041971 -0.301589936 0.0274682455
vn 0.863139451 0.0685575306 -0.500290036
vn 0.863139451 0.0685575306 -0.500290036
vn 0.882415235 -0.411306113 -0.228409171
vn 0.937627256 -0.303922415 0.168778419
vn 0.93762809 -0.303921521 -0.168775529
vn 0.761924148 -0.00870338175 -0.647607744
vn 1 1.30900318E-07 0
vn 0.939862907 -0.00458968617 -0.341521144
vn 0.723805606 0.34499982 -0.597562134
vn 0.939861178 -0.00458953902 0.341525674
vn 0.76191777 -0.00870288536 0.647615314
vn 0.929631829 0.184244007 -0.319122106
vn 0.72380352 0.597563505 -0.345001757
vn 0.929630399 0.184246019 0.319124937
vn 0.723800123 0.345003784 0.597566545
vn 0.929631293 0.31912291 -0.184244737
vn 0.723799407 0.690010488 6.06147637E-07
vn 0.929630458 0.31912452 0.184246227
vn 0.72380048 0.59756583 0.34500429
vn 0.92963016 0.368493944 3.23707752E-07
vn -0.994661629 0.075486742 0.070356898
vn -0.92287308 -0.0819532573 0.37628302
vn -0.92287308 -0.0819532573 0.37628302
vn -0.958167851 -0.0114778904 0.285976589
vn -0.972542822 0.211387649 0.0973430201
vn -0.983404875 0.181424364 0
vn -0.934170365 0.356827199 0
vn -0.882414222 -0.411307544 -0.228410199
vn -0.947826982 -0.300729126 0.105764538
vn -0.973258317 0.0310034547 -0.227611452
vn -0.973258317 0.0310034547 -0.227611452
vn -0.937627792 -0.303922206 -0.168776333
vn -0.937626541 -0.303924501 0.168779135
vn -0.761915982 -0.0087032523 0.647617519
vn -1 -1.20005666E-07 0
vn -0.93986249 -0.00458955998 -0.341522425
vn -0.761922419 -0.00870336778 -0.64760983
vn -0.939860761 -0.00459026312 0.341526866
vn -0.723799109 0.345005661 0.597566664
vn -0.929631531 0.184245035 -0.319122165
vn -0.723804414 0.345002294 -0.597562194
vn -0.92963016 0.184247106 0.319125026
vn -0.723798692 0.597567141 0.345005929
vn -0.929630816 0.319123834 -0.184245676
vn -0.723801672 0.597564995 -0.345003247
vn -0.929630041 0.319125265 0.18424724
vn -0.723798394 0.690011442 4.92495474E-07
vn -0.929629982 0.368494421 2.63012794E-07
vn -0 0.3808496 -0.92463696
vn -0 0.704295278 -0.709907234
vn -0 0.704295278 -0.709907234
vn -0 0.3808496 -0.92463696
vn -0 -0.130525619 -0.991444945
vn -0 -0.130525619 -0.991444945
vn -0 1.61981598E-06 -1
vn -0 1.61981598E-06 -1
vn -1.19064498E-06 0.499999583 -0.866025686
vn -1.19064498E-06 0.499999583 -0.866025686
vn -2.78785092E-06 0.86602658 -0.499997973
vn -2.78785092E-06 0.86602658 -0.499997973
vn -3.19440801E-06 1 9.87314479E-07
vn -3.19440801E-06 1 9.87314479E-07
vn -2.75882212E-06 0.866026044 0.499998957
vn -2.75882212E-06 0.866026044 0.499998957
vn -1.16160504E-06 0.499999404 0.866025805
vn -1.16160504E-06 0.499999404 0.866025805
vn -0 1.61981598E-06 1
vn -0 1.61981598E-06 1
vn -0 -0.258817911 0.96592617
vn -0 -0.258817911 0.96592617
vn 0.910217166 -0.182549223 -0.371726274
vn 0.923897624 3.80799356E-05 -0.382639676
vn 0.923857033 1.84341352E-05 0.382737875
vn 0.912603915 -0.162146524 0.37531665
vn 0.840015054 -0.232022792 -0.490448862
vn 0.382629037 1.84326909E-05 0.923902094
vn 0.835298181 -0.253882736 0.487668514
vn 0.376248956 -0.142938852 0.915426254
vn -0.376249224 -0.142939746 0.915425897
vn -0.382628679 1.79769831E-05 0.923902214
vn -0.923856854 1.79732942E-05 0.382738143
vn 0.372701645 -0.218252957 0.901919663
vn -0.912603617 -0.162148923 0.375316143
vn -0.923897624 3.84657833E-05 -0.382639676
vn -0.910216689 -0.182552174 -0.371725917
vn -0.835297763 -0.253885567 0.48766765
vn -0.840015054 -0.23202695 -0.490446955
vn -0.372702032 -0.218253702 0.901919425
vn -0.704185069 -0.117619313 0.700206459
vn -0.502987027 -0.142992184 0.852383375
vn -0.841641724 0.242568463 0.482493281
vn 0.502987444 -0.142992109 0.852383077
vn 0.704185605 -0.117619224 0.700205982
vn 0.728208244 0.10226766 0.677682936
vn -0.728208363 0.102266528 0.677682877
vn 0.841641486 0.242569342 0.482493192
vn -0.647301674 0.719879568 0.250547439
vn -0.441934437 0.811565638 0.38217169
vn -0.404463053 0.902169168 -0.150001213
vn -0.742859066 0.515910685 -0.426610678
vn -0 1 0
vn 0.647300839 0.719880223 0.250547528
vn 0.441933215 0.811566293 0.38217169
vn -0 1 0
vn 0.404462844 0.902169287 -0.150001064
vn 0.742857814 0.515911639 -0.426611781
vn 0.910217166 -0.182549223 -0.371726274
vn 0.382727116 3.80808851E-05 -0.923861384
vn 0.923897624 3.80799356E-05 -0.382639676
vn 0.372570574 -0.194283634 -0.907438636
vn 0.840015054 -0.232022792 -0.490448862
vn -0.372570246 -0.19428502 -0.907438576
vn -0.382727116 3.84718624E-05 -0.923861384
vn -0.923897624 3.84657833E-05 -0.382639676
vn -0.910216689 -0.182552174 -0.371725917
vn -0.374009132 -0.17830807 -0.910122693
vn -0.840015054 -0.23202695 -0.490446955
vn 0.374008328 -0.178306311 -0.910123348
vn 0.697691023 0.167047948 -0.696650684
vn -0.378259838 0.213624835 -0.900713027
vn -0.697694659 0.167047188 -0.696647286
vn 0.378257483 0.213624999 -0.900713921
vn -0.327717453 0.620325029 -0.712599516
vn -0.742859066 0.515910685 -0.426610678
vn 0.327716172 0.620325267 -0.712599993
vn 0.742857814 0.515911639 -0.426611781
vn 0.140247971 0.951742291 -0.272978038
vn 0.404462844 0.902169287 -0.150001064
vn -0 1 0
vn -0.14024812 0.951742291 -0.272978216
vn -0.404463053 0.902169168 -0.150001213
vn -0 1 0
vn -0.807137609 0.486565471 0.33433938
vn -0.508965135 0.834567964 0.210833639
vn -0.210818306 0.834562361 0.508980632
vn -0.334323436 0.486560822 0.807147086
vn -0.923876882 2.33631545E-05 0.382689983
vn -0.923882902 4.84818775E-05 -0.38267538
vn -0.382678896 2.34750241E-05 0.923881352
vn -0.807138562 0.486580849 -0.334314942
vn -0.508965135 0.834567964 0.210833639
vn -0.508966506 0.834573567 -0.21080783
vn -0.33433187 0.486587316 -0.807127595
vn -0.508966506 0.834573567 -0.21080783
vn -0.210821867 0.834580839 -0.508948982
vn -0.382689416 4.85940363E-05 -0.92387706
vn 0.334329337 0.486587763 -0.807128489
vn 0.382686913 4.7153917E-05 -0.923878074
vn -0.210821867 0.834580839 -0.508948982
vn 0.21081911 0.834582329 -0.50894767
vn 0.334323019 0.486561328 0.807146966
vn 0.382677674 2.22209128E-05 0.923881948
vn 0.210818142 0.834563792 0.508978426
vn -0.210818306 0.834562361 0.508980632
vn 0.807136297 0.486567944 0.334339023
vn 0.923876345 2.19696831E-05 0.382690907
vn 0.92388165 4.69024744E-05 -0.382678211
vn 0.508960664 0.834571242 0.210831061
vn 0.210818142 0.834563792 0.508978426
vn 0.80713594 0.486584038 -0.33431676
vn 0.382686913 4.7153917E-05 -0.923878074
vn 0.508960664 0.834571242 0.210831061
vn 0.508959949 0.834577918 -0.210806862
vn 0.334329337 0.486587763 -0.807128489
vn 0.21081911 0.834582329 -0.50894767
vn 0.508959949 0.834577918 -0.210806862
vn -0.38267684 -0.900877655 -0.204885259
vn 0.382680297 -0.900876224 -0.204885021
vn 0.382680297 -0.900876224 -0.204885021
vn -0.38267684 -0.900877655 -0.204885259
vn -0.923876882 -0.373160988 -0.0848676264
vn -0.923876882 -0.373160988 -0.0848676264
vn -0.923879087 0.373155594 0.0848665759
vn -0.923879087 0.373155594 0.0848665759
vn -0.382682472 0.900875449 0.204884022
vn -0.382682472 0.900875449 0.204884022
vn 0.382685363 0.900874376 0.20488368
vn 0.382685363 0.900874376 0.20488368
vn 0.923880339 0.373152733 0.0848658383
vn 0.923880339 0.373152733 0.0848658383
vn 0.923878312 -0.373157561 -0.0848669559
vn 0.923878312 -0.373157561 -0.0848669559
vn 0.382680297 -0.900876224 -0.204885021
vn 0.382680297 -0.900876224 -0.204885021
vn -0 0.999568641 0.0293683279
vn -0 0.999568641 0.0293683279
vn -0 0.999568641 0.0293683279
vn -0 0.999568641 0.0293683279
vn -0 -0.999222875 0.0394165143
vn -0 -0.999222875 0.0394165143
vn -0 -0.999222875 0.0394165143
vn -0 -0.999222875 0.0394165143
vn -0 0.998886526 0.0471789949
vn -0 0.998886526 0.0471789949
vn -0 0.998886526 0.0471789949
vn -0 0.998886526 0.0471789949
vn -0.589151919 0.410381168 -0.69605118
vn -0.589151919 0.410381168 -0.69605118
vn -0.476046652 0.542990923 -0.691766322
vn -0.476046652 0.542990923 -0.691766322
vn -0.137552842 0.740229726 -0.65813309
vn -0.137552842 0.740229726 -0.65813309
vn 0.0642209575 0.742543638 -0.666711867
vn 0.0642209575 0.742543638 -0.666711867
vn 0.0481593683 0.726868093 -0.68508637
vn 0.0481593683 0.726868093 -0.68508637
vn 0.230198815 0.697182357 -0.678929567
vn 0.230198815 0.697182357 -0.678929567
vn 0.502167761 0.517835319 -0.69258517
vn 0.502167761 0.517835319 -0.69258517
vn 0.59122622 0.411304921 -0.693743289
vn 0.59122622 0.411304921 -0.693743289
vn 0.461493731 0.882574797 0.0899180323
vn 0.491967678 0.87030828 0.0230502225
vn 0.461493731 0.882574797 0.0899180323
vn 0.491967678 0.87030828 0.0230502225
vn 0.519710958 0.853211105 -0.0439455248
vn 0.519710958 0.853211105 -0.0439455248
vn -0.0210403875 0 -0.999778688
vn -0.0210403875 0 -0.999778688
vn -0.0210403875 0 -0.999778688
vn -0.0210403875 0 -0.999778688
vn 1 0 0
vn 1 0 0
vn 1 0 0
vn 1 0 0
vn 1 0 0
vn -0 -1 0
vn -0 -1 0
vn -0 -1 0
vn -0 -1 0
vn -0 -1 0
vn -0 -1 0
vn -0 -1 0
vn -0 -1 0
vn -0 -1 0
vn -0 -1 0
vn -0 -1 0
vn -0 -1 0
vn -0 -1 0
vn -0 -1 0
vn -0 -1 0
vn -0 -1 0
vn -0 -1 0
vn -0 -1 0
vn -0 -1 0
vn -0 -1 0
vn -0 0 -1
vn -0 0 -1
vn -0 0 -1
vn -0 0 -1
vn 0.964787781 0 -0.263029397
vn 0.991039455 0.000122161422 -0.133569255
vn 0.964787781 0 -0.263029397
vn 0.991039455 0.000122161422 -0.133569255
vn 0.999173105 -0.0129118329 0.0385534987
vn 0.998901844 0.0097513767 0.0458267331
vn 0.956538916 -0.00639910856 0.291534394
vn 0.836338341 0.34323284 0.427468687
vn 0.910328925 0.397956133 0.113720581
vn 0.397830158 0.768984079 0.500394583
vn 0.432082802 0.874579072 0.220035955
vn 0.00818671938 0.827466011 0.561456084
vn 0.0376061834 0.957700729 0.285298169
vn -0.190469012 0.808640599 0.556616426
vn -0.116644688 0.945183575 0.304995239
vn -0.495772898 0.831253111 0.251450956
vn -0.0215148367 0.341695458 0.939564466
vn -0.292907208 0.333015949 0.896273315
vn 0.4065184 0.30966714 0.859563291
vn 0.836338341 0.34323284 0.427468687
vn 0.956538916 -0.00639910856 0.291534394
vn 0.440919012 -0.0211092755 0.897298634
vn -0.0188017264 0.0286881998 0.999411583
vn -0.311051458 0.0337612256 0.94979322
vn -0.637790918 0.282924354 0.71636349
vn -0.674869001 0.00473881746 0.737922311
vn -0.973814785 0.0127374493 0.226985812
vn -0.881046712 0.316528708 0.351519912
vn -0.540644467 0.702612042 0.462644368
vn -0.881046712 0.316528708 0.351519912
vn -0.918639898 0.376288474 0.120448403
vn -0.9991979 0.0150177618 0.0371215828
vn -0.973814785 0.0127374493 0.226985812
vn -0.999498129 -0.00997549575 0.0300681833
vn -0.996699035 2.87011298E-05 -0.0811847076
vn -0.996699035 2.87011298E-05 -0.0811847076
vn -0.986885428 0 -0.161422655
vn -0.986885428 0 -0.161422655
vn -1 0 0
vn -1 0 0
vn -1 0 0
vn -1 0 0
vn -1 0 0
vn -0 0 -1
vn -0 0 -1
vn -0 0 -1
vn -0 0 -1
vn -0.381428897 0.842417061 0.380585879
vn -0 0.893708229 0.448648632
vn -0.0210498273 0.908853412 0.416583985
vn -0.399340123 0.831760406 0.385619134
vn -0.917362452 0.38729772 0.091905944
vn -0.4169752 0.820780396 0.39045006
vn -0.0315652043 0.91584909 0.400280029
vn -0.00443339907 0.916722536 0.399499804
vn -0.00664529111 0.927211106 0.374480069
vn 0.383425325 0.859253645 0.338626802
vn -0.923959017 0.360184073 0.128714085
vn -0.928575277 0.332370818 0.165158853
vn -1 0 0
vn -0.998732388 0.027570527 -0.0421139225
vn -0.994932592 0.0550711453 -0.0841210634
vn 0.380110562 0.861157179 0.3375265
vn 0.37678507 0.863049865 0.336419314
vn -0 0.893708289 0.448648423
vn 0.896929741 0.442066729 -0.00969568454
vn 0.914017618 0.400420249 0.0650799423
vn 0.924186528 0.355416298 0.139851555
vn 1 0 0
vn 0.993452072 0.0625832081 -0.095584169
vn 0.97389406 0.124346823 -0.189916596
vn 6.21840059E-07 0.542084038 -0.840324223
vn 6.21840059E-07 0.542084038 -0.840324223
vn 3.10920029E-07 0.542087078 -0.840322375
vn 3.10920029E-07 0.542087078 -0.840322375
vn -0 0.542090058 -0.840320408
vn -0.00730344094 0.776112974 -0.630551517
vn -0.00730344094 0.776112974 -0.630551517
vn -0.00730344094 0.776112974 -0.630551517
vn -0.00730344094 0.776112974 -0.630551517
vn 1 0 0
vn 1 -1.17504577E-07 0
vn 1 -1.17504577E-07 0
vn 1 0 0
vn 1 0 0
vn -0.534346342 0.845174015 0.0124436989
vn -0.494825125 0.866810381 0.0615459234
vn -0.534346342 0.845174015 0.0124436989
vn -0.494825125 0.866810381 0.0615459234
vn -0.453106314 0.884597123 0.110374831
vn -0.453106314 0.884597123 0.110374831
vn -4.17202699E-07 0.542085886 -0.84032315
vn -8.34405455E-07 0.542084336 -0.840324163
vn -8.34405455E-07 0.542084336 -0.840324163
vn -4.17202699E-07 0.542085886 -0.84032315
vn -0 0.542087376 -0.840322137
vn -1 2.35009153E-07 0
vn -1 2.35009153E-07 0
vn -1 1.17504577E-07 0
vn -1 1.17504577E-07 0
vn -1 0 0
vn -0 0.789368451 -0.613919854
vn -0 0.789368451 -0.613919854
vn -0 0.789368451 -0.613919854
vn -0 0.789368451 -0.613919854
vn -0 0.415581316 -0.909556031
vn -0 0.415581316 -0.909556031
vn -0 0.415581316 -0.909556031
vn -0 0.415581316 -0.909556031
vn -0.79424125 0.577486992 -0.188916832
vn -0.724014878 0.684508801 0.0851475894
vn -0.800622582 0.574239433 -0.171033621
vn -0.588705599 0.759063482 -0.277935982
vn 0.112725995 0.989059091 -0.0951576084
vn 0.0587586388 0.745928884 -0.663428605
vn 0.719776154 0.301818937 -0.625162125
vn -0.104179725 0.870891869 0.480306268
vn -0.473897219 0.450731665 0.756480277
vn 0.108303294 -0.0566478595 0.99250257
vn 0.914730489 0.40075314 0.0516235903
vn 0.657222033 0.265027761 0.705563307
vn 0.260021329 -0.154569745 0.953151166
vn 0.997747004 -0.0381154083 0.055209849
vn 0.822115242 0.0919651985 -0.561844349
vn 0.774285972 0.160264179 -0.61220634
vn 0.785829782 -0.126730353 0.605318904
vn 0.77990365 0.0325358547 0.625053287
vn 0.289591193 -0.0177642964 0.956985533
vn 0.994623661 0.102636017 -0.0137726935
vn 0.385361046 -0.0251011476 0.922424436
vn -0.402705073 -0.110499121 0.908635557
vn 0.260021329 -0.154569745 0.953151166
vn -0.381574243 -0.194405586 0.903663397
vn 0.108303294 -0.0566478595 0.99250257
vn -0.473897219 0.450731665 0.756480277
vn 0.979872942 0.17313236 -0.099368751
vn 0.721792161 0.144820347 -0.676788867
vn 0.824225664 0.126115188 0.552038848
vn 0.970348537 0.058519654 -0.234518781
vn 0.636290193 0.0366964266 -0.770576537
vn 0.916494787 0.0250193756 0.399263412
vn -0.371973664 -0.196537182 0.90719831
vn 0.473003864 -0.139545843 0.869939268
vn 0.938912988 0.0180138666 -0.343682885
vn 0.550491869 0.0666551888 -0.832175255
vn 0.957971752 -0.0878876448 0.273067802
vn 0.0497388206 -0.00798165984 -0.998730361
vn -0.0230580997 0.0783757642 -0.996657252
vn 0.12899363 0.0702195987 -0.989156127
vn 0.833010674 -0.296080649 -0.46736452
vn 0.884588361 -0.452400416 0.113302529
vn 0.448488414 -0.213810161 -0.867838264
vn 0.507941067 -0.268314272 0.818537235
vn 0.437329769 -0.636935413 0.634866953
vn -0.399289846 -0.331548214 0.854776859
vn -0.315816075 -0.648772657 0.692354143
vn -0.403000236 -0.296301961 0.865907609
vn 0.164983094 -0.985795021 0.031442102
vn 0.348811001 -0.918974996 -0.18389076
vn -0.10878069 -0.99165231 0.0692269728
vn 0.15792492 -0.791802406 -0.590007484
vn 0.311855197 -0.842786133 -0.438700169
vn -0.00924864598 -0.955617607 -0.294464916
vn 0.0114763202 -0.953249514 -0.30196619
vn -0.0196173526 -0.941575348 -0.336230636
vn -0.306212127 -0.945073545 -0.114323981
vn -0.00527622085 -0.940241158 -0.340468287
vn -0.369573623 -0.857845724 -0.35709402
vn -0.902515292 -0.335055321 -0.270562649
vn -0.82971561 -0.494897455 0.25816381
vn -0.929553509 -0.194048241 0.313489288
vn -0.973974407 -0.0716126114 -0.215047628
vn -0.924449503 -0.255870163 0.28270784
vn -0.941205382 -0.17072551 -0.291522026
vn -0.919172764 -0.226936325 0.321902633
vn -0.926825941 -0.171408504 -0.334084928
vn -0.917093039 -0.212809548 0.337123781
vn -0.909430325 -0.209801391 -0.359054178
vn -0.860225916 -0.364682376 0.356396168
vn -0.838347912 -0.390568644 -0.380301178
vn -0.954470217 -0.209815964 0.212046891
vn -0.895931065 -0.231925175 -0.378838092
vn -0.89971 0.344755769 -0.26770404
vn -0.804894567 0.114892893 0.582189262
vn -0.932441652 0.354604393 -0.0693412274
vn -0.782288671 0.598831654 -0.171537653
vn -0.848519742 0.51545167 0.119681939
vn -0.724014878 0.684508801 0.0851475894
vn -0.800622582 0.574239433 -0.171033621
vn -0.807964325 0.571879625 -0.141940817
vn -0.804018199 0.57448566 -0.153365672
vn -0.887658417 0.454842299 0.0719794706
vn -0.786236763 0.595314801 -0.165626079
vn -0.781062186 0.598143518 -0.179349124
vn -0.325673372 -0.608455002 -0.723684669
vn -0.501053154 -0.857756197 0.114890583
vn -0.501053154 -0.857756197 0.114890583
vn -0.325673372 -0.608455002 -0.723684669
vn 0.25289616 -0.134495661 -0.958099306
vn 0.25289616 -0.134495661 -0.958099306
vn 0.80246079 0.126981109 -0.583037317
vn 0.80246079 0.126981109 -0.583037317
vn 0.954014778 0.296190113 0.0461233333
vn 0.954014778 0.296190113 0.0461233333
vn 0.694166481 0.198200583 0.691989362
vn 0.694166481 0.198200583 0.691989362
vn 0.258089721 -0.173793688 0.950360596
vn 0.258089721 -0.173793688 0.950360596
vn -0.204533473 -0.573173761 0.793497264
vn -0.204533473 -0.573173761 0.793497264
vn -0.501053154 -0.857756197 0.114890583
vn -0.501053154 -0.857756197 0.114890583
vn 0.684917271 -0.725330174 -0.0691706017
vn 0.640150368 -0.75176847 0.158276677
vn 0.640150368 -0.75176847 0.158276677
vn 0.684917271 -0.725330174 -0.0691706017
vn 0.803759098 -0.58423841 -0.112412676
vn 0.803759098 -0.58423841 -0.112412676
vn 0.850143135 -0.52434212 0.0481864475
vn 0.850143135 -0.52434212 0.0481864475
vn 0.813126504 -0.561840177 0.152187437
vn 0.813126504 -0.561840177 0.152187437
vn 0.810914278 -0.55179584 0.194780409
vn 0.810914278 -0.55179584 0.194780409
vn 0.785811365 -0.543582499 0.29498896
vn 0.785811365 -0.543582499 0.29498896
vn 0.698421657 -0.640592456 0.319137216
vn 0.698421657 -0.640592456 0.319137216
vn 0.640150368 -0.75176847 0.158276677
vn 0.640150368 -0.75176847 0.158276677
vn -0.0764971077 -0.996227145 0.0409843661
vn -0.300371587 -0.953774273 -0.00956706051
vn -0.0868169665 -0.672102809 0.735350788
vn 0.051108405 -0.615647018 0.786362946
vn 0.14827092 -0.984967053 0.0886318386
vn -0.00979419239 -0.27622202 0.961044014
vn 0.252254069 -0.703004897 0.664945126
vn 0.0751065239 -0.0837422311 0.99365294
vn 0.262737602 -0.163580984 0.95089972
vn 0.440369844 -0.236889243 0.86600101
vn 0.414615333 0.270256907 0.868939221
vn 0.751007318 0.119226538 0.649440646
vn 0.674962342 0.210087776 0.707311034
vn 0.754651368 0.349288017 0.555426955
vn 0.985986531 0.100083269 0.133468837
vn 0.983514071 0.141091108 0.1131078
vn 0.985004663 0.120693594 0.123283647
vn 0.903764486 -0.171734005 -0.392068058
vn 0.942112267 -0.0400033481 -0.3329027
vn 0.815198362 -0.25694114 -0.519069254
vn 0.91086328 -0.188173607 -0.367312968
vn 0.454519421 -0.558229744 -0.694112182
vn 0.524828136 -0.542971611 -0.655543625
vn 0.58909142 -0.524901986 -0.614368975
vn -0.122898817 -0.788224697 -0.602990687
vn 0.248443291 -0.850684106 -0.463262945
vn 0.0649907663 -0.83664906 -0.543869913
vn -0.300371587 -0.953774273 -0.00956706051
vn 0.14827092 -0.984967053 0.0886318386
vn -0.0764971077 -0.996227145 0.0409843661
vn -0 -0.965926051 -0.258818209
vn -0 -0.965926051 -0.258818209
vn -0 -0.965926051 -0.258818209
vn -0 -0.965926051 -0.258818209
vn -0.982160926 0.180275887 0.0534842499
vn -0.839335859 0.521160841 0.154617995
vn -0.839335859 0.521160841 0.154617995
vn -0.982160926 0.180275887 0.0534842499
vn -1 -1.15880219E-07 0
vn -1 0 0
vn -1 0 0
vn -1 -5.79401103E-07 0
vn -1 0 0
vn -1 -5.79401046E-07 0
vn -1 0 0
vn -1 0 0
vn -1 0 0
vn 0.982162178 0.180269688 0.0534809567
vn 0.839334786 0.521163464 0.15461503
vn 0.839334786 0.521163464 0.15461503
vn 0.98216033 0.180278569 0.0534855798
vn 1 -2.89701188E-06 6.82801726E-07
vn 1 -3.47641708E-06 6.82804148E-06
vn 1 -8.69103133E-06 0
vn 1 -8.11163227E-06 0
vn 1 0 0
vn 1 -2.8969859E-07 0
vn 1 0 0
vn 1 -2.8969859E-07 0
vn 1 0 0
vn 0.79424113 0.577486932 -0.188917488
vn 0.800622582 0.574239552 -0.171033219
vn 0.724014938 0.684508801 0.0851476118
vn 0.58870554 0.759063363 -0.277936161
vn -0.112725891 0.989059091 -0.0951570496
vn -0.0587587692 0.745929122 -0.663428307
vn -0.719776273 0.301818937 -0.625162005
vn 0.104179591 0.870891869 0.480306059
vn 0.47389707 0.450731903 0.756480277
vn -0.108303621 -0.0566476621 0.99250257
vn -0.914730489 0.40075326 0.0516236573
vn -0.657222331 0.26502791 0.70556289
vn -0.260021448 -0.15456973 0.953151047
vn -0.997747004 -0.0381154008 0.0552098304
vn -0.822115123 0.0919651017 -0.561844349
vn -0.774285913 0.160264075 -0.612206459
vn -0.785830021 -0.126730278 0.605318546
vn -0.779903769 0.0325358547 0.625053287
vn -0.289591312 -0.0177642927 0.956985533
vn -0.994623661 0.102636009 -0.0137726311
vn -0.385361075 -0.0251010899 0.922424436
vn 0.402705103 -0.110499114 0.908635557
vn -0.260021448 -0.15456973 0.953151047
vn 0.381574541 -0.19440566 0.903663218
vn -0.108303621 -0.0566476621 0.99250257
vn 0.47389707 0.450731903 0.756480277
vn -0.979872942 0.173132434 -0.0993688256
vn -0.721792042 0.144820333 -0.676788986
vn -0.824225783 0.126115248 0.552038908
vn -0.970348537 0.0585197173 -0.234518871
vn -0.636290073 0.0366964713 -0.770576715
vn -0.916494787 0.0250193644 0.399263501
vn 0.371973634 -0.196537167 0.90719831
vn -0.473003864 -0.139545903 0.869939268
vn -0.938912868 0.0180138908 -0.343682975
vn -0.55049175 0.0666552484 -0.832175434
vn -0.957971752 -0.0878877416 0.273067772
vn -0.049738802 -0.00798166264 -0.998730361
vn 0.0230581481 0.0783757418 -0.996657252
vn -0.128993705 0.0702195317 -0.989156127
vn -0.833010793 -0.296080977 -0.467364043
vn -0.884588242 -0.452400506 0.113302477
vn -0.448488861 -0.213810608 -0.867838025
vn -0.507941127 -0.268314362 0.818537235
vn -0.437329829 -0.636935532 0.634866714
vn 0.399289846 -0.331548274 0.854776859
vn 0.315816104 -0.648772776 0.692353964
vn 0.403000146 -0.296301961 0.865907609
vn -0.1649829 -0.985795021 0.0314458348
vn -0.348810792 -0.918975949 -0.183886886
vn 0.108780809 -0.99165231 0.0692268461
vn -0.157925054 -0.791800559 -0.590009928
vn -0.311855227 -0.842784524 -0.43870312
vn 0.00924865995 -0.955618978 -0.294460297
vn -0.0114761721 -0.953249514 -0.30196622
vn 0.0196172968 -0.941573679 -0.336235225
vn 0.306212276 -0.945073545 -0.114324145
vn 0.00527623203 -0.940242887 -0.340463728
vn 0.369573683 -0.857847631 -0.357089251
vn 0.902515292 -0.335055321 -0.270562768
vn 0.82971561 -0.494897455 0.258163691
vn 0.929553509 -0.194048196 0.313489228
vn 0.973974407 -0.0716125369 -0.215047628
vn 0.924449503 -0.255870134 0.28270784
vn 0.941205502 -0.170725539 -0.291521996
vn 0.919172764 -0.22693637 0.321902663
vn 0.926825941 -0.171408489 -0.334085047
vn 0.917093039 -0.212809548 0.337123781
vn 0.909430206 -0.209801316 -0.359054327
vn 0.860225916 -0.364682466 0.356396079
vn 0.838347912 -0.390568584 -0.380301237
vn 0.954470217 -0.209816009 0.212046668
vn 0.895931065 -0.231925011 -0.378838181
vn 0.899709821 0.344755918 -0.267704338
vn 0.804895043 0.114892945 0.582188666
vn 0.932441771 0.354604244 -0.0693410262
vn 0.782288432 0.598831773 -0.171537966
vn 0.848519921 0.51545167 0.119680636
vn 0.724014938 0.684508801 0.0851476118
vn 0.800622582 0.574239552 -0.171033219
vn 0.807964385 0.571879268 -0.141942248
vn 0.804018497 0.574484944 -0.153366849
vn 0.887658656 0.454841882 0.071978271
vn 0.786237001 0.595314682 -0.165625632
vn 0.781062067 0.598143637 -0.179349452
vn 0.325673372 -0.608454943 -0.723684669
vn 0.501053274 -0.857756138 0.114890933
vn 0.501053274 -0.857756138 0.114890933
vn 0.325673372 -0.608454943 -0.723684669
vn -0.25289613 -0.134495661 -0.958099306
vn -0.25289613 -0.134495661 -0.958099306
vn -0.802460492 0.12698105 -0.583037734
vn -0.802460492 0.12698105 -0.583037734
vn -0.954014659 0.296190321 0.0461228639
vn -0.954014659 0.296190321 0.0461228639
vn -0.694166481 0.198200762 0.691989303
vn -0.694166481 0.198200762 0.691989303
vn -0.258089721 -0.173793688 0.950360596
vn -0.258089721 -0.173793688 0.950360596
vn 0.204533473 -0.573173404 0.793497503
vn 0.204533473 -0.573173404 0.793497503
vn 0.501053274 -0.857756138 0.114890933
vn 0.501053274 -0.857756138 0.114890933
vn -0.68491745 -0.725330114 -0.0691692457
vn -0.64015013 -0.75176847 0.158278197
vn -0.64015013 -0.75176847 0.158278197
vn -0.68491745 -0.725330114 -0.0691692457
vn -0.803759098 -0.584238291 -0.11241392
vn -0.803759098 -0.584238291 -0.11241392
vn -0.850143075 -0.524342477 0.0481845513
vn -0.850143075 -0.524342477 0.0481845513
vn -0.813126087 -0.561840832 0.152186975
vn -0.813126087 -0.561840832 0.152186975
vn -0.810914159 -0.551796198 0.194779754
vn -0.810914159 -0.551796198 0.194779754
vn -0.785811245 -0.543582618 0.294989347
vn -0.785811245 -0.543582618 0.294989347
vn -0.698421121 -0.640592396 0.319138497
vn -0.698421121 -0.640592396 0.319138497
vn -0.64015013 -0.75176847 0.158278197
vn -0.64015013 -0.75176847 0.158278197
vn 0.0764971524 -0.996227145 0.0409845933
vn 0.0868172795 -0.672102749 0.735350609
vn 0.300371587 -0.953774273 -0.00956710894
vn -0.0511082523 -0.615647018 0.786362946
vn -0.148270786 -0.984967053 0.0886323154
vn 0.00979446433 -0.276221901 0.961044014
vn -0.252253979 -0.703004956 0.664945185
vn -0.0751066282 -0.0837421566 0.99365294
vn -0.262737632 -0.163580954 0.95089972
vn -0.440369904 -0.236889288 0.86600101
vn -0.414615571 0.270257026 0.868939042
vn -0.751007438 0.11922659 0.649440348
vn -0.67496258 0.210087791 0.707310796
vn -0.754651725 0.349288046 0.555426657
vn -0.985986531 0.100083195 0.133468494
vn -0.983514071 0.141091108 0.113107599
vn -0.985004783 0.120693572 0.123283371
vn -0.903764248 -0.171733946 -0.392068237
vn -0.942112267 -0.0400032774 -0.332902819
vn -0.815198183 -0.25694102 -0.519069612
vn -0.910863161 -0.188173681 -0.367313117
vn -0.454519153 -0.558229625 -0.69411242
vn -0.524827898 -0.542971373 -0.655543923
vn -0.589091301 -0.524901688 -0.614369333
vn 0.12289878 -0.788224757 -0.602990568
vn -0.248443231 -0.850684106 -0.463262796
vn -0.0649907812 -0.83664912 -0.543869913
vn 0.300371587 -0.953774273 -0.00956710894
vn -0.148270786 -0.984967053 0.0886323154
vn 0.0764971524 -0.996227145 0.0409845933
vn -0 -0.965926051 -0.258818209
vn -0 -0.965926051 -0.258818209
vn -0 -0.965926051 -0.258818209
vn -0 -0.965926051 -0.258818209
vn 0.982160926 0.180275947 0.0534842499
vn 0.83933568 0.52116096 0.154617965
vn 0.83933568 0.52116096 0.154617965
vn 0.982160926 0.180276111 0.0534842536
vn 1 0 0
vn 1 2.89701148E-07 0
vn 1 0 0
vn 1 0 0
vn 1 0 0
vn 1 -2.89700523E-07 0
vn 1 1.44851342E-07 0
vn 1 0 0
vn 1 0 0
vn -0.982162178 0.180269703 0.0534809493
vn -0.839334846 0.521163225 0.154615015
vn -0.839334846 0.521163225 0.154615015
vn -0.98216033 0.180278212 0.0534855761
vn -1 -2.92598224E-06 6.82801726E-07
vn -1 -3.6212673E-06 6.82804148E-06
vn -1 -8.54617974E-06 0
vn -1 -7.9667816E-06 0
vn -1 -1.44850191E-07 0
vn -1 -2.8969859E-07 0
vn -1 0 0
vn -1 -2.8969859E-07 0
vn -1 0 0
vn -0.28517279 0.958475232 -0.00131539395
vn -0.329291612 0.930414438 0.160922453
vn -0.702371538 0.698089302 0.139088362
vn -0.59288013 0.770873129 -0.232911542
vn -0.943503737 0.31927225 0.0886893347
vn -0.74276042 0.345021904 -0.57381767
vn -0.164645031 0.979016423 -0.120078444
vn -0.341129243 0.755846202 -0.558862627
vn -0 0.986534894 -0.16355066
vn -0 0.716638505 -0.697444677
vn 0.341129154 0.755845606 -0.558863521
vn 0.164645046 0.979016185 -0.120080531
vn -0.393300891 0.234126657 -0.889100194
vn -0.74276042 0.345021904 -0.57381767
vn -0.614162087 -0.0921836346 -0.783777535
vn -0.355802327 -0.0904914439 -0.93016988
vn -0.497967839 -0.60547632 -0.620827258
vn -0 0.159422681 -0.987210393
vn -0.24229449 -0.590197861 -0.770038903
vn -0.0616552122 -0.832375586 -0.550771773
vn -0 -0.0811419189 -0.996702492
vn 0.393300861 0.234126657 -0.889100194
vn 0.592880428 0.770873308 -0.23291038
vn 0.28517282 0.958475232 -0.00131327019
vn 0.74276036 0.345021963 -0.57381773
vn 0.74276036 0.345021963 -0.57381773
vn 0.943503857 0.31927225 0.0886891708
vn 0.702371418 0.698089123 0.139089257
vn 0.329291523 0.9304142 0.160924271
vn 0.614161789 -0.0921837091 -0.783777714
vn 0.355802178 -0.0904914737 -0.93016988
vn 0.497967482 -0.605475783 -0.620827973
vn 0.242294356 -0.590197623 -0.770039082
vn 0.0616550595 -0.832375348 -0.550772071
vn -0 -0.524473608 -0.851426661
vn 0.0616550595 -0.832375348 -0.550772071
vn -0.0616552122 -0.832375586 -0.550771773
vn -0 -0.819392145 -0.573233426
vn -0.00419426803 -0.992930532 -0.118622988
vn 0.00419423636 -0.992930532 -0.118622988
vn -0 -0.992939234 -0.118624032
vn -0.702371538 0.698089302 0.139088362
vn -0.820718586 0.192056134 0.538084984
vn -0.943503737 0.31927225 0.0886893347
vn -0.61760056 0.621036887 0.482579291
vn -0.329291612 0.930414438 0.160922453
vn -0.285178989 0.902351737 0.323163152
vn -0.538974285 -0.0305083115 0.841769516
vn -0.177534908 0.911148608 0.3718732
vn -0.479839206 0.535827577 0.694725275
vn -0.4757967 0.496634513 0.725928128
vn -0 0.950408757 0.311003774
vn -0.557463646 -0.169875726 0.812635601
vn -0.415125668 -0.165895596 0.894510627
vn -0.0331809483 0.949885428 0.310832471
vn -0 0.949954867 0.312387109
vn 0.0331808925 0.949885428 0.310832471
vn 0.475797117 0.49663505 0.725927532
vn 0.177534848 0.911148667 0.371872872
vn -0.418822646 -0.210024953 0.883446097
vn -0.401321411 -0.208353803 0.891924798
vn -0 -0.175035909 0.984562099
vn -0.336205304 -0.199636355 0.920386493
vn -0.426445395 -0.180136308 0.88639462
vn -0.272688091 -0.244745404 0.930451989
vn -0.337667018 -0.480293393 0.809505641
vn -0.446440756 -0.614730418 0.65022856
vn 1.86741218E-07 -0.869867027 0.493286401
vn -0 -0.17586799 0.984413743
vn 1.5901071E-07 -0.578447938 0.815719247
vn 0.337667763 -0.480294466 0.809504628
vn 0.44644171 -0.614731908 0.650226533
vn 0.557464242 -0.169875935 0.812635064
vn 0.418823093 -0.210025087 0.883445919
vn 0.401321769 -0.208353907 0.89192462
vn 0.538974881 -0.0305085909 0.841769099
vn 0.415126592 -0.165895924 0.89451015
vn 0.336205482 -0.199636728 0.920386314
vn 0.426445454 -0.180136517 0.886394382
vn 0.272688389 -0.244745806 0.930451751
vn 0.479839116 0.535827756 0.694725215
vn 0.617600501 0.621036589 0.482579589
vn 0.28517893 0.902351439 0.323163956
vn 0.329291523 0.9304142 0.160924271
vn 0.820718646 0.192056134 0.538084924
vn 0.702371418 0.698089123 0.139089257
vn 0.943503857 0.31927225 0.0886891708
vn 2.71123213E-07 -0.2353286 0.971915901
vn 0.272688389 -0.244745806 0.930451751
vn -0 -0.274858177 0.96148473
vn 0.250157416 -0.605539918 0.755475163
vn -0.272688091 -0.244745404 0.930451989
vn -0.250157505 -0.605539918 0.755475163
vn -0 -0.62542522 0.780284166
vn -0.250157505 -0.605539918 0.755475163
vn 0.250157416 -0.605539918 0.755475163
vn 0.161967993 -0.918607891 0.360452384
vn -0.161968023 -0.918607891 0.360452384
vn -0 -0.930899501 0.365275532
vn -0 -0.992939234 -0.118624032
vn -0.00419426803 -0.992930532 -0.118622988
vn 0.00419423636 -0.992930532 -0.118622988
vn -0.300689399 -0.948081195 -0.103575952
vn -0.24204652 -0.970248699 0.00557479216
vn -0.300689399 -0.948081195 -0.103575952
vn -0.24204652 -0.970248699 0.00557479216
vn -0.421039611 -0.885571599 -0.196184739
vn -0.618329108 -0.748348475 -0.240090966
vn -0.765510201 -0.535894334 -0.356105894
vn -0.881029725 -0.303058088 -0.363238871
vn -0.881029725 -0.303058088 -0.363238871
vn -0.924898148 -0.0800492167 -0.371692747
vn -0.924898148 -0.0800492167 -0.371692747
vn -0.982066393 0.0685908645 -0.175615534
vn -0.960417926 0.107221588 -0.25710091
vn -0.991199434 0.0633950084 -0.116210319
vn -0.999564588 -0.00563493557 0.0289624557
vn -0.999564588 -0.00563493557 0.0289624557
vn 0.30068928 -0.948081076 -0.103577115
vn 0.30068928 -0.948081076 -0.103577115
vn 0.242046461 -0.970248699 0.00557355629
vn 0.242046461 -0.970248699 0.00557355629
vn 0.42103982 -0.885571957 -0.196182668
vn 0.618329227 -0.748348773 -0.240089804
vn 0.765510499 -0.53589493 -0.356104255
vn 0.881029248 -0.303057939 -0.363240182
vn 0.881029248 -0.303057939 -0.363240182
vn 0.92489773 -0.0800490826 -0.371693879
vn 0.92489773 -0.0800490826 -0.371693879
vn 0.982066393 0.0685909018 -0.175615579
vn 0.960417926 0.107221633 -0.257101029
vn 0.991199434 0.063395068 -0.116210304
vn 0.999564588 -0.00563493604 0.0289624985
vn 0.999564588 -0.00563493604 0.0289624985
vn -0 0.170432627 -0.985369384
vn -0 0.170432627 -0.985369384
vn -0.500001073 0.147600219 -0.853354096
vn 0.500001132 0.147600174 -0.853354096
vn 0.500001132 0.147600174 -0.853354096
vn 0.866026163 0.0852172673 -0.492683202
vn 0.866026163 0.0852172673 -0.492683202
vn 1 -2.75754331E-07 -2.15975419E-07
vn 1 -2.75754331E-07 -2.15975419E-07
vn 0.866025865 -0.0852164626 0.492683858
vn 0.866025865 -0.0852164626 0.492683858
vn 0.500001311 -0.147597775 0.853354275
vn 0.500001311 -0.147597775 0.853354275
vn -0 -0.170430273 0.985369682
vn -0.500001073 0.147600219 -0.853354096
vn -0.500001073 0.147600219 -0.853354096
vn -0.866026163 0.0852173939 -0.492683202
vn -0.866026163 0.0852173939 -0.492683202
vn -1 -2.31402225E-07 -2.00548598E-07
vn -1 -2.31402225E-07 -2.00548598E-07
vn -0.866025865 -0.0852164999 0.492683768
vn -0.866025865 -0.0852164999 0.492683768
vn -0.500001311 -0.14759779 0.853354275
vn -0.500001311 -0.14759779 0.853354275
vn -0 -0.170430273 0.985369682
vn 0.500001311 -0.147597775 0.853354275
vn -0 0.354335189 -0.935118556
vn 2.16418172E-07 0.440534979 -0.897735476
vn 0.489296377 0.5147475 -0.704005778
vn 0.519937396 0.389707953 -0.76012677
vn 0.742007434 0.627947032 -0.234749481
vn 0.000922838051 0.0529731549 -0.998595536
vn 0.836827576 0.435797006 -0.331361681
vn 0.713431001 0.662592113 0.228008568
vn 0.590951443 0.0693765208 -0.803718448
vn 0.89681226 0.418141007 0.14451924
vn 0.538798571 0.639920056 0.547903538
vn 0.619140506 -0.120497376 -0.775980234
vn 0.00183760212 -0.169417337 -0.985542655
vn 0.911978602 0.0644620508 -0.405141532
vn 0.915777981 -0.092664659 -0.390850335
vn 0.998702407 -0.0131885437 0.0491889864
vn 0.986448348 -0.155783623 0.0514891483
vn 0.761498213 0.338535428 0.552733302
vn 0.291437596 0.606916964 0.739402473
vn 0.907251716 -0.161899984 0.388178706
vn 0.909330964 -0.299157292 0.289174855
vn 0.452171713 0.243232027 0.858125269
vn 9.79791821E-07 0.592337072 0.805690289
vn 0.596318662 -0.493687183 0.632990539
vn 0.564972699 -0.759855211 0.321598917
vn 4.57341258E-07 0.19878155 0.980043888
vn -0.291436583 0.60691756 0.739402294
vn -0.00074910681 -0.705943882 0.708267331
vn -0.00127483078 -0.963341713 0.268274307
vn -0.452171475 0.243232384 0.858125269
vn -0.538798571 0.639920056 0.547903538
vn -0.596984804 -0.49366644 0.632378519
vn -0.56609118 -0.7595281 0.320402503
vn -0.761498332 0.338535428 0.552733123
vn -0.713431239 0.662592292 0.228007197
vn -0.907251596 -0.161899954 0.388178945
vn -0.909330726 -0.299157232 0.289175719
vn -0.896812379 0.418141067 0.144518316
vn -0.742007136 0.627946794 -0.234751567
vn -0.998702407 -0.0131885698 0.0491892621
vn -0.986448228 -0.155783668 0.0514900871
vn -0.836827338 0.435796887 -0.331362545
vn -0.489295781 0.514746904 -0.704006612
vn -0.911978781 0.0644621179 -0.405141085
vn -0.91577822 -0.0926646963 -0.39084971
vn -0.617668629 -0.117578775 -0.777599335
vn -0.519937456 0.389707774 -0.760126948
vn 2.16418172E-07 0.440534979 -0.897735476
vn -0 0.354335189 -0.935118556
vn -0.58999902 0.0708875433 -0.804286063
vn 0.000922838051 0.0529731549 -0.998595536
vn 0.00183760212 -0.169417337 -0.985542655
vn 0.308334172 -0.90207535 0.301976919
vn 2.48864239E-07 -0.932498157 0.361174583
vn 1.89128954E-07 -0.691671848 0.722211957
vn 0.437247992 -0.497774363 0.749022603
vn 0.568168223 -0.815933168 0.106948182
vn 0.392090112 -0.130706191 0.910593808
vn -0 -0.313501954 0.949587524
vn 0.524744928 -0.0823685229 0.847265184
vn 0.524935842 -0.208180532 0.825289845
vn 0.761100709 -0.128760025 0.6357252
vn 0.799108684 -0.451028377 0.397490591
vn 0.909048557 -0.103224002 0.403702289
vn 0.872604072 -0.4854092 -0.0542233884
vn 0.711835086 -0.680792511 -0.172662526
vn 0.975158632 -0.181738883 0.126635641
vn 0.931157827 -0.0933563709 0.352462441
vn 0.770148754 -0.491334587 -0.406769425
vn 0.671399176 -0.574945867 -0.467611492
vn 0.404614925 -0.507703662 -0.760607541
vn 0.515537977 -0.568388581 -0.641213655
vn 0.915110171 -0.305988938 -0.262572199
vn 0.820649922 -0.4002105 -0.407878995
vn 0.982626855 -0.120886609 0.14082253
vn 0.888048649 -0.308010072 -0.341320127
vn 0.524380445 -0.521353841 -0.673212588
vn 0.968559563 -0.195612341 -0.153715193
vn 0.986869156 -0.126038611 0.101012692
vn 0.975709736 -0.18091315 -0.123534769
vn 0.914538622 -0.0913929865 0.394038618
vn 0.883111417 -0.077359423 0.462741673
vn 0.878966928 -0.225843161 -0.420014143
vn 0.834863305 0.0859782472 0.543701291
vn 0.820531666 0.0140878204 0.571427464
vn 0.820343018 0.161368847 0.548632324
vn 0.900446892 0.300851792 0.314139605
vn 0.900446892 0.300851792 0.314139605
vn 0.929659724 0.368349522 -0.00716256443
vn 0.929659724 0.368349522 -0.00716256443
vn 0.785593688 0.337893754 -0.51833427
vn 0.828578055 0.331345677 -0.451296359
vn 0.411707252 0.492888957 -0.766523004
vn 0.392704278 0.624866724 -0.674777806
vn 0.647419751 0.216145054 -0.730841339
vn -0 0.860504448 -0.509442806
vn 0.394670039 0.217222989 -0.892776489
vn 0.621818721 -0.0865397304 -0.778365195
vn -0 0.633202374 -0.77398634
vn 0.471873194 -0.0753537044 -0.87844032
vn 0.707593381 -0.220792949 -0.671239138
vn -0.411706835 0.492888242 -0.766523719
vn -0.392703593 0.624865174 -0.674779534
vn -0.828577399 0.331346214 -0.451297253
vn -0 0.200037137 -0.979788244
vn 0.516081333 -0.242935672 -0.821366131
vn -0 -0.222889245 -0.9748438
vn -0.785593212 0.33789438 -0.518334568
vn -0.929659307 0.368350774 -0.00716207689
vn -0.929659307 0.368350774 -0.00716207689
vn -0.900446355 0.300852269 0.31414032
vn -0.900446355 0.300852269 0.31414032
vn -0.834863126 0.0859782472 0.543701351
vn -0.820343196 0.161368698 0.548632145
vn -0.820531547 0.014087826 0.571427763
vn -0.914538383 -0.0913923755 0.394039422
vn -0.883111119 -0.0773593858 0.46274212
vn -0.931157589 -0.0933561474 0.352463037
vn -0.647419751 0.216145366 -0.730841219
vn -0.986869276 -0.126037523 0.101012476
vn -0.39466995 0.217222989 -0.892776489
vn -0.621818542 -0.0865400508 -0.778365254
vn -0.471873105 -0.0753538087 -0.87844044
vn -0.707593262 -0.220793054 -0.671239257
vn -0 0.00185345591 -0.999998331
vn -0.516081274 -0.242935643 -0.821366191
vn -0.878966928 -0.225843102 -0.420014232
vn -0.524380624 -0.521353602 -0.673212767
vn -0 -0.588790655 -0.808285534
vn 0.515537977 -0.568388581 -0.641213655
vn 3.31347394E-07 -0.627057672 -0.778972805
vn 0.404614925 -0.507703662 -0.760607541
vn 6.08785513E-07 -0.459756732 -0.888044894
vn -0.40461418 -0.507703424 -0.760608077
vn -0.515537739 -0.568388641 -0.641213775
vn -0.888048947 -0.308009267 -0.341320038
vn -0.515537739 -0.568388641 -0.641213775
vn -0.968559444 -0.195612118 -0.153715834
vn -0.975709736 -0.180912837 -0.123535708
vn -0.820650339 -0.400210083 -0.407878697
vn -0.982626855 -0.120886646 0.140822157
vn -0.770148516 -0.491335154 -0.406768918
vn -0.40461418 -0.507703424 -0.760608077
vn -0.671398818 -0.574946404 -0.467611164
vn -0.711835086 -0.680792332 -0.172663286
vn -0.915110171 -0.305989236 -0.26257208
vn -0.975158632 -0.181739464 0.126635164
vn -0.909048736 -0.10322433 0.403701693
vn -0.872604072 -0.485409021 -0.0542239584
vn -0.568168104 -0.815933406 0.10694702
vn -0.79910934 -0.451028079 0.397489607
vn -0.761101723 -0.128758922 0.635724306
vn -0.43724829 -0.497773439 0.74902308
vn -0.308333814 -0.902075231 0.301977605
vn -0.524745762 -0.0823673904 0.847264707
vn 1.89128954E-07 -0.691671848 0.722211957
vn 2.48864239E-07 -0.932498157 0.361174583
vn -0.39209044 -0.130705863 0.910593748
vn -0.524936795 -0.208182007 0.825288773
vn -0 -0.313501954 0.949587524
vn -0.674938679 -0.714880288 -0.182767928
vn -0.659451306 -0.751711726 0.00731107919
vn 0.474082023 -0.801397264 -0.364703447
vn 0.592498124 -0.802003443 -0.0757388398
vn 0.965297699 -0.216376349 -0.146224409
vn -0.618115962 -0.760070026 0.200564772
vn -0.829547882 -0.531377435 0.171721771
vn -0.674938679 -0.714880288 -0.182767928
vn -0.676617205 -0.688846111 0.260154426
vn -1.44574528E-07 -0.985817492 0.167821318
vn -1.44574528E-07 -0.985817492 0.167821318
vn 0.829548597 -0.531375945 0.171722427
vn 0.676617265 -0.688845456 0.26015538
vn 0.618116736 -0.760070086 0.200562
vn 0.659452081 -0.751710951 0.00730959559
vn 0.674939752 -0.714879096 -0.182768092
vn -0.592498004 -0.802003324 -0.075741969
vn -0.474081784 -0.801396847 -0.364704758
vn -0.965297818 -0.216376424 -0.146224022
vn 0.674939752 -0.714879096 -0.182768092
vn 0.674939752 -0.714879096 -0.182768092
vn -0.322849959 -0.731005192 -0.601164877
vn -0.855165005 -0.250786304 -0.453650653
vn -0.965297818 -0.216376424 -0.146224022
vn -0.652945399 -0.258158624 -0.712050855
vn -0.973455966 -0.187596738 -0.131113812
vn -0.874100029 -0.23090826 -0.427352935
vn -0.687591553 -0.251249403 -0.681242764
vn -0.975221992 -0.194189131 -0.10598433
vn -0.874003351 -0.257796347 -0.411897033
vn -0.678235769 -0.29361704 -0.67363596
vn -0.982152641 -0.184152797 -0.0382599346
vn -0.866115093 -0.334870666 -0.371088088
vn -0.620845914 -0.436844379 -0.650935769
vn -0.991422236 -0.129490033 0.0177250933
vn -0.857714713 -0.436378419 -0.271844387
vn -0.551699698 -0.659647644 -0.5103845
vn -0.998314261 -0.0574963354 -0.00792570785
vn -0.836975992 -0.508226931 -0.202920392
vn -0.449782938 -0.824165344 -0.344160855
vn -0.958383024 -0.0127549823 -0.285200417
vn -0.781234205 -0.543431163 -0.307173759
vn -0.628505945 0.00339399534 -0.777797401
vn -0.302361071 -0.9171893 -0.25950247
vn -0.530510008 -0.582304537 -0.616019845
vn -0.165867761 -0.567224801 -0.806686997
vn -0.185660034 -0.0207429305 -0.982394993
vn -0.165867761 -0.567224801 -0.806686997
vn -0.0919286087 -0.925244272 -0.368065327
vn -0 -0.0444786064 -0.999010324
vn -0 -0.901423097 -0.43293941
vn -0 -0.551363647 -0.834265113
vn 0.165867805 -0.567225635 -0.806686342
vn 0.0919287428 -0.925245285 -0.368062824
vn 0.185659766 -0.0207423009 -0.982395113
vn 0.30236125 -0.917189717 -0.259500891
vn 0.530510247 -0.582305074 -0.616019189
vn 0.165867805 -0.567225635 -0.806686342
vn 0.628505409 0.00339447078 -0.777797759
vn 0.781234205 -0.543431222 -0.307173491
vn 0.449783087 -0.824165165 -0.344161004
vn 0.958382964 -0.012754974 -0.285200924
vn 0.836975992 -0.508226633 -0.202920526
vn 0.551699817 -0.659647584 -0.510384679
vn 0.998314261 -0.0574961305 -0.00792586245
vn 0.857714713 -0.436378241 -0.271844685
vn 0.620847404 -0.436844558 -0.650934219
vn 0.991422236 -0.129489839 0.0177246258
vn 0.866115034 -0.334871024 -0.371087909
vn 0.678238571 -0.293616831 -0.673633099
vn 0.982152402 -0.184153795 -0.0382617079
vn 0.87400353 -0.257796407 -0.411896646
vn 0.687592804 -0.251248956 -0.681241572
vn 0.975221455 -0.194190055 -0.105987325
vn 0.874100149 -0.230907798 -0.427352995
vn 0.65294528 -0.258158535 -0.712051034
vn 0.973455846 -0.18759656 -0.131115526
vn 0.855164945 -0.250786245 -0.453650981
vn 0.965297699 -0.216376349 -0.146224409
vn 0.3228499 -0.731005311 -0.601164937
vn -0.674938679 -0.714880288 -0.182767928
vn 0.373786747 0.0703722388 0.924841166
vn 0.365998179 0.0304060448 0.93011874
vn 0.365998179 0.0304060448 0.93011874
vn 0.285428107 0.0918719023 0.953986585
vn 0.386320174 0.10810376 0.916007817
vn 0.248369053 0.124111705 0.960681558
vn 0.387275487 0.187400535 0.902717412
vn -0 0.132994026 0.991116881
vn 0.255996078 0.210974693 0.943374634
vn -0 0.138244405 0.990398169
vn 0.253318369 0.467464626 0.846939564
vn 0.324591786 0.428545862 0.843201339
vn -0.248368979 0.124111719 0.960681558
vn -0.285427898 0.0918718949 0.953986645
vn 0.296411932 0.670914948 0.679715455
vn 0.266524404 0.713043571 0.64848572
vn 0.239487827 0.571655631 0.784764647
vn 0.256952673 0.887934923 0.381506145
vn 0.256952673 0.887934923 0.381506145
vn 0.189065963 0.975885093 0.109097481
vn 0.179726705 0.983162284 0.0330176316
vn 0.143524602 0.986432731 -0.0796941221
vn 0.117385119 0.973080277 -0.198331594
vn 0.117385119 0.973080277 -0.198331594
vn -0 0.960542381 -0.278133452
vn -0 0.960542381 -0.278133452
vn -0.117385119 0.973080277 -0.198331401
vn -0.117385119 0.973080277 -0.198331401
vn -0.179726705 0.983162284 0.0330178887
vn -0.143524677 0.986432731 -0.0796941444
vn -0.189065933 0.975885093 0.109097913
vn -0.256952554 0.887934744 0.381506681
vn -0.256952554 0.887934744 0.381506681
vn -0.266524374 0.713043451 0.648485839
vn -0.296412081 0.670915186 0.679715097
vn -0.324591696 0.428545833 0.843201458
vn -0.253318489 0.467465073 0.846939266
vn -0.239488289 0.571656704 0.784763575
vn -0.387275457 0.18740052 0.902717412
vn -1.6517329E-07 0.557813287 0.829966486
vn -0.255996048 0.210974649 0.943374634
vn -0 0.442423791 0.896806121
vn -0 0.232126206 0.972685635
vn -0.386320144 0.108103782 0.916007817
vn -0.373786479 0.0703721941 0.924841285
vn -0.36599794 0.0304060113 0.93011874
vn -0.36599794 0.0304060113 0.93011874
vn 0.598859727 0.238524139 0.764508545
vn 0.871442378 -0.407477766 0.273038566
vn 0.871442378 -0.407477766 0.273038566
vn 0.801058233 0.33993721 0.492695093
vn -1.15139912E-07 0.90597254 0.423336506
vn -0 0.554385245 0.832260132
vn 0.191657335 0.0473543815 0.980318844
vn 1.29052268E-07 0.0482487939 0.998835385
vn -0.191657096 0.0473543219 0.980318964
vn -0.59885788 0.238523886 0.764509976
vn -0.801056087 0.339937031 0.492698789
vn -0.871440589 -0.407477349 0.273044765
vn -0.871440589 -0.407477349 0.273044765
vn 0.103118986 -0.93951112 0.326627284
vn 0.103118986 -0.93951112 0.326627284
vn -0 -0.944546044 0.328379124
vn -0 -0.944546044 0.328379124
vn -0.103118882 -0.939510226 0.326629758
vn -0.103118882 -0.939510226 0.326629758
vn 0.500000954 0.303390056 -0.811143398
vn -0 0.350326002 -0.936627805
vn -0 0.350326002 -0.936627805
vn 0.500000954 0.303390056 -0.811143398
vn 0.866026044 0.175161928 -0.468313158
vn 0.866026044 0.175161928 -0.468313158
vn 1 0 0
vn 1 0 0
vn 0.866026044 -0.175161988 0.468313217
vn 0.866026044 -0.175161988 0.468313217
vn 0.50000006 -0.303388208 0.811144531
vn 0.50000006 -0.303388208 0.811144531
vn -0 -0.350321978 0.936629355
vn -0 -0.350321978 0.936629355
vn -0.50000006 -0.303388238 0.811144531
vn -0.50000006 -0.303388238 0.811144531
vn -0.866026044 -0.175161988 0.468313217
vn -0.866026044 -0.175161988 0.468313217
vn -1 0 0
vn -1 0 0
vn -0.866026044 0.175161928 -0.468313098
vn -0.866026044 0.175161928 -0.468313098
vn -0.500000954 0.303390086 -0.811143279
vn -0.500000954 0.303390086 -0.811143279
vn -0 0.350326002 -0.936627805
vn -0 0.350326002 -0.936627805
vn -7.36345896E-07 0.936630428 0.350318998
vn -0 0.936633766 0.350310266
vn -0 0.936633766 0.350310266
vn -7.36345896E-07 0.936630428 0.350318998
vn -4.80747258E-06 0.936626971 0.350328207
vn -4.80747258E-06 0.936626971 0.350328207
vn 3.6583927E-07 0.93662703 0.350328147
vn 3.6583927E-07 0.93662703 0.350328147
vn -8.34857474E-07 0.93662852 0.350324005
vn -8.34857474E-07 0.93662852 0.350324005
vn -7.12915062E-06 0.936634064 0.350309342
vn -7.12915062E-06 0.936634064 0.350309342
vn -0 0.936637819 0.350299358
vn -0 0.936637819 0.350299358
vn 7.17604462E-06 0.936632931 0.350312531
vn 7.17604462E-06 0.936632931 0.350312531
vn 8.53614324E-07 0.936627984 0.350325584
vn 8.53614324E-07 0.936627984 0.350325584
vn -3.70528369E-07 0.93662703 0.350328147
vn -3.70528369E-07 0.93662703 0.350328147
vn 4.82623363E-06 0.936626852 0.350328803
vn 4.82623363E-06 0.936626852 0.350328803
vn 7.31653984E-07 0.936630428 0.350318998
vn 7.31653984E-07 0.936630428 0.350318998
vn -0 0.936633766 0.350310266
vn -0 0.936633766 0.350310266
vn -0.455269605 0.110966988 0.883411527
vn 4.7548545E-07 0.0682408512 0.997668803
vn 4.7548545E-07 0.0682408512 0.997668803
vn -0.455269605 0.110966988 0.883411527
vn -0.788555145 0.227716818 0.571249366
vn -0.788555145 0.227716818 0.571249366
vn -0.910543323 0.387215436 0.144827992
vn -0.910543323 0.387215436 0.144827992
vn -0.788552701 0.546708226 -0.281593174
vn -0.788552701 0.546708226 -0.281593174
vn -0.455270827 0.663470149 -0.593747258
vn -0.455270827 0.663470149 -0.593747258
vn -4.2947093E-07 0.706213713 -0.707998693
vn -4.2947093E-07 0.706213713 -0.707998693
vn 0.455271512 0.663468063 -0.593749166
vn 0.455271512 0.663468063 -0.593749166
vn 0.788553298 0.546707094 -0.2815938
vn 0.788553298 0.546707094 -0.2815938
vn 0.910543323 0.387215734 0.144827232
vn 0.910543323 0.387215734 0.144827232
vn 0.788554788 0.227716789 0.571249783
vn 0.788554788 0.227716789 0.571249783
vn 0.455269605 0.110966884 0.883411527
vn 0.455269605 0.110966884 0.883411527
vn 4.7548545E-07 0.0682408512 0.997668803
vn 4.7548545E-07 0.0682408512 0.997668803
vn 0.499999553 0.193849325 -0.84405154
vn -0 0.223836944 -0.974626601
vn -0 0.223836944 -0.974626601
vn -0.499999493 0.19384937 -0.84405148
vn -0.499999493 0.19384937 -0.84405148
vn -0.499999493 0.19384937 -0.84405148
vn -0.866024375 0.111919306 -0.48731488
vn -0.866024375 0.111919306 -0.48731488
vn -1 0 -8.33048489E-07
vn -1 0 -8.33048489E-07
vn -0.86602509 -0.111919433 0.487313628
vn -0.86602509 -0.111919433 0.487313628
vn -0.500000179 -0.193851486 0.844050705
vn -0.500000179 -0.193851486 0.844050705
vn -0 -0.223840982 0.974625647
vn 0.499999553 0.193849325 -0.84405154
vn 0.499999553 0.193849325 -0.84405154
vn 0.866024435 0.111919262 -0.48731491
vn 0.866024435 0.111919262 -0.48731491
vn 1 0 -8.33048489E-07
vn 1 0 -8.33048489E-07
vn 0.86602509 -0.111919425 0.487313628
vn 0.86602509 -0.111919425 0.487313628
vn 0.500000179 -0.193851531 0.844050705
vn 0.500000179 -0.193851531 0.844050705
vn -0 -0.223840982 0.974625647
vn -0.500000179 -0.193851486 0.844050705
vn 0.500000179 -0.193851531 0.844050705
vn -2.5776983E-06 0.974624634 0.223845541
vn -3.63402455E-06 0.974623084 0.223852426
vn -3.63402455E-06 0.974623084 0.223852426
vn -0 0.974622726 0.223854139
vn -2.5776983E-06 0.974624634 0.223845541
vn -2.5776983E-06 0.974624634 0.223845541
vn 2.60868705E-06 0.974625528 0.223841608
vn 2.60868705E-06 0.974625528 0.223841608
vn 4.04150569E-07 0.974625111 0.223843455
vn 4.04150569E-07 0.974625111 0.223843455
vn -2.92100981E-06 0.974628925 0.223826721
vn -2.92100981E-06 0.974628925 0.223826721
vn -0 0.974633455 0.223807186
vn -0 0.974633455 0.223807186
vn 2.8658983E-06 0.974629164 0.223825634
vn -3.63402455E-06 0.974623084 0.223852426
vn -0 0.974622726 0.223854139
vn 3.6650265E-06 0.974623263 0.223851278
vn 3.6650265E-06 0.974623263 0.223851278
vn 2.60295792E-06 0.974624515 0.223846078
vn 2.60295792E-06 0.974624515 0.223846078
vn -2.62361414E-06 0.974625528 0.223841637
vn -2.62361414E-06 0.974625528 0.223841637
vn -4.5926231E-07 0.97462523 0.223842919
vn -4.5926231E-07 0.97462523 0.223842919
vn 2.8658983E-06 0.974629164 0.223825634
vn 2.8658983E-06 0.974629164 0.223825634
vn -4.5926231E-07 0.97462523 0.223842919
vn 0.493658185 0.0998796448 -0.863901436
vn -0 -0.080336906 -0.996767759
vn -0 0.102361895 -0.994747221
vn 0.47992602 -0.0716888979 -0.874375045
vn -0 -0.259136319 -0.965840757
vn 0.862753749 0.105150871 -0.494569868
vn 0.452099741 -0.240284085 -0.858993173
vn 0.853679299 -0.0434910618 -0.518979967
vn 0.989575624 0.141842648 0.0249125715
vn 0.825213253 -0.190954536 -0.531563222
vn 0.999992847 0.00356125319 -0.0013122682
vn 0.824222684 0.210131407 0.525834441
vn 0.990483642 -0.134850889 -0.0275222883
vn 0.85414958 0.055818826 0.517023027
vn 0.450229794 0.27529332 0.849415541
vn 0.862902761 -0.100127071 0.495351821
vn 0.479633331 0.093858324 0.872434795
vn -0 0.301197708 0.953561664
vn 0.492601991 -0.0917401537 0.865405738
vn -0 0.107155666 0.994242251
vn -0.450230211 0.275293529 0.849415183
vn -0 -0.0925067887 0.995712042
vn -0.479633421 0.0938584358 0.872434676
vn -0.824222863 0.210131481 0.525834084
vn -0.492602021 -0.0917401463 0.865405619
vn -0.85414964 0.0558188669 0.517022848
vn -0.989575624 0.141842633 0.0249123611
vn -0.862902761 -0.100127079 0.495351911
vn -0.999992847 0.00356121408 -0.00131231127
vn -0.862753749 0.105150864 -0.494569868
vn -0.990483642 -0.134850949 -0.0275221709
vn -0.85367924 -0.0434910953 -0.518980086
vn -0.493658245 0.0998796076 -0.863901436
vn -0.825213253 -0.190954551 -0.531563222
vn -0.47992602 -0.0716889352 -0.874375045
vn -0 0.102361895 -0.994747221
vn -0.452099681 -0.2402841 -0.858993173
vn -0 -0.080336906 -0.996767759
vn -0 -0.259136319 -0.965840757
vn -0 0 -1
vn -0 0 -1
vn -0 0 -1
vn -0 0 -1
vn -0 0 -1
vn -1 2.58062983E-07 0
vn -1 2.58062983E-07 0
vn -0.707105637 -0.707107902 0
vn -0.707105637 -0.707107902 0
vn -4.25802546E-06 -1 0
vn -4.25802546E-06 -1 0
vn 0.707105577 -0.707107961 0
vn 0.707105577 -0.707107961 0
vn 0.999927878 0.0109878443 -0.00486131804
vn 0.999927878 0.0109878443 -0.00486131804
vn 0.69927752 0.714834154 -0.0048154993
vn 0.69927752 0.714834154 -0.0048154993
vn -1.48386277E-06 1 1.74506454E-06
vn -1.48386277E-06 1 1.74506454E-06
vn -0.707107604 0.707105935 0
vn -0.707107604 0.707105935 0
vn -1 2.58062983E-07 0
vn -1 2.58062983E-07 0
vn 1 2.58062983E-07 0
vn 0.707105637 -0.707107902 0
vn 1 2.58062983E-07 0
vn 0.707105637 -0.707107902 0
vn 4.22576795E-06 -1 0
vn 4.22576795E-06 -1 0
vn -0.707105577 -0.707107961 0
vn -0.707105577 -0.707107961 0
vn -0.999927878 0.0109878443 -0.00486131804
vn -0.999927878 0.0109878443 -0.00486131804
vn -0.69927752 0.714834154 -0.0048154993
vn -0.69927752 0.714834154 -0.0048154993
vn 1.48386277E-06 1 1.74506454E-06
vn 1.48386277E-06 1 1.74506454E-06
vn 0.707107604 0.707105935 0
vn 0.707107604 0.707105935 0
vn 1 2.58062983E-07 0
vn 1 2.58062983E-07 0
vn -0 0 -1
vn -0 0 -1
vn -0 0 -1
vn -0 0 -1
vn -0 0 -1
vn -0.0546021052 0.865396082 -0.498104692
vn -0.0546021052 0.865396082 -0.498104692
vn 0.0183716062 0.505310178 -0.862742186
vn 0.0183716062 0.505310178 -0.862742186
vn 0.0864241645 0.00982619449 -0.996209979
vn 0.0864241645 0.00982619449 -0.996209979
vn 0.131312683 -0.488299996 -0.862739861
vn 0.131312683 -0.488299996 -0.862739861
vn 0.140984222 -0.855579257 -0.498104066
vn 0.140984222 -0.855579257 -0.498104066
vn 0.112918533 -0.993604243 -5.21426955E-06
vn 0.112918533 -0.993604243 -5.21426955E-06
vn 0.112918533 -0.993604243 -5.21426955E-06
vn 0.0546310097 -0.86539495 0.498103499
vn 0.0546310097 -0.86539495 0.498103499
vn -0.112946391 0.993601024 -2.00548698E-07
vn -0.0546021052 0.865396082 -0.498104692
vn -0.112946391 0.993601024 -2.00548698E-07
vn 0.0546310097 -0.86539495 0.498103499
vn -0.0183496792 -0.505311072 0.862742126
vn -0.0183496792 -0.505311072 0.862742126
vn -0.086426042 -0.00982537121 0.99620986
vn -0.086426042 -0.00982537121 0.99620986
vn -0.131324232 0.48829034 0.862743497
vn -0.131324232 0.48829034 0.862743497
vn -0.141029745 0.855570257 0.498106569
vn -0.141029745 0.855570257 0.498106569
vn -0.112946391 0.993601024 -2.00548698E-07
vn 0.543459117 -0.809077621 -0.22370863
vn 0.533020139 -0.793531775 0.293592781
vn 0.533020139 -0.793531775 0.293592781
vn 0.543459117 -0.809077621 -0.22370863
vn 0.408280164 -0.607826948 -0.681068063
vn 0.408280164 -0.607826948 -0.681068063
vn 0.163703337 -0.243711814 -0.955931842
vn 0.163703337 -0.243711814 -0.955931842
vn -0.172592595 0.256943405 -0.950890124
vn -0.17259413 0.256947279 -0.950888693
vn -0.425098896 0.445787549 -0.787759185
vn -0.37975958 0.565357566 -0.73222506
vn -0.805179834 0.389327198 -0.447336316
vn -0.251921088 0.56211412 -0.787758589
vn -0.379765749 0.565360546 -0.732219517
vn -0.0559087619 0.892620921 -0.447327793
vn -0.499596357 0.157316849 -0.851853788
vn -0.960674107 0.0147469938 -0.277286798
vn 0.0433045439 0.521986365 -0.851853788
vn -0.946006656 0.273951054 0.173269212
vn -0.862673938 -0.131156877 0.488458186
vn 0.349659294 0.894904077 -0.277281702
vn 0.104144648 0.979352295 0.173270881
vn 0.447655082 0.749006987 0.488460153
vn -0.653319836 0.163240075 0.739273906
vn 0.0959482864 0.666533113 0.739274919
vn 0.273274958 0.179625541 0.945016086
vn -0.269631386 -0.18504934 0.945016146
vn -0.0264886431 0.22650975 0.973648608
vn -0.163703963 0.243712544 0.955931664
vn 0.0758970827 -0.112989992 0.990693152
vn -0.199670807 0.110183023 0.973648429
vn -0.163704857 0.243714631 0.955930889
vn 0.0758972913 -0.112990111 0.990693152
vn 0.379760176 -0.565360904 0.73222208
vn 0.379760176 -0.565360904 0.73222208
vn 0.533020139 -0.793531775 0.293592781
vn 0.533020139 -0.793531775 0.293592781
vn -0.862673938 -0.131156877 0.488458186
vn -0.960674107 0.0147469938 -0.277286798
vn -0.335302979 -0.890387714 -0.307866216
vn -0.291294932 -0.955945492 0.0362704135
vn -0.269631386 -0.18504934 0.945016146
vn 0.275423348 -0.726067781 0.630053639
vn 0.273274958 0.179625541 0.945016086
vn 0.568004847 -0.529539585 0.630046248
vn 0.995107949 -0.0919106752 0.0362292081
vn 0.447655082 0.749006987 0.488460153
vn 0.349659294 0.894904077 -0.277281702
vn 0.951068401 -0.026357444 -0.307853967
vn 0.372593969 -0.238628164 -0.896788895
vn 0.0433045439 0.521986365 -0.851853788
vn -0.499596357 0.157316849 -0.851853788
vn 0.0799964964 -0.435160071 -0.896792233
vn -0.335302979 -0.890387714 -0.307866216
vn -0.960674107 0.0147469938 -0.277286798
vn 0.0866559371 -0.836635351 -0.540862203
vn -0.335302979 -0.890387714 -0.307866216
vn 0.0799964964 -0.435160071 -0.896792233
vn -0.589055002 -0.788864255 -0.17523551
vn -0.291294932 -0.955945492 0.0362704135
vn -0.49549821 -0.868412912 0.0184573289
vn 0.176667511 -0.97071439 0.162794754
vn -0.699651957 -0.674495697 0.235674933
vn 0.275423348 -0.726067781 0.630053639
vn 0.078414619 -0.688191354 0.721279204
vn 0.607418835 -0.332853615 0.721284151
vn 0.568004847 -0.529539585 0.630046248
vn 0.831796706 -0.53068006 0.162766635
vn 0.995107949 -0.0919106752 0.0362292081
vn 0.824620366 0.0664782897 0.561766744
vn 0.983004212 -0.181278095 0.0290009528
vn 0.936957419 -0.112747416 -0.330754876
vn 0.951068401 -0.026357444 -0.307853967
vn 0.741733432 -0.396627039 -0.540849805
vn 0.372593969 -0.238628164 -0.896788895
vn 0.24850212 0.346174955 0.904659867
vn 0.533085167 0.499971867 0.68253088
vn 0.824620366 0.0664782897 0.561766744
vn -0.414441049 -0.099133417 0.904660881
vn -0.807182372 -0.467174321 0.36083892
vn -0.699651957 -0.674495697 0.235674933
vn -0.08572831 0.835808933 0.542285919
vn 0.533085167 0.499971867 0.68253088
vn 0.278328151 0.865729392 0.415988088
vn -0.741311729 0.395448536 0.542289019
vn -0.831782162 0.530135691 -0.164604574
vn -0.807182372 -0.467174321 0.36083892
vn -0.937204897 -0.270733118 0.219887882
vn -0.937204897 -0.270733118 0.219887882
vn -0.954489231 -0.293324918 -0.0539514683
vn -0.176199123 0.970494032 -0.164606228
vn 0.278328151 0.865729392 0.415988088
vn 0.208623156 0.969498575 -0.128642589
vn 0.0368308127 0.661287844 -0.749227464
vn 0.208623156 0.969498575 -0.128642589
vn 0.373691112 0.737251818 -0.562863052
vn -0.626110256 0.215987578 -0.749223173
vn -0.131280541 -0.375993937 -0.91727525
vn -0.891443133 -0.341724515 -0.297579587
vn -0.954489231 -0.293324918 -0.0539514683
vn -0.891443133 -0.341724515 -0.297579587
vn -0.766435206 -0.575054526 -0.286163181
vn 0.397709191 -0.0206624232 -0.917278886
vn 0.373691112 0.737251818 -0.562863052
vn 0.665431917 0.303440869 -0.681999981
vn 0.372593969 -0.238628164 -0.896788895
vn 0.0799964964 -0.435160071 -0.896792233
vn 0.741733432 -0.396627039 -0.540849805
vn 0.665431917 0.303440869 -0.681999981
vn 0.936957419 -0.112747416 -0.330754876
vn 0.0866559371 -0.836635351 -0.540862203
vn -0.766435206 -0.575054526 -0.286163181
vn -0.589055002 -0.788864255 -0.17523551
vn 0.0927340463 -0.138056666 -0.986073375
vn 0.45436129 -0.676421583 -0.579663336
vn 0.45436129 -0.676421583 -0.579663336
vn 0.0927340463 -0.138056666 -0.986073375
vn -0.323213995 0.481181592 -0.814860165
vn -0.323213995 0.481181592 -0.814860165
vn -0.549830973 0.818551779 -0.16630964
vn -0.549830973 0.818551779 -0.16630964
vn -0.454357982 0.676420093 0.579667866
vn -0.454357982 0.676420093 0.579667866
vn -0.0927296206 0.138050303 0.986074626
vn -0.0927296206 0.138050303 0.986074626
vn 0.323216826 -0.481189728 0.814854145
vn 0.323216826 -0.481189728 0.814854145
vn 0.54983145 -0.818553329 0.166300565
vn 0.54983145 -0.818553329 0.166300565
vn 0.45436129 -0.676421583 -0.579663336
vn 0.45436129 -0.676421583 -0.579663336
vn 0.273869485 -0.777278304 -0.566422105
vn 0.353944451 -0.925097764 -0.13754046
vn 0.396476954 -0.899992645 -0.181160703
vn 0.280375868 -0.784819901 -0.552672744
vn 0.0583552234 -0.245461166 -0.967648447
vn 0.462718606 -0.882814527 -0.0808077008
vn 0.180265591 -0.309547514 -0.93364054
vn 0.0111424373 0.212912515 -0.977007747
vn 0.445701122 -0.748832762 -0.490509987
vn 0.60303551 -0.794901907 -0.0669261962
vn 0.589166939 -0.684934974 -0.428656638
vn 0.457170814 -0.391897112 -0.798380494
vn 0.600495875 -0.404556632 -0.689738095
vn 0.189770535 0.170033902 -0.966993093
vn -0.245637685 0.500187278 -0.830346167
vn 0.509603977 0.0414217673 -0.859411478
vn 0.637595952 -0.0384892114 -0.769408882
vn 0.100142218 0.550049722 -0.829106033
vn -0.476721495 0.836610913 -0.26984936
vn 0.568936586 0.429333538 -0.701415598
vn 0.694987535 0.311312228 -0.648133457
vn 0.00732266391 0.930466831 -0.366302758
vn -0.354020566 0.918328345 0.177038461
vn 0.622741044 0.681272209 -0.384787917
vn 0.754942715 0.533346415 -0.381579787
vn 0.0822189599 0.990832388 0.107196726
vn -0.376475096 0.73304832 0.566486239
vn 0.66680944 0.744978189 -0.0193019845
vn 0.799360931 0.598569393 -0.0523132756
vn 0.0629259422 0.833299518 0.549228728
vn -0.128932431 0.218149334 0.967360973
vn 0.65388757 0.662774503 0.364912331
vn 0.801314473 0.525531888 0.285851955
vn 0.172527179 0.350237787 0.920634508
vn 0.20056513 -0.105976462 0.973931432
vn 0.623531699 0.375562519 0.685682952
vn 0.773313165 0.294910878 0.561261296
vn 0.317676365 -0.0633464605 0.946080923
vn 0.261435986 -0.489912808 0.831646919
vn 0.590128899 -0.0430992991 0.806157827
vn 0.727343976 -0.0658827722 0.683103442
vn 0.32009846 -0.490221441 0.810690999
vn 0.342020184 -0.899499178 0.271888673
vn 0.536743879 -0.473339051 0.698466897
vn 0.676760077 -0.44264704 0.588268042
vn 0.335379422 -0.881701231 0.331848502
vn 0.396476954 -0.899992645 -0.181160703
vn 0.353944451 -0.925097764 -0.13754046
vn 0.489490986 -0.797638237 0.352380276
vn 0.632919967 -0.71115154 0.306064725
vn 0.462718606 -0.882814527 -0.0808077008
vn 0.60303551 -0.794901907 -0.0669261962
vn 0.0546021014 0.865396023 -0.498104751
vn -0.0183716696 0.505309761 -0.862742484
vn 0.0546021014 0.865396023 -0.498104751
vn -0.0183716696 0.505309761 -0.862742484
vn -0.0864244774 0.00982601196 -0.996209979
vn -0.0864244774 0.00982601196 -0.996209979
vn -0.131312653 -0.488299131 -0.862740338
vn -0.131312653 -0.488299131 -0.862740338
vn -0.140984237 -0.855579317 -0.498103887
vn -0.140984237 -0.855579317 -0.498103887
vn -0.11291863 -0.993604243 -2.80768359E-06
vn -0.11291863 -0.993604243 -2.80768359E-06
vn -0.0546309948 -0.86539495 0.498103559
vn -0.11291863 -0.993604243 -2.80768359E-06
vn -0.0546309948 -0.86539495 0.498103559
vn 0.112945974 0.993601024 -9.10182052E-07
vn 0.0546021014 0.865396023 -0.498104751
vn 0.112945974 0.993601024 -9.10182052E-07
vn 0.0183497835 -0.505312443 0.862741411
vn -0.0546309948 -0.86539495 0.498103559
vn 0.0183497835 -0.505312443 0.862741411
vn 0.0864263773 -0.00982552022 0.996209741
vn 0.0864263773 -0.00982552022 0.996209741
vn 0.131324455 0.488290757 0.862743258
vn 0.131324455 0.488290757 0.862743258
vn 0.141029522 0.855570972 0.498105466
vn 0.141029522 0.855570972 0.498105466
vn 0.112945974 0.993601024 -9.10182052E-07
vn 0.277390659 -0.891454399 -0.358278483
vn 0.308500051 -0.912985146 -0.26699391
vn 0.277390659 -0.891454399 -0.358278483
vn 0.308500051 -0.912985146 -0.26699391
vn 0.308050245 -0.928674281 -0.20656538
vn 0.308050245 -0.928674281 -0.20656538
vn 0.356532335 -0.836347222 -0.416422695
vn 0.356532335 -0.836347222 -0.416422695
vn 0.421038598 -0.832069695 -0.36109075
vn 0.421038598 -0.832069695 -0.36109075
vn 0.274295866 -0.959670365 0.0616006851
vn 0.274295866 -0.959670365 0.0616006851
vn -0 -0.981352746 0.192215264
vn -0 -0.981352746 0.192215264
vn -0.274295896 -0.959670126 0.0616030619
vn -0.274295896 -0.959670126 0.0616030619
vn -0.421039104 -0.832070768 -0.361087739
vn -0.421039104 -0.832070768 -0.361087739
vn -0.356532693 -0.836347938 -0.416421175
vn -0.356532693 -0.836347938 -0.416421175
vn -0.308050245 -0.928674281 -0.206565067
vn -0.308050245 -0.928674281 -0.206565067
vn -0.308500081 -0.912985265 -0.266993642
vn -0.308500081 -0.912985265 -0.266993642
vn -0.27739048 -0.891453445 -0.358281046
vn -0.27739048 -0.891453445 -0.358281046
vn -0.680842042 -0.677341878 0.278679103
vn -0.561380506 -0.712115586 0.42159611
vn -0.867817819 -0.48906824 0.0877748802
vn -0.867817819 -0.48906824 0.0877748802
vn -0.924808204 -0.293093592 -0.242540583
vn -0.924808204 -0.293093592 -0.242540583
vn -0.857724011 -0.157433063 -0.489412189
vn -0.839735746 -0.1736646 -0.514474988
vn -0.857351005 -0.106490314 -0.503596067
vn -0.558828712 -0.151589721 -0.815310419
vn -0.558828712 -0.151589721 -0.815310419
vn 0.00108114525 -0.138537839 -0.990356505
vn 0.00108114525 -0.138537839 -0.990356505
vn 0.559776425 -0.148982689 -0.815140784
vn 0.559776425 -0.148982689 -0.815140784
vn 0.857350886 -0.106490277 -0.503596306
vn 0.857723773 -0.157433003 -0.489412665
vn 0.839735448 -0.17366454 -0.514475346
vn 0.924808145 -0.293093532 -0.242541
vn 0.924808145 -0.293093532 -0.242541
vn 0.867817998 -0.489068389 0.0877728611
vn 0.867817998 -0.489068389 0.0877728611
vn 0.680842519 -0.677342296 0.278677195
vn 0.559495032 -0.714900613 0.419383407
vn 0.718321741 0.115669601 -0.686028063
vn 0.893070459 0.145786926 -0.425642401
vn 0.872750878 -0.0635859147 -0.484006971
vn 0.682661235 -0.0644916147 -0.727883518
vn 0.460909992 0.0278048031 -0.887011111
vn 0.819090962 -0.198260695 -0.5383147
vn 0.442243129 -0.0887032673 -0.892498076
vn -2.17615792E-07 -0.0385042913 -0.999258459
vn 0.613154292 -0.184024006 -0.768229663
vn 0.833621979 -0.0795700029 -0.546573877
vn 0.621933222 -0.0483432822 -0.781576574
vn 0.854798794 0.0232120156 -0.518440247
vn 0.402970552 -0.167276233 -0.899796367
vn -0 -0.115320057 -0.993328452
vn 0.660788119 0.119408369 -0.741013348
vn 0.868798018 0.16369386 -0.467326701
vn 0.403064966 -0.0321795866 -0.914605379
vn 0.687593043 0.298704892 -0.661808968
vn 0.850470483 0.350076884 -0.392614543
vn -0.442241549 -0.0887032077 -0.892498791
vn -0.4609088 0.0278044939 -0.887011886
vn -0.718320608 0.115669407 -0.686029196
vn -0 -0.160864621 -0.986976445
vn 0.423819393 0.176402688 -0.888402641
vn 0.699795723 0.529025853 -0.480018437
vn 0.894673944 0.385763556 -0.225266337
vn -0.682660341 -0.0644917786 -0.727884471
vn -0.893070638 0.14578706 -0.425641805
vn -0.872751236 -0.0635860041 -0.484006405
vn -0.402970433 -0.167276204 -0.899796367
vn -0.613155246 -0.184024185 -0.768228889
vn -0.819091558 -0.198260844 -0.538313687
vn -0.403066456 -0.0321796499 -0.914604783
vn -0.621934831 -0.0483434647 -0.781575382
vn -0.833622098 -0.0795700923 -0.546573699
vn -1.31255391E-07 -0.0187478997 -0.999824345
vn -0.660788774 0.119408138 -0.741012812
vn -0.854798853 0.0232120194 -0.518440008
vn -0.423819184 0.176402405 -0.88840276
vn -0 0.215624303 -0.976476371
vn -0.6875934 0.298705041 -0.66180861
vn -0.868798733 0.163694382 -0.46732527
vn -0.433686703 0.42597726 -0.794014692
vn 0.433687538 0.425977528 -0.794013917
vn -0.699795663 0.529025972 -0.480018437
vn -0.850470662 0.35007754 -0.39261362
vn -0 0.498117387 -0.867109597
vn -0.418938428 0.711570919 -0.56405443
vn -0 0.794460595 -0.607315719
vn 0.418938488 0.711570919 -0.56405431
vn -0.669273555 0.690460265 -0.274476767
vn -0.894674361 0.385764301 -0.225263566
vn -0 0.947817028 -0.318815082
vn -0.377295315 0.875414252 -0.302155793
vn 0.669273436 0.690460324 -0.274477154
vn 0.901408434 0.424861819 -0.0833986849
vn -0.641888678 0.758995295 -0.109110311
vn -0.901408434 0.424862087 -0.0833972916
vn 0.377295524 0.875414729 -0.302154392
vn 0.641888559 0.758995295 -0.10911075
vn 0.888893962 0.45230785 0.0726993158
vn -0 0.995607316 -0.0936269611
vn -0.345227033 0.933560133 -0.0963527635
vn -0.613671541 0.785308719 0.0818377063
vn -0.888894081 0.452307791 0.0726986229
vn 0.345227063 0.933560133 -0.0963521227
vn 0.613671541 0.785308719 0.0818376988
vn 0.874979615 0.449725956 0.179324254
vn -0 0.99462682 0.103525132
vn -0.314290464 0.944527745 0.0953355134
vn -0.604604185 0.769480526 0.20579949
vn -0.874979794 0.449725896 0.179324001
vn 0.314290494 0.944527745 0.0953348055
vn 0.604604006 0.769480169 0.20580174
vn 0.859135985 0.451598823 0.240715384
vn -0 0.970842123 0.239719495
vn -0.29717204 0.927672446 0.226081058
vn -0 0.943659782 0.33091706
vn 0.297171831 0.927671313 0.226085931
vn 0.606289148 0.750279188 0.263618171
vn 0.800450385 0.477835715 0.36187318
vn -0.287807494 0.906890869 0.307759315
vn 0.287807524 0.90689075 0.307759494
vn 0.595975876 0.682287872 0.423433661
vn 0.819265783 0.329611033 0.469212383
vn -0.606289089 0.750278831 0.263619363
vn -0.859135807 0.451598704 0.240716159
vn 0.281583756 0.830598593 0.480433673
vn 0.564846277 0.546258748 0.618506253
vn 0.796530485 0.190470532 0.573812068
vn -0.281582981 0.830596626 0.480437607
vn -0.595975041 0.68228668 0.423436701
vn -0.800450087 0.477835417 0.361874253
vn -0 0.866291761 0.499538481
vn 0.277300686 0.671655178 0.687010705
vn -0.564846992 0.546259761 0.618504822
vn -0.819265187 0.329611123 0.469213217
vn -0.277301431 0.67165637 0.687009156
vn -0.540414155 0.346997589 0.766514957
vn -0.79652983 0.190470383 0.573812902
vn -0 0.709333241 0.704873383
vn -0.277601361 0.420352489 0.863852561
vn 0.540413618 0.346996754 0.766515672
vn 0.277600855 0.420351624 0.863853216
vn -0 0.44298774 0.896527588
vn -0 0.159567073 0.987187147
vn -0.279305309 0.144931197 0.949201465
vn -0.537042677 0.11815118 0.835239708
vn 0.537042975 0.118151419 0.83523947
vn 0.279305845 0.14493154 0.949201286
vn 1.5450118E-07 0.126484782 0.991968572
vn 0.773694038 0.0720642507 0.629447699
vn 0.673204184 0.0292158835 0.738879263
vn 0.244461834 0.095964618 0.964898527
vn 0.130035713 0.108198486 0.985588074
vn -0.244461656 0.0959643871 0.964898646
vn 0.949378848 0.0210871566 0.313424826
vn 0.970685661 -0.0671710521 0.230775505
vn 0.955778718 0.13022761 0.263681352
vn 2.25913837E-07 0.109124899 0.994028091
vn 1.40315521E-07 -0.0851364285 0.996369362
vn 0.430717349 -0.0948828757 0.897485256
vn -0.130035266 0.108198203 0.985588193
vn -0.673204064 0.0292158611 0.738879383
vn -0.430717289 -0.094882831 0.897485375
vn 0.990302742 -0.138793752 -0.00606621103
vn 0.949430823 -0.270129055 0.160035059
vn -0.773694098 0.0720642805 0.62944752
vn -0.949378848 0.0210871752 0.313424826
vn -0.970685661 -0.0671711043 0.230775595
vn -0.95577848 0.13022761 0.263682038
vn -0.990302742 -0.138793781 -0.00606616447
vn -0.949431062 -0.270129114 0.160034344
vn -0.587870002 -0.209666371 0.781312287
vn -0.915114939 -0.150370166 0.374103576
vn -0.936107814 0.20153676 0.288244933
vn -0.819265187 0.329611123 0.469213217
vn -0.800450087 0.477835417 0.361874253
vn -0.859135807 0.451598704 0.240716159
vn -0.874979794 0.449725896 0.179324001
vn -0.999226809 -0.0246830191 0.0306035224
vn -0.992776752 0.107269265 0.0537384525
vn -0.888894081 0.452307791 0.0726986229
vn -0.901408434 0.424862087 -0.0833972916
vn -0.975185633 -0.0796458274 -0.206566393
vn -0.985824227 0.046027977 -0.161344364
vn -0.956785679 -0.185833484 -0.223667353
vn -0.968063474 0.107246742 -0.226607904
vn -0.894674361 0.385764301 -0.225263566
vn -0.850470662 0.35007754 -0.39261362
vn -0.868798733 0.163694382 -0.46732527
vn -0.854798853 0.0232120194 -0.518440008
vn -0.833622098 -0.0795700923 -0.546573699
vn -0.819091558 -0.198260844 -0.538313687
vn -0.872751236 -0.0635860041 -0.484006405
vn -0.979007244 -0.0707736388 -0.191143587
vn -0.893070638 0.14578706 -0.425641805
vn -0.981316686 0.12481913 -0.146416649
vn -0.981178939 -0.172668964 0.0864478648
vn -0.994002283 -0.0277512278 0.105779186
vn -0.942121327 -0.210956603 0.260585189
vn -0.95349288 -0.238072813 0.184858292
vn -0.923227429 -0.16643478 0.346338719
vn -0.919455767 -0.28685841 0.268911213
vn -0.58848536 -0.25015527 0.768835008
vn 1.05684265E-07 -0.208858415 0.977945924
vn 1.51132753E-07 -0.201285779 0.97953254
vn 0.588485599 -0.25015521 0.768834889
vn 0.587870061 -0.209666371 0.781312227
vn 0.919455886 -0.286858439 0.268911034
vn 0.91511476 -0.150370136 0.374104053
vn 0.923227429 -0.16643478 0.346338719
vn 0.95349288 -0.238072842 0.184858292
vn 0.942121267 -0.210956618 0.260585576
vn 0.994002283 -0.0277512968 0.105779327
vn 0.981178939 -0.172668964 0.0864481479
vn 0.981316566 0.124819003 -0.146416977
vn 0.979007244 -0.0707736835 -0.19114387
vn 0.893070459 0.145786926 -0.425642401
vn 0.872750878 -0.0635859147 -0.484006971
vn 0.956785679 -0.185833424 -0.223667413
vn 0.819090962 -0.198260695 -0.5383147
vn 0.999226809 -0.0246830154 0.0306034461
vn 0.975185633 -0.0796458349 -0.206566215
vn 0.833621979 -0.0795700029 -0.546573877
vn 0.992776752 0.107269265 0.0537382625
vn 0.985824347 0.046028018 -0.161343679
vn 0.854798794 0.0232120156 -0.518440247
vn 0.968063593 0.107246377 -0.22660777
vn 0.868798018 0.16369386 -0.467326701
vn 0.850470483 0.350076884 -0.392614543
vn 0.894673944 0.385763556 -0.225266337
vn 0.901408434 0.424861819 -0.0833986849
vn 0.888893962 0.45230785 0.0726993158
vn 0.874979615 0.449725956 0.179324254
vn 0.936108112 0.201536462 0.288243979
vn 0.859135985 0.451598823 0.240715384
vn 0.819265783 0.329611033 0.469212383
vn 0.800450385 0.477835715 0.36187318
vn 0.201589301 -0.867579699 -0.454606622
vn 0.277390659 -0.891454399 -0.358278483
vn 0.277390659 -0.891454399 -0.358278483
vn 0.201589301 -0.867579699 -0.454606622
vn 0.12626949 -0.841732979 -0.524920523
vn 0.12626949 -0.841732979 -0.524920523
vn -0 -0.832754314 -0.55364275
vn -0 -0.832754314 -0.55364275
vn -0.126269415 -0.841732979 -0.524920583
vn -0.126269415 -0.841732979 -0.524920583
vn -0.201588988 -0.867578506 -0.454609126
vn -0.201588988 -0.867578506 -0.454609126
vn -0.27739048 -0.891453445 -0.358281046
vn -0.27739048 -0.891453445 -0.358281046
vn -0.561380506 -0.712115586 0.42159611
vn -0.680842042 -0.677341878 0.278679103
vn -0.54508698 -0.720744073 0.428261667
vn -0.422262371 -0.721333086 0.548974633
vn -0.00390857924 -0.762421131 0.647069275
vn -0.00390857924 -0.762421131 0.647069275
vn 0.418563366 -0.72677356 0.544614375
vn 0.559495032 -0.714900613 0.419383407
vn 0.545087039 -0.720744073 0.428261667
vn 0.680842519 -0.677342296 0.278677195
vn 0.201621562 -0.393110126 -0.8971138
vn 0.740980029 -0.558246732 -0.373241514
vn 0.257405519 -0.313970089 -0.913873732
vn 0.682859361 -0.636204898 -0.359091073
vn 0.023914421 -0.605839968 -0.795226991
vn 0.790488839 -0.475505352 0.386033833
vn 0.470305145 -0.831323206 -0.296166897
vn -0.212671638 -0.804174423 -0.555044413
vn 0.732127964 -0.553863466 0.396514654
vn 0.376947224 -0.114219792 0.919165134
vn 0.128221914 -0.976378202 -0.173910543
vn -0.415927857 -0.879431903 -0.231524602
vn 0.516005158 -0.754944384 0.404719263
vn 0.320578158 -0.19432807 0.927074015
vn -0.257413357 0.313966781 0.913872659
vn -0.31072256 0.231782943 0.921807051
vn 0.134240881 -0.421452522 0.896859527
vn -0.451337427 -0.0261998847 0.891968727
vn -0.231897369 -0.97240001 -0.0257265903
vn -0.555747092 -0.821778893 0.125795811
vn 0.163126945 -0.918043494 0.361366451
vn -0.128417224 -0.663342595 0.737214804
vn -0.575614929 -0.361476421 0.733486474
vn -0.213032633 -0.940905035 0.263276935
vn -0.370427728 -0.803402066 0.466184884
vn -0.611892104 -0.64041537 0.464172602
vn -0.31072256 0.231782943 0.921807051
vn -0.740986407 0.558234155 0.373247534
vn -0.257413357 0.313966781 0.913872659
vn -0.791967511 0.474860102 0.383790791
vn -0.451337427 -0.0261998847 0.891968727
vn -0.790497065 0.475495696 -0.386028796
vn -0.897723436 0.199278757 0.392912984
vn -0.575614929 -0.361476421 0.733486474
vn -0.841238737 0.392520428 -0.371813357
vn -0.376944333 0.114210926 -0.919167459
vn -0.916527748 -0.189276442 0.352351278
vn -0.611892104 -0.64041537 0.464172602
vn -0.94342345 0.122917913 -0.307966501
vn -0.429678112 0.0329990946 -0.902378976
vn 0.257405519 -0.313970089 -0.913873732
vn 0.201621562 -0.393110126 -0.8971138
vn -0.561676681 -0.210569471 -0.800112426
vn 0.023914421 -0.605839968 -0.795226991
vn -0.795958161 -0.547437727 0.258384615
vn -0.555747092 -0.821778893 0.125795811
vn -0.951440573 -0.247592047 -0.182918116
vn -0.659895122 -0.502305567 -0.558773279
vn -0.212671638 -0.804174423 -0.555044413
vn -0.814808786 -0.578922391 -0.0305866338
vn -0.657390773 -0.716457725 -0.23350729
vn -0.415927857 -0.879431903 -0.231524602
vn -0.496879041 -0.73972261 -0.453786045
vn -0.496879041 -0.73972261 -0.453786045
vn -0.496879041 -0.73972261 -0.453786045
vn -0.496879041 -0.73972261 -0.453786045
vn -0.33425045 0.0578199737 -0.940708995
vn -0.00500803068 -0.474496692 -0.880243063
vn 0.197863042 -0.298685879 -0.933614969
vn -0.403030455 -0.152025804 -0.902471304
vn -0.392731369 -0.0926330164 -0.91497612
vn 0.0532662533 -0.4492127 -0.89183557
vn 0.195829049 -0.268715769 -0.943102717
vn -0.296114266 0.0602430291 -0.953250825
vn -0.759766757 0.440857023 -0.477911681
vn -0.426327944 0.179188386 -0.886643171
vn -0.266017199 0.487017244 -0.831894875
vn -0.752002954 0.221850023 -0.620704651
vn -0.192571178 0.734544992 -0.65066123
vn -0.80591917 0.370146751 -0.462044984
vn -0.723461151 0.547317505 0.420770198
vn -0.732103348 0.537131965 0.418943703
vn -0.676375747 0.481532544 0.55735296
vn 0.14283888 0.924854398 -0.352478892
vn 0.213765576 0.849249423 -0.482783258
vn 0.553568006 0.824124038 -0.119924873
vn 0.342695713 0.939420819 -0.00695059216
vn -0.0603651777 0.931433678 0.358869493
vn -0.24672538 0.249708578 0.936361194
vn -0.219938084 0.283679307 0.933355927
vn 0.35612756 -0.103952192 0.928637266
vn -0.260318607 0.224188998 0.939134419
vn 0.290277243 -0.208521515 0.933947504
vn -0.179396451 0.327192783 0.927772462
vn -0.439722449 0.468520731 0.766245782
vn 0.141740918 0.710765421 0.689000726
vn -0.0603651777 0.931433678 0.358869493
vn 0.40869534 -0.0708665922 0.909915447
vn 0.65862447 -0.62826848 0.414116383
vn 0.784183145 -0.467170537 0.408421963
vn 0.710858166 -0.542549133 -0.44757247
vn 0.283846468 -0.242281631 0.927755773
vn 0.551993012 -0.72973901 -0.403465867
vn 0.195829049 -0.268715769 -0.943102717
vn 0.0532662533 -0.4492127 -0.89183557
vn -0.00500803068 -0.474496692 -0.880243063
vn 0.633535028 -0.662059724 0.400387585
vn 0.494762331 -0.763422668 -0.415206075
vn 0.197863042 -0.298685879 -0.933614969
vn 0.81003809 -0.448687434 0.377515465
vn 0.691583574 -0.515844524 -0.505585372
vn 0.567778587 -0.0916232839 -0.818066478
vn 0.634951591 0.383150995 0.670844078
vn 0.967227876 0.0549320355 0.247896641
vn 0.967227876 0.0549320355 0.247896641
vn 0.860449135 -0.0941865966 -0.500755548
vn 0.756616056 0.653736651 -0.0126765789
vn 0.637011647 0.762440383 0.113581412
vn 0.756616056 0.653736651 -0.0126765789
vn 0.553569913 0.824121952 -0.11993055
vn 0.553568006 0.824124038 -0.119924873
vn 0.822522998 0.447189361 -0.351393521
vn 0.718829453 0.49935168 -0.483665407
vn 0.553569913 0.824121952 -0.11993055
vn 0.47230196 0.873197436 0.120237626
vn 0.342695713 0.939420819 -0.00695059216
vn 0.342695713 0.939420819 -0.00695059216
vn 0.553564072 0.824127734 -0.119918019
vn 0.553564072 0.824127734 -0.119918019
vn 0.553564072 0.824127734 -0.119918019
vn 0.553564072 0.824127734 -0.119918019
vn -0.0668645501 -0.0995457545 -0.992783904
vn -0.0668645501 -0.0995457545 -0.992783904
vn -0.0668645501 -0.0995457545 -0.992783904
vn -0.0668645501 -0.0995457545 -0.992783904
vn -0.448350787 0.765975595 -0.460720003
vn 0.204952374 0.660346091 -0.722452462
vn -0.0623377785 0.919821262 -0.387353659
vn -0.0597976968 0.409607172 -0.910300076
vn -0.770781457 0.452507198 -0.448478669
vn -0.733628035 0.550769269 0.398049057
vn -0.322045088 0.0790674761 -0.943416774
vn -0.417649597 0.855235994 0.306822717
vn -0.0623377785 0.919821262 -0.387353659
vn -0.0385332108 0.985935092 0.162626132
vn 0.0260303784 0.617183983 0.786388159
vn -0.0385332108 0.985935092 0.162626132
vn 0.276486397 0.813565493 0.51153338
vn -0.240078971 0.295865387 0.924567878
vn 0.570358932 0.253020346 0.781454682
vn 0.276486397 0.813565493 0.51153338
vn 0.654827178 0.560813606 0.506645262
vn 0.373560697 -0.116954975 0.920203149
vn 0.952296793 -0.0684967488 0.297387183
vn 0.790483057 -0.474556804 0.387211055
vn 0.654827178 0.560813606 0.506645262
vn 0.93010217 0.332392633 0.156285152
vn 0.552226603 0.434500307 -0.711516201
vn 0.204952374 0.660346091 -0.722452462
vn 0.426108837 0.0901463032 -0.900169373
vn 0.218846694 -0.282862902 -0.933860064
vn 0.889681995 -0.134565383 -0.436300397
vn 0.722941697 -0.546990573 -0.422085941
vn 0.790483057 -0.474556804 0.387211055
vn 0.952296793 -0.0684967488 0.297387183
vn 0.88543731 0.281029552 -0.370166391
vn 0.552226603 0.434500307 -0.711516201
vn 0.88543731 0.281029552 -0.370166391
vn 0.93010217 0.332392633 0.156285152
vn -0.19410713 -0.979755998 -0.0489960536
vn -0.830599844 -0.554708779 -0.0490112342
vn -0.19410713 -0.979755998 -0.0489960536
vn -0.830599844 -0.554708779 -0.0490112342
vn -0.980537593 0.195276663 -0.0203225799
vn -0.980537593 0.195276663 -0.0203225799
vn -0.55609566 0.830870986 0.0202738866
vn -0.55609566 0.830870986 0.0202738866
vn 0.19410421 0.979756117 0.0490049236
vn 0.19410421 0.979756117 0.0490049236
vn 0.830599904 0.554707825 0.0490200594
vn 0.830599904 0.554707825 0.0490200594
vn 0.980537832 -0.195276126 0.02031512
vn 0.980537832 -0.195276126 0.02031512
vn 0.556092203 -0.830873013 -0.0202814788
vn 0.556092203 -0.830873013 -0.0202814788
vn -0.19410713 -0.979755998 -0.0489960536
vn -0.19410713 -0.979755998 -0.0489960536
vn -0.0842317864 -0.125398532 0.988524258
vn 0.066865921 0.0995471925 0.992783666
vn 0.066865921 0.0995471925 0.992783666
vn -0.0842317864 -0.125398532 0.988524258
vn -0.0817704722 -0.121735901 0.989188552
vn -0.0817704722 -0.121735901 0.989188552
vn 0.0718052983 0.10689754 0.991673768
vn 0.0718052983 0.10689754 0.991673768
vn -0.831826687 0.535789549 -0.144892558
vn -0.838196874 0.501144171 -0.215129018
vn -0.838196874 0.501144171 -0.215129018
vn -0.825571835 0.558292866 -0.082098648
vn -0.756119609 0.654373527 -0.00884780381
vn -0.813794076 0.580795109 0.0204028413
vn -0.802016199 0.595664561 0.0442038365
vn -0.692524672 0.721388876 -0.00275390455
vn -0.577924013 0.814967096 -0.0428067893
vn -0.817556024 0.575714231 0.0124598769
vn -0.830118299 0.557587266 -5.28485225E-06
vn -0.830119073 0.557586253 -6.54309224E-06
vn -0.830117404 0.557588577 -6.54310725E-06
vn 0.810889006 -0.563031435 -0.159544855
vn 0.781435728 -0.581670582 -0.225870579
vn 0.781435728 -0.581670582 -0.225870579
vn 0.83246845 -0.544438243 -0.102875166
vn 0.894160986 -0.44721356 -0.021822134
vn 0.848140836 -0.529630423 0.0121961683
vn 0.865486383 -0.500803173 0.0113843093
vn 0.929708779 -0.368285418 -0.00274584745
vn 0.972995102 -0.226825297 -0.0427888297
vn 0.842143059 -0.539110124 0.0124665778
vn 0.830113471 -0.557594419 5.5365158E-06
vn 0.830116093 -0.557590485 4.0264913E-06
vn 0.830118418 -0.557587206 8.05309173E-06
vn -0.113196053 -0.169144213 -0.979069412
vn -0.113196053 -0.169144213 -0.979069412
vn -0.113196053 -0.169144213 -0.979069412
vn -0.113196053 -0.169144213 -0.979069412
vn 0.549191117 0.820467532 0.158814237
vn 0.549191117 0.820467532 0.158814237
vn 0.549191117 0.820467532 0.158814237
vn 0.549191117 0.820467532 0.158814237
vn 0.178325355 0.463551074 0.867940366
vn 0.969801128 0.151684269 0.190991223
vn 0.85414046 0.0264055915 0.519371688
vn 0.53544575 0.798339546 0.275593549
vn 0.535446346 0.798339725 -0.275591791
vn 0.969801664 0.151688501 -0.190985039
vn 0.270069867 0.402671307 -0.87459594
vn 0.613475442 -0.169922739 -0.771216035
vn 0.613475442 -0.169922739 -0.771216035
vn 0.270069867 0.402671307 -0.87459594
vn -0 0 -1
vn -0 0 -1
vn 0.244498089 -0.678952217 -0.692274928
vn -0.189737037 -0.485419482 -0.853444695
vn 0.0781744123 -0.988618493 0.128538385
vn -0.397476196 -0.429449618 0.810916543
vn 0.092834428 -0.917621732 0.386461109
vn -0.353057206 -0.905621111 0.234949186
vn 0.0781692639 -0.988618731 -0.128539726
vn -0.353055984 -0.905621707 -0.234948367
vn -0.189737037 -0.485419482 -0.853444695
vn 0.244498089 -0.678952217 -0.692274928
vn 0.85414046 0.0264055915 0.519371688
vn 0.810941219 -0.531552553 -0.244593754
vn 0.763243616 -0.0498683117 0.644183576
vn 0.806562245 -0.583331525 -0.0958207324
vn 0.969801128 0.151684269 0.190991223
vn 0.540263832 -0.808054984 -0.234866202
vn 0.969801664 0.151688501 -0.190985039
vn 0.557809711 -0.824790537 -0.0925677344
vn 0.0947322324 -0.850464165 0.517432511
vn 0.092834428 -0.917621732 0.386461109
vn 0.0781744123 -0.988618493 0.128538385
vn 0.77352196 -0.633769572 4.21842378E-06
vn 0.613475442 -0.169922739 -0.771216035
vn 0.244498089 -0.678952217 -0.692274928
vn 0.601896763 -0.798573971 4.00745876E-06
vn 0.0781692639 -0.988618731 -0.128539726
vn 0.85414046 0.0264055915 0.519371688
vn 0.763243616 -0.0498683117 0.644183576
vn 0.0116996933 0.296202123 0.955053687
vn 0.178325355 0.463551074 0.867940366
vn -0.315406263 0.301544547 0.899772048
vn -0.315406263 0.301544547 0.899772048
vn -0.465355784 0.243274361 0.851035535
vn -0.465355784 0.243274361 0.851035535
vn -0.397476196 -0.429449618 0.810916543
vn -0.390480846 -0.166714683 0.905389965
vn 0.0947322324 -0.850464165 0.517432511
vn 0.092834428 -0.917621732 0.386461109
vn -0.479129821 -0.732887626 0.483022124
vn -0.14172563 -0.495391637 0.857030272
vn -0.479129821 -0.732887626 0.483022124
vn -0.14172563 -0.495391637 0.857030272
vn 0.427917808 0.075278908 0.900677145
vn 0.427917808 0.075278908 0.900677145
vn 0.529835284 0.53837502 0.655306756
vn 0.529835284 0.53837502 0.655306756
vn 0.820319116 -0.546277106 -0.169286296
vn 0.400423527 -0.86565733 -0.300496906
vn 0.339894414 -0.896478951 -0.284248829
vn 0.812021017 -0.577567935 -0.0838884637
vn 0.862504363 0.191696793 0.468335897
vn 0.357209116 -0.789191246 -0.499578685
vn 0.830722868 0.0851495788 0.550135434
vn 0.161946476 0.759083688 0.630527854
vn 0.847008109 -0.528657258 -0.055666551
vn 0.373578608 -0.677468121 -0.633621335
vn 0.196536034 0.645742059 0.737828493
vn -0.464365244 0.702504754 0.539306879
vn 0.811680615 -0.0436484031 0.582468271
vn -0.454022229 0.647894561 0.611634374
vn -0.813779175 0.287835568 0.504890203
vn 0.251609087 0.414444298 0.87460202
vn -0.874724805 0.217722222 0.43295908
vn -0.643748224 -0.293236524 0.706824183
vn -0.442285299 0.549093366 0.70914048
vn -0.744747221 -0.518121541 0.420596838
vn -0.110522725 -0.936707079 0.332211703
vn -0.162560061 -0.983642459 0.0776001066
vn -0.928022742 0.280958652 0.244613871
vn -0.895587504 -0.344283849 -0.281765223
vn -0.283599794 -0.780084908 -0.557708323
vn -0.348605961 -0.474402249 -0.808341682
vn -0.984695137 0.170272291 0.0371872708
vn -0.734556377 -0.120677903 0.667730272
vn -0.862009823 0.00652158307 -0.506849706
vn 0.21325165 -0.387156427 0.897013724
vn -0.892454565 -0.211828649 -0.398313344
vn -0.511376679 -0.719614148 -0.469733298
vn -0.639401197 -0.766351521 0.0622210614
vn -0.639401197 -0.766351521 0.0622210614
vn -0.962009788 -0.247774258 -0.114651963
vn 0.079413332 -0.968471766 0.23612687
vn -0.511376679 -0.719614148 -0.469733298
vn 0.231686905 -0.928565919 -0.289976895
vn -0.348605961 -0.474402249 -0.808341682
vn 0.373578608 -0.677468121 -0.633621335
vn -0.283599794 -0.780084908 -0.557708323
vn 0.357209116 -0.789191246 -0.499578685
vn 0.339894414 -0.896478951 -0.284248829
vn -0.162560061 -0.983642459 0.0776001066
vn 0.400423527 -0.86565733 -0.300496906
vn -0.110522725 -0.936707079 0.332211703
vn 0.814869344 -0.335723966 0.472522438
vn 0.079413332 -0.968471766 0.23612687
vn 0.872290373 -0.481134862 -0.0872856379
vn 0.655552387 -0.702639699 0.276673943
vn 0.741220355 -0.671254575 -0.00312170782
vn 0.231686905 -0.928565919 -0.289976895
vn -0.13679035 0.692151964 -0.708670557
vn 0.319022417 -0.824370503 -0.467587382
vn 0.747251987 0.443582177 -0.494822592
vn -0.450473398 -0.608024657 -0.65374279
vn 0.2874538 -0.710482836 0.642327368
vn -0.84228766 -0.392896503 0.369031072
vn 0.5192523 0.715564072 0.467274159
vn -0.23864533 0.928671718 0.283931702
vn -0.835341096 0.549424529 0.0183847286
vn -0.998979628 0.0394084342 -0.0220590923
vn 0.296182632 0.94708389 -0.123725794
vn 0.296221256 0.947073936 -0.123709187
vn 0.747251987 0.443582177 -0.494822592
vn 0.296190381 0.947078407 -0.123748116
vn -0.13679035 0.692151964 -0.708670557
vn -0.788548172 0.37317732 -0.488805056
vn -0.859448969 -0.14073287 -0.491468877
vn -0.450473398 -0.608024657 -0.65374279
vn -0.84228766 -0.392896503 0.369031072
vn -0.13679035 0.692151964 -0.708670557
vn -0.23864533 0.928671718 0.283931702
vn 0.747251987 0.443582177 -0.494822592
vn 0.897071481 0.0622852631 0.437473714
vn 0.5192523 0.715564072 0.467274159
vn 0.990179062 -0.126984999 -0.0584837161
vn 0.319022417 -0.824370503 -0.467587382
vn 0.786236644 -0.462477535 0.409812838
vn 0.5192523 0.715564072 0.467274159
vn 0.79105556 -0.604764104 -0.0921487361
vn 0.2874538 -0.710482836 0.642327368
vn 0.226799965 -0.0309107583 -0.973450661
vn 0.959455431 -0.258783728 -0.111697018
vn 0.959455431 -0.258783728 -0.111697018
vn 0.226799965 -0.0309107583 -0.973450661
vn -0.152867928 0.273329198 0.949696004
vn -0.152867928 0.273329198 0.949696004
vn -0.152867928 0.273329198 0.949696004
vn -0.152867928 0.273329198 0.949696004
vn -0.807800829 0.238114581 -0.539220929
vn 0.226799965 -0.0309107583 -0.973450661
vn 0.226799965 -0.0309107583 -0.973450661
vn -0.807800829 0.238114581 -0.539220929
vn 0.833943605 0.286802709 -0.471468121
vn 0.198812887 -0.889977276 0.410382628
vn 0.833955407 0.286800027 0.471449107
vn 0.198811218 -0.889976144 -0.410385907
vn -0.735394716 -0.310167193 0.602487206
vn -0.735412359 -0.310141087 -0.602479219
vn 0.0257590543 0.914318204 0.404176444
vn 0.0257488098 0.914311111 -0.404193372
vn -0.074012287 0.375436455 -0.923888266
vn -0.281974316 -0.11890424 -0.952025414
vn 0.55700177 0.830511272 2.2552822E-05
vn 0.556994498 0.83051616 -4.09091372E-05
vn 0.833955407 0.286800027 0.471449107
vn 0.556954563 0.830542982 -2.49376535E-05
vn 0.833943605 0.286802709 -0.471468121
vn 0.316479921 0.00482753851 -0.948586881
vn 0.103469692 -0.463146716 -0.880221069
vn 0.198811218 -0.889976144 -0.410385907
vn -0.735412359 -0.310141087 -0.602479219
vn 0.833943605 0.286802709 -0.471468121
vn 0.0257488098 0.914311111 -0.404193372
vn 0.833955407 0.286800027 0.471449107
vn -0.0739927515 0.375436127 0.923889995
vn 0.0257590543 0.914318204 0.404176444
vn 0.316489339 0.00481511606 0.948583901
vn 0.198812887 -0.889977276 0.410382628
vn -0.281950772 -0.118925385 0.952029586
vn 0.0257590543 0.914318204 0.404176444
vn 0.103479244 -0.463181436 0.880201697
vn -0.735394716 -0.310167193 0.602487206
vn 0.93239522 -0.361440361 1.56748331E-06
vn 0.336821407 -0.130566239 0.932471931
vn 0.336821407 -0.130566239 0.932471931
vn 0.93239522 -0.361440361 1.56748331E-06
vn -0.750787973 0.660543263 3.94951385E-05
vn -0.750787973 0.660543263 3.94951385E-05
vn -0.750787973 0.660543263 3.94951385E-05
vn -0.750787973 0.660543263 3.94951385E-05
vn 0.336823106 -0.130570143 -0.932470679
vn 0.93239522 -0.361440361 1.56748331E-06
vn 0.93239522 -0.361440361 1.56748331E-06
vn 0.336823106 -0.130570143 -0.932470679
vn 0.932391226 -0.361450762 4.62025992E-06
vn 0.336793095 -0.130564764 0.932482302
vn 0.336793095 -0.130564764 0.932482302
vn 0.932391226 -0.361450762 4.62025992E-06
vn -0.750755847 0.660579801 -1.85199315E-05
vn -0.750755847 0.660579801 -1.85199315E-05
vn -0.750755847 0.660579801 -1.85199315E-05
vn -0.750755847 0.660579801 -1.85199315E-05
vn 0.336803526 -0.13056168 -0.932478964
vn 0.932391226 -0.361450762 4.62025992E-06
vn 0.932391226 -0.361450762 4.62025992E-06
vn 0.336803526 -0.13056168 -0.932478964
vn 0.630264521 -0.674101889 0.385166794
vn 0.839328051 0.343413144 0.4214212
vn 0.83933568 0.343414217 -0.421405017
vn 0.63026458 -0.674094439 -0.38517943
vn 0.235699728 -0.887368798 0.396260291
vn 0.235701516 -0.887362599 -0.396273106
vn -0.312929928 -0.868987381 -0.383322001
vn -0.312922359 -0.868984163 0.38333568
vn -0.846550107 -0.166885361 0.505472302
vn -0.846568465 -0.166883573 -0.505442142
vn 0.0257776752 0.914295375 0.404226929
vn 0.0257648546 0.914310634 -0.404193431
vn -0.275790423 -0.0543670505 -0.959679008
vn -0.312929928 -0.868987381 -0.383322001
vn -0.0739882812 0.375429153 0.923893273
vn -0.275757313 -0.0543653853 0.959688663
vn -0.312922359 -0.868984163 0.38333568
vn 0.361015826 0.0514604375 0.931138813
vn 0.839328051 0.343413144 0.4214212
vn 0.630264521 -0.674101889 0.385166794
vn 0.259671152 -0.277731985 0.92489773
vn 0.123417526 -0.47511816 0.871223688
vn 0.235699728 -0.887368798 0.396260291
vn -0.170712203 -0.476144731 0.86263752
vn 0.557021618 0.83049804 4.92150357E-05
vn 0.839328051 0.343413144 0.4214212
vn 0.557037592 0.830487251 2.7907352E-05
vn 0.83933568 0.343414217 -0.421405017
vn 0.557022333 0.830497503 9.04186982E-06
vn 0.361001939 0.0514537282 -0.931144476
vn 0.83933568 0.343414217 -0.421405017
vn 0.63026458 -0.674094439 -0.38517943
vn -0.0740073621 0.3754462 -0.923884809
vn 0.259660512 -0.277712524 -0.924906611
vn 0.12341579 -0.475093663 -0.871237397
vn 0.235701516 -0.887362599 -0.396273106
vn -0.170728534 -0.476166666 -0.862622261
vn 0.903519154 -0.428547621 2.92220489E-06
vn 0.322509885 -0.152966812 0.93412447
vn 0.322509885 -0.152966812 0.93412447
vn 0.903519154 -0.428547621 2.92220489E-06
vn -0.778916001 0.627128363 -8.6601749E-06
vn -0.778916001 0.627128363 -8.6601749E-06
vn -0.778916001 0.627128363 -8.6601749E-06
vn -0.778916001 0.627128363 -8.6601749E-06
vn 0.322512627 -0.152973399 -0.934122443
vn 0.903519154 -0.428547621 2.92220489E-06
vn 0.903519154 -0.428547621 2.92220489E-06
vn 0.322512627 -0.152973399 -0.934122443
vn 0.692691267 -0.609575212 0.385482818
vn 0.836165488 0.370772302 0.404172182
vn 0.836170912 0.370762646 -0.404169947
vn 0.692686319 -0.60957402 -0.385493279
vn 0.289097279 -0.87047857 0.398358822
vn 0.289087266 -0.870476484 -0.398370683
vn -0.29727605 -0.874436617 -0.383389562
vn -0.297273397 -0.87444669 0.383368671
vn -0.846547782 -0.166889086 0.505474925
vn -0.846542597 -0.166875601 -0.505488157
vn 0.025787076 0.91430676 0.404200792
vn 0.0257822424 0.914316416 -0.404179186
vn -0.27575174 -0.0543544032 -0.959690869
vn -0.29727605 -0.874436617 -0.383389562
vn -0.0739926994 0.375461221 0.923879802
vn -0.275756449 -0.0543659404 0.959688902
vn -0.297273397 -0.87444669 0.383368671
vn 0.375478089 0.0740067661 0.923871875
vn 0.836165488 0.370772302 0.404172182
vn 0.692691267 -0.609575212 0.385482818
vn 0.285188049 -0.25097689 0.92502892
vn 0.150852352 -0.464742571 0.872500956
vn 0.289097279 -0.87047857 0.398358822
vn -0.162006393 -0.479301453 0.862568319
vn 0.557041645 0.830484509 3.2865697E-05
vn 0.836165488 0.370772302 0.404172182
vn 0.557037532 0.830487251 3.25798283E-05
vn 0.836170912 0.370762646 -0.404169947
vn 0.557047725 0.830480516 5.25432915E-05
vn -0.07400392 0.375435591 -0.923889279
vn 0.836170912 0.370762646 -0.404169947
vn 0.375457197 0.0739884228 -0.923881888
vn 0.692686319 -0.60957402 -0.385493279
vn 0.285178542 -0.25097084 -0.925033391
vn -0.162005976 -0.479276091 -0.862582445
vn 0.150837213 -0.464731246 -0.872509658
vn 0.289087266 -0.870476484 -0.398370683
vn 0.833969831 0.286741197 -0.47145918
vn 0.198805153 -0.889995694 0.410346508
vn 0.833967805 0.286751896 0.471456349
vn 0.198798612 -0.890000045 -0.410340309
vn -0.735390902 -0.310230315 0.602459371
vn -0.735413551 -0.310206056 -0.602444291
vn 0.0257842019 0.914302528 0.404210329
vn 0.0257611573 0.914305866 -0.404204309
vn -0.0739977881 0.375459135 -0.923880219
vn -0.281986535 -0.118966326 -0.952013969
vn 0.557004213 0.830509603 -2.3736844E-05
vn 0.557000935 0.830511808 2.28307235E-05
vn 0.833967805 0.286751896 0.471456349
vn 0.557040811 0.830485106 -8.07266588E-06
vn 0.833969831 0.286741197 -0.47145918
vn 0.31649071 0.00483071804 -0.948583364
vn 0.103464797 -0.463223428 -0.880181372
vn 0.198798612 -0.890000045 -0.410340309
vn -0.735413551 -0.310206056 -0.602444291
vn 0.833969831 0.286741197 -0.47145918
vn 0.0257611573 0.914305866 -0.404204309
vn 0.833967805 0.286751896 0.471456349
vn -0.0739621446 0.375433266 0.92389369
vn 0.0257842019 0.914302528 0.404210329
vn 0.316492587 0.00484224269 0.94858259
vn 0.198805153 -0.889995694 0.410346508
vn -0.281937599 -0.118977346 0.952027142
vn 0.0257842019 0.914302528 0.404210329
vn 0.103471629 -0.463209003 0.880188107
vn -0.735390902 -0.310230315 0.602459371
vn 0.93239516 -0.36144051 5.03277943E-06
vn 0.33679384 -0.130562842 0.932482302
vn 0.33679384 -0.130562842 0.932482302
vn 0.93239516 -0.36144051 5.03277943E-06
vn -0.750746191 0.660590768 1.75117075E-05
vn -0.750746191 0.660590768 1.75117075E-05
vn -0.750746191 0.660590768 1.75117075E-05
vn -0.750746191 0.660590768 1.75117075E-05
vn 0.336806238 -0.130556405 -0.932478666
vn 0.93239516 -0.36144051 5.03277943E-06
vn 0.93239516 -0.36144051 5.03277943E-06
vn 0.336806238 -0.130556405 -0.932478666
vn 0.932380617 -0.36147806 1.8315639E-05
vn 0.336782306 -0.130578861 0.932484269
vn 0.336782306 -0.130578861 0.932484269
vn 0.932380617 -0.36147806 1.8315639E-05
vn -0.750745952 0.660591006 -7.113842E-05
vn -0.750745952 0.660591006 -7.113842E-05
vn -0.750745952 0.660591006 -7.113842E-05
vn -0.750745952 0.660591006 -7.113842E-05
vn 0.33682102 -0.1305729 -0.932471097
vn 0.932380617 -0.36147806 1.8315639E-05
vn 0.932380617 -0.36147806 1.8315639E-05
vn 0.33682102 -0.1305729 -0.932471097
vn 0.6303038 -0.674088418 0.385125965
vn 0.839348793 0.343408138 0.421383977
vn 0.839350462 0.343411446 -0.421377838
vn 0.630298018 -0.674098253 -0.385118186
vn 0.235753998 -0.88735503 0.39625901
vn 0.235738933 -0.88735801 -0.396261096
vn -0.312962502 -0.868971646 -0.38333109
vn -0.312969685 -0.86897099 0.38332659
vn -0.846590698 -0.166847527 0.505416751
vn -0.846580863 -0.16685155 -0.50543189
vn 0.0257571228 0.914317489 0.404178202
vn 0.0257631429 0.914305449 -0.404205114
vn -0.275793254 -0.0543612577 -0.95967859
vn -0.312962502 -0.868971646 -0.38333109
vn -0.0740147531 0.375445962 0.923884273
vn -0.275805146 -0.0543603487 0.959675193
vn -0.312969685 -0.86897099 0.38332659
vn 0.361028522 0.0514425077 0.93113488
vn 0.839348793 0.343408138 0.421383977
vn 0.6303038 -0.674088418 0.385125965
vn 0.259705275 -0.27774483 0.92488426
vn 0.123450808 -0.475104541 0.87122649
vn 0.235753998 -0.88735503 0.39625901
vn -0.170744792 -0.476143807 0.862631559
vn 0.557014942 0.83050245 -2.95318077E-05
vn 0.839348793 0.343408138 0.421383977
vn 0.557012498 0.830504119 -2.31310369E-05
vn 0.839350462 0.343411446 -0.421377838
vn 0.557009935 0.830505848 -4.79014088E-05
vn 0.361056417 0.0514505506 -0.931123614
vn 0.839350462 0.343411446 -0.421377838
vn 0.630298018 -0.674098253 -0.385118186
vn -0.0740020722 0.375462323 -0.92387861
vn 0.259706318 -0.277760416 -0.924879313
vn 0.12343552 -0.475120217 -0.871220112
vn 0.235738933 -0.88735801 -0.396261096
vn -0.170738772 -0.476152122 -0.862628162
vn 0.903509438 -0.428568244 4.59193461E-06
vn 0.322511375 -0.152978733 0.934122026
vn 0.322511375 -0.152978733 0.934122026
vn 0.903509438 -0.428568244 4.59193461E-06
vn -0.778918266 0.627125382 -1.06874977E-05
vn -0.778918266 0.627125382 -1.06874977E-05
vn -0.778918266 0.627125382 -1.06874977E-05
vn -0.778918266 0.627125382 -1.06874977E-05
vn 0.322518528 -0.15298301 -0.934118867
vn 0.903509438 -0.428568244 4.59193461E-06
vn 0.903509438 -0.428568244 4.59193461E-06
vn 0.322518528 -0.15298301 -0.934118867
vn 0.692675352 -0.609564483 0.385528088
vn 0.836145222 0.370760679 0.404224843
vn 0.836167932 0.370758533 -0.404179901
vn 0.692661047 -0.609589815 -0.385513932
vn 0.289072484 -0.870477319 0.398379683
vn 0.289047122 -0.870490789 -0.398368478
vn -0.297296643 -0.874437749 -0.383371085
vn -0.297302097 -0.874433517 0.38337636
vn -0.846555233 -0.166858613 0.505472541
vn -0.846553147 -0.166867271 -0.505473137
vn 0.0257508066 0.914295673 0.404227972
vn 0.025744928 0.914313912 -0.404187024
vn -0.275763273 -0.0543596484 -0.959687233
vn -0.297296643 -0.874437749 -0.383371085
vn -0.0739915743 0.375468403 0.923877001
vn -0.275758833 -0.0543511026 0.959689021
vn -0.297302097 -0.874433517 0.38337636
vn 0.375457764 0.0740318075 0.923878074
vn 0.836145222 0.370760679 0.404224843
vn 0.692675352 -0.609564483 0.385528088
vn 0.285166413 -0.25093925 0.925045729
vn 0.150839359 -0.464699149 0.872526348
vn 0.289072484 -0.870477319 0.398379683
vn -0.162018254 -0.479269356 0.862583816
vn 0.556977808 0.830527365 0.000118868971
vn 0.836145222 0.370760679 0.404224843
vn 0.557069242 0.830466032 6.33054369E-05
vn 0.836167932 0.370758533 -0.404179901
vn 0.556974769 0.830529451 -2.42304054E-06
vn -0.0739973709 0.375452161 -0.9238832
vn 0.836167932 0.370758533 -0.404179901
vn 0.375448376 0.0740094706 -0.923883796
vn 0.692661047 -0.609589815 -0.385513932
vn 0.285153329 -0.250965804 -0.92504257
vn -0.162023231 -0.479311317 -0.862559617
vn 0.150819421 -0.464753658 -0.872500777
vn 0.289047122 -0.870490789 -0.398368478
vn 0.833956778 0.286769599 -0.471464872
vn 0.198812678 -0.889982939 0.410370529
vn 0.833951473 0.286810577 0.471449465
vn 0.198818132 -0.889980972 -0.410372138
vn -0.735401869 -0.310205579 0.602458715
vn -0.735425115 -0.310157508 -0.602455258
vn 0.025771521 0.914314687 0.404183745
vn 0.0257360376 0.914313793 -0.404188067
vn -0.0740214139 0.375450015 -0.923882067
vn -0.281990498 -0.118911006 -0.952019751
vn 0.556997657 0.830514073 5.82980101E-06
vn 0.556999147 0.83051306 2.05309771E-05
vn 0.833951473 0.286810577 0.471449465
vn 0.557000637 0.830512106 9.80078403E-06
vn 0.833956778 0.286769599 -0.471464872
vn 0.316488653 0.0048116385 -0.94858408
vn 0.103475809 -0.463178039 -0.880203903
vn 0.198818132 -0.889980972 -0.410372138
vn -0.735425115 -0.310157508 -0.602455258
vn 0.833956778 0.286769599 -0.471464872
vn 0.0257360376 0.914313793 -0.404188067
vn 0.833951473 0.286810577 0.471449465
vn -0.0739750564 0.37547043 0.923877597
vn 0.025771521 0.914314687 0.404183745
vn 0.316505373 0.00486767525 0.948578179
vn 0.198812678 -0.889982939 0.410370529
vn -0.281961173 -0.118952155 0.952023208
vn 0.025771521 0.914314687 0.404183745
vn 0.10346929 -0.463181853 0.880202711
vn -0.735401869 -0.310205579 0.602458715
vn 0.932403445 -0.36141935 -2.14518946E-06
vn 0.336792618 -0.130551085 0.932484388
vn 0.336792618 -0.130551085 0.932484388
vn 0.932403445 -0.36141935 -2.14518946E-06
vn -0.750702798 0.66064018 1.53327037E-05
vn -0.750702798 0.66064018 1.53327037E-05
vn -0.750702798 0.66064018 1.53327037E-05
vn -0.750702798 0.66064018 1.53327037E-05
vn 0.336791247 -0.130544305 -0.932485819
vn 0.932403445 -0.36141935 -2.14518946E-06
vn 0.932403445 -0.36141935 -2.14518946E-06
vn 0.336791247 -0.130544305 -0.932485819
vn 0.932377219 -0.361486822 -1.98010025E-06
vn 0.336799175 -0.130571917 0.932479084
vn 0.336799175 -0.130571917 0.932479084
vn 0.932377219 -0.361486822 -1.98010025E-06
vn -0.750730395 0.660608709 -2.43101113E-06
vn -0.750730395 0.660608709 -2.43101113E-06
vn -0.750730395 0.660608709 -2.43101113E-06
vn -0.750730395 0.660608709 -2.43101113E-06
vn 0.336791128 -0.130582049 -0.932480633
vn 0.932377219 -0.361486822 -1.98010025E-06
vn 0.932377219 -0.361486822 -1.98010025E-06
vn 0.336791128 -0.130582049 -0.932480633
vn 0.63030076 -0.674087703 0.385132194
vn 0.83934015 0.343426019 0.4213866
vn 0.839334786 0.343457133 -0.421372116
vn 0.630300164 -0.674091935 -0.385125816
vn 0.235708088 -0.88737011 0.396252424
vn 0.235712051 -0.88737756 -0.39623335
vn -0.312938482 -0.868992388 -0.383303553
vn -0.312942833 -0.86898303 0.383321285
vn -0.846566498 -0.166866913 0.505450964
vn -0.846565723 -0.166886166 -0.505445838
vn 0.0257443748 0.914314628 0.404185653
vn 0.0257463772 0.91430676 -0.404203296
vn -0.275782198 -0.0543766953 -0.959680855
vn -0.312938482 -0.868992388 -0.383303553
vn -0.0740104467 0.3754296 0.923891246
vn -0.275779337 -0.0543609038 0.959682524
vn -0.312942833 -0.86898303 0.383321285
vn 0.361046851 0.0514366589 0.931128025
vn 0.83934015 0.343426019 0.4213866
vn 0.63030076 -0.674087703 0.385132194
vn 0.259703547 -0.277745754 0.924884498
vn 0.123412766 -0.475119412 0.871223807
vn 0.235708088 -0.88737011 0.396252424
vn -0.170731708 -0.476154059 0.86262852
vn 0.556987286 0.830521047 -3.39709368E-05
vn 0.83934015 0.343426019 0.4213866
vn 0.556995332 0.830515623 0
vn 0.839334786 0.343457133 -0.421372116
vn 0.556975186 0.830529094 -1.78622213E-05
vn 0.3610425 0.0514682345 -0.931128025
vn 0.839334786 0.343457133 -0.421372116
vn 0.630300164 -0.674091935 -0.385125816
vn -0.0739984363 0.375440717 -0.923887789
vn 0.259700149 -0.277747214 -0.924884975
vn 0.123426035 -0.475160092 -0.871199727
vn 0.235712051 -0.88737756 -0.39623335
vn -0.170735121 -0.476191372 -0.862607241
vn 0.903524399 -0.428536743 7.01316048E-06
vn 0.322514355 -0.152963832 0.934123337
vn 0.322514355 -0.152963832 0.934123337
vn 0.903524399 -0.428536743 7.01316048E-06
vn -0.778915048 0.627129436 0
vn -0.778915048 0.627129436 0
vn -0.778915048 0.627129436 0
vn -0.778915048 0.627129436 0
vn 0.322523922 -0.152974352 -0.93411839
vn 0.903524399 -0.428536743 7.01316048E-06
vn 0.903524399 -0.428536743 7.01316048E-06
vn 0.322523922 -0.152974352 -0.93411839
vn 0.692703247 -0.609550297 0.385500401
vn 0.836133838 0.370817095 0.40419668
vn 0.836135268 0.370809615 -0.404200554
vn 0.692674518 -0.609570861 -0.385519445
vn 0.289100856 -0.870486259 0.398339599
vn 0.289079487 -0.870469809 -0.398391068
vn -0.297293007 -0.874432921 -0.383384943
vn -0.297302693 -0.874448299 0.383342266
vn -0.846557379 -0.166879803 0.505461931
vn -0.846565127 -0.166863903 -0.505454183
vn 0.0257369261 0.914313316 0.40418905
vn 0.0257380828 0.914315701 -0.404183567
vn -0.275778383 -0.0543461554 -0.959683597
vn -0.297293007 -0.874432921 -0.383384943
vn -0.074010089 0.375443429 0.923885643
vn -0.275770485 -0.0543638021 0.959684968
vn -0.297302693 -0.874448299 0.383342266
vn 0.375436395 0.0740070716 0.923888803
vn 0.836133838 0.370817095 0.40419668
vn 0.692703247 -0.609550297 0.385500401
vn 0.285191625 -0.250945061 0.92503643
vn 0.150867179 -0.464750558 0.872494161
vn 0.289100856 -0.870486259 0.398339599
vn -0.162036136 -0.479326099 0.862549007
vn 0.556980312 0.830525637 -1.36761164E-05
vn 0.836133838 0.370817095 0.40419668
vn 0.556992769 0.830517352 -1.50233118E-05
vn 0.836135268 0.370809615 -0.404200554
vn 0.55698055 0.830525458 -3.41916166E-06
vn -0.0740101561 0.375449359 -0.923883259
vn 0.836135268 0.370809615 -0.404200554
vn 0.375449389 0.0740020871 -0.923883915
vn 0.692674518 -0.609570861 -0.385519445
vn 0.285155326 -0.250955462 -0.925044715
vn -0.162014991 -0.479270518 -0.862583816
vn 0.15083383 -0.464708328 -0.872522473
vn 0.289079487 -0.870469809 -0.398391068
vn 0.833948016 0.286781907 -0.471473068
vn 0.198803052 -0.889989734 0.410360426
vn 0.833952546 0.286791593 0.471459061
vn 0.198809206 -0.889976144 -0.41038692
vn -0.735417664 -0.310171664 0.602456987
vn -0.735412717 -0.310162127 -0.602467835
vn 0.0257590786 0.914312422 0.404189587
vn 0.0257495083 0.914319575 -0.404174119
vn -0.0740086585 0.375454396 -0.923881352
vn -0.281967372 -0.118927486 -0.952024519
vn 0.556991816 0.830518007 2.65539638E-05
vn 0.556986153 0.830521882 4.32112865E-05
vn 0.833952546 0.286791593 0.471459061
vn 0.556995928 0.830515265 2.80622717E-05
vn 0.833948016 0.286781907 -0.471473068
vn 0.316470385 0.00484035304 -0.9485901
vn 0.103471525 -0.463171542 -0.880207837
vn 0.198809206 -0.889976144 -0.41038692
vn -0.735412717 -0.310162127 -0.602467835
vn 0.833948016 0.286781907 -0.471473068
vn 0.0257495083 0.914319575 -0.404174119
vn 0.833952546 0.286791593 0.471459061
vn -0.0739917085 0.375472099 0.92387557
vn 0.0257590786 0.914312422 0.404189587
vn 0.316492647 0.00485102553 0.94858259
vn 0.198803052 -0.889989734 0.410360426
vn -0.281976402 -0.118938364 0.952020526
vn 0.0257590786 0.914312422 0.404189587
vn 0.103463501 -0.463187695 0.880200207
vn -0.735417664 -0.310171664 0.602456987
vn 0.932368934 -0.361508161 5.61023626E-06
vn 0.336788088 -0.130589426 0.932480752
vn 0.336788088 -0.130589426 0.932480752
vn 0.932368934 -0.361508161 5.61023626E-06
vn -0.750736713 0.660601616 1.99852877E-07
vn -0.750736713 0.660601616 1.99852877E-07
vn -0.750736713 0.660601616 1.99852877E-07
vn -0.750736713 0.660601616 1.99852877E-07
vn 0.336801916 -0.130582154 -0.93247658
vn 0.932368934 -0.361508161 5.61023626E-06
vn 0.932368934 -0.361508161 5.61023626E-06
vn 0.336801916 -0.130582154 -0.93247658
vn 0.932382882 -0.361471981 2.31008357E-06
vn 0.336798817 -0.130576029 0.932478666
vn 0.336798817 -0.130576029 0.932478666
vn 0.932382882 -0.361471981 2.31008357E-06
vn -0.750766575 0.660567462 9.83019345E-06
vn -0.750766575 0.660567462 9.83019345E-06
vn -0.750766575 0.660567462 9.83019345E-06
vn -0.750766575 0.660567462 9.83019345E-06
vn 0.336805284 -0.130570993 -0.932476997
vn 0.932382882 -0.361471981 2.31008357E-06
vn 0.932382882 -0.361471981 2.31008357E-06
vn 0.336805284 -0.130570993 -0.932476997
vn 0.630275488 -0.674111068 0.385132581
vn 0.839327037 0.343473315 0.421374172
vn 0.839327157 0.343471348 -0.421375722
vn 0.630268693 -0.674114525 -0.385137767
vn 0.235706806 -0.887368619 0.396256536
vn 0.235708266 -0.887367904 -0.396257311
vn -0.312958837 -0.868975401 -0.383325756
vn -0.312951267 -0.868977308 0.383327544
vn -0.846567273 -0.166872323 0.505447865
vn -0.846565127 -0.166883364 -0.505447745
vn 0.0257684272 0.914322197 0.404167056
vn 0.0257662833 0.914321601 -0.404168487
vn -0.275768429 -0.0543846972 -0.959684372
vn -0.312958837 -0.868975401 -0.383325756
vn -0.0739999861 0.375456065 0.923881352
vn -0.275764465 -0.0543751195 0.959686041
vn -0.312951267 -0.868977308 0.383327544
vn 0.361026853 0.0514635108 0.931134343
vn 0.839327037 0.343473315 0.421374172
vn 0.630275488 -0.674111068 0.385132581
vn 0.259687126 -0.277738839 0.924891233
vn 0.123421952 -0.475100845 0.871232569
vn 0.235706806 -0.887368619 0.396256536
vn -0.170713887 -0.476153344 0.862632513
vn 0.55701673 0.830501318 -5.36288462E-05
vn 0.839327037 0.343473315 0.421374172
vn 0.556952655 0.830544233 1.39890708E-05
vn 0.839327157 0.343471348 -0.421375722
vn 0.557008982 0.830506384 7.41340918E-05
vn 0.361016303 0.0514504127 -0.931139231
vn 0.839327157 0.343471348 -0.421375722
vn 0.630268693 -0.674114525 -0.385137767
vn -0.0739957765 0.375434816 -0.923890293
vn 0.259695917 -0.277758539 -0.92488277
vn 0.123432398 -0.475131363 -0.87121439
vn 0.235708266 -0.887367904 -0.396257311
vn -0.170731023 -0.476171046 -0.86261934
vn 0.90351963 -0.428546667 7.18020056E-06
vn 0.322509974 -0.152965426 0.934124708
vn 0.322509974 -0.152965426 0.934124708
vn 0.90351963 -0.428546667 7.18020056E-06
vn -0.778923154 0.627119482 -4.14779242E-05
vn -0.778923154 0.627119482 -4.14779242E-05
vn -0.778923154 0.627119482 -4.14779242E-05
vn -0.778923154 0.627119482 -4.14779242E-05
vn 0.322519541 -0.152977318 -0.934119403
vn 0.90351963 -0.428546667 7.18020056E-06
vn 0.90351963 -0.428546667 7.18020056E-06
vn 0.322519541 -0.152977318 -0.934119403
vn 0.692665458 -0.609592855 0.385501176
vn 0.836140692 0.370822877 0.404177219
vn 0.83613652 0.370822042 -0.404186606
vn 0.692657888 -0.609594166 -0.38551271
vn 0.289033592 -0.870510817 0.398334503
vn 0.289022893 -0.870509744 -0.398344845
vn -0.297294199 -0.874451041 -0.383342683
vn -0.297291905 -0.874459982 0.383323848
vn -0.84654969 -0.166906223 0.505466104
vn -0.846538544 -0.166885078 -0.505491674
vn 0.0257777795 0.914312303 0.404188484
vn 0.0257779099 0.914303482 -0.40420863
vn -0.27575472 -0.05436318 -0.959689558
vn -0.297294199 -0.874451041 -0.383342683
vn -0.0740039051 0.375415623 0.923897445
vn -0.275758833 -0.0543788821 0.959687471
vn -0.297291905 -0.874459982 0.383323848
vn 0.375440985 0.0739862993 0.923888564
vn 0.836140692 0.370822877 0.404177219
vn 0.692665458 -0.609592855 0.385501176
vn 0.285172135 -0.250970095 0.925035655
vn 0.150824085 -0.464775175 0.872488439
vn 0.289033592 -0.870510817 0.398334503
vn -0.162034407 -0.479348361 0.862536907
vn 0.557041228 0.830484867 -6.86482454E-05
vn 0.836140692 0.370822877 0.404177219
vn 0.556968033 0.830534041 -4.41205884E-06
vn 0.83613652 0.370822042 -0.404186606
vn 0.55704242 0.830484033 5.3384505E-05
vn -0.0740042031 0.375409096 -0.923900068
vn 0.83613652 0.370822042 -0.404186606
vn 0.375433892 0.0739859939 -0.923891544
vn 0.692657888 -0.609594166 -0.38551271
vn 0.285157919 -0.250965595 -0.925041139
vn -0.162033886 -0.479326606 -0.862549186
vn 0.150809675 -0.464770854 -0.872493207
vn 0.289022893 -0.870509744 -0.398344845
vn -0.533020198 -0.793531716 0.29359296
vn -0.533020198 -0.793531716 0.29359296
vn -0.379760206 -0.565360844 0.73222208
vn -0.379760206 -0.565360844 0.73222208
vn -0.0758972913 -0.112990074 0.990693152
vn -0.0758970901 -0.112989962 0.990693152
vn 0.199671045 0.110183276 0.973648429
vn 0.163704872 0.24371466 0.955930889
vn 0.653320312 0.163239688 0.739273548
vn 0.0264891181 0.226510018 0.973648489
vn 0.163704768 0.243713453 0.955931187
vn -0.0959476307 0.666533411 0.7392748
vn -0.447654873 0.749007285 0.488460094
vn -0.104144789 0.979352534 0.173269689
vn -0.273274273 0.179625288 0.945016384
vn 0.269631416 -0.185048819 0.945016265
vn 0.862673879 -0.131157041 0.488458395
vn 0.946006775 0.273950368 0.173269883
vn 0.960674167 0.0147470804 -0.277285993
vn -0.349658936 0.894903958 -0.277282447
vn 0.805179954 0.389327496 -0.447335839
vn 0.0559089705 0.89262104 -0.447327524
vn 0.499596149 0.15731661 -0.851853967
vn 0.251921445 0.562114716 -0.787758052
vn -0.0433044694 0.521985948 -0.851854026
vn 0.379766554 0.565362275 -0.732217729
vn 0.172593325 0.256944865 -0.950889587
vn 0.425098389 0.445787013 -0.787759721
vn 0.379758716 0.565356672 -0.732226193
vn 0.172593325 0.256946564 -0.950889051
vn -0.16370365 -0.243712261 -0.955931783
vn -0.16370365 -0.243712261 -0.955931783
vn -0.408279896 -0.607826769 -0.681068361
vn -0.408279896 -0.607826769 -0.681068361
vn -0.543458879 -0.809077621 -0.2237093
vn -0.543458879 -0.809077621 -0.2237093
vn -0.533020198 -0.793531716 0.29359296
vn -0.533020198 -0.793531716 0.29359296
vn 0.862673879 -0.131157041 0.488458395
vn 0.335302711 -0.890387893 -0.307866067
vn 0.960674167 0.0147470804 -0.277285993
vn 0.291294813 -0.955945492 0.0362706259
vn 0.269631416 -0.185048819 0.945016265
vn -0.275423527 -0.726067662 0.630053759
vn -0.273274273 0.179625288 0.945016384
vn -0.568005025 -0.529540241 0.630045593
vn -0.995107949 -0.0919102356 0.0362292044
vn -0.447654873 0.749007285 0.488460094
vn -0.349658936 0.894903958 -0.277282447
vn -0.951066613 -0.0263561774 -0.307859927
vn -0.372591406 -0.238625899 -0.896790624
vn -0.0433044694 0.521985948 -0.851854026
vn 0.499596149 0.15731661 -0.851853967
vn -0.0799975768 -0.435162455 -0.896790981
vn 0.335302711 -0.890387893 -0.307866067
vn 0.960674167 0.0147470804 -0.277285993
vn -0.0866582617 -0.836634457 -0.540863454
vn -0.0799975768 -0.435162455 -0.896790981
vn 0.335302711 -0.890387893 -0.307866067
vn 0.58905369 -0.788864315 -0.175239608
vn 0.291294813 -0.955945492 0.0362706259
vn 0.495496482 -0.868413687 0.0184603389
vn -0.17666699 -0.970715165 0.162790865
vn 0.699650168 -0.674495935 0.235679716
vn -0.275423527 -0.726067662 0.630053759
vn -0.0784143433 -0.688193917 0.721276939
vn -0.607418895 -0.332854092 0.721283793
vn -0.568005025 -0.529540241 0.630045593
vn -0.831796765 -0.53068012 0.162765875
vn -0.995107949 -0.0919102356 0.0362292044
vn -0.824620008 0.0664780512 0.56176728
vn -0.983004212 -0.181277514 0.0290016774
vn -0.936957538 -0.112747677 -0.330754519
vn -0.951066613 -0.0263561774 -0.307859927
vn -0.74173063 -0.3966254 -0.540854752
vn -0.372591406 -0.238625899 -0.896790624
vn -0.248501316 0.346173376 0.904660761
vn -0.533083677 0.499969989 0.682533443
vn -0.824620008 0.0664780512 0.56176728
vn 0.414439529 -0.0991337001 0.904661417
vn 0.807182193 -0.467174083 0.360839784
vn 0.699650168 -0.674495935 0.235679716
vn 0.0857287198 0.835807681 0.542287767
vn -0.533083677 0.499969989 0.682533443
vn -0.278327167 0.86572808 0.415991515
vn 0.741310716 0.395448625 0.54229039
vn 0.831782222 0.530135632 -0.164604068
vn 0.807182193 -0.467174083 0.360839784
vn 0.937204182 -0.270733833 0.219890043
vn 0.937204182 -0.270733833 0.219890043
vn 0.954489172 -0.293326199 -0.0539475977
vn 0.176199213 0.970494151 -0.164605483
vn -0.278327167 0.86572808 0.415991515
vn -0.208623275 0.969498575 -0.128641576
vn -0.0368309282 0.661288321 -0.749227107
vn -0.208623275 0.969498575 -0.128641576
vn -0.37369141 0.737252116 -0.562862396
vn 0.62611115 0.215987548 -0.749222457
vn 0.13127926 -0.375993073 -0.917275786
vn 0.891441941 -0.341724426 -0.297582895
vn 0.954489172 -0.293326199 -0.0539475977
vn 0.891441941 -0.341724426 -0.297582895
vn 0.766433895 -0.575053036 -0.286169976
vn -0.397709399 -0.0206626058 -0.917278767
vn -0.37369141 0.737252116 -0.562862396
vn -0.665431798 0.303440988 -0.681999981
vn -0.372591406 -0.238625899 -0.896790624
vn -0.0799975768 -0.435162455 -0.896790981
vn -0.74173063 -0.3966254 -0.540854752
vn -0.665431798 0.303440988 -0.681999981
vn -0.936957538 -0.112747677 -0.330754519
vn -0.0866582617 -0.836634457 -0.540863454
vn 0.766433895 -0.575053036 -0.286169976
vn 0.58905369 -0.788864315 -0.175239608
vn -0.0927341804 -0.138057083 -0.986073375
vn -0.454361498 -0.67642206 -0.5796628
vn -0.454361498 -0.67642206 -0.5796628
vn -0.0927341804 -0.138057083 -0.986073375
vn 0.323214173 0.48118183 -0.814859927
vn 0.323214173 0.48118183 -0.814859927
vn 0.549830973 0.818551898 -0.166309252
vn 0.549830973 0.818551898 -0.166309252
vn 0.454357743 0.676419914 0.579668224
vn 0.454357743 0.676419914 0.579668224
vn 0.0927293301 0.13805002 0.986074746
vn 0.0927293301 0.13805002 0.986074746
vn -0.323216975 -0.481189877 0.814853966
vn -0.323216975 -0.481189877 0.814853966
vn -0.549831569 -0.818553329 0.166300535
vn -0.549831569 -0.818553329 0.166300535
vn -0.454361498 -0.67642206 -0.5796628
vn -0.454361498 -0.67642206 -0.5796628
vn -0.273869455 -0.777278125 -0.566422224
vn -0.396476984 -0.899992883 -0.181159452
vn -0.35394454 -0.925097883 -0.137540072
vn -0.280375838 -0.784819782 -0.552672923
vn -0.0583549887 -0.245460659 -0.967648506
vn -0.462718606 -0.882814527 -0.0808081999
vn -0.180265442 -0.309547156 -0.933640718
vn -0.0111420704 0.212912738 -0.977007627
vn -0.445700556 -0.748832285 -0.490511179
vn -0.60303545 -0.794901907 -0.066926755
vn -0.589166045 -0.684934258 -0.428658962
vn -0.457170427 -0.391896665 -0.798380971
vn -0.60049504 -0.404555857 -0.689739168
vn -0.189770341 0.170034081 -0.966993093
vn 0.245637476 0.500187039 -0.830346406
vn -0.509603322 0.0414216481 -0.859411836
vn -0.637594819 -0.0384895243 -0.769409716
vn -0.100142121 0.550049484 -0.829106271
vn 0.476721257 0.836611152 -0.269849211
vn -0.56893599 0.429333568 -0.701416016
vn -0.69498682 0.311312526 -0.648134053
vn -0.00732274493 0.930466712 -0.366303295
vn 0.354020357 0.918328345 0.177038416
vn -0.622740924 0.681272209 -0.384788215
vn -0.754942775 0.533346593 -0.381579161
vn -0.0822190642 0.990832388 0.107196674
vn 0.376474708 0.733047903 0.566487014
vn -0.666809559 0.74497813 -0.0193019826
vn -0.799360931 0.598569453 -0.0523131378
vn -0.062926501 0.833299279 0.549229205
vn 0.128931612 0.218148097 0.967361391
vn -0.65388757 0.662774444 0.36491251
vn -0.801314414 0.525531888 0.285852253
vn -0.172527164 0.350237161 0.920634687
vn -0.20056513 -0.105976343 0.973931432
vn -0.623531282 0.375562608 0.685683191
vn -0.773312867 0.294910967 0.561261773
vn -0.317675829 -0.0633464828 0.946081042
vn -0.261435628 -0.489911854 0.831647575
vn -0.590128124 -0.0430995561 0.806158364
vn -0.727343261 -0.0658830702 0.683103979
vn -0.320098072 -0.490220696 0.810691595
vn -0.342019916 -0.899498582 0.271890581
vn -0.536743104 -0.473338485 0.69846797
vn -0.676759005 -0.442646593 0.588269711
vn -0.335379273 -0.881700873 0.331849754
vn -0.396476984 -0.899992883 -0.181159452
vn -0.35394454 -0.925097883 -0.137540072
vn -0.489490628 -0.79763782 0.352381647
vn -0.63291949 -0.711151123 0.306066811
vn -0.462718606 -0.882814527 -0.0808081999
vn -0.60303545 -0.794901907 -0.066926755
vn 0.0169274174 -0.775669754 -0.630911887
vn 0.00527623203 -0.940242887 -0.340463728
vn 0.0432730168 -0.18534188 -0.981720924
vn 0.233124301 -0.803442478 -0.547844172
vn 0.369573683 -0.857847631 -0.357089251
vn 0.902515292 -0.335055321 -0.270562768
vn 0.591462493 -0.242201209 -0.769097269
vn 0.973974407 -0.0716125369 -0.215047628
vn 0.643392801 0.0292263012 -0.764978111
vn 0.941205502 -0.170725539 -0.291521996
vn 0.587261021 -0.0740212128 -0.806005836
vn 0.926825941 -0.171408489 -0.334085047
vn 0.551313102 -0.0543490313 -0.832526386
vn 0.909430206 -0.209801316 -0.359054327
vn 0.498227239 -0.0607509054 -0.864915609
vn 0.838347912 -0.390568584 -0.380301237
vn -0.180930808 0.12885502 -0.975018203
vn -0.282571465 0.118108131 -0.951947391
vn -0.822115123 0.0919651017 -0.561844349
vn -0.719776273 0.301818937 -0.625162005
vn -0.0587587692 0.745929122 -0.663428307
vn 0.378044575 -0.181414261 -0.907838643
vn 0.564088225 -0.0199594032 -0.825473249
vn 0.895931065 -0.231925011 -0.378838181
vn 0.899709821 0.344755918 -0.267704338
vn 0.255455345 0.40630576 -0.877301693
vn 0.58870554 0.759063363 -0.277936161
vn 0.799830139 0.426818907 -0.422015935
vn 0.782288432 0.598831773 -0.171537966
vn 0.781062067 0.598143637 -0.179349452
vn 0.689356863 0.566245914 -0.451832592
vn 0.787162542 0.583936691 -0.198476821
vn 0.784238815 0.585032642 -0.206655085
vn 0.640550137 0.633396327 -0.434171289
vn 0.79424113 0.577486932 -0.188917488
vn -0.0169274826 -0.775669754 -0.630911887
vn -0.00527622085 -0.940241158 -0.340468287
vn -0.233124077 -0.803439796 -0.547848284
vn -0.369573623 -0.857845724 -0.35709402
vn -0.902515292 -0.335055321 -0.270562649
vn -0.0432730652 -0.18534188 -0.981720805
vn -0.591462553 -0.242201298 -0.769097209
vn -0.973974407 -0.0716126114 -0.215047628
vn -0.643392801 0.0292263087 -0.764978111
vn -0.941205382 -0.17072551 -0.291522026
vn -0.587261021 -0.0740212426 -0.806005836
vn -0.926825941 -0.171408504 -0.334084928
vn -0.551313221 -0.0543490574 -0.832526267
vn -0.909430325 -0.209801391 -0.359054178
vn -0.498227298 -0.0607509539 -0.86491549
vn -0.838347912 -0.390568644 -0.380301178
vn 0.180930942 0.128855065 -0.975018084
vn 0.282571584 0.118108116 -0.951947391
vn 0.822115242 0.0919651985 -0.561844349
vn 0.719776154 0.301818937 -0.625162125
vn 0.0587586388 0.745928884 -0.663428605
vn -0.378044575 -0.181414366 -0.907838643
vn -0.564088047 -0.019959569 -0.825473368
vn -0.895931065 -0.231925175 -0.378838092
vn -0.89971 0.344755769 -0.26770404
vn -0.255455226 0.406305641 -0.877301693
vn -0.588705599 0.759063482 -0.277935982
vn -0.799830079 0.426818877 -0.422016144
vn -0.782288671 0.598831654 -0.171537653
vn -0.781062186 0.598143518 -0.179349124
vn -0.689356923 0.566245973 -0.451832294
vn -0.787162781 0.58393681 -0.19847554
vn -0.784239173 0.585032761 -0.206653148
vn -0.640550494 0.633396566 -0.434170216
vn -0.79424125 0.577486992 -0.188916832
vn -0.13113752 0.891530573 0.433562309
vn -0.437299788 0.820837736 -0.367415786
vn -0.222252056 0.815709233 -0.534062266
vn -0.495202005 0.249297827 -0.832241297
vn -0.3824054 0.878188014 0.287318647
vn -0.347111344 0.406014353 0.845379174
vn -0.746412337 0.469179809 -0.47195217
vn -0.669161141 0.563774705 0.484129518
vn -0.820645809 -0.0567116216 0.568616092
vn -0.910737693 0.146525159 0.386118293
vn -0.885113001 -0.186845675 -0.426220328
vn -0.957143962 0.0574947223 -0.283848047
vn 0.131137267 0.891530156 0.433563024
vn 0.222252339 0.815709352 -0.534061968
vn 0.437299669 0.820837855 -0.367415547
vn 0.495202422 0.249297857 -0.832240999
vn 0.382405192 0.878187895 0.287319094
vn 0.347110897 0.406013757 0.84537971
vn 0.746412337 0.469179749 -0.471952319
vn 0.669161141 0.563774645 0.484129727
vn 0.820645809 -0.0567108765 0.568616092
vn 0.910737753 0.146525651 0.386117905
vn 0.88511318 -0.186845213 -0.42622003
vn 0.957143903 0.0574949458 -0.283848315
vn -0.830109119 -0.557601035 1.73821843E-06
vn -0.830114365 -0.557593048 -2.51071833E-06
vn -0.830109358 -0.557600558 -4.05580931E-06
vn -0.830114126 -0.557593465 4.63522701E-06
vn -0.83011651 -0.557589829 -1.0429233E-05
vn -0.830114782 -0.557592511 4.6352352E-06
vn -0.830117285 -0.557588875 -2.31759259E-06
vn -0.830116212 -0.557590425 -2.31758986E-06
vn -0.830112219 -0.557596326 -6.95270728E-06
vn -0.830114067 -0.557593584 -5.79403286E-06
vn -0.830118477 -0.557587087 -9.27032397E-06
vn -0.830111265 -0.557597756 -1.73822116E-06
vn -0.830119967 -0.557584822 1.73821115E-06
vn 0.830114067 0.557593584 2.31758122E-06
vn 0.830113947 0.557593763 -1.25536712E-06
vn 0.830111086 0.557597935 -1.15881323E-06
vn 0.830113173 0.557595015 -4.63524293E-06
vn 0.830115139 0.557591975 -3.47640116E-06
vn 0.830110669 0.557598531 -2.31758168E-06
vn 0.830117166 0.557588935 0
vn 0.830112159 0.557596385 2.31764011E-06
vn 0.830115557 0.557591379 2.31759236E-06
vn 0.830115676 0.557591259 -4.05578521E-06
vn 0.830114305 0.557593346 -2.31760782E-06
vn 0.830115914 0.557590723 -1.73818319E-06
vn 0.830112755 0.557595611 -2.31760805E-06
vn -0.800163627 0.564361036 0.203063667
vn -0.647218287 0.744956374 0.1617053
vn -0.772283316 0.55876869 0.302251607
vn -0.880971134 0.396959782 0.257512659
vn -0.747978091 0.658704817 0.0814663991
vn -0.873182893 0.455653518 0.173006982
vn -0.905221581 0.424609959 0.0167380702
vn -0.95934099 0.280287772 0.0332221761
vn -0.735409439 0.677416205 -0.0167391375
vn -0.622272193 0.782095671 -0.0332230702
vn -0.700640023 0.665423274 -0.257517844
vn -0.892653227 0.44332096 -0.081466496
vn -0.934394419 0.31742537 -0.161704317
vn -0.752031267 0.636016726 -0.173007876
vn -0.825051725 0.527309179 -0.203063235
vn -0.809329629 0.503614485 -0.302254796
vn 0.830112219 -0.557596326 -4.4001531E-06
vn 0.830112219 -0.557596326 -4.4001531E-06
vn 0.830113709 -0.55759418 -3.63487766E-06
vn 0.830119073 -0.557586253 -1.08359575E-06
vn 0.830113709 -0.55759418 -3.63487766E-06
vn 0.830119073 -0.557586253 -1.08359575E-06
vn 0.830113709 -0.55759418 -2.60451134E-06
vn 0.830120564 -0.557583988 -4.80420624E-07
vn 0.830113709 -0.55759418 -2.60451134E-06
vn 0.830120564 -0.557583988 -4.80420624E-07
vn 0.830111206 -0.557597935 9.16174486E-07
vn 0.830111206 -0.557597935 9.16174486E-07
vn 0.830113888 -0.557593942 1.55069915E-06
vn 0.830113888 -0.557593942 1.55069915E-06
vn 0.830111325 -0.557597697 5.23348581E-06
vn 0.830111325 -0.557597697 5.23348581E-06
vn 0.83011663 -0.557589829 -1.10086348E-05
vn 0.830117345 -0.557588637 -2.46244144E-06
vn 0.830114484 -0.557593048 -3.19875403E-06
vn 0.830109298 -0.557600737 -4.63520337E-06
vn 0.830112517 -0.557596087 -6.51815117E-06
vn 0.83010906 -0.557601154 0
vn 0.830118597 -0.557587028 -1.04291257E-05
vn 0.830114305 -0.557593346 3.47642117E-06
vn 0.830119967 -0.557584822 0
vn 0.830114961 -0.557592213 5.28706687E-06
vn 0.830111265 -0.557597816 -2.31762169E-06
vn 0.830116093 -0.557590485 -2.82455744E-06
vn 0.830113709 -0.557594001 -6.95283143E-06
vn -0.830115616 0.557591259 -2.3175744E-06
vn -0.830115438 0.557591617 -4.63517745E-06
vn -0.830113947 0.557593703 -1.6174896E-06
vn -0.830112994 0.557595253 -2.31760782E-06
vn -0.830112517 0.557596087 1.66580776E-06
vn -0.830114245 0.557593405 -2.31760805E-06
vn -0.83011061 0.55759871 -2.39000747E-06
vn -0.830115557 0.557591498 1.95546886E-06
vn -0.830113053 0.557595134 -4.05583751E-06
vn -0.830116928 0.557589412 -1.52091036E-06
vn -0.830114245 0.557593346 2.31758099E-06
vn -0.830115139 0.557591975 -4.63519291E-06
vn -0.830111563 0.55759728 -1.15881403E-06
vn -0.0294819605 -0.0440980531 0.998592079
vn -0.0294808894 -0.0441011824 0.998591959
vn -0.0294851754 -0.0440976135 0.998591959
vn -0.0294857584 -0.044092685 0.998592198
vn -0.0294844229 -0.0440899096 0.998592317
vn -0.0294845309 -0.0440975353 0.998591959
vn -0.0294847507 -0.0441004075 0.99859184
vn -0.0294926241 -0.0441028252 0.998591483
vn -0.0294940434 -0.0440975353 0.998591721
vn -0.0295000337 -0.0440926924 0.998591721
vn -0.0294885784 -0.0440889336 0.998592317
vn -0.029495107 -0.0440839306 0.998592317
vn 0.800163865 0.564361215 0.20306249
vn 0.772283196 0.558768928 0.302251458
vn 0.647218168 0.744956493 0.16170457
vn 0.880970955 0.396959782 0.257513225
vn 0.74797821 0.658704817 0.0814650208
vn 0.873183072 0.455653608 0.173006311
vn 0.905221581 0.424609929 0.016737124
vn 0.95934099 0.280287772 0.0332223289
vn 0.735409498 0.677416146 -0.0167395547
vn 0.622272253 0.782095611 -0.0332226939
vn 0.700640261 0.665423214 -0.257517576
vn 0.892653227 0.44332087 -0.0814669356
vn 0.934394538 0.317425162 -0.161704004
vn 0.752031326 0.636016488 -0.173008129
vn 0.825051844 0.527308941 -0.203063682
vn 0.809329867 0.503614187 -0.302254677
vn -0.830112219 -0.557596326 -5.33204684E-06
vn -0.830113649 -0.55759424 -4.15042632E-06
vn -0.830112219 -0.557596326 -5.33204684E-06
vn -0.830119073 -0.557586253 -1.08359666E-06
vn -0.830113649 -0.55759424 -4.15042632E-06
vn -0.830119073 -0.557586253 -1.08359666E-06
vn -0.830113649 -0.55759424 -2.18816717E-06
vn -0.830120444 -0.557584047 -1.04137598E-06
vn -0.830113649 -0.55759424 -2.18816717E-06
vn -0.830120444 -0.557584047 -1.04137598E-06
vn -0.830111086 -0.557597935 9.16174656E-07
vn -0.830111086 -0.557597935 9.16174656E-07
vn -0.830114067 -0.557593703 1.11214831E-06
vn -0.830114067 -0.557593703 1.11214831E-06
vn -0.830111504 -0.557597458 5.35589015E-06
vn -0.830111504 -0.557597458 5.35589015E-06
vn -0.433675915 -1.25470626E-06 0.901068866
vn -0 0 1
vn -1.60502523E-07 0 1
vn -0 0 1
vn -0.306657672 0.306652695 0.901068866
vn -1.60502523E-07 0 1
vn -0.306662202 -0.306659639 0.901064992
vn 1.60499212E-07 0 1
vn -2.43259638E-06 0.433674484 0.901069582
vn -0 0 1
vn -0.563805759 0.563796699 0.603536427
vn -0.797336042 -2.30684395E-06 0.603535652
vn -4.29984357E-06 0.797334909 0.603537142
vn -0.563811719 -0.56380707 0.603521228
vn 0.563805282 0.563800991 0.60353297
vn -1.59613148E-06 -0.433679432 0.901067257
vn -3.10719406E-06 -0.797342479 0.603527188
vn 0.306657463 0.306655139 0.901068211
vn 0.797339261 -3.98598104E-06 0.603531361
vn 0.306658953 -0.306656092 0.901067317
vn 1.60499212E-07 0 1
vn 0.563806772 -0.563801706 0.603531003
vn 0.433677882 -2.16800072E-06 0.901067913
vn -0 0 1
vn 0.433676451 -8.62077684E-07 0.901068687
vn -0 0 1
vn -0 0 1
vn 1.60500036E-07 0 1
vn 0.306659371 0.306655794 0.901067317
vn -0 0 1
vn 0.30666095 -0.306656986 0.901066363
vn 1.60500036E-07 0 1
vn 3.18372008E-06 0.433677375 0.901068211
vn -1.60500036E-07 0 1
vn 0.563808024 0.563801348 0.603530049
vn 0.797336757 -1.58497471E-06 0.603534579
vn 5.85343969E-06 0.797339022 0.603531599
vn 0.56381017 -0.563803017 0.603526592
vn -0.563805461 0.563800931 0.603532851
vn 4.43843589E-07 -0.433677942 0.901067913
vn 6.43408612E-07 -0.797340393 0.603529811
vn -0.306657612 0.30665502 0.901068091
vn -0.797339439 -4.0801383E-06 0.603531122
vn -0.306659609 -0.306657404 0.901066661
vn -0 0 1
vn -0.563807786 -0.563803613 0.603528202
vn -0.433678031 -2.219213E-06 0.901067793
vn -1.60500036E-07 0 1
vn -0 -0.106613509 0.994300485
vn -0 -0.23271662 0.97254467
vn -0 -0.457725555 0.889093637
vn -0 -0.457725555 0.889093637
vn -0 0 1
vn -0 0 1
vn -0 -0.50000149 0.866024554
vn -0 -0.50000149 0.866024554
vn -0 -0.866024613 0.50000149
vn -0 -0.866024613 0.50000149
vn -0 -1 0
vn -0 -1 0
vn -0 -0.866025984 -0.499999136
vn -0 -0.866025984 -0.499999136
vn -0 -0.500000536 -0.86602515
vn -0 -0.500000536 -0.86602515
vn -0 0 -1
vn -0 0 -1
vn -0 0.500000536 -0.86602515
vn -0 0.500000536 -0.86602515
vn -0 0.731852472 -0.681463063
vn -0 0.725752294 -0.687956035
vn -0 0.743875027 -0.668318748
vn -0 0.731852114 -0.68146354
vn -0 0.743874013 -0.668319881
vn -0 0.725751817 -0.687956631
vn -0 0.50000149 -0.866024554
vn -0 0.50000149 -0.866024554
vn -0 6.94206051E-07 -1
vn -0 6.94206051E-07 -1
vn -0 -0.499998152 -0.866026402
vn -0 -0.499998152 -0.866026402
vn -0 -0.866026938 -0.499997377
vn -0 -0.866026938 -0.499997377
vn -0 -1 0
vn -0 -1 0
vn -0 -0.866025627 0.499999762
vn -0 -0.866025627 0.499999762
vn -0 -0.499999046 0.866025984
vn -0 -0.499999046 0.866025984
vn -0 6.94207472E-07 1
vn -0 6.94207472E-07 1
vn -0 -0.232716396 0.97254467
vn -0 -0.106613196 0.994300604
vn 1 0 0
vn 1 1.44850773E-07 0
vn 1 0 0
vn 1 2.89701973E-07 0
vn 1 0 0
vn 1 0 0
vn 1 -1.44852223E-07 0
vn 1 0 0
vn 1 2.8969859E-07 0
vn 1 0 0
vn 1 0 0
vn -1 2.89701148E-07 0
vn -1 -2.89701973E-07 0
vn -1 -1.15880773E-07 0
vn -1 0 0
vn -1 -2.17276721E-07 0
vn -1 -2.89700523E-07 0
vn -1 0 0
vn -1 0 0
vn -1 -3.62127821E-07 0
vn -1 0 0
vn -1 -2.89702683E-07 0
vn -0 -0.106612585 0.994300604
vn -0 -0.457724631 0.889093995
vn -0 -0.232715935 0.972544789
vn -0 -0.457724631 0.889093995
vn -0 0 1
vn -0 0 1
vn -0 -0.50000149 0.866024554
vn -0 -0.50000149 0.866024554
vn -0 -0.866024613 0.50000149
vn -0 -0.866024613 0.50000149
vn -0 -1 0
vn -0 -1 0
vn -0 -0.866025984 -0.499999136
vn -0 -0.866025984 -0.499999136
vn -0 -0.500000536 -0.86602515
vn -0 -0.500000536 -0.86602515
vn -0 0 -1
vn -0 0 -1
vn -0 0.500000536 -0.86602515
vn -0 0.500000536 -0.86602515
vn -0 0.731852531 -0.681463063
vn -0 0.725752294 -0.687956035
vn -0 0.743875146 -0.66831857
vn -0 0.731852472 -0.681463122
vn -0 0.743874192 -0.668319702
vn -0 0.725752175 -0.687956214
vn -0 0.500002027 -0.866024256
vn -0 0.500002027 -0.866024256
vn -0 8.6390088E-07 -1
vn -0 8.6390088E-07 -1
vn -0 -0.499998152 -0.866026402
vn -0 -0.499998152 -0.866026402
vn -0 -0.866026938 -0.499997377
vn -0 -0.866026938 -0.499997377
vn -0 -1 0
vn -0 -1 0
vn -0 -0.866025627 0.499999762
vn -0 -0.866025627 0.499999762
vn -0 -0.499999046 0.866025984
vn -0 -0.499999046 0.866025984
vn -0 8.63902699E-07 1
vn -0 8.63902699E-07 1
vn -0 -0.232715622 0.972544849
vn -0 -0.106612109 0.994300723
vn -1 2.89702996E-07 0
vn -1 0 0
vn -1 2.89701347E-07 0
vn -1 5.79403945E-07 0
vn -1 0 0
vn -1 0 0
vn -1 -5.79401103E-07 0
vn -1 0 0
vn -1 0 0
vn -1 0 0
vn -1 0 0
vn 1 0 0
vn 1 -2.89701688E-07 0
vn 1 -2.89701973E-07 0
vn 1 -5.79401103E-07 0
vn 1 -2.89701973E-07 0
vn 1 -5.79401103E-07 0
vn 1 0 0
vn 1 0 0
vn 1 -5.79405423E-07 0
vn 1 0 0
vn 1 -5.79405366E-07 0
vn -2.17436337E-07 0.221761867 -0.975100815
vn 3.35185149E-07 0.221760944 -0.975101054
vn -3.2615452E-07 0.221762225 -0.975100815
vn -2.99905849E-07 0.221761152 -0.975101054
vn -1.88813817E-06 0.221765131 -0.97510016
vn -2.83220697E-06 0.221765175 -0.97510016
vn -2.17086722E-06 0.221765846 -0.97510004
vn 1.58101599E-07 0.221761927 -0.975100815
vn 2.37152406E-07 0.221762344 -0.975100696
vn 2.36724009E-06 0.221765891 -0.97510004
vn 1.57815998E-06 0.221765578 -0.97510004
vn 1.83018176E-06 0.221766546 -0.975099802
vn 7.09296501E-06 -1 1.74605284E-05
vn 2.14467564E-05 -1 3.36511198E-06
vn 1.71238826E-05 -1 7.14475163E-06
vn 3.00924221E-05 -1 -1.39805593E-06
vn 7.09296501E-06 -1 1.74605284E-05
vn -7.09297547E-06 -1 1.76437388E-05
vn -7.09297547E-06 -1 1.76437388E-05
vn -1.71241263E-05 -1 7.32796161E-06
vn -2.14471293E-05 -1 3.72023692E-06
vn -3.00930515E-05 -1 -1.1650709E-06
vn -3.28628703E-05 -1 -1.05465278E-05
vn -3.4247736E-05 -1 -1.40721877E-05
vn 3.28622773E-05 -1 -1.07793967E-05
vn 3.42471649E-05 -1 -1.4072014E-05
vn -1.418588E-05 -1 -3.42618951E-05
vn -1.418588E-05 -1 -3.42618951E-05
vn 1.41857026E-05 -1 -3.42617204E-05
vn 1.41857026E-05 -1 -3.42617204E-05
vn 3.9946849E-06 -0.544713676 0.838622034
vn 2.66312418E-06 -0.54471755 0.83861959
vn 1.38338248E-06 -0.544719338 0.838618457
vn -1.38336782E-06 -0.544719517 0.838618279
vn -2.68227973E-06 -0.54471755 0.83861959
vn -4.02341902E-06 -0.544713736 0.838622034
vn 4.40959275E-06 -0.544712484 0.838622868
vn 4.40959275E-06 -0.544712484 0.838622868
vn -4.3691598E-06 -0.544712305 0.838622987
vn -4.3691598E-06 -0.544712305 0.838622987
vn -1.72910768E-06 -0.544710636 0.83862406
vn -1.72910768E-06 -0.544710636 0.83862406
vn 1.7982901E-06 -0.544710636 0.83862406
vn 1.7982901E-06 -0.544710636 0.83862406
vn 1.74320874E-07 0.221761838 -0.975100815
vn 2.61481347E-07 0.22176218 -0.975100815
vn -3.63117294E-07 0.221760914 -0.975101054
vn 2.76836175E-07 0.221761212 -0.975101054
vn 1.86364639E-06 0.221765265 -0.97510016
vn 2.7954693E-06 0.221765399 -0.97510016
vn 2.17087018E-06 0.221766025 -0.975099921
vn -1.85913422E-07 0.221761987 -0.975100815
vn -2.78870118E-07 0.221762434 -0.975100696
vn -2.38588791E-06 0.221765906 -0.975099921
vn -1.59059209E-06 0.221765593 -0.97510004
vn -1.83018176E-06 0.221766606 -0.975099802
vn -7.09297001E-06 -1 1.80922434E-05
vn -1.71238971E-05 -1 7.32795615E-06
vn -2.14467655E-05 -1 3.48724825E-06
vn -3.00924276E-05 -1 -1.39805593E-06
vn -7.09297001E-06 -1 1.80922434E-05
vn 7.09297547E-06 -1 1.80922489E-05
vn 7.09297547E-06 -1 1.80922489E-05
vn 1.71241263E-05 -1 7.32796161E-06
vn 2.14471293E-05 -1 3.7334205E-06
vn 3.00930424E-05 -1 -1.15188709E-06
vn 3.28628666E-05 -1 -1.07209798E-05
vn 3.42477288E-05 -1 -1.4353639E-05
vn -3.28622809E-05 -1 -1.07794021E-05
vn -3.42471722E-05 -1 -1.40720194E-05
vn 1.41858882E-05 -1 -3.45433473E-05
vn 1.41858882E-05 -1 -3.45433473E-05
vn -1.41857099E-05 -1 -3.42617241E-05
vn -1.41857099E-05 -1 -3.42617241E-05
vn -4.039955E-06 -0.544713736 0.838622034
vn -1.3998515E-06 -0.54471916 0.838618517
vn -2.69330349E-06 -0.544717491 0.83861959
vn 1.39983752E-06 -0.544719636 0.838618279
vn 2.67405926E-06 -0.544717491 0.83861959
vn 4.01108809E-06 -0.544713676 0.838622034
vn -4.40381109E-06 -0.544712484 0.838622868
vn -4.40381109E-06 -0.544712484 0.838622868
vn 4.37494145E-06 -0.544712126 0.838623047
vn 4.37494145E-06 -0.544712126 0.838623047
vn 1.76368985E-06 -0.544710577 0.83862412
vn 1.76368985E-06 -0.544710577 0.83862412
vn -1.76370713E-06 -0.544710457 0.838624239
vn -1.76370713E-06 -0.544710457 0.838624239
vn 0.0294820387 -0.0440980271 0.998592079
vn 0.0294854119 -0.0440976322 0.998591959
vn 0.0294807758 -0.0441011041 0.998591959
vn 0.0294859763 -0.0440927297 0.998592198
vn 0.0294843037 -0.0440898687 0.998592317
vn 0.0294846743 -0.0440975651 0.998591959
vn 0.0294847246 -0.0441004038 0.99859184
vn 0.0294926241 -0.0441028439 0.998591483
vn 0.0294940434 -0.0440975763 0.998591721
vn 0.0295000337 -0.0440927483 0.998591721
vn 0.0294885021 -0.0440889299 0.998592317
vn 0.029495107 -0.0440839864 0.998592317
vn 0.699650168 -0.674495935 0.235679716
vn 0.830115557 -0.557591379 -4.88219885E-05
vn 0.830102205 -0.557611167 -4.40885124E-05
vn 0.830115438 -0.557591558 -2.751594E-05
vn 0.495496482 -0.868413687 0.0184603389
vn 0.807182193 -0.467174083 0.360839784
vn 0.83007741 -0.557648182 -2.27824657E-05
vn 0.830118954 -0.557586312 4.11602241E-06
vn 0.937204182 -0.270733833 0.219890043
vn 0.830105782 -0.557605982 4.11602241E-06
vn 0.58905369 -0.788864315 -0.175239608
vn 0.83008647 -0.557634711 6.44986903E-06
vn 0.830110133 -0.557599604 6.44986949E-06
vn 0.954489172 -0.293326199 -0.0539475977
vn 0.830095351 -0.557621479 0
vn 0.830106318 -0.557605147 -1.37575389E-05
vn 0.891441941 -0.341724426 -0.297582895
vn 0.830110371 -0.557599187 7.54808298E-06
vn 0.766433895 -0.575053036 -0.286169976
vn 0.830111325 -0.557597578 2.1305621E-05
vn -0.913634181 0.312279016 0.26029706
vn -0.892772734 0.364884228 0.264227659
vn -0.800132155 0.316843778 0.509311795
vn -0.91363436 0.312280685 -0.260293901
vn -0.754822433 0.420946002 0.503038287
vn -0.892773509 0.364885002 -0.264223993
vn -0.800135612 0.316846311 -0.509304941
vn -0.754829228 0.420956492 -0.503019392
vn -0.838283241 0.479017377 0.260429621
vn -0.67588824 0.538628101 0.503045559
vn -0.838283122 0.479020685 -0.260423601
vn -0.675901055 0.538636386 -0.503019571
vn -0.761291325 0.59381032 0.260432005
vn -0.761293173 0.593810856 -0.260425389
vn -0.676381469 0.687525272 -0.264229268
vn -0.596778929 0.620045304 -0.509311974
vn -0.635617316 0.72679776 -0.260299355
vn -0.635617316 0.726796925 0.26030153
vn -0.67637825 0.687527001 0.264232814
vn -0.596769333 0.620045304 0.50932318
vn 0.0836766362 0.304838002 -0.94872117
vn 0.203643084 0.0780465081 -0.975929379
vn 0.249560773 0.194071889 -0.948712528
vn 0.290980667 -0.0131170545 -0.956639051
vn -0.00589532917 0.217970788 -0.975937486
vn -0.123572752 0.263710588 -0.956653774
vn -0.145619988 0.00873470213 -0.98930198
vn -0.234178007 0.098072201 -0.967234492
vn -0.192756489 -0.109117605 -0.975160658
vn -0.026882112 -0.219885141 -0.975155354
vn 0.0639134124 -0.131190464 -0.989294767
vn 0.180365667 -0.178757548 -0.96721977
vn -0.699651957 -0.674495697 0.235674933
vn -0.830103457 -0.557609499 -6.34696262E-05
vn -0.830115378 -0.557591677 -5.68117393E-05
vn -0.830114901 -0.557592511 -2.70376331E-05
vn -0.49549821 -0.868412912 0.0184573289
vn -0.807182372 -0.467174321 0.36083892
vn -0.830079556 -0.557644963 -3.62390783E-05
vn -0.830119789 -0.557585001 2.53630492E-06
vn -0.937204897 -0.270733118 0.219887882
vn -0.830107093 -0.557603955 -4.37059543E-06
vn -0.589055002 -0.788864255 -0.17523551
vn -0.830088496 -0.557631612 4.38460756E-06
vn -0.830111563 -0.55759728 1.02465165E-05
vn -0.954489231 -0.293324918 -0.0539514683
vn -0.830095649 -0.557620943 -6.42861323E-06
vn -0.830106497 -0.55760479 -5.58899455E-06
vn -0.891443133 -0.341724515 -0.297579587
vn -0.830110192 -0.557599306 1.57166269E-05
vn -0.766435206 -0.575054526 -0.286163181
vn -0.830111742 -0.557597041 2.51022484E-05
vn 0.113106273 0.113103554 0.987124443
vn 0.159956068 -8.51228549E-07 0.987124205
vn -4.68987395E-07 -7.77233083E-07 1
vn -3.9948003E-07 0.159951791 0.98712486
vn 0.113106303 -0.113105454 0.987124205
vn -0.113107145 0.113103539 0.987124324
vn -0 -0.159953848 0.987124562
vn -0.159957498 -2.053402E-07 0.987123966
vn -0.113107294 -0.113104694 0.987124205
vn -0.113106273 0.113103554 0.987124443
vn 3.47958377E-07 -8.26401163E-07 1
vn -0.159956068 -8.51228549E-07 0.987124205
vn 3.9948003E-07 0.159951791 0.98712486
vn -0.113106303 -0.113105454 0.987124205
vn 0.113106675 0.113103345 0.987124443
vn -0 -0.159953848 0.987124562
vn 0.159957021 -4.03213448E-07 0.987123966
vn 0.113107294 -0.113104694 0.987124205
vn -0.249239922 -0.116377875 0.961423755
vn -0.125977784 -0.341058165 0.931562662
vn -0.249236137 -0.310869992 0.917192042
vn -0.0997274891 -0.45665586 0.884036124
vn -0.125979766 -0.0953746438 0.987437427
vn -0.0997314379 0.0294075496 0.994579792
vn 0.0997323841 0.0294072051 0.994579673
vn 0.125978589 -0.341058284 0.931562424
vn 0.0997282416 -0.456656039 0.884035945
vn 0.249237716 -0.310870111 0.917191505
vn 0.24924171 -0.116378225 0.961423218
vn 0.125980675 -0.0953748375 0.987437308
vn 0.892773509 0.364885032 -0.264224023
vn 0.800135374 0.316847086 -0.509304821
vn 0.913634479 0.312280506 -0.260293812
vn 0.754828691 0.420956343 -0.503020346
vn 0.892773151 0.36488384 0.264227152
vn 0.913634479 0.312278003 0.26029709
vn 0.800132573 0.316843987 0.50931102
vn 0.754823387 0.420946628 0.503036559
vn 0.838283718 0.479017198 0.260428548
vn 0.675888717 0.538628697 0.503044486
vn 0.838283241 0.479020417 -0.260424197
vn 0.675900459 0.538636148 -0.503020525
vn 0.761291504 0.59381026 0.260431558
vn 0.761293232 0.593810618 -0.260425836
vn 0.676381528 0.68752557 -0.264228523
vn 0.596779466 0.6200459 -0.509310603
vn 0.635617375 0.726798117 -0.260298014
vn 0.635617793 0.726796448 0.260301769
vn 0.676378369 0.687526941 0.264232904
vn 0.596769631 0.620044887 0.509323359
vn 0.24924013 -0.11637786 0.961423755
vn 0.249236047 -0.310869873 0.917192101
vn 0.12597774 -0.341058135 0.931562662
vn 0.0997272283 -0.456655741 0.884036183
vn 0.125979856 -0.0953746364 0.987437427
vn 0.0997314379 0.0294075496 0.994579792
vn -0.099732697 0.029407125 0.994579673
vn -0.125978708 -0.341058314 0.931562424
vn -0.099728331 -0.456656039 0.884035945
vn -0.24923794 -0.310870081 0.917191505
vn -0.249242127 -0.11637827 0.961423099
vn -0.125980884 -0.0953748673 0.987437308
vn -0.290981084 -0.0131173665 -0.956638932
vn -0.180366158 -0.178758606 -0.967219412
vn -0.0639137253 -0.131190926 -0.989294767
vn 0.0268819258 -0.219885841 -0.975155234
vn -0.203643218 0.0780462325 -0.975929379
vn -0.249560595 0.194071606 -0.948712587
vn -0.0836764574 0.304837734 -0.94872129
vn 0.145619974 0.00873464905 -0.98930198
vn 0.192756489 -0.109117538 -0.975160658
vn 0.234178051 0.09807197 -0.967234492
vn 0.123572707 0.26371038 -0.956653893
vn 0.00589537062 0.21797055 -0.975937605
vn -0.550865591 -0.828161299 0.103421278
vn -0.54776299 -0.828498542 0.116386607
vn -0.54776299 -0.828498542 0.116386607
vn -0.550865591 -0.828161299 0.103421278
vn -0.563815951 -0.818620086 0.109420158
vn -0.554863572 -0.824562132 0.110560566
vn -0.563815951 -0.818620086 0.109420158
vn -0.554863572 -0.824562132 0.110560566
vn -0.568044007 -0.82008785 0.069151774
vn -0.53007102 -0.838917434 0.123459138
vn -0.568044007 -0.82008785 0.069151774
vn -0.53007102 -0.838917434 0.123459138
vn -0.538667381 -0.840472996 0.0586740561
vn -0.512664258 -0.852879763 0.0988507718
vn -0.538667381 -0.840472996 0.0586740561
vn -0.512664258 -0.852879763 0.0988507718
vn -0.942172348 -0.285277456 -0.175863758
vn -0.893653274 -0.246563628 0.374953508
vn -0.893653274 -0.246563628 0.374953508
vn -0.942172348 -0.285277456 -0.175863758
vn -0.548185289 -0.40855965 0.72977525
vn -0.659048021 -0.525504589 -0.538052559
vn -0.548185289 -0.40855965 0.72977525
vn -0.659048021 -0.525504589 -0.538052559
vn -0.183295384 -0.647204638 0.739951849
vn -0.242153868 -0.803883672 -0.543260992
vn -0.183295384 -0.647204638 0.739951849
vn -0.242153868 -0.803883672 -0.543260992
vn 0.0950858817 -0.915091813 0.391874611
vn 0.0860343352 -0.979209185 -0.1837046
vn 0.0950858817 -0.915091813 0.391874611
vn 0.0860343352 -0.979209185 -0.1837046
vn 0.989834964 -0.112522826 -0.0869782493
vn 0.989834964 -0.112522826 -0.0869782493
vn 0.98983556 -0.112520665 -0.0869748667
vn 0.98983556 -0.112520665 -0.0869748667
vn 0.989834309 -0.112527043 -0.0869809017
vn 0.989835441 -0.112523615 -0.0869721472
vn 0.989834309 -0.112527043 -0.0869809017
vn 0.989835441 -0.112523615 -0.0869721472
vn 0.989834189 -0.112529203 -0.0869794935
vn 0.989834428 -0.1125274 -0.0869789943
vn 0.989834189 -0.112529203 -0.0869794935
vn 0.989834428 -0.1125274 -0.0869789943
vn 0.989834309 -0.112529375 -0.0869779959
vn 0.98983407 -0.112524904 -0.0869859084
vn 0.989834309 -0.112529375 -0.0869779959
vn 0.98983407 -0.112524904 -0.0869859084
vn 0.989833832 -0.112530842 -0.0869813189
vn 0.989833832 -0.112530522 -0.0869818628
vn 0.989833832 -0.112530842 -0.0869813189
vn 0.989833832 -0.112530522 -0.0869818628
vn 0.989833355 -0.112534635 -0.0869822279
vn 0.989833117 -0.112538204 -0.0869797468
vn 0.989833355 -0.112534635 -0.0869822279
vn 0.989833117 -0.112538204 -0.0869797468
vn -0.989834964 -0.112523057 -0.0869783163
vn -0.98983556 -0.112520404 -0.0869748443
vn -0.98983556 -0.112520404 -0.0869748443
vn -0.989834964 -0.112523057 -0.0869783163
vn -0.989835441 -0.112523392 -0.0869724676
vn -0.989834309 -0.11252711 -0.0869811848
vn -0.989835441 -0.112523392 -0.0869724676
vn -0.989834309 -0.11252711 -0.0869811848
vn -0.989834309 -0.112527221 -0.0869812518
vn -0.989834189 -0.112529024 -0.0869799927
vn -0.989834309 -0.112527221 -0.0869812518
vn -0.989834189 -0.112529024 -0.0869799927
vn -0.989833951 -0.112524219 -0.0869884267
vn -0.989834309 -0.11252936 -0.0869784728
vn -0.989833951 -0.112524219 -0.0869884267
vn -0.989834309 -0.11252936 -0.0869784728
vn -0.989833951 -0.112529166 -0.086981751
vn -0.989833951 -0.112529807 -0.086981155
vn -0.989833951 -0.112529166 -0.086981751
vn -0.989833951 -0.112529807 -0.086981155
vn -0.989833474 -0.112536073 -0.0869787335
vn -0.989833593 -0.112532325 -0.0869816169
vn -0.989833474 -0.112536073 -0.0869787335
vn -0.989833593 -0.112532325 -0.0869816169
vn 1.84383509E-06 -0.97462523 -0.223842859
vn 1.84383509E-06 -0.97462523 -0.223842859
vn 2.50018189E-07 -0.974625647 -0.223840997
vn 2.50018189E-07 -0.974625647 -0.223840997
vn 2.08193546E-06 -0.97462666 -0.223836765
vn 2.01200464E-06 -0.974627018 -0.22383517
vn 2.08193546E-06 -0.97462666 -0.223836765
vn 2.01200464E-06 -0.974627018 -0.22383517
vn -2.41679209E-06 -0.974628389 -0.223829329
vn -0 -0.974628389 -0.223829389
vn -2.41679209E-06 -0.974628389 -0.223829329
vn -0 -0.974628389 -0.223829389
vn -0 -0.974628627 -0.223828226
vn -2.02391016E-06 -0.974627376 -0.223833695
vn -0 -0.974628627 -0.223828226
vn -2.02391016E-06 -0.974627376 -0.223833695
vn 2.40935105E-06 -0.974628508 -0.223828539
vn -2.50018587E-07 -0.974625766 -0.223840252
vn 2.40935105E-06 -0.974628508 -0.223828539
vn -2.50018587E-07 -0.974625766 -0.223840252
vn -2.08788765E-06 -0.974626482 -0.22383751
vn -1.83044074E-06 -0.974625111 -0.223843589
vn -2.08788765E-06 -0.974626482 -0.22383751
vn -1.83044074E-06 -0.974625111 -0.223843589
vn -2.29022771E-06 0.985369563 0.170431361
vn 1.79628742E-07 0.985369503 0.170431837
vn 1.79628742E-07 0.985369503 0.170431837
vn -2.29022771E-06 0.985369563 0.170431361
vn 3.71602914E-06 0.985370755 0.170424879
vn -2.39928045E-06 0.985369563 0.170430943
vn 3.71602914E-06 0.985370755 0.170424879
vn -2.39928045E-06 0.985369563 0.170430943
vn 2.68959411E-06 0.985371113 0.170422301
vn -0 0.985369921 0.170429215
vn 2.68959411E-06 0.985371113 0.170422301
vn -0 0.985369921 0.170429215
vn -0 0.985370398 0.170426875
vn 2.43135628E-06 0.985369563 0.170430928
vn -0 0.985370398 0.170426875
vn 2.43135628E-06 0.985369563 0.170430928
vn -2.7008216E-06 0.985371232 0.170421496
vn 2.3158882E-06 0.985369503 0.170432121
vn -2.7008216E-06 0.985371232 0.170421496
vn 2.3158882E-06 0.985369503 0.170432121
vn -3.71923625E-06 0.985370517 0.170425653
vn -1.71609145E-07 0.985369384 0.170432612
vn -3.71923625E-06 0.985370517 0.170425653
vn -1.71609145E-07 0.985369384 0.170432612
vn 0.53940624 -0.139879212 0.830346107
vn 0.704285502 0.458401233 0.542079568
vn 0.886088073 0.299298108 0.353933126
vn 0.877327323 -0.0797189921 0.473224849
vn 0.642707765 -0.584990323 0.494684845
vn 0.826522231 0.473217815 -0.304837495
vn 0.606086075 0.668669879 -0.430743754
vn 0.881165564 0.108112328 -0.460281402
vn 0.546771288 0.191453084 -0.815099299
vn 0.871505022 -0.34060806 -0.352796048
vn 0.677962124 -0.510576606 -0.528846681
vn 0.85043633 -0.40170455 0.339693069
vn -0.606080949 0.668673217 -0.4307459
vn -0.704280794 0.458403915 0.542083383
vn -0.886086464 0.299299926 0.353935689
vn -0.826519847 0.473220676 -0.304839313
vn -0.546765804 0.191454172 -0.815102756
vn -0.877325654 -0.0797195211 0.47322765
vn -0.539400756 -0.139880002 0.830349624
vn -0.881164074 0.108113162 -0.460284144
vn -0.6779567 -0.510580063 -0.528850257
vn -0.871503055 -0.340610534 -0.3527987
vn -0.642702103 -0.584993958 0.494687796
vn -0.850434124 -0.4017075 0.339695483
vn -0.53940624 -0.139879197 0.830346107
vn -0.886088073 0.299298018 0.353933126
vn -0.704285562 0.458401054 0.542079508
vn -0.877327323 -0.0797189698 0.473224849
vn -0.642707765 -0.584990263 0.494684935
vn -0.826522231 0.473217875 -0.304837584
vn -0.606086075 0.668669879 -0.430743873
vn -0.881165445 0.108112358 -0.460281461
vn -0.546771169 0.191453144 -0.815099359
vn -0.871505022 -0.34060806 -0.352796108
vn -0.677962184 -0.510576606 -0.528846741
vn -0.85043633 -0.40170455 0.339693069
vn 0.606080949 0.668673217 -0.4307459
vn 0.886086464 0.299299896 0.353935629
vn 0.704280853 0.458403945 0.542083323
vn 0.826519847 0.473220676 -0.304839313
vn 0.546765804 0.191454157 -0.815102696
vn 0.877325654 -0.0797195137 0.47322765
vn 0.539400756 -0.139879972 0.830349624
vn 0.881164074 0.108113147 -0.460284114
vn 0.677956879 -0.510580003 -0.528850138
vn 0.871503115 -0.340610445 -0.352798641
vn 0.642702281 -0.584993839 0.494687855
vn 0.850434124 -0.401707381 0.339695483
vn 0.550865531 -0.828160882 0.103425488
vn 0.550865531 -0.828160882 0.103425488
vn 0.547765911 -0.828496635 0.116386726
vn 0.554863274 -0.824562013 0.110563569
vn 0.547765911 -0.828496635 0.116386726
vn 0.554863274 -0.824562013 0.110563569
vn 0.563817978 -0.818619072 0.109417602
vn 0.530070662 -0.838917911 0.123457603
vn 0.563817978 -0.818619072 0.109417602
vn 0.530070662 -0.838917911 0.123457603
vn 0.568043113 -0.820088387 0.0691521242
vn 0.51266247 -0.852881074 0.0988488123
vn 0.568043113 -0.820088387 0.0691521242
vn 0.51266247 -0.852881074 0.0988488123
vn 0.538665831 -0.84047395 0.058675468
vn 0.538665831 -0.84047395 0.058675468
vn 0.94217217 -0.285277873 -0.175864235
vn 0.893653095 -0.246565551 0.374952704
vn 0.893653095 -0.246565551 0.374952704
vn 0.94217217 -0.285277873 -0.175864235
vn 0.54818511 -0.408559352 0.729775488
vn 0.659048021 -0.525503576 -0.538053691
vn 0.54818511 -0.408559352 0.729775488
vn 0.659048021 -0.525503576 -0.538053691
vn 0.183294818 -0.647204041 0.739952743
vn 0.242153391 -0.803883374 -0.543261647
vn 0.183294818 -0.647204041 0.739952743
vn 0.242153391 -0.803883374 -0.543261647
vn -0.0950855911 -0.915091693 0.39187479
vn -0.0860340372 -0.979209304 -0.1837046
vn -0.0950855911 -0.915091693 0.39187479
vn -0.0860340372 -0.979209304 -0.1837046
vn -0.553557217 -0.824132562 0.119915895
vn -0.553557396 -0.824132144 0.119918369
vn -0.553557396 -0.824132144 0.119918369
vn -0.553557217 -0.824132562 0.119915895
vn -0.553558052 -0.824130774 0.119924478
vn -0.55356288 -0.824126661 0.119930536
vn -0.553558052 -0.824130774 0.119924478
vn -0.55356288 -0.824126661 0.119930536
vn -0.553573668 -0.824120641 0.119921811
vn -0.55359745 -0.824098289 0.119965665
vn -0.553573668 -0.824120641 0.119921811
vn -0.55359745 -0.824098289 0.119965665
vn -0.553619623 -0.824091017 0.119914085
vn -0.553638458 -0.824073136 0.119949415
vn -0.553619623 -0.824091017 0.119914085
vn -0.553638458 -0.824073136 0.119949415
vn 0.553557992 -0.824132502 0.119913653
vn 0.553558707 -0.824131429 0.119916767
vn 0.553558707 -0.824131429 0.119916767
vn 0.553557992 -0.824132502 0.119913653
vn 0.553558469 -0.824130535 0.119924568
vn 0.55356282 -0.824127316 0.119926751
vn 0.553558469 -0.824130535 0.119924568
vn 0.55356282 -0.824127316 0.119926751
vn 0.553574085 -0.824120283 0.119922914
vn 0.553597808 -0.824097931 0.119967483
vn 0.553574085 -0.824120283 0.119922914
vn 0.553597808 -0.824097931 0.119967483
vn 0.553620875 -0.824090302 0.119912915
vn 0.553639352 -0.824072063 0.119952172
vn 0.553620875 -0.824090302 0.119912915
vn 0.553639352 -0.824072063 0.119952172
g Robot2_0
f 3/3/3 2/2/2 1/1/1
f 2/2/2 5/5/5 4/4/4
f 4/4/4 5/5/5 6/6/6
f 5/5/5 8/8/8 7/7/7
f 6/6/6 8/8/8 9/9/9
f 8/8/8 10/10/10 9/9/9
f 12/12/12 2/2/2 11/11/11
f 13/13/13 12/12/12 11/11/11
f 14/14/14 12/12/12 13/13/13
f 15/15/15 14/14/14 13/13/13
f 18/18/18 17/17/17 16/16/16
f 21/21/21 20/20/20 19/19/19
f 24/24/24 23/23/23 22/22/22
f 27/27/27 26/26/26 25/25/25
f 30/30/30 29/29/29 28/28/28
f 33/33/33 32/32/32 31/31/31
f 36/36/36 35/35/35 34/34/34
f 39/39/39 38/38/38 37/37/37
f 42/42/42 41/41/41 40/40/40
f 45/45/45 44/44/44 43/43/43
f 48/48/48 47/47/47 46/46/46
f 51/51/51 50/50/50 49/49/49
f 54/54/54 53/53/53 52/52/52
f 57/57/57 56/56/56 55/55/55
f 57/57/57 59/59/59 58/58/58
f 59/59/59 60/60/60 58/58/58
f 62/62/62 57/57/57 61/61/61
f 62/62/62 61/61/61 63/63/63
f 64/64/64 62/62/62 63/63/63
f 64/64/64 63/63/63 65/65/65
f 67/67/67 64/64/64 66/66/66
f 67/67/67 65/65/65 68/68/68
f 69/69/69 67/67/67 68/68/68
f 72/72/72 71/71/71 70/70/70
f 74/74/74 71/71/71 73/73/73
f 75/75/75 74/74/74 73/73/73
f 71/71/71 77/77/77 76/76/76
f 76/76/76 77/77/77 78/78/78
f 77/77/77 79/79/79 78/78/78
f 78/78/78 79/79/79 80/80/80
f 79/79/79 82/82/82 81/81/81
f 80/80/80 82/82/82 83/83/83
f 82/82/82 84/84/84 83/83/83
f 87/87/87 86/86/86 85/85/85
f 89/89/89 87/87/87 88/88/88
f 89/89/89 88/88/88 90/90/90
f 92/92/92 89/89/89 91/91/91
f 92/92/92 90/90/90 93/93/93
f 94/94/94 92/92/92 93/93/93
f 87/87/87 96/96/96 95/95/95
f 96/96/96 97/97/97 95/95/95
f 96/96/96 98/98/98 97/97/97
f 98/98/98 99/99/99 97/97/97
f 102/102/102 101/101/101 100/100/100
f 105/105/105 104/104/104 103/103/103
f 108/108/108 107/107/107 106/106/106
f 111/111/111 110/110/110 109/109/109
f 114/114/114 113/113/113 112/112/112
f 117/117/117 116/116/116 115/115/115
f 120/120/120 119/119/119 118/118/118
f 123/123/123 122/122/122 121/121/121
f 126/126/126 125/125/125 124/124/124
f 129/129/129 128/128/128 127/127/127
f 132/132/132 131/131/131 130/130/130
f 135/135/135 134/134/134 133/133/133
f 138/138/138 137/137/137 136/136/136
f 141/141/141 140/140/140 139/139/139
f 142/142/142 141/141/141 139/139/139
f 142/142/142 139/139/139 143/143/143
f 144/144/144 141/141/141 142/142/142
f 145/145/145 142/142/142 143/143/143
f 145/145/145 143/143/143 146/146/146
f 147/147/147 144/144/144 142/142/142
f 147/147/147 142/142/142 145/145/145
f 148/148/148 144/144/144 147/147/147
f 149/149/149 145/145/145 146/146/146
f 149/149/149 146/146/146 150/150/150
f 151/151/151 147/147/147 145/145/145
f 151/151/151 145/145/145 149/149/149
f 152/152/152 148/148/148 147/147/147
f 152/152/152 147/147/147 151/151/151
f 153/153/153 148/148/148 152/152/152
f 154/154/154 153/153/153 152/152/152
f 154/154/154 152/152/152 155/155/155
f 155/155/155 152/152/152 151/151/151
f 156/156/156 154/154/154 155/155/155
f 157/157/157 149/149/149 150/150/150
f 150/150/150 158/158/158 157/157/157
f 159/159/159 151/151/151 149/149/149
f 155/155/155 151/151/151 159/159/159
f 159/159/159 149/149/149 157/157/157
f 156/156/156 155/155/155 160/160/160
f 160/160/160 155/155/155 159/159/159
f 161/161/161 156/156/156 160/160/160
f 162/162/162 159/159/159 157/157/157
f 157/157/157 158/158/158 162/162/162
f 160/160/160 159/159/159 162/162/162
f 161/161/161 160/160/160 163/163/163
f 163/163/163 160/160/160 162/162/162
f 162/162/162 158/158/158 163/163/163
f 164/164/164 161/161/161 163/163/163
f 163/163/163 158/158/158 164/164/164
f 167/167/167 166/166/166 165/165/165
f 168/168/168 167/167/167 165/165/165
f 168/168/168 165/165/165 169/169/169
f 170/170/170 167/167/167 168/168/168
f 171/171/171 168/168/168 169/169/169
f 171/171/171 169/169/169 172/172/172
f 173/173/173 170/170/170 168/168/168
f 173/173/173 168/168/168 171/171/171
f 174/174/174 170/170/170 173/173/173
f 175/175/175 171/171/171 172/172/172
f 175/175/175 172/172/172 176/176/176
f 177/177/177 173/173/173 171/171/171
f 177/177/177 171/171/171 175/175/175
f 178/178/178 174/174/174 173/173/173
f 178/178/178 173/173/173 177/177/177
f 179/179/179 174/174/174 178/178/178
f 180/180/180 179/179/179 178/178/178
f 180/180/180 178/178/178 181/181/181
f 181/181/181 178/178/178 177/177/177
f 182/182/182 180/180/180 181/181/181
f 183/183/183 175/175/175 176/176/176
f 176/176/176 184/184/184 183/183/183
f 185/185/185 177/177/177 175/175/175
f 181/181/181 177/177/177 185/185/185
f 185/185/185 175/175/175 183/183/183
f 182/182/182 181/181/181 186/186/186
f 186/186/186 181/181/181 185/185/185
f 187/187/187 182/182/182 186/186/186
f 188/188/188 185/185/185 183/183/183
f 183/183/183 184/184/184 188/188/188
f 186/186/186 185/185/185 188/188/188
f 187/187/187 186/186/186 189/189/189
f 189/189/189 186/186/186 188/188/188
f 188/188/188 184/184/184 189/189/189
f 190/190/190 187/187/187 189/189/189
f 189/189/189 184/184/184 190/190/190
f 193/193/193 192/192/192 191/191/191
f 194/194/194 193/193/193 191/191/191
f 197/197/197 196/196/196 195/195/195
f 198/198/198 197/197/197 195/195/195
f 198/198/198 199/199/199 197/197/197
f 199/199/199 200/200/200 197/197/197
f 201/201/201 200/200/200 199/199/199
f 202/202/202 201/201/201 199/199/199
f 203/203/203 202/202/202 199/199/199
f 195/195/195 204/204/204 198/198/198
f 195/195/195 205/205/205 204/204/204
f 204/204/204 206/206/206 198/198/198
f 198/198/198 206/206/206 199/199/199
f 205/205/205 207/207/207 204/204/204
f 208/208/208 203/203/203 199/199/199
f 206/206/206 208/208/208 199/199/199
f 209/209/209 203/203/203 208/208/208
f 210/210/210 208/208/208 206/206/206
f 210/210/210 209/209/209 208/208/208
f 211/211/211 210/210/210 206/206/206
f 212/212/212 207/207/207 205/205/205
f 213/213/213 212/212/212 205/205/205
f 212/212/212 213/213/213 214/214/214
f 215/215/215 212/212/212 214/214/214
f 212/212/212 215/215/215 207/207/207
f 215/215/215 216/216/216 207/207/207
f 209/209/209 210/210/210 217/217/217
f 218/218/218 209/209/209 217/217/217
f 218/218/218 217/217/217 219/219/219
f 211/211/211 220/220/220 210/210/210
f 220/220/220 217/217/217 210/210/210
f 217/217/217 221/221/221 219/219/219
f 221/221/221 217/217/217 220/220/220
f 222/222/222 220/220/220 211/211/211
f 223/223/223 222/222/222 211/211/211
f 224/224/224 222/222/222 223/223/223
f 225/225/225 224/224/224 223/223/223
f 220/220/220 222/222/222 226/226/226
f 222/222/222 224/224/224 226/226/226
f 219/219/219 221/221/221 227/227/227
f 228/228/228 219/219/219 227/227/227
f 229/229/229 228/228/228 227/227/227
f 230/230/230 221/221/221 220/220/220
f 230/230/230 220/220/220 226/226/226
f 231/231/231 229/229/229 227/227/227
f 232/232/232 229/229/229 231/231/231
f 233/233/233 232/232/232 231/231/231
f 234/234/234 233/233/233 231/231/231
f 235/235/235 227/227/227 221/221/221
f 230/230/230 235/235/235 221/221/221
f 231/231/231 227/227/227 235/235/235
f 236/236/236 234/234/234 231/231/231
f 236/236/236 231/231/231 235/235/235
f 237/237/237 234/234/234 236/236/236
f 238/238/238 235/235/235 230/230/230
f 226/226/226 238/238/238 230/230/230
f 236/236/236 235/235/235 238/238/238
f 239/239/239 237/237/237 236/236/236
f 239/239/239 236/236/236 238/238/238
f 240/240/240 237/237/237 239/239/239
f 238/238/238 226/226/226 241/241/241
f 224/224/224 241/241/241 226/226/226
f 239/239/239 238/238/238 242/242/242
f 243/243/243 238/238/238 241/241/241
f 244/244/244 239/239/239 242/242/242
f 244/244/244 240/240/240 239/239/239
f 244/244/244 242/242/242 245/245/245
f 243/243/243 241/241/241 246/246/246
f 246/246/246 241/241/241 224/224/224
f 247/247/247 243/243/243 246/246/246
f 246/246/246 248/248/248 247/247/247
f 248/248/248 246/246/246 249/249/249
f 240/240/240 244/244/244 250/250/250
f 250/250/250 244/244/244 245/245/245
f 251/251/251 240/240/240 250/250/250
f 250/250/250 245/245/245 252/252/252
f 251/251/251 250/250/250 252/252/252
f 253/253/253 246/246/246 224/224/224
f 246/246/246 253/253/253 249/249/249
f 253/253/253 254/254/254 249/249/249
f 253/253/253 224/224/224 225/225/225
f 255/255/255 253/253/253 225/225/225
f 258/258/258 257/257/257 256/256/256
f 259/259/259 258/258/258 256/256/256
f 262/262/262 261/261/261 260/260/260
f 263/263/263 262/262/262 260/260/260
f 266/266/266 265/265/265 264/264/264
f 267/267/267 266/266/266 264/264/264
f 267/267/267 264/264/264 268/268/268
f 268/268/268 264/264/264 269/269/269
f 270/270/270 267/267/267 268/268/268
f 264/264/264 271/271/271 269/269/269
f 264/264/264 272/272/272 271/271/271
f 272/272/272 273/273/273 271/271/271
f 271/271/271 274/274/274 269/269/269
f 271/271/271 275/275/275 274/274/274
f 275/275/275 276/276/276 274/274/274
f 274/274/274 277/277/277 269/269/269
f 274/274/274 278/278/278 277/277/277
f 274/274/274 279/279/279 278/278/278
f 279/279/279 280/280/280 278/278/278
f 278/278/278 281/281/281 277/277/277
f 278/278/278 282/282/282 281/281/281
f 282/282/282 283/283/283 281/281/281
f 278/278/278 284/284/284 282/282/282
f 284/284/284 285/285/285 282/282/282
f 287/287/287 286/286/286 267/267/267
f 288/288/288 287/287/287 267/267/267
f 288/288/288 267/267/267 270/270/270
f 289/289/289 288/288/288 270/270/270
f 290/290/290 288/288/288 289/289/289
f 291/291/291 290/290/290 289/289/289
f 290/290/290 291/291/291 292/292/292
f 293/293/293 290/290/290 292/292/292
f 288/288/288 290/290/290 294/294/294
f 295/295/295 288/288/288 294/294/294
f 296/296/296 290/290/290 293/293/293
f 297/297/297 296/296/296 293/293/293
f 300/300/300 299/299/299 298/298/298
f 301/301/301 300/300/300 298/298/298
f 302/302/302 300/300/300 301/301/301
f 303/303/303 302/302/302 301/301/301
f 304/304/304 302/302/302 303/303/303
f 305/305/305 304/304/304 303/303/303
f 306/306/306 304/304/304 305/305/305
f 307/307/307 306/306/306 305/305/305
f 308/308/308 306/306/306 307/307/307
f 309/309/309 308/308/308 307/307/307
f 310/310/310 308/308/308 309/309/309
f 311/311/311 310/310/310 309/309/309
f 312/312/312 310/310/310 311/311/311
f 313/313/313 312/312/312 311/311/311
f 314/314/314 312/312/312 313/313/313
f 315/315/315 314/314/314 313/313/313
f 318/318/318 317/317/317 316/316/316
f 319/319/319 318/318/318 316/316/316
f 319/319/319 316/316/316 320/320/320
f 316/316/316 321/321/321 320/320/320
f 320/320/320 321/321/321 322/322/322
f 323/323/323 320/320/320 322/322/322
f 326/326/326 325/325/325 324/324/324
f 325/325/325 327/327/327 324/324/324
f 328/328/328 324/324/324 327/327/327
f 329/329/329 328/328/328 327/327/327
f 330/330/330 329/329/329 327/327/327
f 331/331/331 328/328/328 329/329/329
f 331/331/331 332/332/332 328/328/328
f 333/333/333 331/331/331 329/329/329
f 329/329/329 334/334/334 333/333/333
f 333/333/333 334/334/334 335/335/335
f 334/334/334 329/329/329 336/336/336
f 335/335/335 334/334/334 336/336/336
f 339/339/339 338/338/338 337/337/337
f 340/340/340 339/339/339 337/337/337
f 337/337/337 341/341/341 340/340/340
f 340/340/340 341/341/341 342/342/342
f 343/343/343 340/340/340 342/342/342
f 342/342/342 341/341/341 344/344/344
f 341/341/341 345/345/345 344/344/344
f 346/346/346 342/342/342 344/344/344
f 346/346/346 347/347/347 342/342/342
f 348/348/348 342/342/342 347/347/347
f 346/346/346 349/349/349 347/347/347
f 349/349/349 348/348/348 347/347/347
f 352/352/352 351/351/351 350/350/350
f 353/353/353 352/352/352 350/350/350
f 356/356/356 355/355/355 354/354/354
f 357/357/357 356/356/356 354/354/354
f 360/360/360 359/359/359 358/358/358
f 359/359/359 361/361/361 358/358/358
f 358/358/358 361/361/361 362/362/362
f 363/363/363 358/358/358 362/362/362
f 363/363/363 362/362/362 364/364/364
f 362/362/362 365/365/365 364/364/364
f 364/364/364 365/365/365 366/366/366
f 367/367/367 364/364/364 366/366/366
f 367/367/367 366/366/366 368/368/368
f 369/369/369 367/367/367 368/368/368
f 369/369/369 368/368/368 370/370/370
f 368/368/368 371/371/371 370/370/370
f 372/372/372 370/370/370 371/371/371
f 373/373/373 372/372/372 371/371/371
f 372/372/372 373/373/373 374/374/374
f 375/375/375 372/372/372 374/374/374
f 367/367/367 369/369/369 376/376/376
f 367/367/367 376/376/376 377/377/377
f 369/369/369 378/378/378 376/376/376
f 369/369/369 379/379/379 378/378/378
f 376/376/376 378/378/378 380/380/380
f 379/379/379 380/380/380 378/378/378
f 376/376/376 381/381/381 377/377/377
f 381/381/381 376/376/376 380/380/380
f 377/377/377 381/381/381 382/382/382
f 381/381/381 380/380/380 382/382/382
f 383/383/383 377/377/377 382/382/382
f 384/384/384 380/380/380 379/379/379
f 380/380/380 384/384/384 382/382/382
f 385/385/385 384/384/384 379/379/379
f 386/386/386 384/384/384 385/385/385
f 384/384/384 386/386/386 382/382/382
f 387/387/387 386/386/386 385/385/385
f 383/383/383 382/382/382 388/388/388
f 386/386/386 388/388/388 382/382/382
f 386/386/386 387/387/387 388/388/388
f 389/389/389 383/383/383 388/388/388
f 387/387/387 389/389/389 388/388/388
f 392/392/392 391/391/391 390/390/390
f 393/393/393 392/392/392 390/390/390
f 393/393/393 394/394/394 392/392/392
f 394/394/394 395/395/395 392/392/392
f 394/394/394 396/396/396 395/395/395
f 396/396/396 397/397/397 395/395/395
f 396/396/396 398/398/398 397/397/397
f 398/398/398 399/399/399 397/397/397
f 398/398/398 400/400/400 399/399/399
f 400/400/400 401/401/401 399/399/399
f 400/400/400 398/398/398 402/402/402
f 398/398/398 403/403/403 402/402/402
f 404/404/404 402/402/402 403/403/403
f 405/405/405 404/404/404 403/403/403
f 404/404/404 405/405/405 406/406/406
f 407/407/407 404/404/404 406/406/406
f 406/406/406 408/408/408 407/407/407
f 408/408/408 409/409/409 407/407/407
f 409/409/409 408/408/408 410/410/410
f 411/411/411 409/409/409 410/410/410
f 412/412/412 411/411/411 410/410/410
f 412/412/412 413/413/413 411/411/411
f 414/414/414 412/412/412 410/410/410
f 415/415/415 414/414/414 410/410/410
f 418/418/418 417/417/417 416/416/416
f 417/417/417 419/419/419 416/416/416
f 416/416/416 419/419/419 420/420/420
f 419/419/419 421/421/421 420/420/420
f 420/420/420 421/421/421 422/422/422
f 423/423/423 420/420/420 422/422/422
f 422/422/422 424/424/424 423/423/423
f 424/424/424 425/425/425 423/423/423
f 425/425/425 424/424/424 426/426/426
f 427/427/427 425/425/425 426/426/426
f 427/427/427 426/426/426 428/428/428
f 426/426/426 429/429/429 428/428/428
f 428/428/428 429/429/429 430/430/430
f 429/429/429 431/431/431 430/430/430
f 430/430/430 431/431/431 432/432/432
f 433/433/433 430/430/430 432/432/432
f 433/433/433 432/432/432 434/434/434
f 432/432/432 435/435/435 434/434/434
f 436/436/436 434/434/434 435/435/435
f 437/437/437 436/436/436 435/435/435
f 440/440/440 439/439/439 438/438/438
f 441/441/441 440/440/440 438/438/438
f 444/444/444 443/443/443 442/442/442
f 445/445/445 444/444/444 442/442/442
f 447/447/447 446/446/446 445/445/445
f 448/448/448 447/447/447 445/445/445
f 448/448/448 450/450/450 449/449/449
f 450/450/450 451/451/451 449/449/449
f 442/442/442 453/453/453 452/452/452
f 453/453/453 454/454/454 452/452/452
f 452/452/452 456/456/456 455/455/455
f 456/456/456 457/457/457 455/455/455
f 460/460/460 459/459/459 458/458/458
f 461/461/461 460/460/460 458/458/458
f 462/462/462 460/460/460 461/461/461
f 463/463/463 462/462/462 461/461/461
f 463/463/463 464/464/464 462/462/462
f 464/464/464 465/465/465 462/462/462
f 464/464/464 466/466/466 465/465/465
f 466/466/466 467/467/467 465/465/465
f 467/467/467 466/466/466 468/468/468
f 469/469/469 467/467/467 468/468/468
f 472/472/472 471/471/471 470/470/470
f 473/473/473 472/472/472 470/470/470
f 474/474/474 473/473/473 470/470/470
f 475/475/475 474/474/474 470/470/470
f 475/475/475 476/476/476 474/474/474
f 476/476/476 477/477/477 474/474/474
f 480/480/480 479/479/479 478/478/478
f 481/481/481 480/480/480 478/478/478
f 481/481/481 482/482/482 480/480/480
f 482/482/482 483/483/483 480/480/480
f 486/486/486 485/485/485 484/484/484
f 485/485/485 487/487/487 484/484/484
f 485/485/485 488/488/488 487/487/487
f 484/484/484 487/487/487 489/489/489
f 488/488/488 490/490/490 487/487/487
f 487/487/487 491/491/491 489/489/489
f 487/487/487 490/490/490 491/491/491
f 489/489/489 491/491/491 492/492/492
f 490/490/490 493/493/493 491/491/491
f 491/491/491 494/494/494 492/492/492
f 491/491/491 493/493/493 494/494/494
f 492/492/492 494/494/494 495/495/495
f 493/493/493 496/496/496 494/494/494
f 494/494/494 497/497/497 495/495/495
f 494/494/494 496/496/496 497/497/497
f 495/495/495 497/497/497 498/498/498
f 496/496/496 499/499/499 497/497/497
f 497/497/497 500/500/500 498/498/498
f 497/497/497 499/499/499 500/500/500
f 498/498/498 500/500/500 501/501/501
f 499/499/499 502/502/502 500/500/500
f 500/500/500 503/503/503 501/501/501
f 500/500/500 502/502/502 503/503/503
f 501/501/501 503/503/503 504/504/504
f 502/502/502 505/505/505 503/503/503
f 503/503/503 506/506/506 504/504/504
f 503/503/503 505/505/505 506/506/506
f 504/504/504 506/506/506 507/507/507
f 505/505/505 508/508/508 506/506/506
f 506/506/506 509/509/509 507/507/507
f 506/506/506 508/508/508 509/509/509
f 507/507/507 509/509/509 510/510/510
f 508/508/508 511/511/511 509/509/509
f 509/509/509 512/512/512 510/510/510
f 509/509/509 511/511/511 512/512/512
f 510/510/510 512/512/512 513/513/513
f 511/511/511 514/514/514 512/512/512
f 512/512/512 515/515/515 513/513/513
f 512/512/512 514/514/514 515/515/515
f 514/514/514 516/516/516 515/515/515
f 519/519/519 518/518/518 517/517/517
f 520/520/520 519/519/519 517/517/517
f 523/523/523 522/522/522 521/521/521
f 524/524/524 523/523/523 521/521/521
f 527/527/527 526/526/526 525/525/525
f 528/528/528 527/527/527 525/525/525
f 528/528/528 529/529/529 527/527/527
f 530/530/530 529/529/529 528/528/528
f 531/531/531 530/530/530 528/528/528
f 528/528/528 532/532/532 531/531/531
f 532/532/532 528/528/528 533/533/533
f 534/534/534 532/532/532 533/533/533
f 532/532/532 535/535/535 531/531/531
f 532/532/532 536/536/536 535/535/535
f 536/536/536 537/537/537 535/535/535
f 535/535/535 537/537/537 538/538/538
f 537/537/537 536/536/536 539/539/539
f 537/537/537 539/539/539 540/540/540
f 537/537/537 540/540/540 538/538/538
f 538/538/538 540/540/540 541/541/541
f 542/542/542 536/536/536 532/532/532
f 542/542/542 539/539/539 536/536/536
f 543/543/543 542/542/542 532/532/532
f 540/540/540 544/544/544 541/541/541
f 540/540/540 539/539/539 544/544/544
f 541/541/541 544/544/544 545/545/545
f 546/546/546 542/542/542 543/543/543
f 546/546/546 539/539/539 542/542/542
f 547/547/547 546/546/546 543/543/543
f 544/544/544 548/548/548 545/545/545
f 544/544/544 539/539/539 548/548/548
f 545/545/545 548/548/548 549/549/549
f 550/550/550 546/546/546 547/547/547
f 550/550/550 539/539/539 546/546/546
f 551/551/551 550/550/550 547/547/547
f 549/549/549 552/552/552 551/551/551
f 548/548/548 552/552/552 549/549/549
f 548/548/548 539/539/539 552/552/552
f 552/552/552 539/539/539 550/550/550
f 552/552/552 550/550/550 551/551/551
f 555/555/555 554/554/554 553/553/553
f 554/554/554 556/556/556 553/553/553
f 556/556/556 557/557/557 553/553/553
f 553/553/553 557/557/557 558/558/558
f 557/557/557 559/559/559 558/558/558
f 558/558/558 560/560/560 553/553/553
f 560/560/560 561/561/561 553/553/553
f 553/553/553 561/561/561 562/562/562
f 563/563/563 553/553/553 562/562/562
f 560/560/560 564/564/564 561/561/561
f 564/564/564 565/565/565 561/561/561
f 561/561/561 565/565/565 566/566/566
f 565/565/565 564/564/564 567/567/567
f 568/568/568 567/567/567 564/564/564
f 568/568/568 564/564/564 560/560/560
f 569/569/569 568/568/568 560/560/560
f 565/565/565 570/570/570 566/566/566
f 565/565/565 567/567/567 570/570/570
f 566/566/566 570/570/570 571/571/571
f 572/572/572 568/568/568 569/569/569
f 572/572/572 567/567/567 568/568/568
f 573/573/573 572/572/572 569/569/569
f 570/570/570 574/574/574 571/571/571
f 570/570/570 567/567/567 574/574/574
f 571/571/571 574/574/574 575/575/575
f 576/576/576 572/572/572 573/573/573
f 576/576/576 567/567/567 572/572/572
f 577/577/577 576/576/576 573/573/573
f 574/574/574 578/578/578 575/575/575
f 574/574/574 567/567/567 578/578/578
f 575/575/575 578/578/578 579/579/579
f 580/580/580 567/567/567 576/576/576
f 580/580/580 576/576/576 577/577/577
f 579/579/579 580/580/580 577/577/577
f 578/578/578 567/567/567 580/580/580
f 578/578/578 580/580/580 579/579/579
f 583/583/583 582/582/582 581/581/581
f 584/584/584 583/583/583 581/581/581
f 584/584/584 581/581/581 585/585/585
f 586/586/586 584/584/584 585/585/585
f 586/586/586 585/585/585 587/587/587
f 585/585/585 588/588/588 587/587/587
f 587/587/587 588/588/588 589/589/589
f 590/590/590 587/587/587 589/589/589
f 590/590/590 589/589/589 591/591/591
f 589/589/589 592/592/592 591/591/591
f 591/591/591 592/592/592 593/593/593
f 592/592/592 594/594/594 593/593/593
f 593/593/593 594/594/594 595/595/595
f 594/594/594 596/596/596 595/595/595
f 595/595/595 596/596/596 597/597/597
f 596/596/596 598/598/598 597/597/597
f 597/597/597 598/598/598 599/599/599
f 598/598/598 600/600/600 599/599/599
f 599/599/599 600/600/600 601/601/601
f 600/600/600 602/602/602 601/601/601
f 605/605/605 604/604/604 603/603/603
f 604/604/604 606/606/606 603/603/603
f 603/603/603 606/606/606 607/607/607
f 604/604/604 608/608/608 606/606/606
f 606/606/606 609/609/609 607/607/607
f 608/608/608 610/610/610 606/606/606
f 610/610/610 608/608/608 611/611/611
f 608/608/608 612/612/612 611/611/611
f 612/612/612 613/613/613 611/611/611
f 610/610/610 614/614/614 606/606/606
f 614/614/614 609/609/609 606/606/606
f 610/610/610 611/611/611 614/614/614
f 613/613/613 615/615/615 611/611/611
f 613/613/613 616/616/616 615/615/615
f 616/616/616 617/617/617 615/615/615
f 615/615/615 617/617/617 618/618/618
f 615/615/615 618/618/618 611/611/611
f 617/617/617 619/619/619 618/618/618
f 618/618/618 620/620/620 611/611/611
f 611/611/611 620/620/620 614/614/614
f 618/618/618 621/621/621 620/620/620
f 621/621/621 622/622/622 620/620/620
f 614/614/614 620/620/620 622/622/622
f 621/621/621 623/623/623 622/622/622
f 614/614/614 624/624/624 609/609/609
f 624/624/624 614/614/614 622/622/622
f 624/624/624 625/625/625 609/609/609
f 624/624/624 626/626/626 625/625/625
f 623/623/623 627/627/627 622/622/622
f 626/626/626 628/628/628 625/625/625
f 623/623/623 629/629/629 627/627/627
f 629/629/629 630/630/630 627/627/627
f 631/631/631 629/629/629 623/623/623
f 630/630/630 629/629/629 631/631/631
f 632/632/632 631/631/631 623/623/623
f 633/633/633 630/630/630 631/631/631
f 628/628/628 626/626/626 634/634/634
f 626/626/626 635/635/635 634/634/634
f 634/634/634 635/635/635 636/636/636
f 637/637/637 634/634/634 636/636/636
f 628/628/628 634/634/634 637/637/637
f 638/638/638 628/628/628 637/637/637
f 641/641/641 640/640/640 639/639/639
f 642/642/642 641/641/641 639/639/639
f 639/639/639 643/643/643 642/642/642
f 642/642/642 644/644/644 641/641/641
f 644/644/644 645/645/645 641/641/641
f 646/646/646 645/645/645 644/644/644
f 647/647/647 646/646/646 644/644/644
f 644/644/644 648/648/648 647/647/647
f 644/644/644 642/642/642 648/648/648
f 648/648/648 649/649/649 647/647/647
f 643/643/643 650/650/650 642/642/642
f 642/642/642 650/650/650 648/648/648
f 643/643/643 651/651/651 650/650/650
f 648/648/648 652/652/652 649/649/649
f 652/652/652 653/653/653 649/649/649
f 648/648/648 650/650/650 654/654/654
f 651/651/651 654/654/654 650/650/650
f 652/652/652 648/648/648 654/654/654
f 652/652/652 655/655/655 653/653/653
f 655/655/655 652/652/652 654/654/654
f 655/655/655 656/656/656 653/653/653
f 654/654/654 651/651/651 657/657/657
f 657/657/657 655/655/655 654/654/654
f 651/651/651 658/658/658 657/657/657
f 657/657/657 658/658/658 659/659/659
f 657/657/657 659/659/659 655/655/655
f 658/658/658 660/660/660 659/659/659
f 661/661/661 659/659/659 660/660/660
f 655/655/655 662/662/662 656/656/656
f 659/659/659 662/662/662 655/655/655
f 659/659/659 661/661/661 662/662/662
f 662/662/662 663/663/663 656/656/656
f 661/661/661 664/664/664 662/662/662
f 663/663/663 662/662/662 664/664/664
f 667/667/667 666/666/666 665/665/665
f 666/666/666 668/668/668 665/665/665
f 665/665/665 668/668/668 669/669/669
f 665/665/665 669/669/669 670/670/670
f 668/668/668 671/671/671 669/669/669
f 672/672/672 665/665/665 670/670/670
f 673/673/673 665/665/665 672/672/672
f 674/674/674 673/673/673 672/672/672
f 675/675/675 672/672/672 670/670/670
f 676/676/676 672/672/672 675/675/675
f 677/677/677 676/676/676 675/675/675
f 678/678/678 675/675/675 670/670/670
f 679/679/679 675/675/675 678/678/678
f 680/680/680 679/679/679 678/678/678
f 681/681/681 675/675/675 679/679/679
f 682/682/682 681/681/681 679/679/679
f 668/668/668 683/683/683 671/671/671
f 683/683/683 684/684/684 671/671/671
f 685/685/685 683/683/683 668/668/668
f 686/686/686 685/685/685 668/668/668
f 683/683/683 687/687/687 684/684/684
f 687/687/687 688/688/688 684/684/684
f 688/688/688 687/687/687 689/689/689
f 687/687/687 683/683/683 690/690/690
f 683/683/683 691/691/691 690/690/690
f 687/687/687 692/692/692 689/689/689
f 689/689/689 692/692/692 693/693/693
f 687/687/687 694/694/694 692/692/692
f 694/694/694 695/695/695 692/692/692
f 692/692/692 696/696/696 693/693/693
f 697/697/697 696/696/696 692/692/692
f 698/698/698 697/697/697 692/692/692
f 701/701/701 700/700/700 699/699/699
f 700/700/700 702/702/702 699/699/699
f 699/699/699 702/702/702 703/703/703
f 702/702/702 704/704/704 703/703/703
f 703/703/703 704/704/704 705/705/705
f 704/704/704 706/706/706 705/705/705
f 705/705/705 706/706/706 707/707/707
f 706/706/706 708/708/708 707/707/707
f 707/707/707 708/708/708 709/709/709
f 708/708/708 710/710/710 709/709/709
f 709/709/709 710/710/710 711/711/711
f 710/710/710 712/712/712 711/711/711
f 711/711/711 712/712/712 713/713/713
f 712/712/712 714/714/714 713/713/713
f 713/713/713 714/714/714 715/715/715
f 714/714/714 716/716/716 715/715/715
f 719/719/719 718/718/718 717/717/717
f 720/720/720 719/719/719 717/717/717
f 723/723/723 722/722/722 721/721/721
f 724/724/724 723/723/723 721/721/721
f 727/727/727 726/726/726 725/725/725
f 728/728/728 727/727/727 725/725/725
f 731/731/731 730/730/730 729/729/729
f 730/730/730 732/732/732 729/729/729
f 730/730/730 733/733/733 732/732/732
f 733/733/733 734/734/734 732/732/732
f 733/733/733 735/735/735 734/734/734
f 735/735/735 736/736/736 734/734/734
f 737/737/737 736/736/736 735/735/735
f 738/738/738 737/737/737 735/735/735
f 739/739/739 737/737/737 738/738/738
f 740/740/740 739/739/739 738/738/738
f 741/741/741 739/739/739 740/740/740
f 742/742/742 741/741/741 740/740/740
f 741/741/741 742/742/742 743/743/743
f 742/742/742 744/744/744 743/743/743
f 747/747/747 746/746/746 745/745/745
f 748/748/748 747/747/747 745/745/745
f 748/748/748 749/749/749 747/747/747
f 749/749/749 750/750/750 747/747/747
f 752/752/752 750/750/750 751/751/751
f 753/753/753 752/752/752 751/751/751
f 756/756/756 755/755/755 754/754/754
f 757/757/757 756/756/756 754/754/754
f 760/760/760 759/759/759 758/758/758
f 760/760/760 758/758/758 761/761/761
f 758/758/758 762/762/762 761/761/761
f 765/765/765 764/764/764 763/763/763
f 766/766/766 765/765/765 763/763/763
f 767/767/767 766/766/766 763/763/763
f 766/766/766 767/767/767 768/768/768
f 765/765/765 766/766/766 769/769/769
f 770/770/770 765/765/765 769/769/769
f 771/771/771 766/766/766 768/768/768
f 766/766/766 771/771/771 769/769/769
f 771/771/771 772/772/772 769/769/769
f 771/771/771 768/768/768 773/773/773
f 774/774/774 771/771/771 773/773/773
f 774/774/774 775/775/775 771/771/771
f 771/771/771 775/775/775 772/772/772
f 775/775/775 776/776/776 772/772/772
f 776/776/776 777/777/777 772/772/772
f 777/777/777 778/778/778 772/772/772
f 778/778/778 779/779/779 772/772/772
f 772/772/772 779/779/779 780/780/780
f 769/769/769 772/772/772 780/780/780
f 780/780/780 781/781/781 769/769/769
f 781/781/781 770/770/770 769/769/769
f 781/781/781 782/782/782 770/770/770
f 785/785/785 784/784/784 783/783/783
f 786/786/786 785/785/785 783/783/783
f 789/789/789 788/788/788 787/787/787
f 790/790/790 789/789/789 787/787/787
f 790/790/790 791/791/791 789/789/789
f 791/791/791 792/792/792 789/789/789
f 792/792/792 791/791/791 793/793/793
f 793/793/793 794/794/794 792/792/792
f 794/794/794 795/795/795 792/792/792
f 794/794/794 796/796/796 795/795/795
f 796/796/796 797/797/797 795/795/795
f 796/796/796 798/798/798 797/797/797
f 798/798/798 799/799/799 797/797/797
f 798/798/798 800/800/800 799/799/799
f 800/800/800 801/801/801 799/799/799
f 802/802/802 801/801/801 800/800/800
f 798/798/798 796/796/796 803/803/803
f 804/804/804 800/800/800 798/798/798
f 803/803/803 804/804/804 798/798/798
f 796/796/796 805/805/805 803/803/803
f 806/806/806 805/805/805 796/796/796
f 805/805/805 806/806/806 807/807/807
f 808/808/808 805/805/805 807/807/807
f 803/803/803 805/805/805 808/808/808
f 809/809/809 803/803/803 808/808/808
f 804/804/804 803/803/803 809/809/809
f 810/810/810 804/804/804 809/809/809
f 804/804/804 810/810/810 811/811/811
f 800/800/800 804/804/804 811/811/811
f 810/810/810 812/812/812 811/811/811
f 811/811/811 812/812/812 813/813/813
f 814/814/814 811/811/811 813/813/813
f 811/811/811 814/814/814 815/815/815
f 815/815/815 800/800/800 811/811/811
f 815/815/815 802/802/802 800/800/800
f 802/802/802 815/815/815 816/816/816
f 817/817/817 802/802/802 816/816/816
f 818/818/818 817/817/817 816/816/816
f 819/819/819 818/818/818 816/816/816
f 819/819/819 820/820/820 818/818/818
f 818/818/818 820/820/820 821/821/821
f 820/820/820 822/822/822 821/821/821
f 822/822/822 823/823/823 821/821/821
f 823/823/823 824/824/824 821/821/821
f 827/827/827 826/826/826 825/825/825
f 825/825/825 828/828/828 827/827/827
f 828/828/828 829/829/829 827/827/827
f 832/832/832 831/831/831 830/830/830
f 833/833/833 832/832/832 830/830/830
f 836/836/836 835/835/835 834/834/834
f 835/835/835 837/837/837 834/834/834
f 834/834/834 837/837/837 838/838/838
f 837/837/837 835/835/835 839/839/839
f 835/835/835 840/840/840 839/839/839
f 840/840/840 835/835/835 841/841/841
f 842/842/842 840/840/840 841/841/841
f 843/843/843 842/842/842 841/841/841
f 837/837/837 839/839/839 844/844/844
f 837/837/837 844/844/844 838/838/838
f 839/839/839 845/845/845 844/844/844
f 845/845/845 846/846/846 844/844/844
f 846/846/846 847/847/847 844/844/844
f 844/844/844 847/847/847 838/838/838
f 847/847/847 848/848/848 838/838/838
f 849/849/849 843/843/843 841/841/841
f 849/849/849 841/841/841 850/850/850
f 841/841/841 851/851/851 850/850/850
f 850/850/850 852/852/852 849/849/849
f 849/849/849 853/853/853 843/843/843
f 852/852/852 853/853/853 849/849/849
f 853/853/853 854/854/854 843/843/843
f 855/855/855 854/854/854 853/853/853
f 856/856/856 855/855/855 853/853/853
f 856/856/856 853/853/853 852/852/852
f 857/857/857 856/856/856 852/852/852
f 860/860/860 859/859/859 858/858/858
f 859/859/859 861/861/861 858/858/858
f 859/859/859 862/862/862 861/861/861
f 865/865/865 864/864/864 863/863/863
f 864/864/864 866/866/866 863/863/863
f 868/868/868 866/866/866 867/867/867
f 869/869/869 868/868/868 867/867/867
f 869/869/869 870/870/870 868/868/868
f 870/870/870 871/871/871 868/868/868
f 874/874/874 873/873/873 872/872/872
f 873/873/873 875/875/875 872/872/872
f 875/875/875 876/876/876 872/872/872
f 879/879/879 878/878/878 877/877/877
f 878/878/878 880/880/880 877/877/877
f 880/880/880 881/881/881 877/877/877
f 884/884/884 883/883/883 882/882/882
f 883/883/883 885/885/885 882/882/882
f 883/883/883 886/886/886 885/885/885
f 889/889/889 888/888/888 887/887/887
f 890/890/890 889/889/889 887/887/887
f 893/893/893 892/892/892 891/891/891
f 894/894/894 893/893/893 891/891/891
f 894/894/894 895/895/895 893/893/893
f 895/895/895 896/896/896 893/893/893
f 895/895/895 897/897/897 896/896/896
f 897/897/897 898/898/898 896/896/896
f 901/901/901 900/900/900 899/899/899
f 900/900/900 902/902/902 899/899/899
f 902/902/902 903/903/903 899/899/899
f 902/902/902 904/904/904 903/903/903
f 907/907/907 906/906/906 905/905/905
f 908/908/908 907/907/907 905/905/905
f 905/905/905 909/909/909 908/908/908
f 909/909/909 910/910/910 908/908/908
f 910/910/910 909/909/909 911/911/911
f 909/909/909 912/912/912 911/911/911
f 915/915/915 914/914/914 913/913/913
f 916/916/916 915/915/915 913/913/913
f 913/913/913 917/917/917 916/916/916
f 918/918/918 915/915/915 916/916/916
f 917/917/917 919/919/919 916/916/916
f 920/920/920 918/918/918 916/916/916
f 921/921/921 918/918/918 920/920/920
f 922/922/922 921/921/921 920/920/920
f 920/920/920 923/923/923 922/922/922
f 919/919/919 924/924/924 916/916/916
f 916/916/916 924/924/924 920/920/920
f 924/924/924 919/919/919 925/925/925
f 925/925/925 926/926/926 924/924/924
f 920/920/920 927/927/927 923/923/923
f 924/924/924 927/927/927 920/920/920
f 926/926/926 927/927/927 924/924/924
f 927/927/927 928/928/928 923/923/923
f 926/926/926 928/928/928 927/927/927
f 931/931/931 930/930/930 929/929/929
f 930/930/930 932/932/932 929/929/929
f 932/932/932 930/930/930 933/933/933
f 930/930/930 934/934/934 933/933/933
f 933/933/933 934/934/934 935/935/935
f 934/934/934 936/936/936 935/935/935
f 935/935/935 936/936/936 937/937/937
f 936/936/936 938/938/938 937/937/937
f 937/937/937 938/938/938 939/939/939
f 940/940/940 937/937/937 939/939/939
f 943/943/943 942/942/942 941/941/941
f 944/944/944 943/943/943 941/941/941
f 945/945/945 943/943/943 944/944/944
f 946/946/946 945/945/945 944/944/944
f 947/947/947 945/945/945 946/946/946
f 948/948/948 947/947/947 946/946/946
f 951/951/951 950/950/950 949/949/949
f 950/950/950 952/952/952 949/949/949
f 949/949/949 952/952/952 953/953/953
f 950/950/950 954/954/954 952/952/952
f 952/952/952 955/955/955 953/953/953
f 953/953/953 955/955/955 956/956/956
f 954/954/954 957/957/957 952/952/952
f 952/952/952 957/957/957 955/955/955
f 954/954/954 958/958/958 957/957/957
f 955/955/955 959/959/959 956/956/956
f 956/956/956 959/959/959 960/960/960
f 957/957/957 961/961/961 955/955/955
f 955/955/955 961/961/961 959/959/959
f 959/959/959 962/962/962 960/960/960
f 960/960/960 962/962/962 963/963/963
f 961/961/961 964/964/964 959/959/959
f 959/959/959 964/964/964 962/962/962
f 962/962/962 965/965/965 963/963/963
f 963/963/963 965/965/965 966/966/966
f 964/964/964 967/967/967 962/962/962
f 962/962/962 967/967/967 965/965/965
f 965/965/965 968/968/968 966/966/966
f 966/966/966 968/968/968 969/969/969
f 968/968/968 970/970/970 969/969/969
f 965/965/965 971/971/971 968/968/968
f 967/967/967 971/971/971 965/965/965
f 968/968/968 972/972/972 970/970/970
f 971/971/971 972/972/972 968/968/968
f 972/972/972 973/973/973 970/970/970
f 973/973/973 972/972/972 974/974/974
f 971/971/971 967/967/967 975/975/975
f 971/971/971 975/975/975 972/972/972
f 967/967/967 964/964/964 976/976/976
f 967/967/967 976/976/976 975/975/975
f 972/972/972 977/977/977 974/974/974
f 975/975/975 977/977/977 972/972/972
f 964/964/964 978/978/978 976/976/976
f 964/964/964 961/961/961 978/978/978
f 977/977/977 979/979/979 974/974/974
f 979/979/979 980/980/980 974/974/974
f 981/981/981 980/980/980 979/979/979
f 976/976/976 981/981/981 975/975/975
f 976/976/976 978/978/978 982/982/982
f 983/983/983 979/979/979 977/977/977
f 975/975/975 983/983/983 977/977/977
f 981/981/981 983/983/983 975/975/975
f 983/983/983 981/981/981 979/979/979
f 978/978/978 984/984/984 982/982/982
f 982/982/982 984/984/984 985/985/985
f 984/984/984 986/986/986 985/985/985
f 985/985/985 986/986/986 987/987/987
f 986/986/986 988/988/988 987/987/987
f 989/989/989 987/987/987 988/988/988
f 990/990/990 989/989/989 988/988/988
f 989/989/989 990/990/990 991/991/991
f 992/992/992 989/989/989 991/991/991
f 992/992/992 991/991/991 993/993/993
f 994/994/994 992/992/992 993/993/993
f 961/961/961 995/995/995 978/978/978
f 961/961/961 957/957/957 995/995/995
f 978/978/978 995/995/995 996/996/996
f 957/957/957 997/997/997 995/995/995
f 958/958/958 997/997/997 957/957/957
f 995/995/995 998/998/998 996/996/996
f 995/995/995 997/997/997 998/998/998
f 997/997/997 958/958/958 999/999/999
f 997/997/997 999/999/999 998/998/998
f 998/998/998 999/999/999 996/996/996
f 958/958/958 1000/1000/1000 999/999/999
f 999/999/999 1000/1000/1000 996/996/996
f 1003/1003/1003 1002/1002/1002 1001/1001/1001
f 1004/1004/1004 1003/1003/1003 1001/1001/1001
f 1005/1005/1005 1003/1003/1003 1004/1004/1004
f 1006/1006/1006 1005/1005/1005 1004/1004/1004
f 1005/1005/1005 1006/1006/1006 1007/1007/1007
f 1006/1006/1006 1008/1008/1008 1007/1007/1007
f 1008/1008/1008 1006/1006/1006 1009/1009/1009
f 1006/1006/1006 1010/1010/1010 1009/1009/1009
f 1008/1008/1008 1011/1011/1011 1007/1007/1007
f 1011/1011/1011 1012/1012/1012 1007/1007/1007
f 1007/1007/1007 1012/1012/1012 1013/1013/1013
f 1012/1012/1012 1014/1014/1014 1013/1013/1013
f 1014/1014/1014 1011/1011/1011 1008/1008/1008
f 1013/1013/1013 1014/1014/1014 1015/1015/1015
f 1015/1015/1015 1014/1014/1014 1008/1008/1008
f 1008/1008/1008 1009/1009/1009 1016/1016/1016
f 1010/1010/1010 1017/1017/1017 1009/1009/1009
f 1017/1017/1017 1016/1016/1016 1009/1009/1009
f 1017/1017/1017 1010/1010/1010 1018/1018/1018
f 1010/1010/1010 1019/1019/1019 1018/1018/1018
f 1017/1017/1017 1018/1018/1018 1020/1020/1020
f 1016/1016/1016 1017/1017/1017 1020/1020/1020
f 1020/1020/1020 1021/1021/1021 1016/1016/1016
f 1024/1024/1024 1023/1023/1023 1022/1022/1022
f 1025/1025/1025 1024/1024/1024 1022/1022/1022
f 1025/1025/1025 1022/1022/1022 1026/1026/1026
f 1024/1024/1024 1025/1025/1025 1027/1027/1027
f 1028/1028/1028 1024/1024/1024 1027/1027/1027
f 1005/1005/1005 1028/1028/1028 1027/1027/1027
f 1029/1029/1029 1025/1025/1025 1026/1026/1026
f 1025/1025/1025 1029/1029/1029 1027/1027/1027
f 1026/1026/1026 1030/1030/1030 1029/1029/1029
f 1030/1030/1030 1027/1027/1027 1029/1029/1029
f 1033/1033/1033 1032/1032/1032 1031/1031/1031
f 1034/1034/1034 1033/1033/1033 1031/1031/1031
f 1037/1037/1037 1036/1036/1036 1035/1035/1035
f 1038/1038/1038 1037/1037/1037 1035/1035/1035
f 1041/1041/1041 1040/1040/1040 1039/1039/1039
f 1042/1042/1042 1041/1041/1041 1039/1039/1039
f 1045/1045/1045 1044/1044/1044 1043/1043/1043
f 1046/1046/1046 1045/1045/1045 1043/1043/1043
f 1047/1047/1047 1045/1045/1045 1046/1046/1046
f 1048/1048/1048 1047/1047/1047 1046/1046/1046
f 1047/1047/1047 1048/1048/1048 1049/1049/1049
f 1048/1048/1048 1050/1050/1050 1049/1049/1049
f 1050/1050/1050 1048/1048/1048 1051/1051/1051
f 1048/1048/1048 1052/1052/1052 1051/1051/1051
f 1050/1050/1050 1053/1053/1053 1049/1049/1049
f 1053/1053/1053 1054/1054/1054 1049/1049/1049
f 1049/1049/1049 1054/1054/1054 1055/1055/1055
f 1054/1054/1054 1056/1056/1056 1055/1055/1055
f 1056/1056/1056 1053/1053/1053 1050/1050/1050
f 1055/1055/1055 1056/1056/1056 1057/1057/1057
f 1057/1057/1057 1056/1056/1056 1050/1050/1050
f 1050/1050/1050 1051/1051/1051 1058/1058/1058
f 1052/1052/1052 1059/1059/1059 1051/1051/1051
f 1059/1059/1059 1058/1058/1058 1051/1051/1051
f 1059/1059/1059 1052/1052/1052 1060/1060/1060
f 1052/1052/1052 1061/1061/1061 1060/1060/1060
f 1059/1059/1059 1060/1060/1060 1062/1062/1062
f 1058/1058/1058 1059/1059/1059 1062/1062/1062
f 1062/1062/1062 1063/1063/1063 1058/1058/1058
f 1066/1066/1066 1065/1065/1065 1064/1064/1064
f 1067/1067/1067 1066/1066/1066 1064/1064/1064
f 1067/1067/1067 1064/1064/1064 1068/1068/1068
f 1066/1066/1066 1067/1067/1067 1069/1069/1069
f 1070/1070/1070 1066/1066/1066 1069/1069/1069
f 1047/1047/1047 1070/1070/1070 1069/1069/1069
f 1071/1071/1071 1067/1067/1067 1068/1068/1068
f 1067/1067/1067 1071/1071/1071 1069/1069/1069
f 1068/1068/1068 1072/1072/1072 1071/1071/1071
f 1072/1072/1072 1069/1069/1069 1071/1071/1071
f 1075/1075/1075 1074/1074/1074 1073/1073/1073
f 1076/1076/1076 1075/1075/1075 1073/1073/1073
f 1079/1079/1079 1078/1078/1078 1077/1077/1077
f 1080/1080/1080 1079/1079/1079 1077/1077/1077
f 1083/1083/1083 1082/1082/1082 1081/1081/1081
f 1084/1084/1084 1083/1083/1083 1081/1081/1081
f 1087/1087/1087 1086/1086/1086 1085/1085/1085
f 1088/1088/1088 1087/1087/1087 1085/1085/1085
f 1091/1091/1091 1090/1090/1090 1089/1089/1089
f 1092/1092/1092 1091/1091/1091 1089/1089/1089
f 1095/1095/1095 1094/1094/1094 1093/1093/1093
f 1096/1096/1096 1095/1095/1095 1093/1093/1093
f 1099/1099/1099 1098/1098/1098 1097/1097/1097
f 1098/1098/1098 1100/1100/1100 1097/1097/1097
f 1101/1101/1101 1097/1097/1097 1100/1100/1100
f 1102/1102/1102 1101/1101/1101 1100/1100/1100
f 1102/1102/1102 1103/1103/1103 1101/1101/1101
f 1103/1103/1103 1104/1104/1104 1101/1101/1101
f 1105/1105/1105 1104/1104/1104 1103/1103/1103
f 1106/1106/1106 1105/1105/1105 1103/1103/1103
f 1107/1107/1107 1105/1105/1105 1106/1106/1106
f 1108/1108/1108 1107/1107/1107 1106/1106/1106
f 1108/1108/1108 1106/1106/1106 1109/1109/1109
f 1106/1106/1106 1110/1110/1110 1109/1109/1109
f 1107/1107/1107 1111/1111/1111 1105/1105/1105
f 1111/1111/1111 1112/1112/1112 1105/1105/1105
f 1105/1105/1105 1112/1112/1112 1113/1113/1113
f 1114/1114/1114 1111/1111/1111 1107/1107/1107
f 1111/1111/1111 1114/1114/1114 1112/1112/1112
f 1115/1115/1115 1114/1114/1114 1107/1107/1107
f 1115/1115/1115 1116/1116/1116 1114/1114/1114
f 1116/1116/1116 1117/1117/1117 1114/1114/1114
f 1114/1114/1114 1117/1117/1117 1112/1112/1112
f 1117/1117/1117 1116/1116/1116 1118/1118/1118
f 1117/1117/1117 1118/1118/1118 1112/1112/1112
f 1116/1116/1116 1119/1119/1119 1118/1118/1118
f 1119/1119/1119 1113/1113/1113 1118/1118/1118
f 1112/1112/1112 1120/1120/1120 1113/1113/1113
f 1113/1113/1113 1120/1120/1120 1118/1118/1118
f 1118/1118/1118 1120/1120/1120 1112/1112/1112
f 1107/1107/1107 1108/1108/1108 1121/1121/1121
f 1107/1107/1107 1121/1121/1121 1122/1122/1122
f 1121/1121/1121 1123/1123/1123 1122/1122/1122
f 1122/1122/1122 1123/1123/1123 1124/1124/1124
f 1124/1124/1124 1123/1123/1123 1125/1125/1125
f 1108/1108/1108 1124/1124/1124 1125/1125/1125
f 1108/1108/1108 1125/1125/1125 1121/1121/1121
f 1127/1127/1127 1108/1108/1108 1126/1126/1126
f 1127/1127/1127 1126/1126/1126 1128/1128/1128
f 1108/1108/1108 1129/1129/1129 1126/1126/1126
f 1129/1129/1129 1108/1108/1108 1109/1109/1109
f 1129/1129/1129 1109/1109/1109 1126/1126/1126
f 1126/1126/1126 1130/1130/1130 1128/1128/1128
f 1109/1109/1109 1130/1130/1130 1126/1126/1126
f 1130/1130/1130 1131/1131/1131 1128/1128/1128
f 1131/1131/1131 1132/1132/1132 1128/1128/1128
f 1110/1110/1110 1132/1132/1132 1131/1131/1131
f 1110/1110/1110 1133/1133/1133 1109/1109/1109
f 1109/1109/1109 1133/1133/1133 1130/1130/1130
f 1133/1133/1133 1110/1110/1110 1131/1131/1131
f 1133/1133/1133 1131/1131/1131 1130/1130/1130
f 1136/1136/1136 1135/1135/1135 1134/1134/1134
f 1137/1137/1137 1136/1136/1136 1134/1134/1134
f 1140/1140/1140 1139/1139/1139 1138/1138/1138
f 1141/1141/1141 1140/1140/1140 1138/1138/1138
f 1144/1144/1144 1143/1143/1143 1142/1142/1142
f 1145/1145/1145 1144/1144/1144 1142/1142/1142
f 1148/1148/1148 1147/1147/1147 1146/1146/1146
f 1147/1147/1147 1149/1149/1149 1146/1146/1146
f 1150/1150/1150 1146/1146/1146 1149/1149/1149
f 1151/1151/1151 1150/1150/1150 1149/1149/1149
f 1150/1150/1150 1151/1151/1151 1152/1152/1152
f 1153/1153/1153 1150/1150/1150 1152/1152/1152
f 1154/1154/1154 1153/1153/1153 1152/1152/1152
f 1155/1155/1155 1154/1154/1154 1152/1152/1152
f 1156/1156/1156 1154/1154/1154 1155/1155/1155
f 1157/1157/1157 1156/1156/1156 1155/1155/1155
f 1157/1157/1157 1155/1155/1155 1158/1158/1158
f 1155/1155/1155 1159/1159/1159 1158/1158/1158
f 1156/1156/1156 1160/1160/1160 1154/1154/1154
f 1160/1160/1160 1161/1161/1161 1154/1154/1154
f 1154/1154/1154 1161/1161/1161 1162/1162/1162
f 1163/1163/1163 1160/1160/1160 1156/1156/1156
f 1160/1160/1160 1163/1163/1163 1161/1161/1161
f 1164/1164/1164 1163/1163/1163 1156/1156/1156
f 1164/1164/1164 1165/1165/1165 1163/1163/1163
f 1165/1165/1165 1166/1166/1166 1163/1163/1163
f 1163/1163/1163 1166/1166/1166 1161/1161/1161
f 1166/1166/1166 1165/1165/1165 1167/1167/1167
f 1166/1166/1166 1167/1167/1167 1161/1161/1161
f 1165/1165/1165 1168/1168/1168 1167/1167/1167
f 1161/1161/1161 1169/1169/1169 1162/1162/1162
f 1167/1167/1167 1169/1169/1169 1161/1161/1161
f 1169/1169/1169 1167/1167/1167 1168/1168/1168
f 1162/1162/1162 1169/1169/1169 1168/1168/1168
f 1156/1156/1156 1157/1157/1157 1170/1170/1170
f 1156/1156/1156 1170/1170/1170 1171/1171/1171
f 1170/1170/1170 1172/1172/1172 1171/1171/1171
f 1171/1171/1171 1172/1172/1172 1173/1173/1173
f 1173/1173/1173 1172/1172/1172 1174/1174/1174
f 1157/1157/1157 1174/1174/1174 1170/1170/1170
f 1157/1157/1157 1173/1173/1173 1174/1174/1174
f 1176/1176/1176 1157/1157/1157 1175/1175/1175
f 1175/1175/1175 1157/1157/1157 1158/1158/1158
f 1177/1177/1177 1176/1176/1176 1175/1175/1175
f 1175/1175/1175 1158/1158/1158 1177/1177/1177
f 1176/1176/1176 1177/1177/1177 1178/1178/1178
f 1158/1158/1158 1179/1179/1179 1177/1177/1177
f 1177/1177/1177 1179/1179/1179 1178/1178/1178
f 1158/1158/1158 1180/1180/1180 1179/1179/1179
f 1159/1159/1159 1180/1180/1180 1158/1158/1158
f 1179/1179/1179 1181/1181/1181 1178/1178/1178
f 1180/1180/1180 1181/1181/1181 1179/1179/1179
f 1181/1181/1181 1180/1180/1180 1159/1159/1159
f 1181/1181/1181 1182/1182/1182 1178/1178/1178
f 1182/1182/1182 1181/1181/1181 1159/1159/1159
f 1185/1185/1185 1184/1184/1184 1183/1183/1183
f 1186/1186/1186 1185/1185/1185 1183/1183/1183
f 1187/1187/1187 1185/1185/1185 1186/1186/1186
f 1188/1188/1188 1187/1187/1187 1186/1186/1186
f 1187/1187/1187 1188/1188/1188 1189/1189/1189
f 1188/1188/1188 1190/1190/1190 1189/1189/1189
f 1190/1190/1190 1188/1188/1188 1191/1191/1191
f 1188/1188/1188 1192/1192/1192 1191/1191/1191
f 1190/1190/1190 1193/1193/1193 1189/1189/1189
f 1193/1193/1193 1194/1194/1194 1189/1189/1189
f 1189/1189/1189 1194/1194/1194 1195/1195/1195
f 1194/1194/1194 1196/1196/1196 1195/1195/1195
f 1196/1196/1196 1193/1193/1193 1190/1190/1190
f 1195/1195/1195 1196/1196/1196 1197/1197/1197
f 1197/1197/1197 1196/1196/1196 1190/1190/1190
f 1190/1190/1190 1191/1191/1191 1198/1198/1198
f 1192/1192/1192 1199/1199/1199 1191/1191/1191
f 1199/1199/1199 1198/1198/1198 1191/1191/1191
f 1199/1199/1199 1192/1192/1192 1200/1200/1200
f 1192/1192/1192 1201/1201/1201 1200/1200/1200
f 1199/1199/1199 1200/1200/1200 1202/1202/1202
f 1198/1198/1198 1199/1199/1199 1202/1202/1202
f 1202/1202/1202 1203/1203/1203 1198/1198/1198
f 1206/1206/1206 1205/1205/1205 1204/1204/1204
f 1207/1207/1207 1206/1206/1206 1204/1204/1204
f 1207/1207/1207 1204/1204/1204 1208/1208/1208
f 1206/1206/1206 1207/1207/1207 1209/1209/1209
f 1210/1210/1210 1206/1206/1206 1209/1209/1209
f 1187/1187/1187 1210/1210/1210 1209/1209/1209
f 1211/1211/1211 1207/1207/1207 1208/1208/1208
f 1207/1207/1207 1211/1211/1211 1209/1209/1209
f 1208/1208/1208 1212/1212/1212 1211/1211/1211
f 1212/1212/1212 1209/1209/1209 1211/1211/1211
f 1215/1215/1215 1214/1214/1214 1213/1213/1213
f 1216/1216/1216 1215/1215/1215 1213/1213/1213
f 1219/1219/1219 1218/1218/1218 1217/1217/1217
f 1220/1220/1220 1219/1219/1219 1217/1217/1217
f 1223/1223/1223 1222/1222/1222 1221/1221/1221
f 1224/1224/1224 1223/1223/1223 1221/1221/1221
f 1227/1227/1227 1226/1226/1226 1225/1225/1225
f 1228/1228/1228 1227/1227/1227 1225/1225/1225
f 1231/1231/1231 1230/1230/1230 1229/1229/1229
f 1232/1232/1232 1231/1231/1231 1229/1229/1229
f 1235/1235/1235 1234/1234/1234 1233/1233/1233
f 1236/1236/1236 1235/1235/1235 1233/1233/1233
f 1239/1239/1239 1238/1238/1238 1237/1237/1237
f 1238/1238/1238 1240/1240/1240 1237/1237/1237
f 1241/1241/1241 1237/1237/1237 1240/1240/1240
f 1242/1242/1242 1241/1241/1241 1240/1240/1240
f 1242/1242/1242 1243/1243/1243 1241/1241/1241
f 1243/1243/1243 1244/1244/1244 1241/1241/1241
f 1245/1245/1245 1244/1244/1244 1243/1243/1243
f 1246/1246/1246 1245/1245/1245 1243/1243/1243
f 1247/1247/1247 1245/1245/1245 1246/1246/1246
f 1248/1248/1248 1247/1247/1247 1246/1246/1246
f 1248/1248/1248 1246/1246/1246 1249/1249/1249
f 1246/1246/1246 1250/1250/1250 1249/1249/1249
f 1247/1247/1247 1251/1251/1251 1245/1245/1245
f 1251/1251/1251 1252/1252/1252 1245/1245/1245
f 1245/1245/1245 1252/1252/1252 1253/1253/1253
f 1254/1254/1254 1251/1251/1251 1247/1247/1247
f 1251/1251/1251 1254/1254/1254 1252/1252/1252
f 1255/1255/1255 1254/1254/1254 1247/1247/1247
f 1255/1255/1255 1256/1256/1256 1254/1254/1254
f 1256/1256/1256 1257/1257/1257 1254/1254/1254
f 1254/1254/1254 1257/1257/1257 1252/1252/1252
f 1257/1257/1257 1256/1256/1256 1258/1258/1258
f 1257/1257/1257 1258/1258/1258 1252/1252/1252
f 1256/1256/1256 1259/1259/1259 1258/1258/1258
f 1259/1259/1259 1253/1253/1253 1258/1258/1258
f 1252/1252/1252 1260/1260/1260 1253/1253/1253
f 1253/1253/1253 1260/1260/1260 1258/1258/1258
f 1258/1258/1258 1260/1260/1260 1252/1252/1252
f 1247/1247/1247 1248/1248/1248 1261/1261/1261
f 1247/1247/1247 1261/1261/1261 1262/1262/1262
f 1261/1261/1261 1263/1263/1263 1262/1262/1262
f 1262/1262/1262 1263/1263/1263 1264/1264/1264
f 1264/1264/1264 1263/1263/1263 1265/1265/1265
f 1248/1248/1248 1264/1264/1264 1265/1265/1265
f 1248/1248/1248 1265/1265/1265 1261/1261/1261
f 1267/1267/1267 1248/1248/1248 1266/1266/1266
f 1267/1267/1267 1266/1266/1266 1268/1268/1268
f 1248/1248/1248 1269/1269/1269 1266/1266/1266
f 1269/1269/1269 1248/1248/1248 1249/1249/1249
f 1269/1269/1269 1249/1249/1249 1266/1266/1266
f 1266/1266/1266 1270/1270/1270 1268/1268/1268
f 1249/1249/1249 1270/1270/1270 1266/1266/1266
f 1270/1270/1270 1271/1271/1271 1268/1268/1268
f 1271/1271/1271 1272/1272/1272 1268/1268/1268
f 1250/1250/1250 1272/1272/1272 1271/1271/1271
f 1250/1250/1250 1273/1273/1273 1249/1249/1249
f 1249/1249/1249 1273/1273/1273 1270/1270/1270
f 1273/1273/1273 1250/1250/1250 1271/1271/1271
f 1273/1273/1273 1271/1271/1271 1270/1270/1270
f 1276/1276/1276 1275/1275/1275 1274/1274/1274
f 1277/1277/1277 1276/1276/1276 1274/1274/1274
f 1280/1280/1280 1279/1279/1279 1278/1278/1278
f 1281/1281/1281 1280/1280/1280 1278/1278/1278
f 1284/1284/1284 1283/1283/1283 1282/1282/1282
f 1285/1285/1285 1284/1284/1284 1282/1282/1282
f 1288/1288/1288 1287/1287/1287 1286/1286/1286
f 1287/1287/1287 1289/1289/1289 1286/1286/1286
f 1290/1290/1290 1286/1286/1286 1289/1289/1289
f 1291/1291/1291 1290/1290/1290 1289/1289/1289
f 1290/1290/1290 1291/1291/1291 1292/1292/1292
f 1293/1293/1293 1290/1290/1290 1292/1292/1292
f 1294/1294/1294 1293/1293/1293 1292/1292/1292
f 1295/1295/1295 1294/1294/1294 1292/1292/1292
f 1296/1296/1296 1294/1294/1294 1295/1295/1295
f 1297/1297/1297 1296/1296/1296 1295/1295/1295
f 1297/1297/1297 1295/1295/1295 1298/1298/1298
f 1295/1295/1295 1299/1299/1299 1298/1298/1298
f 1296/1296/1296 1300/1300/1300 1294/1294/1294
f 1300/1300/1300 1301/1301/1301 1294/1294/1294
f 1294/1294/1294 1301/1301/1301 1302/1302/1302
f 1303/1303/1303 1300/1300/1300 1296/1296/1296
f 1300/1300/1300 1303/1303/1303 1301/1301/1301
f 1304/1304/1304 1303/1303/1303 1296/1296/1296
f 1304/1304/1304 1305/1305/1305 1303/1303/1303
f 1305/1305/1305 1306/1306/1306 1303/1303/1303
f 1303/1303/1303 1306/1306/1306 1301/1301/1301
f 1306/1306/1306 1305/1305/1305 1307/1307/1307
f 1306/1306/1306 1307/1307/1307 1301/1301/1301
f 1305/1305/1305 1308/1308/1308 1307/1307/1307
f 1301/1301/1301 1309/1309/1309 1302/1302/1302
f 1307/1307/1307 1309/1309/1309 1301/1301/1301
f 1309/1309/1309 1307/1307/1307 1308/1308/1308
f 1302/1302/1302 1309/1309/1309 1308/1308/1308
f 1296/1296/1296 1297/1297/1297 1310/1310/1310
f 1296/1296/1296 1310/1310/1310 1311/1311/1311
f 1310/1310/1310 1312/1312/1312 1311/1311/1311
f 1311/1311/1311 1312/1312/1312 1313/1313/1313
f 1313/1313/1313 1312/1312/1312 1314/1314/1314
f 1297/1297/1297 1314/1314/1314 1310/1310/1310
f 1297/1297/1297 1313/1313/1313 1314/1314/1314
f 1316/1316/1316 1297/1297/1297 1315/1315/1315
f 1315/1315/1315 1297/1297/1297 1298/1298/1298
f 1317/1317/1317 1316/1316/1316 1315/1315/1315
f 1315/1315/1315 1298/1298/1298 1317/1317/1317
f 1316/1316/1316 1317/1317/1317 1318/1318/1318
f 1298/1298/1298 1319/1319/1319 1317/1317/1317
f 1317/1317/1317 1319/1319/1319 1318/1318/1318
f 1298/1298/1298 1320/1320/1320 1319/1319/1319
f 1299/1299/1299 1320/1320/1320 1298/1298/1298
f 1319/1319/1319 1321/1321/1321 1318/1318/1318
f 1320/1320/1320 1321/1321/1321 1319/1319/1319
f 1321/1321/1321 1320/1320/1320 1299/1299/1299
f 1321/1321/1321 1322/1322/1322 1318/1318/1318
f 1322/1322/1322 1321/1321/1321 1299/1299/1299
f 1325/1325/1325 1324/1324/1324 1323/1323/1323
f 1326/1326/1326 1325/1325/1325 1323/1323/1323
f 1327/1327/1327 1325/1325/1325 1326/1326/1326
f 1328/1328/1328 1327/1327/1327 1326/1326/1326
f 1327/1327/1327 1328/1328/1328 1329/1329/1329
f 1328/1328/1328 1330/1330/1330 1329/1329/1329
f 1330/1330/1330 1328/1328/1328 1331/1331/1331
f 1328/1328/1328 1332/1332/1332 1331/1331/1331
f 1330/1330/1330 1333/1333/1333 1329/1329/1329
f 1333/1333/1333 1334/1334/1334 1329/1329/1329
f 1329/1329/1329 1334/1334/1334 1335/1335/1335
f 1334/1334/1334 1336/1336/1336 1335/1335/1335
f 1336/1336/1336 1333/1333/1333 1330/1330/1330
f 1335/1335/1335 1336/1336/1336 1337/1337/1337
f 1337/1337/1337 1336/1336/1336 1330/1330/1330
f 1330/1330/1330 1331/1331/1331 1338/1338/1338
f 1332/1332/1332 1339/1339/1339 1331/1331/1331
f 1339/1339/1339 1338/1338/1338 1331/1331/1331
f 1339/1339/1339 1332/1332/1332 1340/1340/1340
f 1332/1332/1332 1341/1341/1341 1340/1340/1340
f 1339/1339/1339 1340/1340/1340 1342/1342/1342
f 1338/1338/1338 1339/1339/1339 1342/1342/1342
f 1342/1342/1342 1343/1343/1343 1338/1338/1338
f 1346/1346/1346 1345/1345/1345 1344/1344/1344
f 1347/1347/1347 1346/1346/1346 1344/1344/1344
f 1347/1347/1347 1344/1344/1344 1348/1348/1348
f 1346/1346/1346 1347/1347/1347 1349/1349/1349
f 1350/1350/1350 1346/1346/1346 1349/1349/1349
f 1327/1327/1327 1350/1350/1350 1349/1349/1349
f 1351/1351/1351 1347/1347/1347 1348/1348/1348
f 1347/1347/1347 1351/1351/1351 1349/1349/1349
f 1348/1348/1348 1352/1352/1352 1351/1351/1351
f 1352/1352/1352 1349/1349/1349 1351/1351/1351
f 1355/1355/1355 1354/1354/1354 1353/1353/1353
f 1356/1356/1356 1355/1355/1355 1353/1353/1353
f 1359/1359/1359 1358/1358/1358 1357/1357/1357
f 1360/1360/1360 1359/1359/1359 1357/1357/1357
f 1363/1363/1363 1362/1362/1362 1361/1361/1361
f 1364/1364/1364 1363/1363/1363 1361/1361/1361
f 1367/1367/1367 1366/1366/1366 1365/1365/1365
f 1368/1368/1368 1367/1367/1367 1365/1365/1365
f 1371/1371/1371 1370/1370/1370 1369/1369/1369
f 1372/1372/1372 1371/1371/1371 1369/1369/1369
f 1375/1375/1375 1374/1374/1374 1373/1373/1373
f 1376/1376/1376 1375/1375/1375 1373/1373/1373
f 1379/1379/1379 1378/1378/1378 1377/1377/1377
f 1378/1378/1378 1380/1380/1380 1377/1377/1377
f 1381/1381/1381 1377/1377/1377 1380/1380/1380
f 1382/1382/1382 1381/1381/1381 1380/1380/1380
f 1382/1382/1382 1383/1383/1383 1381/1381/1381
f 1383/1383/1383 1384/1384/1384 1381/1381/1381
f 1385/1385/1385 1384/1384/1384 1383/1383/1383
f 1386/1386/1386 1385/1385/1385 1383/1383/1383
f 1387/1387/1387 1385/1385/1385 1386/1386/1386
f 1388/1388/1388 1387/1387/1387 1386/1386/1386
f 1388/1388/1388 1386/1386/1386 1389/1389/1389
f 1386/1386/1386 1390/1390/1390 1389/1389/1389
f 1387/1387/1387 1391/1391/1391 1385/1385/1385
f 1391/1391/1391 1392/1392/1392 1385/1385/1385
f 1385/1385/1385 1392/1392/1392 1393/1393/1393
f 1394/1394/1394 1391/1391/1391 1387/1387/1387
f 1391/1391/1391 1394/1394/1394 1392/1392/1392
f 1395/1395/1395 1394/1394/1394 1387/1387/1387
f 1395/1395/1395 1396/1396/1396 1394/1394/1394
f 1396/1396/1396 1397/1397/1397 1394/1394/1394
f 1394/1394/1394 1397/1397/1397 1392/1392/1392
f 1397/1397/1397 1396/1396/1396 1398/1398/1398
f 1397/1397/1397 1398/1398/1398 1392/1392/1392
f 1396/1396/1396 1399/1399/1399 1398/1398/1398
f 1399/1399/1399 1393/1393/1393 1398/1398/1398
f 1392/1392/1392 1400/1400/1400 1393/1393/1393
f 1393/1393/1393 1400/1400/1400 1398/1398/1398
f 1398/1398/1398 1400/1400/1400 1392/1392/1392
f 1387/1387/1387 1388/1388/1388 1401/1401/1401
f 1387/1387/1387 1401/1401/1401 1402/1402/1402
f 1401/1401/1401 1403/1403/1403 1402/1402/1402
f 1402/1402/1402 1403/1403/1403 1404/1404/1404
f 1404/1404/1404 1403/1403/1403 1405/1405/1405
f 1388/1388/1388 1404/1404/1404 1405/1405/1405
f 1388/1388/1388 1405/1405/1405 1401/1401/1401
f 1407/1407/1407 1388/1388/1388 1406/1406/1406
f 1407/1407/1407 1406/1406/1406 1408/1408/1408
f 1388/1388/1388 1409/1409/1409 1406/1406/1406
f 1409/1409/1409 1388/1388/1388 1389/1389/1389
f 1409/1409/1409 1389/1389/1389 1406/1406/1406
f 1406/1406/1406 1410/1410/1410 1408/1408/1408
f 1389/1389/1389 1410/1410/1410 1406/1406/1406
f 1410/1410/1410 1411/1411/1411 1408/1408/1408
f 1411/1411/1411 1412/1412/1412 1408/1408/1408
f 1390/1390/1390 1412/1412/1412 1411/1411/1411
f 1390/1390/1390 1413/1413/1413 1389/1389/1389
f 1389/1389/1389 1413/1413/1413 1410/1410/1410
f 1413/1413/1413 1390/1390/1390 1411/1411/1411
f 1413/1413/1413 1411/1411/1411 1410/1410/1410
f 1416/1416/1416 1415/1415/1415 1414/1414/1414
f 1417/1417/1417 1416/1416/1416 1414/1414/1414
f 1420/1420/1420 1419/1419/1419 1418/1418/1418
f 1421/1421/1421 1420/1420/1420 1418/1418/1418
f 1424/1424/1424 1423/1423/1423 1422/1422/1422
f 1425/1425/1425 1424/1424/1424 1422/1422/1422
f 1428/1428/1428 1427/1427/1427 1426/1426/1426
f 1427/1427/1427 1429/1429/1429 1426/1426/1426
f 1430/1430/1430 1426/1426/1426 1429/1429/1429
f 1431/1431/1431 1430/1430/1430 1429/1429/1429
f 1430/1430/1430 1431/1431/1431 1432/1432/1432
f 1433/1433/1433 1430/1430/1430 1432/1432/1432
f 1434/1434/1434 1433/1433/1433 1432/1432/1432
f 1435/1435/1435 1434/1434/1434 1432/1432/1432
f 1436/1436/1436 1434/1434/1434 1435/1435/1435
f 1437/1437/1437 1436/1436/1436 1435/1435/1435
f 1437/1437/1437 1435/1435/1435 1438/1438/1438
f 1435/1435/1435 1439/1439/1439 1438/1438/1438
f 1436/1436/1436 1440/1440/1440 1434/1434/1434
f 1440/1440/1440 1441/1441/1441 1434/1434/1434
f 1434/1434/1434 1441/1441/1441 1442/1442/1442
f 1443/1443/1443 1440/1440/1440 1436/1436/1436
f 1440/1440/1440 1443/1443/1443 1441/1441/1441
f 1444/1444/1444 1443/1443/1443 1436/1436/1436
f 1444/1444/1444 1445/1445/1445 1443/1443/1443
f 1445/1445/1445 1446/1446/1446 1443/1443/1443
f 1443/1443/1443 1446/1446/1446 1441/1441/1441
f 1446/1446/1446 1445/1445/1445 1447/1447/1447
f 1446/1446/1446 1447/1447/1447 1441/1441/1441
f 1445/1445/1445 1448/1448/1448 1447/1447/1447
f 1441/1441/1441 1449/1449/1449 1442/1442/1442
f 1447/1447/1447 1449/1449/1449 1441/1441/1441
f 1449/1449/1449 1447/1447/1447 1448/1448/1448
f 1442/1442/1442 1449/1449/1449 1448/1448/1448
f 1436/1436/1436 1437/1437/1437 1450/1450/1450
f 1436/1436/1436 1450/1450/1450 1451/1451/1451
f 1450/1450/1450 1452/1452/1452 1451/1451/1451
f 1451/1451/1451 1452/1452/1452 1453/1453/1453
f 1453/1453/1453 1452/1452/1452 1454/1454/1454
f 1437/1437/1437 1454/1454/1454 1450/1450/1450
f 1437/1437/1437 1453/1453/1453 1454/1454/1454
f 1456/1456/1456 1437/1437/1437 1455/1455/1455
f 1455/1455/1455 1437/1437/1437 1438/1438/1438
f 1457/1457/1457 1456/1456/1456 1455/1455/1455
f 1455/1455/1455 1438/1438/1438 1457/1457/1457
f 1456/1456/1456 1457/1457/1457 1458/1458/1458
f 1438/1438/1438 1459/1459/1459 1457/1457/1457
f 1457/1457/1457 1459/1459/1459 1458/1458/1458
f 1438/1438/1438 1460/1460/1460 1459/1459/1459
f 1439/1439/1439 1460/1460/1460 1438/1438/1438
f 1459/1459/1459 1461/1461/1461 1458/1458/1458
f 1460/1460/1460 1461/1461/1461 1459/1459/1459
f 1461/1461/1461 1460/1460/1460 1439/1439/1439
f 1461/1461/1461 1462/1462/1462 1458/1458/1458
f 1462/1462/1462 1461/1461/1461 1439/1439/1439
f 1465/1465/1465 1464/1464/1464 1463/1463/1463
f 1466/1466/1466 1465/1465/1465 1463/1463/1463
f 1467/1467/1467 1465/1465/1465 1466/1466/1466
f 1468/1468/1468 1467/1467/1467 1466/1466/1466
f 1467/1467/1467 1468/1468/1468 1469/1469/1469
f 1468/1468/1468 1470/1470/1470 1469/1469/1469
f 1470/1470/1470 1468/1468/1468 1471/1471/1471
f 1468/1468/1468 1472/1472/1472 1471/1471/1471
f 1470/1470/1470 1473/1473/1473 1469/1469/1469
f 1473/1473/1473 1474/1474/1474 1469/1469/1469
f 1469/1469/1469 1474/1474/1474 1475/1475/1475
f 1474/1474/1474 1476/1476/1476 1475/1475/1475
f 1476/1476/1476 1473/1473/1473 1470/1470/1470
f 1475/1475/1475 1476/1476/1476 1477/1477/1477
f 1477/1477/1477 1476/1476/1476 1470/1470/1470
f 1470/1470/1470 1471/1471/1471 1478/1478/1478
f 1472/1472/1472 1479/1479/1479 1471/1471/1471
f 1479/1479/1479 1478/1478/1478 1471/1471/1471
f 1479/1479/1479 1472/1472/1472 1480/1480/1480
f 1472/1472/1472 1481/1481/1481 1480/1480/1480
f 1479/1479/1479 1480/1480/1480 1482/1482/1482
f 1478/1478/1478 1479/1479/1479 1482/1482/1482
f 1482/1482/1482 1483/1483/1483 1478/1478/1478
f 1486/1486/1486 1485/1485/1485 1484/1484/1484
f 1487/1487/1487 1486/1486/1486 1484/1484/1484
f 1487/1487/1487 1484/1484/1484 1488/1488/1488
f 1486/1486/1486 1487/1487/1487 1489/1489/1489
f 1490/1490/1490 1486/1486/1486 1489/1489/1489
f 1467/1467/1467 1490/1490/1490 1489/1489/1489
f 1491/1491/1491 1487/1487/1487 1488/1488/1488
f 1487/1487/1487 1491/1491/1491 1489/1489/1489
f 1488/1488/1488 1492/1492/1492 1491/1491/1491
f 1492/1492/1492 1489/1489/1489 1491/1491/1491
f 1495/1495/1495 1494/1494/1494 1493/1493/1493
f 1496/1496/1496 1495/1495/1495 1493/1493/1493
f 1499/1499/1499 1498/1498/1498 1497/1497/1497
f 1500/1500/1500 1499/1499/1499 1497/1497/1497
f 1503/1503/1503 1502/1502/1502 1501/1501/1501
f 1504/1504/1504 1503/1503/1503 1501/1501/1501
f 1507/1507/1507 1506/1506/1506 1505/1505/1505
f 1508/1508/1508 1507/1507/1507 1505/1505/1505
f 1511/1511/1511 1510/1510/1510 1509/1509/1509
f 1512/1512/1512 1511/1511/1511 1509/1509/1509
f 1515/1515/1515 1514/1514/1514 1513/1513/1513
f 1516/1516/1516 1515/1515/1515 1513/1513/1513
f 1519/1519/1519 1518/1518/1518 1517/1517/1517
f 1518/1518/1518 1520/1520/1520 1517/1517/1517
f 1521/1521/1521 1517/1517/1517 1520/1520/1520
f 1522/1522/1522 1521/1521/1521 1520/1520/1520
f 1522/1522/1522 1523/1523/1523 1521/1521/1521
f 1523/1523/1523 1524/1524/1524 1521/1521/1521
f 1525/1525/1525 1524/1524/1524 1523/1523/1523
f 1526/1526/1526 1525/1525/1525 1523/1523/1523
f 1527/1527/1527 1525/1525/1525 1526/1526/1526
f 1528/1528/1528 1527/1527/1527 1526/1526/1526
f 1528/1528/1528 1526/1526/1526 1529/1529/1529
f 1526/1526/1526 1530/1530/1530 1529/1529/1529
f 1527/1527/1527 1531/1531/1531 1525/1525/1525
f 1531/1531/1531 1532/1532/1532 1525/1525/1525
f 1525/1525/1525 1532/1532/1532 1533/1533/1533
f 1534/1534/1534 1531/1531/1531 1527/1527/1527
f 1531/1531/1531 1534/1534/1534 1532/1532/1532
f 1535/1535/1535 1534/1534/1534 1527/1527/1527
f 1535/1535/1535 1536/1536/1536 1534/1534/1534
f 1536/1536/1536 1537/1537/1537 1534/1534/1534
f 1534/1534/1534 1537/1537/1537 1532/1532/1532
f 1537/1537/1537 1536/1536/1536 1538/1538/1538
f 1537/1537/1537 1538/1538/1538 1532/1532/1532
f 1536/1536/1536 1539/1539/1539 1538/1538/1538
f 1539/1539/1539 1533/1533/1533 1538/1538/1538
f 1532/1532/1532 1540/1540/1540 1533/1533/1533
f 1533/1533/1533 1540/1540/1540 1538/1538/1538
f 1538/1538/1538 1540/1540/1540 1532/1532/1532
f 1527/1527/1527 1528/1528/1528 1541/1541/1541
f 1527/1527/1527 1541/1541/1541 1542/1542/1542
f 1541/1541/1541 1543/1543/1543 1542/1542/1542
f 1542/1542/1542 1543/1543/1543 1544/1544/1544
f 1544/1544/1544 1543/1543/1543 1545/1545/1545
f 1528/1528/1528 1544/1544/1544 1545/1545/1545
f 1528/1528/1528 1545/1545/1545 1541/1541/1541
f 1547/1547/1547 1528/1528/1528 1546/1546/1546
f 1547/1547/1547 1546/1546/1546 1548/1548/1548
f 1528/1528/1528 1549/1549/1549 1546/1546/1546
f 1549/1549/1549 1528/1528/1528 1529/1529/1529
f 1549/1549/1549 1529/1529/1529 1546/1546/1546
f 1546/1546/1546 1550/1550/1550 1548/1548/1548
f 1529/1529/1529 1550/1550/1550 1546/1546/1546
f 1550/1550/1550 1551/1551/1551 1548/1548/1548
f 1551/1551/1551 1552/1552/1552 1548/1548/1548
f 1530/1530/1530 1552/1552/1552 1551/1551/1551
f 1530/1530/1530 1553/1553/1553 1529/1529/1529
f 1529/1529/1529 1553/1553/1553 1550/1550/1550
f 1553/1553/1553 1530/1530/1530 1551/1551/1551
f 1553/1553/1553 1551/1551/1551 1550/1550/1550
f 1556/1556/1556 1555/1555/1555 1554/1554/1554
f 1557/1557/1557 1556/1556/1556 1554/1554/1554
f 1560/1560/1560 1559/1559/1559 1558/1558/1558
f 1561/1561/1561 1560/1560/1560 1558/1558/1558
f 1564/1564/1564 1563/1563/1563 1562/1562/1562
f 1565/1565/1565 1564/1564/1564 1562/1562/1562
f 1568/1568/1568 1567/1567/1567 1566/1566/1566
f 1567/1567/1567 1569/1569/1569 1566/1566/1566
f 1570/1570/1570 1566/1566/1566 1569/1569/1569
f 1571/1571/1571 1570/1570/1570 1569/1569/1569
f 1570/1570/1570 1571/1571/1571 1572/1572/1572
f 1573/1573/1573 1570/1570/1570 1572/1572/1572
f 1574/1574/1574 1573/1573/1573 1572/1572/1572
f 1575/1575/1575 1574/1574/1574 1572/1572/1572
f 1576/1576/1576 1574/1574/1574 1575/1575/1575
f 1577/1577/1577 1576/1576/1576 1575/1575/1575
f 1577/1577/1577 1575/1575/1575 1578/1578/1578
f 1575/1575/1575 1579/1579/1579 1578/1578/1578
f 1576/1576/1576 1580/1580/1580 1574/1574/1574
f 1580/1580/1580 1581/1581/1581 1574/1574/1574
f 1574/1574/1574 1581/1581/1581 1582/1582/1582
f 1583/1583/1583 1580/1580/1580 1576/1576/1576
f 1580/1580/1580 1583/1583/1583 1581/1581/1581
f 1584/1584/1584 1583/1583/1583 1576/1576/1576
f 1584/1584/1584 1585/1585/1585 1583/1583/1583
f 1585/1585/1585 1586/1586/1586 1583/1583/1583
f 1583/1583/1583 1586/1586/1586 1581/1581/1581
f 1586/1586/1586 1585/1585/1585 1587/1587/1587
f 1586/1586/1586 1587/1587/1587 1581/1581/1581
f 1585/1585/1585 1588/1588/1588 1587/1587/1587
f 1581/1581/1581 1589/1589/1589 1582/1582/1582
f 1587/1587/1587 1589/1589/1589 1581/1581/1581
f 1589/1589/1589 1587/1587/1587 1588/1588/1588
f 1582/1582/1582 1589/1589/1589 1588/1588/1588
f 1576/1576/1576 1577/1577/1577 1590/1590/1590
f 1576/1576/1576 1590/1590/1590 1591/1591/1591
f 1590/1590/1590 1592/1592/1592 1591/1591/1591
f 1591/1591/1591 1592/1592/1592 1593/1593/1593
f 1593/1593/1593 1592/1592/1592 1594/1594/1594
f 1577/1577/1577 1594/1594/1594 1590/1590/1590
f 1577/1577/1577 1593/1593/1593 1594/1594/1594
f 1596/1596/1596 1577/1577/1577 1595/1595/1595
f 1595/1595/1595 1577/1577/1577 1578/1578/1578
f 1597/1597/1597 1596/1596/1596 1595/1595/1595
f 1595/1595/1595 1578/1578/1578 1597/1597/1597
f 1596/1596/1596 1597/1597/1597 1598/1598/1598
f 1578/1578/1578 1599/1599/1599 1597/1597/1597
f 1597/1597/1597 1599/1599/1599 1598/1598/1598
f 1578/1578/1578 1600/1600/1600 1599/1599/1599
f 1579/1579/1579 1600/1600/1600 1578/1578/1578
f 1599/1599/1599 1601/1601/1601 1598/1598/1598
f 1600/1600/1600 1601/1601/1601 1599/1599/1599
f 1601/1601/1601 1600/1600/1600 1579/1579/1579
f 1601/1601/1601 1602/1602/1602 1598/1598/1598
f 1602/1602/1602 1601/1601/1601 1579/1579/1579
f 1605/1605/1605 1604/1604/1604 1603/1603/1603
f 1606/1606/1606 1605/1605/1605 1603/1603/1603
f 1606/1606/1606 1603/1603/1603 1607/1607/1607
f 1603/1603/1603 1608/1608/1608 1607/1607/1607
f 1607/1607/1607 1608/1608/1608 1609/1609/1609
f 1610/1610/1610 1607/1607/1607 1609/1609/1609
f 1610/1610/1610 1609/1609/1609 1611/1611/1611
f 1609/1609/1609 1612/1612/1612 1611/1611/1611
f 1611/1611/1611 1612/1612/1612 1613/1613/1613
f 1612/1612/1612 1614/1614/1614 1613/1613/1613
f 1613/1613/1613 1614/1614/1614 1615/1615/1615
f 1616/1616/1616 1613/1613/1613 1615/1615/1615
f 1615/1615/1615 1617/1617/1617 1616/1616/1616
f 1617/1617/1617 1618/1618/1618 1616/1616/1616
f 1618/1618/1618 1617/1617/1617 1619/1619/1619
f 1617/1617/1617 1620/1620/1620 1619/1619/1619
f 1614/1614/1614 1612/1612/1612 1621/1621/1621
f 1621/1621/1621 1612/1612/1612 1622/1622/1622
f 1623/1623/1623 1614/1614/1614 1621/1621/1621
f 1624/1624/1624 1614/1614/1614 1623/1623/1623
f 1623/1623/1623 1621/1621/1621 1625/1625/1625
f 1625/1625/1625 1624/1624/1624 1623/1623/1623
f 1626/1626/1626 1621/1621/1621 1622/1622/1622
f 1621/1621/1621 1626/1626/1626 1625/1625/1625
f 1626/1626/1626 1622/1622/1622 1627/1627/1627
f 1625/1625/1625 1626/1626/1626 1627/1627/1627
f 1622/1622/1622 1628/1628/1628 1627/1627/1627
f 1625/1625/1625 1629/1629/1629 1624/1624/1624
f 1629/1629/1629 1625/1625/1625 1627/1627/1627
f 1629/1629/1629 1630/1630/1630 1624/1624/1624
f 1629/1629/1629 1631/1631/1631 1630/1630/1630
f 1631/1631/1631 1629/1629/1629 1627/1627/1627
f 1631/1631/1631 1632/1632/1632 1630/1630/1630
f 1627/1627/1627 1628/1628/1628 1633/1633/1633
f 1633/1633/1633 1631/1631/1631 1627/1627/1627
f 1632/1632/1632 1631/1631/1631 1633/1633/1633
f 1628/1628/1628 1634/1634/1634 1633/1633/1633
f 1634/1634/1634 1632/1632/1632 1633/1633/1633
f 1637/1637/1637 1636/1636/1636 1635/1635/1635
f 1636/1636/1636 1638/1638/1638 1635/1635/1635
f 1639/1639/1639 1638/1638/1638 1636/1636/1636
f 1640/1640/1640 1639/1639/1639 1636/1636/1636
f 1641/1641/1641 1639/1639/1639 1640/1640/1640
f 1642/1642/1642 1641/1641/1641 1640/1640/1640
f 1643/1643/1643 1641/1641/1641 1642/1642/1642
f 1644/1644/1644 1643/1643/1643 1642/1642/1642
f 1645/1645/1645 1643/1643/1643 1644/1644/1644
f 1646/1646/1646 1645/1645/1645 1644/1644/1644
f 1643/1643/1643 1645/1645/1645 1647/1647/1647
f 1648/1648/1648 1643/1643/1643 1647/1647/1647
f 1647/1647/1647 1649/1649/1649 1648/1648/1648
f 1649/1649/1649 1650/1650/1650 1648/1648/1648
f 1650/1650/1650 1649/1649/1649 1651/1651/1651
f 1649/1649/1649 1652/1652/1652 1651/1651/1651
f 1653/1653/1653 1651/1651/1651 1652/1652/1652
f 1654/1654/1654 1653/1653/1653 1652/1652/1652
f 1653/1653/1653 1654/1654/1654 1655/1655/1655
f 1654/1654/1654 1656/1656/1656 1655/1655/1655
f 1656/1656/1656 1657/1657/1657 1655/1655/1655
f 1658/1658/1658 1657/1657/1657 1656/1656/1656
f 1657/1657/1657 1659/1659/1659 1655/1655/1655
f 1659/1659/1659 1660/1660/1660 1655/1655/1655
f 1663/1663/1663 1662/1662/1662 1661/1661/1661
f 1664/1664/1664 1663/1663/1663 1661/1661/1661
f 1664/1664/1664 1661/1661/1661 1665/1665/1665
f 1666/1666/1666 1664/1664/1664 1665/1665/1665
f 1666/1666/1666 1665/1665/1665 1667/1667/1667
f 1665/1665/1665 1668/1668/1668 1667/1667/1667
f 1669/1669/1669 1667/1667/1667 1668/1668/1668
f 1670/1670/1670 1669/1669/1669 1668/1668/1668
f 1669/1669/1669 1670/1670/1670 1671/1671/1671
f 1670/1670/1670 1672/1672/1672 1671/1671/1671
f 1671/1671/1671 1672/1672/1672 1673/1673/1673
f 1674/1674/1674 1671/1671/1671 1673/1673/1673
f 1674/1674/1674 1673/1673/1673 1675/1675/1675
f 1676/1676/1676 1674/1674/1674 1675/1675/1675
f 1676/1676/1676 1675/1675/1675 1677/1677/1677
f 1675/1675/1675 1678/1678/1678 1677/1677/1677
f 1677/1677/1677 1678/1678/1678 1679/1679/1679
f 1680/1680/1680 1677/1677/1677 1679/1679/1679
f 1679/1679/1679 1681/1681/1681 1680/1680/1680
f 1681/1681/1681 1682/1682/1682 1680/1680/1680
f 1685/1685/1685 1684/1684/1684 1683/1683/1683
f 1686/1686/1686 1685/1685/1685 1683/1683/1683
f 1689/1689/1689 1688/1688/1688 1687/1687/1687
f 1688/1688/1688 1690/1690/1690 1687/1687/1687
f 1692/1692/1692 1691/1691/1691 1690/1690/1690
f 1691/1691/1691 1693/1693/1693 1690/1690/1690
f 1695/1695/1695 1693/1693/1693 1694/1694/1694
f 1696/1696/1696 1695/1695/1695 1694/1694/1694
f 1698/1698/1698 1687/1687/1687 1697/1697/1697
f 1699/1699/1699 1698/1698/1698 1697/1697/1697
f 1701/1701/1701 1697/1697/1697 1700/1700/1700
f 1702/1702/1702 1701/1701/1701 1700/1700/1700
f 1705/1705/1705 1704/1704/1704 1703/1703/1703
f 1704/1704/1704 1706/1706/1706 1703/1703/1703
f 1704/1704/1704 1707/1707/1707 1706/1706/1706
f 1707/1707/1707 1708/1708/1708 1706/1706/1706
f 1709/1709/1709 1708/1708/1708 1707/1707/1707
f 1710/1710/1710 1709/1709/1709 1707/1707/1707
f 1711/1711/1711 1709/1709/1709 1710/1710/1710
f 1712/1712/1712 1711/1711/1711 1710/1710/1710
f 1711/1711/1711 1712/1712/1712 1713/1713/1713
f 1712/1712/1712 1714/1714/1714 1713/1713/1713
f 1717/1717/1717 1716/1716/1716 1715/1715/1715
f 1716/1716/1716 1718/1718/1718 1715/1715/1715
f 1718/1718/1718 1719/1719/1719 1715/1715/1715
f 1719/1719/1719 1720/1720/1720 1715/1715/1715
f 1721/1721/1721 1720/1720/1720 1719/1719/1719
f 1722/1722/1722 1721/1721/1721 1719/1719/1719
f 1725/1725/1725 1724/1724/1724 1723/1723/1723
f 1724/1724/1724 1726/1726/1726 1723/1723/1723
f 1727/1727/1727 1726/1726/1726 1724/1724/1724
f 1728/1728/1728 1727/1727/1727 1724/1724/1724
f 1731/1731/1731 1730/1730/1730 1729/1729/1729
f 1732/1732/1732 1731/1731/1731 1729/1729/1729
f 1733/1733/1733 1731/1731/1731 1732/1732/1732
f 1732/1732/1732 1729/1729/1729 1734/1734/1734
f 1735/1735/1735 1733/1733/1733 1732/1732/1732
f 1736/1736/1736 1732/1732/1732 1734/1734/1734
f 1735/1735/1735 1732/1732/1732 1736/1736/1736
f 1736/1736/1736 1734/1734/1734 1737/1737/1737
f 1738/1738/1738 1735/1735/1735 1736/1736/1736
f 1739/1739/1739 1736/1736/1736 1737/1737/1737
f 1738/1738/1738 1736/1736/1736 1739/1739/1739
f 1739/1739/1739 1737/1737/1737 1740/1740/1740
f 1741/1741/1741 1738/1738/1738 1739/1739/1739
f 1742/1742/1742 1739/1739/1739 1740/1740/1740
f 1741/1741/1741 1739/1739/1739 1742/1742/1742
f 1742/1742/1742 1740/1740/1740 1743/1743/1743
f 1744/1744/1744 1741/1741/1741 1742/1742/1742
f 1745/1745/1745 1742/1742/1742 1743/1743/1743
f 1744/1744/1744 1742/1742/1742 1745/1745/1745
f 1745/1745/1745 1743/1743/1743 1746/1746/1746
f 1747/1747/1747 1744/1744/1744 1745/1745/1745
f 1748/1748/1748 1745/1745/1745 1746/1746/1746
f 1747/1747/1747 1745/1745/1745 1748/1748/1748
f 1748/1748/1748 1746/1746/1746 1749/1749/1749
f 1750/1750/1750 1747/1747/1747 1748/1748/1748
f 1751/1751/1751 1748/1748/1748 1749/1749/1749
f 1750/1750/1750 1748/1748/1748 1751/1751/1751
f 1751/1751/1751 1749/1749/1749 1752/1752/1752
f 1753/1753/1753 1750/1750/1750 1751/1751/1751
f 1754/1754/1754 1751/1751/1751 1752/1752/1752
f 1753/1753/1753 1751/1751/1751 1754/1754/1754
f 1754/1754/1754 1752/1752/1752 1755/1755/1755
f 1756/1756/1756 1753/1753/1753 1754/1754/1754
f 1757/1757/1757 1754/1754/1754 1755/1755/1755
f 1756/1756/1756 1754/1754/1754 1757/1757/1757
f 1757/1757/1757 1755/1755/1755 1758/1758/1758
f 1759/1759/1759 1756/1756/1756 1757/1757/1757
f 1760/1760/1760 1757/1757/1757 1758/1758/1758
f 1759/1759/1759 1757/1757/1757 1760/1760/1760
f 1761/1761/1761 1759/1759/1759 1760/1760/1760
f 1764/1764/1764 1763/1763/1763 1762/1762/1762
f 1765/1765/1765 1764/1764/1764 1762/1762/1762
f 1768/1768/1768 1767/1767/1767 1766/1766/1766
f 1769/1769/1769 1768/1768/1768 1766/1766/1766
f 1772/1772/1772 1771/1771/1771 1770/1770/1770
f 1771/1771/1771 1773/1773/1773 1770/1770/1770
f 1774/1774/1774 1773/1773/1773 1771/1771/1771
f 1774/1774/1774 1775/1775/1775 1773/1773/1773
f 1775/1775/1775 1776/1776/1776 1773/1773/1773
f 1777/1777/1777 1773/1773/1773 1776/1776/1776
f 1773/1773/1773 1777/1777/1777 1778/1778/1778
f 1777/1777/1777 1779/1779/1779 1778/1778/1778
f 1780/1780/1780 1777/1777/1777 1776/1776/1776
f 1781/1781/1781 1777/1777/1777 1780/1780/1780
f 1782/1782/1782 1781/1781/1781 1780/1780/1780
f 1782/1782/1782 1780/1780/1780 1783/1783/1783
f 1781/1781/1781 1782/1782/1782 1784/1784/1784
f 1784/1784/1784 1782/1782/1782 1785/1785/1785
f 1785/1785/1785 1782/1782/1782 1783/1783/1783
f 1785/1785/1785 1783/1783/1783 1786/1786/1786
f 1781/1781/1781 1787/1787/1787 1777/1777/1777
f 1784/1784/1784 1787/1787/1787 1781/1781/1781
f 1787/1787/1787 1788/1788/1788 1777/1777/1777
f 1789/1789/1789 1785/1785/1785 1786/1786/1786
f 1784/1784/1784 1785/1785/1785 1789/1789/1789
f 1789/1789/1789 1786/1786/1786 1790/1790/1790
f 1787/1787/1787 1791/1791/1791 1788/1788/1788
f 1784/1784/1784 1791/1791/1791 1787/1787/1787
f 1791/1791/1791 1792/1792/1792 1788/1788/1788
f 1793/1793/1793 1789/1789/1789 1790/1790/1790
f 1784/1784/1784 1789/1789/1789 1793/1793/1793
f 1793/1793/1793 1790/1790/1790 1794/1794/1794
f 1791/1791/1791 1795/1795/1795 1792/1792/1792
f 1784/1784/1784 1795/1795/1795 1791/1791/1791
f 1795/1795/1795 1796/1796/1796 1792/1792/1792
f 1797/1797/1797 1794/1794/1794 1796/1796/1796
f 1797/1797/1797 1793/1793/1793 1794/1794/1794
f 1784/1784/1784 1793/1793/1793 1797/1797/1797
f 1784/1784/1784 1797/1797/1797 1795/1795/1795
f 1795/1795/1795 1797/1797/1797 1796/1796/1796
f 1800/1800/1800 1799/1799/1799 1798/1798/1798
f 1801/1801/1801 1800/1800/1800 1798/1798/1798
f 1802/1802/1802 1801/1801/1801 1798/1798/1798
f 1802/1802/1802 1798/1798/1798 1803/1803/1803
f 1804/1804/1804 1802/1802/1802 1803/1803/1803
f 1805/1805/1805 1803/1803/1803 1798/1798/1798
f 1806/1806/1806 1805/1805/1805 1798/1798/1798
f 1806/1806/1806 1798/1798/1798 1807/1807/1807
f 1798/1798/1798 1808/1808/1808 1807/1807/1807
f 1809/1809/1809 1805/1805/1805 1806/1806/1806
f 1810/1810/1810 1809/1809/1809 1806/1806/1806
f 1810/1810/1810 1806/1806/1806 1811/1811/1811
f 1809/1809/1809 1810/1810/1810 1812/1812/1812
f 1812/1812/1812 1813/1813/1813 1809/1809/1809
f 1809/1809/1809 1813/1813/1813 1805/1805/1805
f 1813/1813/1813 1814/1814/1814 1805/1805/1805
f 1815/1815/1815 1810/1810/1810 1811/1811/1811
f 1812/1812/1812 1810/1810/1810 1815/1815/1815
f 1815/1815/1815 1811/1811/1811 1816/1816/1816
f 1813/1813/1813 1817/1817/1817 1814/1814/1814
f 1812/1812/1812 1817/1817/1817 1813/1813/1813
f 1817/1817/1817 1818/1818/1818 1814/1814/1814
f 1819/1819/1819 1815/1815/1815 1816/1816/1816
f 1812/1812/1812 1815/1815/1815 1819/1819/1819
f 1819/1819/1819 1816/1816/1816 1820/1820/1820
f 1817/1817/1817 1821/1821/1821 1818/1818/1818
f 1812/1812/1812 1821/1821/1821 1817/1817/1817
f 1821/1821/1821 1822/1822/1822 1818/1818/1818
f 1823/1823/1823 1819/1819/1819 1820/1820/1820
f 1812/1812/1812 1819/1819/1819 1823/1823/1823
f 1823/1823/1823 1820/1820/1820 1824/1824/1824
f 1825/1825/1825 1824/1824/1824 1822/1822/1822
f 1821/1821/1821 1825/1825/1825 1822/1822/1822
f 1812/1812/1812 1825/1825/1825 1821/1821/1821
f 1812/1812/1812 1823/1823/1823 1825/1825/1825
f 1825/1825/1825 1823/1823/1823 1824/1824/1824
f 1828/1828/1828 1827/1827/1827 1826/1826/1826
f 1827/1827/1827 1829/1829/1829 1826/1826/1826
f 1826/1826/1826 1829/1829/1829 1830/1830/1830
f 1829/1829/1829 1831/1831/1831 1830/1830/1830
f 1830/1830/1830 1831/1831/1831 1832/1832/1832
f 1833/1833/1833 1830/1830/1830 1832/1832/1832
f 1833/1833/1833 1832/1832/1832 1834/1834/1834
f 1832/1832/1832 1835/1835/1835 1834/1834/1834
f 1834/1834/1834 1835/1835/1835 1836/1836/1836
f 1837/1837/1837 1834/1834/1834 1836/1836/1836
f 1837/1837/1837 1836/1836/1836 1838/1838/1838
f 1839/1839/1839 1837/1837/1837 1838/1838/1838
f 1839/1839/1839 1838/1838/1838 1840/1840/1840
f 1841/1841/1841 1839/1839/1839 1840/1840/1840
f 1841/1841/1841 1840/1840/1840 1842/1842/1842
f 1843/1843/1843 1841/1841/1841 1842/1842/1842
f 1843/1843/1843 1842/1842/1842 1844/1844/1844
f 1845/1845/1845 1843/1843/1843 1844/1844/1844
f 1845/1845/1845 1844/1844/1844 1846/1846/1846
f 1847/1847/1847 1845/1845/1845 1846/1846/1846
f 1850/1850/1850 1849/1849/1849 1848/1848/1848
f 1851/1851/1851 1850/1850/1850 1848/1848/1848
f 1851/1851/1851 1848/1848/1848 1852/1852/1852
f 1853/1853/1853 1850/1850/1850 1851/1851/1851
f 1854/1854/1854 1851/1851/1851 1852/1852/1852
f 1855/1855/1855 1853/1853/1853 1851/1851/1851
f 1853/1853/1853 1855/1855/1855 1856/1856/1856
f 1857/1857/1857 1853/1853/1853 1856/1856/1856
f 1858/1858/1858 1857/1857/1857 1856/1856/1856
f 1859/1859/1859 1855/1855/1855 1851/1851/1851
f 1854/1854/1854 1859/1859/1859 1851/1851/1851
f 1856/1856/1856 1855/1855/1855 1859/1859/1859
f 1860/1860/1860 1858/1858/1858 1856/1856/1856
f 1861/1861/1861 1858/1858/1858 1860/1860/1860
f 1862/1862/1862 1861/1861/1861 1860/1860/1860
f 1862/1862/1862 1860/1860/1860 1863/1863/1863
f 1863/1863/1863 1860/1860/1860 1856/1856/1856
f 1864/1864/1864 1862/1862/1862 1863/1863/1863
f 1865/1865/1865 1863/1863/1863 1856/1856/1856
f 1865/1865/1865 1856/1856/1856 1859/1859/1859
f 1866/1866/1866 1863/1863/1863 1865/1865/1865
f 1867/1867/1867 1866/1866/1866 1865/1865/1865
f 1865/1865/1865 1859/1859/1859 1867/1867/1867
f 1868/1868/1868 1866/1866/1866 1867/1867/1867
f 1869/1869/1869 1859/1859/1859 1854/1854/1854
f 1859/1859/1859 1869/1869/1869 1867/1867/1867
f 1870/1870/1870 1869/1869/1869 1854/1854/1854
f 1871/1871/1871 1869/1869/1869 1870/1870/1870
f 1872/1872/1872 1868/1868/1868 1867/1867/1867
f 1873/1873/1873 1871/1871/1871 1870/1870/1870
f 1874/1874/1874 1868/1868/1868 1872/1872/1872
f 1875/1875/1875 1874/1874/1874 1872/1872/1872
f 1874/1874/1874 1876/1876/1876 1868/1868/1868
f 1874/1874/1874 1875/1875/1875 1876/1876/1876
f 1876/1876/1876 1877/1877/1877 1868/1868/1868
f 1875/1875/1875 1878/1878/1878 1876/1876/1876
f 1871/1871/1871 1873/1873/1873 1879/1879/1879
f 1880/1880/1880 1871/1871/1871 1879/1879/1879
f 1880/1880/1880 1879/1879/1879 1881/1881/1881
f 1879/1879/1879 1882/1882/1882 1881/1881/1881
f 1879/1879/1879 1873/1873/1873 1882/1882/1882
f 1873/1873/1873 1883/1883/1883 1882/1882/1882
f 1886/1886/1886 1885/1885/1885 1884/1884/1884
f 1885/1885/1885 1887/1887/1887 1884/1884/1884
f 1888/1888/1888 1884/1884/1884 1887/1887/1887
f 1889/1889/1889 1887/1887/1887 1885/1885/1885
f 1890/1890/1890 1889/1889/1889 1885/1885/1885
f 1890/1890/1890 1891/1891/1891 1889/1889/1889
f 1891/1891/1891 1892/1892/1892 1889/1889/1889
f 1893/1893/1893 1889/1889/1889 1892/1892/1892
f 1887/1887/1887 1889/1889/1889 1893/1893/1893
f 1894/1894/1894 1893/1893/1893 1892/1892/1892
f 1895/1895/1895 1888/1888/1888 1887/1887/1887
f 1895/1895/1895 1887/1887/1887 1893/1893/1893
f 1896/1896/1896 1888/1888/1888 1895/1895/1895
f 1897/1897/1897 1893/1893/1893 1894/1894/1894
f 1898/1898/1898 1897/1897/1897 1894/1894/1894
f 1895/1895/1895 1893/1893/1893 1899/1899/1899
f 1899/1899/1899 1896/1896/1896 1895/1895/1895
f 1893/1893/1893 1897/1897/1897 1899/1899/1899
f 1900/1900/1900 1897/1897/1897 1898/1898/1898
f 1897/1897/1897 1900/1900/1900 1899/1899/1899
f 1901/1901/1901 1900/1900/1900 1898/1898/1898
f 1896/1896/1896 1899/1899/1899 1902/1902/1902
f 1900/1900/1900 1902/1902/1902 1899/1899/1899
f 1903/1903/1903 1896/1896/1896 1902/1902/1902
f 1903/1903/1903 1902/1902/1902 1904/1904/1904
f 1904/1904/1904 1902/1902/1902 1900/1900/1900
f 1905/1905/1905 1903/1903/1903 1904/1904/1904
f 1904/1904/1904 1906/1906/1906 1905/1905/1905
f 1907/1907/1907 1900/1900/1900 1901/1901/1901
f 1907/1907/1907 1904/1904/1904 1900/1900/1900
f 1906/1906/1906 1904/1904/1904 1907/1907/1907
f 1908/1908/1908 1907/1907/1907 1901/1901/1901
f 1909/1909/1909 1906/1906/1906 1907/1907/1907
f 1907/1907/1907 1908/1908/1908 1909/1909/1909
f 1912/1912/1912 1911/1911/1911 1910/1910/1910
f 1913/1913/1913 1912/1912/1912 1910/1910/1910
f 1913/1913/1913 1910/1910/1910 1914/1914/1914
f 1914/1914/1914 1910/1910/1910 1915/1915/1915
f 1916/1916/1916 1913/1913/1913 1914/1914/1914
f 1910/1910/1910 1917/1917/1917 1915/1915/1915
f 1910/1910/1910 1918/1918/1918 1917/1917/1917
f 1918/1918/1918 1919/1919/1919 1917/1917/1917
f 1917/1917/1917 1920/1920/1920 1915/1915/1915
f 1917/1917/1917 1921/1921/1921 1920/1920/1920
f 1921/1921/1921 1922/1922/1922 1920/1920/1920
f 1920/1920/1920 1923/1923/1923 1915/1915/1915
f 1920/1920/1920 1924/1924/1924 1923/1923/1923
f 1924/1924/1924 1925/1925/1925 1923/1923/1923
f 1920/1920/1920 1926/1926/1926 1924/1924/1924
f 1926/1926/1926 1927/1927/1927 1924/1924/1924
f 1928/1928/1928 1913/1913/1913 1916/1916/1916
f 1929/1929/1929 1928/1928/1928 1916/1916/1916
f 1928/1928/1928 1930/1930/1930 1913/1913/1913
f 1930/1930/1930 1931/1931/1931 1913/1913/1913
f 1932/1932/1932 1928/1928/1928 1929/1929/1929
f 1933/1933/1933 1932/1932/1932 1929/1929/1929
f 1932/1932/1932 1933/1933/1933 1934/1934/1934
f 1928/1928/1928 1932/1932/1932 1935/1935/1935
f 1936/1936/1936 1928/1928/1928 1935/1935/1935
f 1937/1937/1937 1932/1932/1932 1934/1934/1934
f 1937/1937/1937 1934/1934/1934 1938/1938/1938
f 1939/1939/1939 1932/1932/1932 1937/1937/1937
f 1940/1940/1940 1939/1939/1939 1937/1937/1937
f 1941/1941/1941 1937/1937/1937 1938/1938/1938
f 1941/1941/1941 1942/1942/1942 1937/1937/1937
f 1942/1942/1942 1943/1943/1943 1937/1937/1937
f 1946/1946/1946 1945/1945/1945 1944/1944/1944
f 1947/1947/1947 1946/1946/1946 1944/1944/1944
f 1947/1947/1947 1944/1944/1944 1948/1948/1948
f 1949/1949/1949 1947/1947/1947 1948/1948/1948
f 1949/1949/1949 1948/1948/1948 1950/1950/1950
f 1951/1951/1951 1949/1949/1949 1950/1950/1950
f 1951/1951/1951 1950/1950/1950 1952/1952/1952
f 1953/1953/1953 1951/1951/1951 1952/1952/1952
f 1953/1953/1953 1952/1952/1952 1954/1954/1954
f 1955/1955/1955 1953/1953/1953 1954/1954/1954
f 1955/1955/1955 1954/1954/1954 1956/1956/1956
f 1957/1957/1957 1955/1955/1955 1956/1956/1956
f 1957/1957/1957 1956/1956/1956 1958/1958/1958
f 1959/1959/1959 1957/1957/1957 1958/1958/1958
f 1959/1959/1959 1958/1958/1958 1960/1960/1960
f 1961/1961/1961 1959/1959/1959 1960/1960/1960
f 1964/1964/1964 1963/1963/1963 1962/1962/1962
f 1965/1965/1965 1964/1964/1964 1962/1962/1962
f 1968/1968/1968 1967/1967/1967 1966/1966/1966
f 1969/1969/1969 1968/1968/1968 1966/1966/1966
f 1972/1972/1972 1971/1971/1971 1970/1970/1970
f 1973/1973/1973 1972/1972/1972 1970/1970/1970
f 1976/1976/1976 1975/1975/1975 1974/1974/1974
f 1977/1977/1977 1976/1976/1976 1974/1974/1974
f 1978/1978/1978 1976/1976/1976 1977/1977/1977
f 1979/1979/1979 1978/1978/1978 1977/1977/1977
f 1980/1980/1980 1978/1978/1978 1979/1979/1979
f 1981/1981/1981 1980/1980/1980 1979/1979/1979
f 1981/1981/1981 1982/1982/1982 1980/1980/1980
f 1982/1982/1982 1983/1983/1983 1980/1980/1980
f 1982/1982/1982 1984/1984/1984 1983/1983/1983
f 1984/1984/1984 1985/1985/1985 1983/1983/1983
f 1984/1984/1984 1986/1986/1986 1985/1985/1985
f 1986/1986/1986 1987/1987/1987 1985/1985/1985
f 1987/1987/1987 1986/1986/1986 1988/1988/1988
f 1989/1989/1989 1987/1987/1987 1988/1988/1988
f 1992/1992/1992 1991/1991/1991 1990/1990/1990
f 1991/1991/1991 1993/1993/1993 1990/1990/1990
f 1994/1994/1994 1993/1993/1993 1991/1991/1991
f 1995/1995/1995 1994/1994/1994 1991/1991/1991
f 1998/1998/1998 1997/1997/1997 1996/1996/1996
f 1999/1999/1999 1998/1998/1998 1996/1996/1996
f 2002/2002/2002 2001/2001/2001 2000/2000/2000
f 2000/2000/2000 2001/2001/2001 2003/2003/2003
f 2004/2004/2004 2000/2000/2000 2003/2003/2003
f 2007/2007/2007 2006/2006/2006 2005/2005/2005
f 2006/2006/2006 2008/2008/2008 2005/2005/2005
f 2008/2008/2008 2009/2009/2009 2005/2005/2005
f 2009/2009/2009 2008/2008/2008 2010/2010/2010
f 2008/2008/2008 2006/2006/2006 2011/2011/2011
f 2006/2006/2006 2012/2012/2012 2011/2011/2011
f 2008/2008/2008 2013/2013/2013 2010/2010/2010
f 2013/2013/2013 2008/2008/2008 2011/2011/2011
f 2014/2014/2014 2013/2013/2013 2011/2011/2011
f 2010/2010/2010 2013/2013/2013 2015/2015/2015
f 2013/2013/2013 2016/2016/2016 2015/2015/2015
f 2017/2017/2017 2016/2016/2016 2013/2013/2013
f 2017/2017/2017 2013/2013/2013 2014/2014/2014
f 2018/2018/2018 2017/2017/2017 2014/2014/2014
f 2019/2019/2019 2018/2018/2018 2014/2014/2014
f 2020/2020/2020 2019/2019/2019 2014/2014/2014
f 2021/2021/2021 2020/2020/2020 2014/2014/2014
f 2021/2021/2021 2014/2014/2014 2022/2022/2022
f 2014/2014/2014 2011/2011/2011 2022/2022/2022
f 2023/2023/2023 2022/2022/2022 2011/2011/2011
f 2012/2012/2012 2023/2023/2023 2011/2011/2011
f 2024/2024/2024 2023/2023/2023 2012/2012/2012
f 2027/2027/2027 2026/2026/2026 2025/2025/2025
f 2028/2028/2028 2027/2027/2027 2025/2025/2025
f 2031/2031/2031 2030/2030/2030 2029/2029/2029
f 2030/2030/2030 2032/2032/2032 2029/2029/2029
f 2033/2033/2033 2032/2032/2032 2030/2030/2030
f 2034/2034/2034 2033/2033/2033 2030/2030/2030
f 2033/2033/2033 2034/2034/2034 2035/2035/2035
f 2036/2036/2036 2035/2035/2035 2034/2034/2034
f 2037/2037/2037 2036/2036/2036 2034/2034/2034
f 2038/2038/2038 2036/2036/2036 2037/2037/2037
f 2039/2039/2039 2038/2038/2038 2037/2037/2037
f 2040/2040/2040 2038/2038/2038 2039/2039/2039
f 2041/2041/2041 2040/2040/2040 2039/2039/2039
f 2042/2042/2042 2040/2040/2040 2041/2041/2041
f 2043/2043/2043 2042/2042/2042 2041/2041/2041
f 2043/2043/2043 2044/2044/2044 2042/2042/2042
f 2038/2038/2038 2040/2040/2040 2045/2045/2045
f 2042/2042/2042 2046/2046/2046 2040/2040/2040
f 2046/2046/2046 2045/2045/2045 2040/2040/2040
f 2047/2047/2047 2038/2038/2038 2045/2045/2045
f 2047/2047/2047 2048/2048/2048 2038/2038/2038
f 2048/2048/2048 2047/2047/2047 2049/2049/2049
f 2047/2047/2047 2050/2050/2050 2049/2049/2049
f 2047/2047/2047 2045/2045/2045 2050/2050/2050
f 2045/2045/2045 2051/2051/2051 2050/2050/2050
f 2045/2045/2045 2046/2046/2046 2051/2051/2051
f 2046/2046/2046 2052/2052/2052 2051/2051/2051
f 2052/2052/2052 2046/2046/2046 2053/2053/2053
f 2046/2046/2046 2042/2042/2042 2053/2053/2053
f 2054/2054/2054 2052/2052/2052 2053/2053/2053
f 2054/2054/2054 2053/2053/2053 2055/2055/2055
f 2053/2053/2053 2056/2056/2056 2055/2055/2055
f 2056/2056/2056 2053/2053/2053 2057/2057/2057
f 2042/2042/2042 2057/2057/2057 2053/2053/2053
f 2044/2044/2044 2057/2057/2057 2042/2042/2042
f 2057/2057/2057 2044/2044/2044 2058/2058/2058
f 2044/2044/2044 2059/2059/2059 2058/2058/2058
f 2059/2059/2059 2060/2060/2060 2058/2058/2058
f 2060/2060/2060 2061/2061/2061 2058/2058/2058
f 2062/2062/2062 2061/2061/2061 2060/2060/2060
f 2062/2062/2062 2060/2060/2060 2063/2063/2063
f 2064/2064/2064 2062/2062/2062 2063/2063/2063
f 2065/2065/2065 2064/2064/2064 2063/2063/2063
f 2066/2066/2066 2065/2065/2065 2063/2063/2063
f 2069/2069/2069 2068/2068/2068 2067/2067/2067
f 2070/2070/2070 2067/2067/2067 2068/2068/2068
f 2071/2071/2071 2070/2070/2070 2068/2068/2068
f 2074/2074/2074 2073/2073/2073 2072/2072/2072
f 2075/2075/2075 2074/2074/2074 2072/2072/2072
f 2078/2078/2078 2077/2077/2077 2076/2076/2076
f 2079/2079/2079 2078/2078/2078 2076/2076/2076
f 2079/2079/2079 2076/2076/2076 2080/2080/2080
f 2078/2078/2078 2079/2079/2079 2081/2081/2081
f 2082/2082/2082 2078/2078/2078 2081/2081/2081
f 2078/2078/2078 2082/2082/2082 2083/2083/2083
f 2082/2082/2082 2084/2084/2084 2083/2083/2083
f 2084/2084/2084 2085/2085/2085 2083/2083/2083
f 2081/2081/2081 2079/2079/2079 2086/2086/2086
f 2086/2086/2086 2079/2079/2079 2080/2080/2080
f 2087/2087/2087 2081/2081/2081 2086/2086/2086
f 2088/2088/2088 2087/2087/2087 2086/2086/2086
f 2089/2089/2089 2088/2088/2088 2086/2086/2086
f 2089/2089/2089 2086/2086/2086 2080/2080/2080
f 2090/2090/2090 2089/2089/2089 2080/2080/2080
f 2085/2085/2085 2091/2091/2091 2083/2083/2083
f 2083/2083/2083 2091/2091/2091 2092/2092/2092
f 2093/2093/2093 2083/2083/2083 2092/2092/2092
f 2094/2094/2094 2092/2092/2092 2091/2091/2091
f 2095/2095/2095 2091/2091/2091 2085/2085/2085
f 2095/2095/2095 2094/2094/2094 2091/2091/2091
f 2096/2096/2096 2095/2095/2095 2085/2085/2085
f 2096/2096/2096 2097/2097/2097 2095/2095/2095
f 2097/2097/2097 2098/2098/2098 2095/2095/2095
f 2095/2095/2095 2098/2098/2098 2094/2094/2094
f 2098/2098/2098 2099/2099/2099 2094/2094/2094
f 2102/2102/2102 2101/2101/2101 2100/2100/2100
f 2103/2103/2103 2102/2102/2102 2100/2100/2100
f 2104/2104/2104 2102/2102/2102 2103/2103/2103
f 2107/2107/2107 2106/2106/2106 2105/2105/2105
f 2108/2108/2108 2107/2107/2107 2105/2105/2105
f 2111/2111/2111 2110/2110/2110 2109/2109/2109
f 2112/2112/2112 2111/2111/2111 2109/2109/2109
f 2113/2113/2113 2112/2112/2112 2109/2109/2109
f 2116/2116/2116 2115/2115/2115 2114/2114/2114
f 2115/2115/2115 2117/2117/2117 2114/2114/2114
f 2118/2118/2118 2117/2117/2117 2115/2115/2115
f 2119/2119/2119 2118/2118/2118 2115/2115/2115
f 2122/2122/2122 2121/2121/2121 2120/2120/2120
f 2123/2123/2123 2122/2122/2122 2120/2120/2120
f 2124/2124/2124 2123/2123/2123 2120/2120/2120
f 2127/2127/2127 2126/2126/2126 2125/2125/2125
f 2128/2128/2128 2127/2127/2127 2125/2125/2125
f 2129/2129/2129 2127/2127/2127 2128/2128/2128
f 2132/2132/2132 2131/2131/2131 2130/2130/2130
f 2133/2133/2133 2132/2132/2132 2130/2130/2130
f 2136/2136/2136 2135/2135/2135 2134/2134/2134
f 2137/2137/2137 2136/2136/2136 2134/2134/2134
f 2140/2140/2140 2139/2139/2139 2138/2138/2138
f 2139/2139/2139 2141/2141/2141 2138/2138/2138
f 2142/2142/2142 2141/2141/2141 2139/2139/2139
f 2143/2143/2143 2141/2141/2141 2142/2142/2142
f 2144/2144/2144 2143/2143/2143 2142/2142/2142
f 2145/2145/2145 2142/2142/2142 2139/2139/2139
f 2145/2145/2145 2139/2139/2139 2146/2146/2146
f 2146/2146/2146 2147/2147/2147 2145/2145/2145
f 2148/2148/2148 2144/2144/2144 2142/2142/2142
f 2142/2142/2142 2145/2145/2145 2148/2148/2148
f 2147/2147/2147 2149/2149/2149 2145/2145/2145
f 2145/2145/2145 2149/2149/2149 2148/2148/2148
f 2147/2147/2147 2150/2150/2150 2149/2149/2149
f 2144/2144/2144 2148/2148/2148 2151/2151/2151
f 2152/2152/2152 2144/2144/2144 2151/2151/2151
f 2152/2152/2152 2151/2151/2151 2153/2153/2153
f 2148/2148/2148 2149/2149/2149 2154/2154/2154
f 2150/2150/2150 2154/2154/2154 2149/2149/2149
f 2151/2151/2151 2148/2148/2148 2154/2154/2154
f 2154/2154/2154 2150/2150/2150 2155/2155/2155
f 2154/2154/2154 2155/2155/2155 2151/2151/2151
f 2150/2150/2150 2156/2156/2156 2155/2155/2155
f 2151/2151/2151 2157/2157/2157 2153/2153/2153
f 2155/2155/2155 2157/2157/2157 2151/2151/2151
f 2155/2155/2155 2156/2156/2156 2158/2158/2158
f 2156/2156/2156 2159/2159/2159 2158/2158/2158
f 2159/2159/2159 2156/2156/2156 2160/2160/2160
f 2161/2161/2161 2159/2159/2159 2160/2160/2160
f 2160/2160/2160 2162/2162/2162 2161/2161/2161
f 2162/2162/2162 2163/2163/2163 2161/2161/2161
f 2157/2157/2157 2155/2155/2155 2164/2164/2164
f 2165/2165/2165 2153/2153/2153 2157/2157/2157
f 2164/2164/2164 2165/2165/2165 2157/2157/2157
f 2166/2166/2166 2155/2155/2155 2158/2158/2158
f 2155/2155/2155 2166/2166/2166 2164/2164/2164
f 2164/2164/2164 2166/2166/2166 2167/2167/2167
f 2168/2168/2168 2165/2165/2165 2164/2164/2164
f 2167/2167/2167 2168/2168/2168 2164/2164/2164
f 2166/2166/2166 2158/2158/2158 2169/2169/2169
f 2166/2166/2166 2169/2169/2169 2167/2167/2167
f 2159/2159/2159 2170/2170/2170 2158/2158/2158
f 2158/2158/2158 2171/2171/2171 2169/2169/2169
f 2158/2158/2158 2170/2170/2170 2171/2171/2171
f 2172/2172/2172 2167/2167/2167 2169/2169/2169
f 2173/2173/2173 2168/2168/2168 2167/2167/2167
f 2172/2172/2172 2173/2173/2173 2167/2167/2167
f 2169/2169/2169 2171/2171/2171 2174/2174/2174
f 2174/2174/2174 2172/2172/2172 2169/2169/2169
f 2165/2165/2165 2168/2168/2168 2175/2175/2175
f 2168/2168/2168 2173/2173/2173 2176/2176/2176
f 2175/2175/2175 2168/2168/2168 2176/2176/2176
f 2177/2177/2177 2165/2165/2165 2175/2175/2175
f 2153/2153/2153 2165/2165/2165 2177/2177/2177
f 2172/2172/2172 2178/2178/2178 2173/2173/2173
f 2174/2174/2174 2179/2179/2179 2172/2172/2172
f 2179/2179/2179 2178/2178/2178 2172/2172/2172
f 2173/2173/2173 2180/2180/2180 2176/2176/2176
f 2178/2178/2178 2180/2180/2180 2173/2173/2173
f 2171/2171/2171 2181/2181/2181 2174/2174/2174
f 2182/2182/2182 2179/2179/2179 2174/2174/2174
f 2181/2181/2181 2182/2182/2182 2174/2174/2174
f 2183/2183/2183 2181/2181/2181 2171/2171/2171
f 2184/2184/2184 2182/2182/2182 2181/2181/2181
f 2183/2183/2183 2184/2184/2184 2181/2181/2181
f 2185/2185/2185 2183/2183/2183 2171/2171/2171
f 2170/2170/2170 2185/2185/2185 2171/2171/2171
f 2182/2182/2182 2186/2186/2186 2179/2179/2179
f 2179/2179/2179 2187/2187/2187 2178/2178/2178
f 2186/2186/2186 2187/2187/2187 2179/2179/2179
f 2184/2184/2184 2188/2188/2188 2182/2182/2182
f 2188/2188/2188 2186/2186/2186 2182/2182/2182
f 2180/2180/2180 2178/2178/2178 2189/2189/2189
f 2187/2187/2187 2190/2190/2190 2178/2178/2178
f 2178/2178/2178 2190/2190/2190 2189/2189/2189
f 2187/2187/2187 2186/2186/2186 2191/2191/2191
f 2187/2187/2187 2191/2191/2191 2190/2190/2190
f 2192/2192/2192 2191/2191/2191 2186/2186/2186
f 2188/2188/2188 2192/2192/2192 2186/2186/2186
f 2191/2191/2191 2193/2193/2193 2190/2190/2190
f 2190/2190/2190 2193/2193/2193 2189/2189/2189
f 2192/2192/2192 2188/2188/2188 2194/2194/2194
f 2194/2194/2194 2188/2188/2188 2184/2184/2184
f 2195/2195/2195 2192/2192/2192 2194/2194/2194
f 2196/2196/2196 2195/2195/2195 2194/2194/2194
f 2197/2197/2197 2196/2196/2196 2194/2194/2194
f 2198/2198/2198 2194/2194/2194 2184/2184/2184
f 2198/2198/2198 2197/2197/2197 2194/2194/2194
f 2198/2198/2198 2184/2184/2184 2183/2183/2183
f 2197/2197/2197 2198/2198/2198 2199/2199/2199
f 2199/2199/2199 2198/2198/2198 2183/2183/2183
f 2200/2200/2200 2197/2197/2197 2199/2199/2199
f 2199/2199/2199 2183/2183/2183 2185/2185/2185
f 2200/2200/2200 2199/2199/2199 2201/2201/2201
f 2201/2201/2201 2199/2199/2199 2185/2185/2185
f 2202/2202/2202 2200/2200/2200 2201/2201/2201
f 2201/2201/2201 2185/2185/2185 2170/2170/2170
f 2202/2202/2202 2201/2201/2201 2203/2203/2203
f 2203/2203/2203 2201/2201/2201 2170/2170/2170
f 2204/2204/2204 2202/2202/2202 2203/2203/2203
f 2205/2205/2205 2203/2203/2203 2170/2170/2170
f 2204/2204/2204 2203/2203/2203 2205/2205/2205
f 2159/2159/2159 2205/2205/2205 2170/2170/2170
f 2206/2206/2206 2204/2204/2204 2205/2205/2205
f 2207/2207/2207 2205/2205/2205 2159/2159/2159
f 2206/2206/2206 2205/2205/2205 2207/2207/2207
f 2208/2208/2208 2206/2206/2206 2207/2207/2207
f 2161/2161/2161 2207/2207/2207 2159/2159/2159
f 2208/2208/2208 2207/2207/2207 2209/2209/2209
f 2207/2207/2207 2161/2161/2161 2209/2209/2209
f 2210/2210/2210 2208/2208/2208 2209/2209/2209
f 2210/2210/2210 2209/2209/2209 2211/2211/2211
f 2161/2161/2161 2212/2212/2212 2209/2209/2209
f 2163/2163/2163 2212/2212/2212 2161/2161/2161
f 2209/2209/2209 2213/2213/2213 2211/2211/2211
f 2209/2209/2209 2212/2212/2212 2213/2213/2213
f 2211/2211/2211 2213/2213/2213 2214/2214/2214
f 2212/2212/2212 2163/2163/2163 2215/2215/2215
f 2163/2163/2163 2216/2216/2216 2215/2215/2215
f 2216/2216/2216 2217/2217/2217 2215/2215/2215
f 2217/2217/2217 2218/2218/2218 2215/2215/2215
f 2218/2218/2218 2219/2219/2219 2215/2215/2215
f 2215/2215/2215 2220/2220/2220 2212/2212/2212
f 2219/2219/2219 2220/2220/2220 2215/2215/2215
f 2212/2212/2212 2220/2220/2220 2213/2213/2213
f 2220/2220/2220 2219/2219/2219 2221/2221/2221
f 2213/2213/2213 2220/2220/2220 2221/2221/2221
f 2213/2213/2213 2221/2221/2221 2214/2214/2214
f 2214/2214/2214 2221/2221/2221 2222/2222/2222
f 2225/2225/2225 2224/2224/2224 2223/2223/2223
f 2224/2224/2224 2226/2226/2226 2223/2223/2223
f 2223/2223/2223 2226/2226/2226 2227/2227/2227
f 2226/2226/2226 2228/2228/2228 2227/2227/2227
f 2227/2227/2227 2228/2228/2228 2229/2229/2229
f 2228/2228/2228 2230/2230/2230 2229/2229/2229
f 2229/2229/2229 2230/2230/2230 2231/2231/2231
f 2230/2230/2230 2232/2232/2232 2231/2231/2231
f 2231/2231/2231 2232/2232/2232 2233/2233/2233
f 2232/2232/2232 2234/2234/2234 2233/2233/2233
f 2233/2233/2233 2234/2234/2234 2235/2235/2235
f 2234/2234/2234 2236/2236/2236 2235/2235/2235
f 2235/2235/2235 2236/2236/2236 2237/2237/2237
f 2236/2236/2236 2238/2238/2238 2237/2237/2237
f 2237/2237/2237 2238/2238/2238 2239/2239/2239
f 2238/2238/2238 2240/2240/2240 2239/2239/2239
f 2243/2243/2243 2242/2242/2242 2241/2241/2241
f 2242/2242/2242 2244/2244/2244 2241/2241/2241
f 2241/2241/2241 2244/2244/2244 2245/2245/2245
f 2244/2244/2244 2246/2246/2246 2245/2245/2245
f 2245/2245/2245 2246/2246/2246 2247/2247/2247
f 2246/2246/2246 2248/2248/2248 2247/2247/2247
f 2247/2247/2247 2248/2248/2248 2249/2249/2249
f 2248/2248/2248 2250/2250/2250 2249/2249/2249
f 2249/2249/2249 2250/2250/2250 2251/2251/2251
f 2250/2250/2250 2252/2252/2252 2251/2251/2251
f 2251/2251/2251 2252/2252/2252 2253/2253/2253
f 2252/2252/2252 2254/2254/2254 2253/2253/2253
f 2253/2253/2253 2254/2254/2254 2255/2255/2255
f 2254/2254/2254 2256/2256/2256 2255/2255/2255
f 2255/2255/2255 2256/2256/2256 2257/2257/2257
f 2256/2256/2256 2258/2258/2258 2257/2257/2257
f 2261/2261/2261 2260/2260/2260 2259/2259/2259
f 2262/2262/2262 2261/2261/2261 2259/2259/2259
f 2262/2262/2262 2259/2259/2259 2263/2263/2263
f 2264/2264/2264 2261/2261/2261 2262/2262/2262
f 2265/2265/2265 2262/2262/2262 2263/2263/2263
f 2266/2266/2266 2264/2264/2264 2262/2262/2262
f 2267/2267/2267 2262/2262/2262 2265/2265/2265
f 2267/2267/2267 2266/2266/2266 2262/2262/2262
f 2268/2268/2268 2267/2267/2267 2265/2265/2265
f 2269/2269/2269 2266/2266/2266 2267/2267/2267
f 2268/2268/2268 2270/2270/2270 2267/2267/2267
f 2271/2271/2271 2269/2269/2269 2267/2267/2267
f 2270/2270/2270 2271/2271/2271 2267/2267/2267
f 2272/2272/2272 2269/2269/2269 2271/2271/2271
f 2270/2270/2270 2273/2273/2273 2271/2271/2271
f 2274/2274/2274 2272/2272/2272 2271/2271/2271
f 2273/2273/2273 2275/2275/2275 2271/2271/2271
f 2275/2275/2275 2274/2274/2274 2271/2271/2271
f 2276/2276/2276 2275/2275/2275 2273/2273/2273
f 2275/2275/2275 2276/2276/2276 2274/2274/2274
f 2276/2276/2276 2277/2277/2277 2274/2274/2274
f 2278/2278/2278 2277/2277/2277 2276/2276/2276
f 2279/2279/2279 2276/2276/2276 2273/2273/2273
f 2280/2280/2280 2278/2278/2278 2276/2276/2276
f 2281/2281/2281 2276/2276/2276 2279/2279/2279
f 2281/2281/2281 2280/2280/2280 2276/2276/2276
f 2282/2282/2282 2281/2281/2281 2279/2279/2279
f 2283/2283/2283 2280/2280/2280 2281/2281/2281
f 2282/2282/2282 2284/2284/2284 2281/2281/2281
f 2285/2285/2285 2283/2283/2283 2281/2281/2281
f 2284/2284/2284 2285/2285/2285 2281/2281/2281
f 2286/2286/2286 2283/2283/2283 2285/2285/2285
f 2284/2284/2284 2287/2287/2287 2285/2285/2285
f 2288/2288/2288 2286/2286/2286 2285/2285/2285
f 2287/2287/2287 2288/2288/2288 2285/2285/2285
f 2291/2291/2291 2290/2290/2290 2289/2289/2289
f 2292/2292/2292 2291/2291/2291 2289/2289/2289
f 2295/2295/2295 2294/2294/2294 2293/2293/2293
f 2296/2296/2296 2295/2295/2295 2293/2293/2293
f 2296/2296/2296 2293/2293/2293 2297/2297/2297
f 2298/2298/2298 2297/2297/2297 2293/2293/2293
f 2296/2296/2296 2297/2297/2297 2299/2299/2299
f 2300/2300/2300 2297/2297/2297 2298/2298/2298
f 2299/2299/2299 2297/2297/2297 2301/2301/2301
f 2302/2302/2302 2297/2297/2297 2300/2300/2300
f 2301/2301/2301 2297/2297/2297 2303/2303/2303
f 2304/2304/2304 2297/2297/2297 2302/2302/2302
f 2303/2303/2303 2297/2297/2297 2305/2305/2305
f 2305/2305/2305 2297/2297/2297 2304/2304/2304
f 2308/2308/2308 2307/2307/2307 2306/2306/2306
f 2309/2309/2309 2308/2308/2308 2306/2306/2306
f 2309/2309/2309 2306/2306/2306 2310/2310/2310
f 2309/2309/2309 2310/2310/2310 2311/2311/2311
f 2312/2312/2312 2310/2310/2310 2306/2306/2306
f 2311/2311/2311 2310/2310/2310 2313/2313/2313
f 2314/2314/2314 2310/2310/2310 2312/2312/2312
f 2313/2313/2313 2310/2310/2310 2315/2315/2315
f 2316/2316/2316 2310/2310/2310 2314/2314/2314
f 2315/2315/2315 2310/2310/2310 2317/2317/2317
f 2318/2318/2318 2310/2310/2310 2316/2316/2316
f 2317/2317/2317 2310/2310/2310 2318/2318/2318
f 2321/2321/2321 2320/2320/2320 2319/2319/2319
f 2322/2322/2322 2321/2321/2321 2319/2319/2319
f 2322/2322/2322 2323/2323/2323 2321/2321/2321
f 2322/2322/2322 2324/2324/2324 2323/2323/2323
f 2324/2324/2324 2325/2325/2325 2323/2323/2323
f 2323/2323/2323 2326/2326/2326 2321/2321/2321
f 2321/2321/2321 2326/2326/2326 2327/2327/2327
f 2328/2328/2328 2327/2327/2327 2326/2326/2326
f 2325/2325/2325 2329/2329/2329 2323/2323/2323
f 2326/2326/2326 2323/2323/2323 2329/2329/2329
f 2330/2330/2330 2328/2328/2328 2326/2326/2326
f 2330/2330/2330 2326/2326/2326 2329/2329/2329
f 2331/2331/2331 2328/2328/2328 2330/2330/2330
f 2329/2329/2329 2325/2325/2325 2332/2332/2332
f 2325/2325/2325 2333/2333/2333 2332/2332/2332
f 2332/2332/2332 2333/2333/2333 2334/2334/2334
f 2330/2330/2330 2329/2329/2329 2335/2335/2335
f 2335/2335/2335 2331/2331/2331 2330/2330/2330
f 2329/2329/2329 2332/2332/2332 2335/2335/2335
f 2331/2331/2331 2335/2335/2335 2336/2336/2336
f 2336/2336/2336 2335/2335/2335 2332/2332/2332
f 2337/2337/2337 2331/2331/2331 2336/2336/2336
f 2338/2338/2338 2332/2332/2332 2334/2334/2334
f 2338/2338/2338 2336/2336/2336 2332/2332/2332
f 2337/2337/2337 2336/2336/2336 2339/2339/2339
f 2340/2340/2340 2337/2337/2337 2339/2339/2339
f 2337/2337/2337 2340/2340/2340 2341/2341/2341
f 2340/2340/2340 2342/2342/2342 2341/2341/2341
f 2343/2343/2343 2341/2341/2341 2342/2342/2342
f 2344/2344/2344 2343/2343/2343 2342/2342/2342
f 2336/2336/2336 2338/2338/2338 2345/2345/2345
f 2334/2334/2334 2346/2346/2346 2338/2338/2338
f 2346/2346/2346 2345/2345/2345 2338/2338/2338
f 2336/2336/2336 2347/2347/2347 2339/2339/2339
f 2347/2347/2347 2336/2336/2336 2345/2345/2345
f 2347/2347/2347 2345/2345/2345 2348/2348/2348
f 2346/2346/2346 2349/2349/2349 2345/2345/2345
f 2349/2349/2349 2348/2348/2348 2345/2345/2345
f 2339/2339/2339 2347/2347/2347 2350/2350/2350
f 2350/2350/2350 2347/2347/2347 2348/2348/2348
f 2351/2351/2351 2340/2340/2340 2339/2339/2339
f 2352/2352/2352 2339/2339/2339 2350/2350/2350
f 2351/2351/2351 2339/2339/2339 2352/2352/2352
f 2348/2348/2348 2353/2353/2353 2350/2350/2350
f 2349/2349/2349 2354/2354/2354 2348/2348/2348
f 2354/2354/2354 2353/2353/2353 2348/2348/2348
f 2352/2352/2352 2350/2350/2350 2355/2355/2355
f 2353/2353/2353 2355/2355/2355 2350/2350/2350
f 2349/2349/2349 2346/2346/2346 2356/2356/2356
f 2354/2354/2354 2349/2349/2349 2357/2357/2357
f 2349/2349/2349 2356/2356/2356 2357/2357/2357
f 2346/2346/2346 2358/2358/2358 2356/2356/2356
f 2346/2346/2346 2334/2334/2334 2358/2358/2358
f 2359/2359/2359 2353/2353/2353 2354/2354/2354
f 2360/2360/2360 2355/2355/2355 2353/2353/2353
f 2359/2359/2359 2360/2360/2360 2353/2353/2353
f 2361/2361/2361 2354/2354/2354 2357/2357/2357
f 2361/2361/2361 2359/2359/2359 2354/2354/2354
f 2362/2362/2362 2352/2352/2352 2355/2355/2355
f 2360/2360/2360 2363/2363/2363 2355/2355/2355
f 2363/2363/2363 2362/2362/2362 2355/2355/2355
f 2362/2362/2362 2364/2364/2364 2352/2352/2352
f 2363/2363/2363 2365/2365/2365 2362/2362/2362
f 2365/2365/2365 2364/2364/2364 2362/2362/2362
f 2364/2364/2364 2366/2366/2366 2352/2352/2352
f 2366/2366/2366 2351/2351/2351 2352/2352/2352
f 2367/2367/2367 2363/2363/2363 2360/2360/2360
f 2368/2368/2368 2360/2360/2360 2359/2359/2359
f 2368/2368/2368 2367/2367/2367 2360/2360/2360
f 2369/2369/2369 2365/2365/2365 2363/2363/2363
f 2367/2367/2367 2369/2369/2369 2363/2363/2363
f 2359/2359/2359 2361/2361/2361 2370/2370/2370
f 2371/2371/2371 2368/2368/2368 2359/2359/2359
f 2371/2371/2371 2359/2359/2359 2370/2370/2370
f 2367/2367/2367 2368/2368/2368 2372/2372/2372
f 2372/2372/2372 2368/2368/2368 2371/2371/2371
f 2372/2372/2372 2373/2373/2373 2367/2367/2367
f 2373/2373/2373 2369/2369/2369 2367/2367/2367
f 2374/2374/2374 2372/2372/2372 2371/2371/2371
f 2374/2374/2374 2371/2371/2371 2370/2370/2370
f 2369/2369/2369 2373/2373/2373 2375/2375/2375
f 2369/2369/2369 2375/2375/2375 2365/2365/2365
f 2373/2373/2373 2376/2376/2376 2375/2375/2375
f 2376/2376/2376 2377/2377/2377 2375/2375/2375
f 2377/2377/2377 2378/2378/2378 2375/2375/2375
f 2375/2375/2375 2379/2379/2379 2365/2365/2365
f 2378/2378/2378 2379/2379/2379 2375/2375/2375
f 2365/2365/2365 2379/2379/2379 2364/2364/2364
f 2379/2379/2379 2378/2378/2378 2380/2380/2380
f 2379/2379/2379 2380/2380/2380 2364/2364/2364
f 2378/2378/2378 2381/2381/2381 2380/2380/2380
f 2364/2364/2364 2380/2380/2380 2366/2366/2366
f 2380/2380/2380 2381/2381/2381 2382/2382/2382
f 2380/2380/2380 2382/2382/2382 2366/2366/2366
f 2381/2381/2381 2383/2383/2383 2382/2382/2382
f 2366/2366/2366 2382/2382/2382 2351/2351/2351
f 2382/2382/2382 2383/2383/2383 2384/2384/2384
f 2382/2382/2382 2384/2384/2384 2351/2351/2351
f 2383/2383/2383 2385/2385/2385 2384/2384/2384
f 2384/2384/2384 2386/2386/2386 2351/2351/2351
f 2384/2384/2384 2385/2385/2385 2386/2386/2386
f 2386/2386/2386 2340/2340/2340 2351/2351/2351
f 2385/2385/2385 2387/2387/2387 2386/2386/2386
f 2386/2386/2386 2388/2388/2388 2340/2340/2340
f 2386/2386/2386 2387/2387/2387 2388/2388/2388
f 2387/2387/2387 2389/2389/2389 2388/2388/2388
f 2388/2388/2388 2342/2342/2342 2340/2340/2340
f 2388/2388/2388 2389/2389/2389 2390/2390/2390
f 2342/2342/2342 2388/2388/2388 2390/2390/2390
f 2389/2389/2389 2391/2391/2391 2390/2390/2390
f 2390/2390/2390 2391/2391/2391 2392/2392/2392
f 2393/2393/2393 2342/2342/2342 2390/2390/2390
f 2393/2393/2393 2344/2344/2344 2342/2342/2342
f 2394/2394/2394 2390/2390/2390 2392/2392/2392
f 2393/2393/2393 2390/2390/2390 2394/2394/2394
f 2394/2394/2394 2392/2392/2392 2395/2395/2395
f 2344/2344/2344 2393/2393/2393 2396/2396/2396
f 2397/2397/2397 2344/2344/2344 2396/2396/2396
f 2398/2398/2398 2397/2397/2397 2396/2396/2396
f 2399/2399/2399 2398/2398/2398 2396/2396/2396
f 2400/2400/2400 2399/2399/2399 2396/2396/2396
f 2401/2401/2401 2396/2396/2396 2393/2393/2393
f 2401/2401/2401 2400/2400/2400 2396/2396/2396
f 2401/2401/2401 2393/2393/2393 2394/2394/2394
f 2400/2400/2400 2401/2401/2401 2402/2402/2402
f 2401/2401/2401 2394/2394/2394 2402/2402/2402
f 2402/2402/2402 2394/2394/2394 2395/2395/2395
f 2402/2402/2402 2395/2395/2395 2403/2403/2403
f 2406/2406/2406 2405/2405/2405 2404/2404/2404
f 2407/2407/2407 2406/2406/2406 2404/2404/2404
f 2407/2407/2407 2404/2404/2404 2408/2408/2408
f 2409/2409/2409 2407/2407/2407 2408/2408/2408
f 2409/2409/2409 2408/2408/2408 2410/2410/2410
f 2411/2411/2411 2409/2409/2409 2410/2410/2410
f 2411/2411/2411 2410/2410/2410 2412/2412/2412
f 2413/2413/2413 2411/2411/2411 2412/2412/2412
f 2413/2413/2413 2412/2412/2412 2414/2414/2414
f 2415/2415/2415 2413/2413/2413 2414/2414/2414
f 2415/2415/2415 2414/2414/2414 2416/2416/2416
f 2417/2417/2417 2415/2415/2415 2416/2416/2416
f 2417/2417/2417 2416/2416/2416 2418/2418/2418
f 2419/2419/2419 2417/2417/2417 2418/2418/2418
f 2419/2419/2419 2418/2418/2418 2420/2420/2420
f 2421/2421/2421 2419/2419/2419 2420/2420/2420
f 2424/2424/2424 2423/2423/2423 2422/2422/2422
f 2425/2425/2425 2424/2424/2424 2422/2422/2422
f 2425/2425/2425 2422/2422/2422 2426/2426/2426
f 2427/2427/2427 2425/2425/2425 2426/2426/2426
f 2427/2427/2427 2426/2426/2426 2428/2428/2428
f 2429/2429/2429 2427/2427/2427 2428/2428/2428
f 2429/2429/2429 2428/2428/2428 2430/2430/2430
f 2431/2431/2431 2429/2429/2429 2430/2430/2430
f 2431/2431/2431 2430/2430/2430 2432/2432/2432
f 2433/2433/2433 2431/2431/2431 2432/2432/2432
f 2433/2433/2433 2432/2432/2432 2434/2434/2434
f 2435/2435/2435 2433/2433/2433 2434/2434/2434
f 2435/2435/2435 2434/2434/2434 2436/2436/2436
f 2437/2437/2437 2435/2435/2435 2436/2436/2436
f 2437/2437/2437 2436/2436/2436 2438/2438/2438
f 2439/2439/2439 2437/2437/2437 2438/2438/2438
f 2442/2442/2442 2441/2441/2441 2440/2440/2440
f 2441/2441/2441 2443/2443/2443 2440/2440/2440
f 2440/2440/2440 2443/2443/2443 2444/2444/2444
f 2441/2441/2441 2445/2445/2445 2443/2443/2443
f 2443/2443/2443 2446/2446/2446 2444/2444/2444
f 2445/2445/2445 2447/2447/2447 2443/2443/2443
f 2443/2443/2443 2448/2448/2448 2446/2446/2446
f 2447/2447/2447 2448/2448/2448 2443/2443/2443
f 2448/2448/2448 2449/2449/2449 2446/2446/2446
f 2447/2447/2447 2450/2450/2450 2448/2448/2448
f 2451/2451/2451 2449/2449/2449 2448/2448/2448
f 2450/2450/2450 2452/2452/2452 2448/2448/2448
f 2452/2452/2452 2451/2451/2451 2448/2448/2448
f 2450/2450/2450 2453/2453/2453 2452/2452/2452
f 2454/2454/2454 2451/2451/2451 2452/2452/2452
f 2453/2453/2453 2455/2455/2455 2452/2452/2452
f 2456/2456/2456 2454/2454/2454 2452/2452/2452
f 2455/2455/2455 2456/2456/2456 2452/2452/2452
f 2456/2456/2456 2457/2457/2457 2454/2454/2454
f 2457/2457/2457 2456/2456/2456 2455/2455/2455
f 2458/2458/2458 2457/2457/2457 2455/2455/2455
f 2458/2458/2458 2459/2459/2459 2457/2457/2457
f 2457/2457/2457 2460/2460/2460 2454/2454/2454
f 2459/2459/2459 2461/2461/2461 2457/2457/2457
f 2457/2457/2457 2462/2462/2462 2460/2460/2460
f 2461/2461/2461 2462/2462/2462 2457/2457/2457
f 2462/2462/2462 2463/2463/2463 2460/2460/2460
f 2461/2461/2461 2464/2464/2464 2462/2462/2462
f 2465/2465/2465 2463/2463/2463 2462/2462/2462
f 2464/2464/2464 2466/2466/2466 2462/2462/2462
f 2466/2466/2466 2465/2465/2465 2462/2462/2462
f 2464/2464/2464 2467/2467/2467 2466/2466/2466
f 2468/2468/2468 2465/2465/2465 2466/2466/2466
f 2467/2467/2467 2469/2469/2469 2466/2466/2466
f 2469/2469/2469 2468/2468/2468 2466/2466/2466
f 2472/2472/2472 2471/2471/2471 2470/2470/2470
f 2473/2473/2473 2472/2472/2472 2470/2470/2470
f 2476/2476/2476 2475/2475/2475 2474/2474/2474
f 2475/2475/2475 2477/2477/2477 2474/2474/2474
f 2474/2474/2474 2477/2477/2477 2478/2478/2478
f 2478/2478/2478 2479/2479/2479 2474/2474/2474
f 2478/2478/2478 2477/2477/2477 2480/2480/2480
f 2478/2478/2478 2481/2481/2481 2479/2479/2479
f 2478/2478/2478 2480/2480/2480 2482/2482/2482
f 2478/2478/2478 2483/2483/2483 2481/2481/2481
f 2478/2478/2478 2482/2482/2482 2484/2484/2484
f 2478/2478/2478 2485/2485/2485 2483/2483/2483
f 2478/2478/2478 2484/2484/2484 2486/2486/2486
f 2478/2478/2478 2486/2486/2486 2485/2485/2485
f 2489/2489/2489 2488/2488/2488 2487/2487/2487
f 2488/2488/2488 2490/2490/2490 2487/2487/2487
f 2487/2487/2487 2490/2490/2490 2491/2491/2491
f 2491/2491/2491 2490/2490/2490 2492/2492/2492
f 2491/2491/2491 2493/2493/2493 2487/2487/2487
f 2491/2491/2491 2492/2492/2492 2494/2494/2494
f 2491/2491/2491 2495/2495/2495 2493/2493/2493
f 2491/2491/2491 2494/2494/2494 2496/2496/2496
f 2491/2491/2491 2497/2497/2497 2495/2495/2495
f 2491/2491/2491 2496/2496/2496 2498/2498/2498
f 2491/2491/2491 2499/2499/2499 2497/2497/2497
f 2491/2491/2491 2498/2498/2498 2499/2499/2499
f 2502/2502/2502 2501/2501/2501 2500/2500/2500
f 2503/2503/2503 2502/2502/2502 2500/2500/2500
f 2504/2504/2504 2502/2502/2502 2503/2503/2503
f 2505/2505/2505 2504/2504/2504 2503/2503/2503
f 2503/2503/2503 2500/2500/2500 2506/2506/2506
f 2505/2505/2505 2503/2503/2503 2507/2507/2507
f 2507/2507/2507 2503/2503/2503 2506/2506/2506
f 2507/2507/2507 2506/2506/2506 2508/2508/2508
f 2509/2509/2509 2507/2507/2507 2508/2508/2508
f 2510/2510/2510 2509/2509/2509 2508/2508/2508
f 2511/2511/2511 2510/2510/2510 2508/2508/2508
f 2512/2512/2512 2507/2507/2507 2509/2509/2509
f 2512/2512/2512 2513/2513/2513 2507/2507/2507
f 2514/2514/2514 2513/2513/2513 2512/2512/2512
f 2515/2515/2515 2514/2514/2514 2512/2512/2512
f 2516/2516/2516 2514/2514/2514 2515/2515/2515
f 2517/2517/2517 2512/2512/2512 2509/2509/2509
f 2515/2515/2515 2512/2512/2512 2517/2517/2517
f 2518/2518/2518 2516/2516/2516 2515/2515/2515
f 2519/2519/2519 2516/2516/2516 2518/2518/2518
f 2518/2518/2518 2515/2515/2515 2520/2520/2520
f 2520/2520/2520 2515/2515/2515 2517/2517/2517
f 2521/2521/2521 2517/2517/2517 2509/2509/2509
f 2510/2510/2510 2521/2521/2521 2509/2509/2509
f 2522/2522/2522 2510/2510/2510 2511/2511/2511
f 2523/2523/2523 2522/2522/2522 2511/2511/2511
f 2524/2524/2524 2521/2521/2521 2510/2510/2510
f 2522/2522/2522 2525/2525/2525 2510/2510/2510
f 2526/2526/2526 2525/2525/2525 2522/2522/2522
f 2527/2527/2527 2526/2526/2526 2522/2522/2522
f 2527/2527/2527 2522/2522/2522 2523/2523/2523
f 2528/2528/2528 2527/2527/2527 2523/2523/2523
f 2524/2524/2524 2529/2529/2529 2521/2521/2521
f 2521/2521/2521 2530/2530/2530 2517/2517/2517
f 2529/2529/2529 2530/2530/2530 2521/2521/2521
f 2530/2530/2530 2520/2520/2520 2517/2517/2517
f 2529/2529/2529 2531/2531/2531 2530/2530/2530
f 2531/2531/2531 2532/2532/2532 2530/2530/2530
f 2530/2530/2530 2532/2532/2532 2520/2520/2520
f 2531/2531/2531 2533/2533/2533 2532/2532/2532
f 2532/2532/2532 2534/2534/2534 2520/2520/2520
f 2534/2534/2534 2518/2518/2518 2520/2520/2520
f 2532/2532/2532 2535/2535/2535 2534/2534/2534
f 2536/2536/2536 2518/2518/2518 2534/2534/2534
f 2535/2535/2535 2537/2537/2537 2534/2534/2534
f 2537/2537/2537 2536/2536/2536 2534/2534/2534
f 2535/2535/2535 2538/2538/2538 2537/2537/2537
f 2539/2539/2539 2536/2536/2536 2537/2537/2537
f 2538/2538/2538 2540/2540/2540 2537/2537/2537
f 2540/2540/2540 2539/2539/2539 2537/2537/2537
f 2543/2543/2543 2542/2542/2542 2541/2541/2541
f 2542/2542/2542 2544/2544/2544 2541/2541/2541
f 2541/2541/2541 2544/2544/2544 2545/2545/2545
f 2544/2544/2544 2546/2546/2546 2545/2545/2545
f 2542/2542/2542 2547/2547/2547 2544/2544/2544
f 2546/2546/2546 2544/2544/2544 2548/2548/2548
f 2544/2544/2544 2549/2549/2549 2548/2548/2548
f 2547/2547/2547 2549/2549/2549 2544/2544/2544
f 2549/2549/2549 2550/2550/2550 2548/2548/2548
f 2549/2549/2549 2547/2547/2547 2550/2550/2550
f 2548/2548/2548 2550/2550/2550 2551/2551/2551
f 2547/2547/2547 2552/2552/2552 2550/2550/2550
f 2553/2553/2553 2552/2552/2552 2547/2547/2547
f 2550/2550/2550 2554/2554/2554 2551/2551/2551
f 2555/2555/2555 2551/2551/2551 2554/2554/2554
f 2551/2551/2551 2555/2555/2555 2556/2556/2556
f 2556/2556/2556 2557/2557/2557 2551/2551/2551
f 2557/2557/2557 2558/2558/2558 2551/2551/2551
f 2552/2552/2552 2559/2559/2559 2550/2550/2550
f 2559/2559/2559 2560/2560/2560 2550/2550/2550
f 2560/2560/2560 2559/2559/2559 2561/2561/2561
f 2552/2552/2552 2553/2553/2553 2562/2562/2562
f 2553/2553/2553 2563/2563/2563 2562/2562/2562
f 2563/2563/2563 2564/2564/2564 2562/2562/2562
f 2565/2565/2565 2559/2559/2559 2552/2552/2552
f 2566/2566/2566 2565/2565/2565 2552/2552/2552
f 2566/2566/2566 2567/2567/2567 2565/2565/2565
f 2559/2559/2559 2568/2568/2568 2561/2561/2561
f 2568/2568/2568 2559/2559/2559 2565/2565/2565
f 2567/2567/2567 2569/2569/2569 2565/2565/2565
f 2569/2569/2569 2568/2568/2568 2565/2565/2565
f 2569/2569/2569 2567/2567/2567 2570/2570/2570
f 2568/2568/2568 2569/2569/2569 2570/2570/2570
f 2567/2567/2567 2571/2571/2571 2570/2570/2570
f 2570/2570/2570 2571/2571/2571 2572/2572/2572
f 2568/2568/2568 2573/2573/2573 2561/2561/2561
f 2573/2573/2573 2568/2568/2568 2570/2570/2570
f 2573/2573/2573 2570/2570/2570 2572/2572/2572
f 2573/2573/2573 2574/2574/2574 2561/2561/2561
f 2574/2574/2574 2573/2573/2573 2557/2557/2557
f 2573/2573/2573 2572/2572/2572 2557/2557/2557
f 2572/2572/2572 2575/2575/2575 2557/2557/2557
f 2572/2572/2572 2576/2576/2576 2575/2575/2575
f 2576/2576/2576 2572/2572/2572 2577/2577/2577
f 2578/2578/2578 2576/2576/2576 2577/2577/2577
f 2579/2579/2579 2578/2578/2578 2577/2577/2577
f 2575/2575/2575 2580/2580/2580 2557/2557/2557
f 2557/2557/2557 2580/2580/2580 2558/2558/2558
f 2580/2580/2580 2575/2575/2575 2581/2581/2581
f 2580/2580/2580 2581/2581/2581 2558/2558/2558
f 2581/2581/2581 2582/2582/2582 2558/2558/2558
f 2582/2582/2582 2581/2581/2581 2583/2583/2583
f 2575/2575/2575 2584/2584/2584 2581/2581/2581
f 2581/2581/2581 2585/2585/2585 2583/2583/2583
f 2581/2581/2581 2584/2584/2584 2585/2585/2585
f 2584/2584/2584 2586/2586/2586 2585/2585/2585
f 2588/2588/2588 2577/2577/2577 2587/2587/2587
f 2589/2589/2589 2588/2588/2588 2587/2587/2587
f 2590/2590/2590 2588/2588/2588 2589/2589/2589
f 2591/2591/2591 2589/2589/2589 2587/2587/2587
f 2562/2562/2562 2591/2591/2591 2587/2587/2587
f 2591/2591/2591 2592/2592/2592 2589/2589/2589
f 2594/2594/2594 2593/2593/2593 2589/2589/2589
f 2593/2593/2593 2595/2595/2595 2589/2589/2589
f 2596/2596/2596 2590/2590/2590 2593/2593/2593
f 2592/2592/2592 2597/2597/2597 2593/2593/2593
f 2598/2598/2598 2596/2596/2596 2593/2593/2593
f 2597/2597/2597 2598/2598/2598 2593/2593/2593
f 2596/2596/2596 2598/2598/2598 2599/2599/2599
f 2598/2598/2598 2597/2597/2597 2599/2599/2599
f 2600/2600/2600 2596/2596/2596 2599/2599/2599
f 2597/2597/2597 2601/2601/2601 2599/2599/2599
f 2604/2604/2604 2603/2603/2603 2602/2602/2602
f 2603/2603/2603 2605/2605/2605 2602/2602/2602
f 2606/2606/2606 2605/2605/2605 2603/2603/2603
f 2607/2607/2607 2606/2606/2606 2603/2603/2603
f 2608/2608/2608 2606/2606/2606 2607/2607/2607
f 2609/2609/2609 2608/2608/2608 2607/2607/2607
f 2610/2610/2610 2609/2609/2609 2607/2607/2607
f 2610/2610/2610 2611/2611/2611 2609/2609/2609
f 2611/2611/2611 2612/2612/2612 2609/2609/2609
f 2611/2611/2611 2613/2613/2613 2612/2612/2612
f 2613/2613/2613 2614/2614/2614 2612/2612/2612
f 2613/2613/2613 2615/2615/2615 2614/2614/2614
f 2613/2613/2613 2616/2616/2616 2615/2615/2615
f 2616/2616/2616 2617/2617/2617 2615/2615/2615
f 2620/2620/2620 2619/2619/2619 2618/2618/2618
f 2621/2621/2621 2620/2620/2620 2618/2618/2618
f 2621/2621/2621 2622/2622/2622 2620/2620/2620
f 2622/2622/2622 2623/2623/2623 2620/2620/2620
f 2622/2622/2622 2624/2624/2624 2623/2623/2623
f 2624/2624/2624 2625/2625/2625 2623/2623/2623
f 2625/2625/2625 2626/2626/2626 2623/2623/2623
f 2627/2627/2627 2626/2626/2626 2625/2625/2625
f 2628/2628/2628 2627/2627/2627 2625/2625/2625
f 2629/2629/2629 2627/2627/2627 2628/2628/2628
f 2630/2630/2630 2629/2629/2629 2628/2628/2628
f 2631/2631/2631 2629/2629/2629 2630/2630/2630
f 2632/2632/2632 2629/2629/2629 2631/2631/2631
f 2633/2633/2633 2632/2632/2632 2631/2631/2631
f 2636/2636/2636 2635/2635/2635 2634/2634/2634
f 2634/2634/2634 2635/2635/2635 2637/2637/2637
f 2635/2635/2635 2638/2638/2638 2637/2637/2637
f 2637/2637/2637 2638/2638/2638 2639/2639/2639
f 2638/2638/2638 2640/2640/2640 2639/2639/2639
f 2639/2639/2639 2640/2640/2640 2641/2641/2641
f 2640/2640/2640 2642/2642/2642 2641/2641/2641
f 2641/2641/2641 2642/2642/2642 2643/2643/2643
f 2642/2642/2642 2644/2644/2644 2643/2643/2643
f 2643/2643/2643 2644/2644/2644 2645/2645/2645
f 2644/2644/2644 2646/2646/2646 2645/2645/2645
f 2645/2645/2645 2646/2646/2646 2647/2647/2647
f 2649/2649/2649 2648/2648/2648 2634/2634/2634
f 2650/2650/2650 2648/2648/2648 2649/2649/2649
f 2651/2651/2651 2650/2650/2650 2649/2649/2649
f 2652/2652/2652 2650/2650/2650 2651/2651/2651
f 2653/2653/2653 2652/2652/2652 2651/2651/2651
f 2654/2654/2654 2652/2652/2652 2653/2653/2653
f 2655/2655/2655 2654/2654/2654 2653/2653/2653
f 2656/2656/2656 2654/2654/2654 2655/2655/2655
f 2657/2657/2657 2656/2656/2656 2655/2655/2655
f 2658/2658/2658 2656/2656/2656 2657/2657/2657
f 2647/2647/2647 2658/2658/2658 2657/2657/2657
f 2659/2659/2659 2658/2658/2658 2647/2647/2647
f 2662/2662/2662 2661/2661/2661 2660/2660/2660
f 2663/2663/2663 2662/2662/2662 2660/2660/2660
f 2664/2664/2664 2662/2662/2662 2663/2663/2663
f 2660/2660/2660 2665/2665/2665 2663/2663/2663
f 2666/2666/2666 2664/2664/2664 2663/2663/2663
f 2667/2667/2667 2664/2664/2664 2666/2666/2666
f 2665/2665/2665 2668/2668/2668 2663/2663/2663
f 2663/2663/2663 2668/2668/2668 2666/2666/2666
f 2669/2669/2669 2667/2667/2667 2666/2666/2666
f 2670/2670/2670 2667/2667/2667 2669/2669/2669
f 2668/2668/2668 2665/2665/2665 2671/2671/2671
f 2665/2665/2665 2672/2672/2672 2671/2671/2671
f 2668/2668/2668 2673/2673/2673 2666/2666/2666
f 2668/2668/2668 2671/2671/2671 2673/2673/2673
f 2666/2666/2666 2673/2673/2673 2669/2669/2669
f 2671/2671/2671 2674/2674/2674 2673/2673/2673
f 2673/2673/2673 2674/2674/2674 2675/2675/2675
f 2673/2673/2673 2675/2675/2675 2669/2669/2669
f 2674/2674/2674 2676/2676/2676 2675/2675/2675
f 2677/2677/2677 2670/2670/2670 2669/2669/2669
f 2669/2669/2669 2675/2675/2675 2677/2677/2677
f 2678/2678/2678 2670/2670/2670 2677/2677/2677
f 2675/2675/2675 2676/2676/2676 2679/2679/2679
f 2675/2675/2675 2679/2679/2679 2677/2677/2677
f 2676/2676/2676 2680/2680/2680 2679/2679/2679
f 2681/2681/2681 2678/2678/2678 2677/2677/2677
f 2677/2677/2677 2679/2679/2679 2681/2681/2681
f 2682/2682/2682 2678/2678/2678 2681/2681/2681
f 2679/2679/2679 2680/2680/2680 2683/2683/2683
f 2679/2679/2679 2683/2683/2683 2681/2681/2681
f 2680/2680/2680 2684/2684/2684 2683/2683/2683
f 2685/2685/2685 2682/2682/2682 2681/2681/2681
f 2681/2681/2681 2683/2683/2683 2685/2685/2685
f 2686/2686/2686 2682/2682/2682 2685/2685/2685
f 2683/2683/2683 2684/2684/2684 2687/2687/2687
f 2683/2683/2683 2687/2687/2687 2685/2685/2685
f 2684/2684/2684 2688/2688/2688 2687/2687/2687
f 2689/2689/2689 2686/2686/2686 2685/2685/2685
f 2685/2685/2685 2687/2687/2687 2689/2689/2689
f 2690/2690/2690 2686/2686/2686 2689/2689/2689
f 2687/2687/2687 2688/2688/2688 2691/2691/2691
f 2687/2687/2687 2691/2691/2691 2689/2689/2689
f 2688/2688/2688 2692/2692/2692 2691/2691/2691
f 2693/2693/2693 2690/2690/2690 2689/2689/2689
f 2689/2689/2689 2691/2691/2691 2693/2693/2693
f 2694/2694/2694 2690/2690/2690 2693/2693/2693
f 2691/2691/2691 2692/2692/2692 2695/2695/2695
f 2691/2691/2691 2695/2695/2695 2693/2693/2693
f 2692/2692/2692 2696/2696/2696 2695/2695/2695
f 2697/2697/2697 2694/2694/2694 2693/2693/2693
f 2693/2693/2693 2695/2695/2695 2697/2697/2697
f 2698/2698/2698 2694/2694/2694 2697/2697/2697
f 2695/2695/2695 2696/2696/2696 2699/2699/2699
f 2695/2695/2695 2699/2699/2699 2697/2697/2697
f 2696/2696/2696 2700/2700/2700 2699/2699/2699
f 2701/2701/2701 2698/2698/2698 2697/2697/2697
f 2697/2697/2697 2699/2699/2699 2701/2701/2701
f 2702/2702/2702 2698/2698/2698 2701/2701/2701
f 2699/2699/2699 2700/2700/2700 2703/2703/2703
f 2699/2699/2699 2703/2703/2703 2701/2701/2701
f 2700/2700/2700 2704/2704/2704 2703/2703/2703
f 2703/2703/2703 2704/2704/2704 2705/2705/2705
f 2706/2706/2706 2702/2702/2702 2701/2701/2701
f 2701/2701/2701 2703/2703/2703 2706/2706/2706
f 2707/2707/2707 2702/2702/2702 2706/2706/2706
f 2708/2708/2708 2707/2707/2707 2706/2706/2706
f 2703/2703/2703 2709/2709/2709 2706/2706/2706
f 2706/2706/2706 2709/2709/2709 2708/2708/2708
f 2709/2709/2709 2703/2703/2703 2705/2705/2705
f 2709/2709/2709 2710/2710/2710 2708/2708/2708
f 2709/2709/2709 2705/2705/2705 2710/2710/2710
f 2705/2705/2705 2711/2711/2711 2710/2710/2710
f 2714/2714/2714 2713/2713/2713 2712/2712/2712
f 2715/2715/2715 2714/2714/2714 2712/2712/2712
f 2712/2712/2712 2716/2716/2716 2715/2715/2715
f 2714/2714/2714 2715/2715/2715 2717/2717/2717
f 2718/2718/2718 2714/2714/2714 2717/2717/2717
f 2715/2715/2715 2719/2719/2719 2717/2717/2717
f 2720/2720/2720 2717/2717/2717 2719/2719/2719
f 2721/2721/2721 2719/2719/2719 2715/2715/2715
f 2722/2722/2722 2721/2721/2721 2715/2715/2715
f 2716/2716/2716 2722/2722/2722 2715/2715/2715
f 2723/2723/2723 2721/2721/2721 2722/2722/2722
f 2724/2724/2724 2722/2722/2722 2716/2716/2716
f 2725/2725/2725 2724/2724/2724 2716/2716/2716
f 2723/2723/2723 2722/2722/2722 2726/2726/2726
f 2722/2722/2722 2724/2724/2724 2726/2726/2726
f 2727/2727/2727 2723/2723/2723 2726/2726/2726
f 2728/2728/2728 2724/2724/2724 2725/2725/2725
f 2729/2729/2729 2728/2728/2728 2725/2725/2725
f 2728/2728/2728 2729/2729/2729 2730/2730/2730
f 2731/2731/2731 2728/2728/2728 2730/2730/2730
f 2732/2732/2732 2726/2726/2726 2724/2724/2724
f 2728/2728/2728 2732/2732/2732 2724/2724/2724
f 2728/2728/2728 2731/2731/2731 2733/2733/2733
f 2732/2732/2732 2728/2728/2728 2733/2733/2733
f 2734/2734/2734 2726/2726/2726 2732/2732/2732
f 2734/2734/2734 2727/2727/2727 2726/2726/2726
f 2735/2735/2735 2733/2733/2733 2731/2731/2731
f 2736/2736/2736 2735/2735/2735 2731/2731/2731
f 2737/2737/2737 2732/2732/2732 2733/2733/2733
f 2737/2737/2737 2734/2734/2734 2732/2732/2732
f 2735/2735/2735 2737/2737/2737 2733/2733/2733
f 2727/2727/2727 2734/2734/2734 2738/2738/2738
f 2734/2734/2734 2737/2737/2737 2738/2738/2738
f 2737/2737/2737 2739/2739/2739 2738/2738/2738
f 2740/2740/2740 2727/2727/2727 2738/2738/2738
f 2740/2740/2740 2741/2741/2741 2727/2727/2727
f 2742/2742/2742 2739/2739/2739 2737/2737/2737
f 2735/2735/2735 2742/2742/2742 2737/2737/2737
f 2742/2742/2742 2735/2735/2735 2736/2736/2736
f 2743/2743/2743 2741/2741/2741 2740/2740/2740
f 2744/2744/2744 2743/2743/2743 2740/2740/2740
f 2743/2743/2743 2744/2744/2744 2745/2745/2745
f 2743/2743/2743 2745/2745/2745 2746/2746/2746
f 2747/2747/2747 2743/2743/2743 2746/2746/2746
f 2748/2748/2748 2747/2747/2747 2746/2746/2746
f 2749/2749/2749 2748/2748/2748 2746/2746/2746
f 2748/2748/2748 2749/2749/2749 2750/2750/2750
f 2751/2751/2751 2748/2748/2748 2750/2750/2750
f 2750/2750/2750 2752/2752/2752 2751/2751/2751
f 2752/2752/2752 2753/2753/2753 2751/2751/2751
f 2752/2752/2752 2750/2750/2750 2754/2754/2754
f 2755/2755/2755 2753/2753/2753 2752/2752/2752
f 2756/2756/2756 2752/2752/2752 2754/2754/2754
f 2756/2756/2756 2754/2754/2754 2757/2757/2757
f 2758/2758/2758 2755/2755/2755 2752/2752/2752
f 2758/2758/2758 2752/2752/2752 2756/2756/2756
f 2759/2759/2759 2756/2756/2756 2757/2757/2757
f 2757/2757/2757 2760/2760/2760 2759/2759/2759
f 2755/2755/2755 2758/2758/2758 2761/2761/2761
f 2762/2762/2762 2755/2755/2755 2761/2761/2761
f 2762/2762/2762 2761/2761/2761 2763/2763/2763
f 2764/2764/2764 2758/2758/2758 2756/2756/2756
f 2764/2764/2764 2756/2756/2756 2759/2759/2759
f 2759/2759/2759 2760/2760/2760 2765/2765/2765
f 2759/2759/2759 2765/2765/2765 2766/2766/2766
f 2760/2760/2760 2742/2742/2742 2765/2765/2765
f 2765/2765/2765 2742/2742/2742 2736/2736/2736
f 2765/2765/2765 2736/2736/2736 2766/2766/2766
f 2761/2761/2761 2767/2767/2767 2763/2763/2763
f 2768/2768/2768 2763/2763/2763 2767/2767/2767
f 2769/2769/2769 2768/2768/2768 2767/2767/2767
f 2768/2768/2768 2769/2769/2769 2770/2770/2770
f 2771/2771/2771 2768/2768/2768 2770/2770/2770
f 2772/2772/2772 2771/2771/2771 2770/2770/2770
f 2773/2773/2773 2772/2772/2772 2770/2770/2770
f 2774/2774/2774 2772/2772/2772 2773/2773/2773
f 2772/2772/2772 2774/2774/2774 2775/2775/2775
f 2776/2776/2776 2772/2772/2772 2775/2775/2775
f 2776/2776/2776 2775/2775/2775 2777/2777/2777
f 2767/2767/2767 2761/2761/2761 2778/2778/2778
f 2777/2777/2777 2775/2775/2775 2779/2779/2779
f 2761/2761/2761 2780/2780/2780 2778/2778/2778
f 2761/2761/2761 2758/2758/2758 2780/2780/2780
f 2778/2778/2778 2780/2780/2780 2781/2781/2781
f 2758/2758/2758 2764/2764/2764 2780/2780/2780
f 2780/2780/2780 2782/2782/2782 2781/2781/2781
f 2780/2780/2780 2764/2764/2764 2782/2782/2782
f 2783/2783/2783 2781/2781/2781 2782/2782/2782
f 2764/2764/2764 2784/2784/2784 2782/2782/2782
f 2784/2784/2784 2764/2764/2764 2759/2759/2759
f 2784/2784/2784 2759/2759/2759 2766/2766/2766
f 2782/2782/2782 2784/2784/2784 2766/2766/2766
f 2783/2783/2783 2782/2782/2782 2785/2785/2785
f 2785/2785/2785 2782/2782/2782 2766/2766/2766
f 2786/2786/2786 2783/2783/2783 2785/2785/2785
f 2787/2787/2787 2785/2785/2785 2766/2766/2766
f 2786/2786/2786 2785/2785/2785 2787/2787/2787
f 2788/2788/2788 2787/2787/2787 2766/2766/2766
f 2736/2736/2736 2788/2788/2788 2766/2766/2766
f 2736/2736/2736 2789/2789/2789 2788/2788/2788
f 2789/2789/2789 2790/2790/2790 2788/2788/2788
f 2789/2789/2789 2791/2791/2791 2790/2790/2790
f 2791/2791/2791 2792/2792/2792 2790/2790/2790
f 2792/2792/2792 2793/2793/2793 2790/2790/2790
f 2793/2793/2793 2794/2794/2794 2790/2790/2790
f 2790/2790/2790 2794/2794/2794 2788/2788/2788
f 2794/2794/2794 2787/2787/2787 2788/2788/2788
f 2795/2795/2795 2786/2786/2786 2787/2787/2787
f 2795/2795/2795 2787/2787/2787 2796/2796/2796
f 2786/2786/2786 2795/2795/2795 2797/2797/2797
f 2798/2798/2798 2786/2786/2786 2797/2797/2797
f 2798/2798/2798 2797/2797/2797 2779/2779/2779
f 2799/2799/2799 2795/2795/2795 2796/2796/2796
f 2797/2797/2797 2795/2795/2795 2799/2799/2799
f 2797/2797/2797 2800/2800/2800 2779/2779/2779
f 2800/2800/2800 2777/2777/2777 2779/2779/2779
f 2796/2796/2796 2801/2801/2801 2799/2799/2799
f 2801/2801/2801 2796/2796/2796 2802/2802/2802
f 2803/2803/2803 2801/2801/2801 2802/2802/2802
f 2801/2801/2801 2803/2803/2803 2804/2804/2804
f 2805/2805/2805 2797/2797/2797 2799/2799/2799
f 2800/2800/2800 2797/2797/2797 2805/2805/2805
f 2801/2801/2801 2805/2805/2805 2799/2799/2799
f 2777/2777/2777 2800/2800/2800 2806/2806/2806
f 2806/2806/2806 2800/2800/2800 2805/2805/2805
f 2807/2807/2807 2777/2777/2777 2806/2806/2806
f 2808/2808/2808 2801/2801/2801 2804/2804/2804
f 2805/2805/2805 2801/2801/2801 2808/2808/2808
f 2806/2806/2806 2805/2805/2805 2808/2808/2808
f 2808/2808/2808 2804/2804/2804 2809/2809/2809
f 2810/2810/2810 2807/2807/2807 2806/2806/2806
f 2808/2808/2808 2810/2810/2810 2806/2806/2806
f 2810/2810/2810 2808/2808/2808 2809/2809/2809
f 2811/2811/2811 2807/2807/2807 2810/2810/2810
f 2810/2810/2810 2809/2809/2809 2812/2812/2812
f 2811/2811/2811 2810/2810/2810 2812/2812/2812
f 2809/2809/2809 2813/2813/2813 2812/2812/2812
f 2814/2814/2814 2811/2811/2811 2812/2812/2812
f 2815/2815/2815 2812/2812/2812 2813/2813/2813
f 2816/2816/2816 2815/2815/2815 2813/2813/2813
f 2814/2814/2814 2812/2812/2812 2817/2817/2817
f 2812/2812/2812 2815/2815/2815 2817/2817/2817
f 2817/2817/2817 2818/2818/2818 2814/2814/2814
f 2815/2815/2815 2819/2819/2819 2817/2817/2817
f 2822/2822/2822 2821/2821/2821 2820/2820/2820
f 2821/2821/2821 2822/2822/2822 2823/2823/2823
f 2823/2823/2823 2822/2822/2822 2824/2824/2824
f 2825/2825/2825 2821/2821/2821 2823/2823/2823
f 2826/2826/2826 2821/2821/2821 2825/2825/2825
f 2827/2827/2827 2821/2821/2821 2826/2826/2826
f 2828/2828/2828 2826/2826/2826 2825/2825/2825
f 2828/2828/2828 2829/2829/2829 2826/2826/2826
f 2829/2829/2829 2830/2830/2830 2826/2826/2826
f 2830/2830/2830 2829/2829/2829 2831/2831/2831
f 2829/2829/2829 2832/2832/2832 2831/2831/2831
f 2831/2831/2831 2832/2832/2832 2833/2833/2833
f 2834/2834/2834 2831/2831/2831 2833/2833/2833
f 2834/2834/2834 2835/2835/2835 2831/2831/2831
f 2834/2834/2834 2833/2833/2833 2836/2836/2836
f 2837/2837/2837 2834/2834/2834 2836/2836/2836
f 2837/2837/2837 2836/2836/2836 2838/2838/2838
f 2834/2834/2834 2837/2837/2837 2839/2839/2839
f 2837/2837/2837 2841/2841/2841 2840/2840/2840
f 2837/2837/2837 2842/2842/2842 2841/2841/2841
f 2842/2842/2842 2837/2837/2837 2843/2843/2843
f 2842/2842/2842 2844/2844/2844 2841/2841/2841
f 2842/2842/2842 2843/2843/2843 2845/2845/2845
f 2842/2842/2842 2846/2846/2846 2844/2844/2844
f 2846/2846/2846 2842/2842/2842 2845/2845/2845
f 2846/2846/2846 2847/2847/2847 2844/2844/2844
f 2846/2846/2846 2845/2845/2845 2848/2848/2848
f 2846/2846/2846 2849/2849/2849 2847/2847/2847
f 2849/2849/2849 2846/2846/2846 2848/2848/2848
f 2849/2849/2849 2850/2850/2850 2847/2847/2847
f 2849/2849/2849 2848/2848/2848 2851/2851/2851
f 2849/2849/2849 2852/2852/2852 2850/2850/2850
f 2852/2852/2852 2849/2849/2849 2851/2851/2851
f 2852/2852/2852 2853/2853/2853 2850/2850/2850
f 2852/2852/2852 2851/2851/2851 2854/2854/2854
f 2852/2852/2852 2855/2855/2855 2853/2853/2853
f 2855/2855/2855 2852/2852/2852 2854/2854/2854
f 2855/2855/2855 2856/2856/2856 2853/2853/2853
f 2855/2855/2855 2854/2854/2854 2857/2857/2857
f 2855/2855/2855 2858/2858/2858 2856/2856/2856
f 2858/2858/2858 2855/2855/2855 2857/2857/2857
f 2858/2858/2858 2859/2859/2859 2856/2856/2856
f 2858/2858/2858 2857/2857/2857 2860/2860/2860
f 2858/2858/2858 2861/2861/2861 2859/2859/2859
f 2861/2861/2861 2858/2858/2858 2860/2860/2860
f 2861/2861/2861 2860/2860/2860 2862/2862/2862
f 2861/2861/2861 2863/2863/2863 2859/2859/2859
f 2864/2864/2864 2861/2861/2861 2862/2862/2862
f 2861/2861/2861 2864/2864/2864 2863/2863/2863
f 2864/2864/2864 2865/2865/2865 2863/2863/2863
f 2864/2864/2864 2862/2862/2862 2866/2866/2866
f 2867/2867/2867 2864/2864/2864 2866/2866/2866
f 2867/2867/2867 2868/2868/2868 2863/2863/2863
f 2867/2867/2867 2866/2866/2866 2869/2869/2869
f 2870/2870/2870 2868/2868/2868 2867/2867/2867
f 2871/2871/2871 2867/2867/2867 2869/2869/2869
f 2871/2871/2871 2870/2870/2870 2867/2867/2867
f 2872/2872/2872 2871/2871/2871 2869/2869/2869
f 2870/2870/2870 2871/2871/2871 2872/2872/2872
f 2873/2873/2873 2870/2870/2870 2872/2872/2872
f 2874/2874/2874 2872/2872/2872 2869/2869/2869
f 2873/2873/2873 2872/2872/2872 2875/2875/2875
f 2876/2876/2876 2872/2872/2872 2874/2874/2874
f 2877/2877/2877 2876/2876/2876 2875/2875/2875
f 2878/2878/2878 2876/2876/2876 2874/2874/2874
f 2876/2876/2876 2879/2879/2879 2875/2875/2875
f 2879/2879/2879 2876/2876/2876 2878/2878/2878
f 2875/2875/2875 2879/2879/2879 2880/2880/2880
f 2881/2881/2881 2879/2879/2879 2878/2878/2878
f 2879/2879/2879 2882/2882/2882 2880/2880/2880
f 2882/2882/2882 2879/2879/2879 2881/2881/2881
f 2880/2880/2880 2882/2882/2882 2883/2883/2883
f 2884/2884/2884 2882/2882/2882 2881/2881/2881
f 2882/2882/2882 2885/2885/2885 2883/2883/2883
f 2885/2885/2885 2882/2882/2882 2884/2884/2884
f 2883/2883/2883 2885/2885/2885 2886/2886/2886
f 2887/2887/2887 2885/2885/2885 2884/2884/2884
f 2885/2885/2885 2888/2888/2888 2886/2886/2886
f 2888/2888/2888 2885/2885/2885 2887/2887/2887
f 2886/2886/2886 2888/2888/2888 2889/2889/2889
f 2890/2890/2890 2888/2888/2888 2887/2887/2887
f 2888/2888/2888 2891/2891/2891 2889/2889/2889
f 2891/2891/2891 2888/2888/2888 2890/2890/2890
f 2889/2889/2889 2891/2891/2891 2892/2892/2892
f 2893/2893/2893 2891/2891/2891 2890/2890/2890
f 2891/2891/2891 2894/2894/2894 2892/2892/2892
f 2894/2894/2894 2891/2891/2891 2893/2893/2893
f 2892/2892/2892 2894/2894/2894 2895/2895/2895
f 2896/2896/2896 2894/2894/2894 2893/2893/2893
f 2894/2894/2894 2897/2897/2897 2895/2895/2895
f 2897/2897/2897 2894/2894/2894 2896/2896/2896
f 2898/2898/2898 2897/2897/2897 2896/2896/2896
f 2895/2895/2895 2897/2897/2897 2899/2899/2899
f 2822/2822/2822 2897/2897/2897 2898/2898/2898
f 2897/2897/2897 2822/2822/2822 2899/2899/2899
f 2899/2899/2899 2822/2822/2822 2900/2900/2900
f 2903/2903/2903 2902/2902/2902 2901/2901/2901
f 2904/2904/2904 2903/2903/2903 2901/2901/2901
f 2904/2904/2904 2901/2901/2901 2905/2905/2905
f 2906/2906/2906 2904/2904/2904 2905/2905/2905
f 2906/2906/2906 2905/2905/2905 2907/2907/2907
f 2908/2908/2908 2904/2904/2904 2906/2906/2906
f 2909/2909/2909 2906/2906/2906 2907/2907/2907
f 2910/2910/2910 2908/2908/2908 2906/2906/2906
f 2910/2910/2910 2906/2906/2906 2909/2909/2909
f 2909/2909/2909 2907/2907/2907 2911/2911/2911
f 2907/2907/2907 2912/2912/2912 2911/2911/2911
f 2908/2908/2908 2910/2910/2910 2913/2913/2913
f 2914/2914/2914 2908/2908/2908 2913/2913/2913
f 2911/2911/2911 2912/2912/2912 2915/2915/2915
f 2912/2912/2912 2916/2916/2916 2915/2915/2915
f 2911/2911/2911 2915/2915/2915 2917/2917/2917
f 2915/2915/2915 2916/2916/2916 2918/2918/2918
f 2916/2916/2916 2919/2919/2919 2918/2918/2918
f 2919/2919/2919 2920/2920/2920 2918/2918/2918
f 2920/2920/2920 2921/2921/2921 2918/2918/2918
f 2920/2920/2920 2922/2922/2922 2921/2921/2921
f 2922/2922/2922 2923/2923/2923 2921/2921/2921
f 2923/2923/2923 2924/2924/2924 2921/2921/2921
f 2923/2923/2923 2925/2925/2925 2924/2924/2924
f 2925/2925/2925 2926/2926/2926 2924/2924/2924
f 2926/2926/2926 2925/2925/2925 2927/2927/2927
f 2925/2925/2925 2928/2928/2928 2927/2927/2927
f 2927/2927/2927 2928/2928/2928 2929/2929/2929
f 2928/2928/2928 2930/2930/2930 2929/2929/2929
f 2930/2930/2930 2931/2931/2931 2929/2929/2929
f 2929/2929/2929 2931/2931/2931 2932/2932/2932
f 2931/2931/2931 2933/2933/2933 2932/2932/2932
f 2933/2933/2933 2934/2934/2934 2932/2932/2932
f 2934/2934/2934 2935/2935/2935 2932/2932/2932
f 2934/2934/2934 2936/2936/2936 2935/2935/2935
f 2936/2936/2936 2937/2937/2937 2935/2935/2935
f 2935/2935/2935 2937/2937/2937 2938/2938/2938
f 2936/2936/2936 2939/2939/2939 2937/2937/2937
f 2938/2938/2938 2937/2937/2937 2940/2940/2940
f 2939/2939/2939 2941/2941/2941 2937/2937/2937
f 2937/2937/2937 2942/2942/2942 2940/2940/2940
f 2937/2937/2937 2941/2941/2941 2942/2942/2942
f 2942/2942/2942 2911/2911/2911 2940/2940/2940
f 2911/2911/2911 2917/2917/2917 2940/2940/2940
f 2909/2909/2909 2911/2911/2911 2942/2942/2942
f 2943/2943/2943 2909/2909/2909 2942/2942/2942
f 2941/2941/2941 2943/2943/2943 2942/2942/2942
f 2943/2943/2943 2910/2910/2910 2909/2909/2909
f 2910/2910/2910 2943/2943/2943 2941/2941/2941
f 2913/2913/2913 2910/2910/2910 2941/2941/2941
f 2913/2913/2913 2941/2941/2941 2939/2939/2939
f 2944/2944/2944 2913/2913/2913 2939/2939/2939
f 2914/2914/2914 2913/2913/2913 2944/2944/2944
f 2945/2945/2945 2914/2914/2914 2944/2944/2944
f 2946/2946/2946 2914/2914/2914 2945/2945/2945
f 2947/2947/2947 2946/2946/2946 2945/2945/2945
f 2950/2950/2950 2949/2949/2949 2948/2948/2948
f 2949/2949/2949 2951/2951/2951 2948/2948/2948
f 2948/2948/2948 2951/2951/2951 2952/2952/2952
f 2953/2953/2953 2948/2948/2948 2952/2952/2952
f 2948/2948/2948 2953/2953/2953 2954/2954/2954
f 2953/2953/2953 2955/2955/2955 2954/2954/2954
f 2955/2955/2955 2953/2953/2953 2956/2956/2956
f 2953/2953/2953 2957/2957/2957 2956/2956/2956
f 2957/2957/2957 2953/2953/2953 2952/2952/2952
f 2958/2958/2958 2957/2957/2957 2952/2952/2952
f 2958/2958/2958 2959/2959/2959 2957/2957/2957
f 2959/2959/2959 2960/2960/2960 2957/2957/2957
f 2963/2963/2963 2962/2962/2962 2961/2961/2961
f 2964/2964/2964 2963/2963/2963 2961/2961/2961
f 2963/2963/2963 2964/2964/2964 2965/2965/2965
f 2966/2966/2966 2963/2963/2963 2965/2965/2965
f 2969/2969/2969 2968/2968/2968 2967/2967/2967
f 2968/2968/2968 2970/2970/2970 2967/2967/2967
f 2967/2967/2967 2970/2970/2970 2971/2971/2971
f 2970/2970/2970 2972/2972/2972 2971/2971/2971
f 2971/2971/2971 2972/2972/2972 2973/2973/2973
f 2972/2972/2972 2974/2974/2974 2973/2973/2973
f 2973/2973/2973 2974/2974/2974 2975/2975/2975
f 2974/2974/2974 2976/2976/2976 2975/2975/2975
f 2975/2975/2975 2976/2976/2976 2977/2977/2977
f 2976/2976/2976 2978/2978/2978 2977/2977/2977
f 2977/2977/2977 2978/2978/2978 2979/2979/2979
f 2978/2978/2978 2980/2980/2980 2979/2979/2979
f 2979/2979/2979 2980/2980/2980 2981/2981/2981
f 2980/2980/2980 2982/2982/2982 2981/2981/2981
f 2981/2981/2981 2982/2982/2982 2983/2983/2983
f 2982/2982/2982 2984/2984/2984 2983/2983/2983
f 2983/2983/2983 2984/2984/2984 2985/2985/2985
f 2984/2984/2984 2986/2986/2986 2985/2985/2985
f 2985/2985/2985 2986/2986/2986 2987/2987/2987
f 2986/2986/2986 2988/2988/2988 2987/2987/2987
f 2987/2987/2987 2988/2988/2988 2989/2989/2989
f 2988/2988/2988 2990/2990/2990 2989/2989/2989
f 2989/2989/2989 2990/2990/2990 2991/2991/2991
f 2990/2990/2990 2992/2992/2992 2991/2991/2991
f 2995/2995/2995 2994/2994/2994 2993/2993/2993
f 2994/2994/2994 2996/2996/2996 2993/2993/2993
f 2993/2993/2993 2996/2996/2996 2997/2997/2997
f 2996/2996/2996 2998/2998/2998 2997/2997/2997
f 2997/2997/2997 2998/2998/2998 2999/2999/2999
f 2998/2998/2998 3000/3000/3000 2999/2999/2999
f 2999/2999/2999 3000/3000/3000 3001/3001/3001
f 3000/3000/3000 3002/3002/3002 3001/3001/3001
f 3001/3001/3001 3002/3002/3002 3003/3003/3003
f 3002/3002/3002 3004/3004/3004 3003/3003/3003
f 3003/3003/3003 3004/3004/3004 3005/3005/3005
f 3004/3004/3004 3006/3006/3006 3005/3005/3005
f 3005/3005/3005 3006/3006/3006 3007/3007/3007
f 3006/3006/3006 3008/3008/3008 3007/3007/3007
f 3007/3007/3007 3008/3008/3008 3009/3009/3009
f 3008/3008/3008 3010/3010/3010 3009/3009/3009
f 3009/3009/3009 3010/3010/3010 3011/3011/3011
f 3010/3010/3010 3012/3012/3012 3011/3011/3011
f 3011/3011/3011 3012/3012/3012 3013/3013/3013
f 3012/3012/3012 3014/3014/3014 3013/3013/3013
f 3013/3013/3013 3014/3014/3014 3015/3015/3015
f 3014/3014/3014 3016/3016/3016 3015/3015/3015
f 3015/3015/3015 3016/3016/3016 3017/3017/3017
f 3016/3016/3016 3018/3018/3018 3017/3017/3017
f 3021/3021/3021 3020/3020/3020 3019/3019/3019
f 3020/3020/3020 3022/3022/3022 3019/3019/3019
f 3019/3019/3019 3022/3022/3022 3023/3023/3023
f 3022/3022/3022 3024/3024/3024 3023/3023/3023
f 3023/3023/3023 3024/3024/3024 3025/3025/3025
f 3024/3024/3024 3026/3026/3026 3025/3025/3025
f 3025/3025/3025 3026/3026/3026 3027/3027/3027
f 3026/3026/3026 3028/3028/3028 3027/3027/3027
f 3027/3027/3027 3028/3028/3028 3029/3029/3029
f 3028/3028/3028 3030/3030/3030 3029/3029/3029
f 3029/3029/3029 3030/3030/3030 3031/3031/3031
f 3030/3030/3030 3032/3032/3032 3031/3031/3031
f 3031/3031/3031 3032/3032/3032 3033/3033/3033
f 3032/3032/3032 3034/3034/3034 3033/3033/3033
f 3033/3033/3033 3034/3034/3034 3035/3035/3035
f 3034/3034/3034 3036/3036/3036 3035/3035/3035
f 3035/3035/3035 3036/3036/3036 3037/3037/3037
f 3036/3036/3036 3038/3038/3038 3037/3037/3037
f 3037/3037/3037 3038/3038/3038 3039/3039/3039
f 3038/3038/3038 3040/3040/3040 3039/3039/3039
f 3039/3039/3039 3040/3040/3040 3041/3041/3041
f 3040/3040/3040 3042/3042/3042 3041/3041/3041
f 3041/3041/3041 3042/3042/3042 3043/3043/3043
f 3042/3042/3042 3044/3044/3044 3043/3043/3043
f 3047/3047/3047 3046/3046/3046 3045/3045/3045
f 3048/3048/3048 3046/3046/3046 3047/3047/3047
f 3050/3050/3050 3049/3049/3049 3047/3047/3047
f 3051/3051/3051 3049/3049/3049 3050/3050/3050
f 3052/3052/3052 3051/3051/3051 3050/3050/3050
f 3053/3053/3053 3051/3051/3051 3052/3052/3052
f 3054/3054/3054 3053/3053/3053 3052/3052/3052
f 3055/3055/3055 3053/3053/3053 3054/3054/3054
f 3056/3056/3056 3055/3055/3055 3054/3054/3054
f 3057/3057/3057 3055/3055/3055 3056/3056/3056
f 3058/3058/3058 3057/3057/3057 3056/3056/3056
f 3059/3059/3059 3057/3057/3057 3058/3058/3058
f 3046/3046/3046 3061/3061/3061 3060/3060/3060
f 3060/3060/3060 3061/3061/3061 3062/3062/3062
f 3061/3061/3061 3063/3063/3063 3062/3062/3062
f 3062/3062/3062 3063/3063/3063 3064/3064/3064
f 3063/3063/3063 3065/3065/3065 3064/3064/3064
f 3064/3064/3064 3065/3065/3065 3066/3066/3066
f 3065/3065/3065 3067/3067/3067 3066/3066/3066
f 3066/3066/3066 3067/3067/3067 3068/3068/3068
f 3067/3067/3067 3069/3069/3069 3068/3068/3068
f 3068/3068/3068 3069/3069/3069 3070/3070/3070
f 3070/3070/3070 3059/3059/3059 3071/3071/3071
f 3072/3072/3072 3059/3059/3059 3070/3070/3070
f 3075/3075/3075 3074/3074/3074 3073/3073/3073
f 3076/3076/3076 3074/3074/3074 3075/3075/3075
f 3074/3074/3074 3078/3078/3078 3077/3077/3077
f 3077/3077/3077 3078/3078/3078 3079/3079/3079
f 3078/3078/3078 3080/3080/3080 3079/3079/3079
f 3079/3079/3079 3080/3080/3080 3081/3081/3081
f 3080/3080/3080 3082/3082/3082 3081/3081/3081
f 3081/3081/3081 3082/3082/3082 3083/3083/3083
f 3082/3082/3082 3084/3084/3084 3083/3083/3083
f 3083/3083/3083 3084/3084/3084 3085/3085/3085
f 3084/3084/3084 3086/3086/3086 3085/3085/3085
f 3085/3085/3085 3086/3086/3086 3087/3087/3087
f 3089/3089/3089 3076/3076/3076 3088/3088/3088
f 3090/3090/3090 3076/3076/3076 3089/3089/3089
f 3091/3091/3091 3090/3090/3090 3089/3089/3089
f 3092/3092/3092 3090/3090/3090 3091/3091/3091
f 3093/3093/3093 3092/3092/3092 3091/3091/3091
f 3094/3094/3094 3092/3092/3092 3093/3093/3093
f 3095/3095/3095 3094/3094/3094 3093/3093/3093
f 3096/3096/3096 3094/3094/3094 3095/3095/3095
f 3097/3097/3097 3096/3096/3096 3095/3095/3095
f 3098/3098/3098 3096/3096/3096 3097/3097/3097
f 3086/3086/3086 3098/3098/3098 3099/3099/3099
f 3099/3099/3099 3098/3098/3098 3100/3100/3100
f 3103/3103/3103 3102/3102/3102 3101/3101/3101
f 3102/3102/3102 3104/3104/3104 3101/3101/3101
f 3102/3102/3102 3105/3105/3105 3104/3104/3104
f 3101/3101/3101 3104/3104/3104 3106/3106/3106
f 3105/3105/3105 3107/3107/3107 3104/3104/3104
f 3104/3104/3104 3108/3108/3108 3106/3106/3106
f 3104/3104/3104 3107/3107/3107 3108/3108/3108
f 3106/3106/3106 3108/3108/3108 3109/3109/3109
f 3107/3107/3107 3110/3110/3110 3108/3108/3108
f 3108/3108/3108 3111/3111/3111 3109/3109/3109
f 3108/3108/3108 3110/3110/3110 3111/3111/3111
f 3109/3109/3109 3111/3111/3111 3112/3112/3112
f 3110/3110/3110 3113/3113/3113 3111/3111/3111
f 3111/3111/3111 3114/3114/3114 3112/3112/3112
f 3111/3111/3111 3113/3113/3113 3114/3114/3114
f 3112/3112/3112 3114/3114/3114 3115/3115/3115
f 3113/3113/3113 3116/3116/3116 3114/3114/3114
f 3114/3114/3114 3117/3117/3117 3115/3115/3115
f 3114/3114/3114 3116/3116/3116 3117/3117/3117
f 3115/3115/3115 3117/3117/3117 3118/3118/3118
f 3116/3116/3116 3119/3119/3119 3117/3117/3117
f 3117/3117/3117 3120/3120/3120 3118/3118/3118
f 3117/3117/3117 3119/3119/3119 3120/3120/3120
f 3118/3118/3118 3120/3120/3120 3121/3121/3121
f 3119/3119/3119 3122/3122/3122 3120/3120/3120
f 3120/3120/3120 3123/3123/3123 3121/3121/3121
f 3120/3120/3120 3122/3122/3122 3123/3123/3123
f 3121/3121/3121 3123/3123/3123 3124/3124/3124
f 3122/3122/3122 3125/3125/3125 3123/3123/3123
f 3123/3123/3123 3126/3126/3126 3124/3124/3124
f 3123/3123/3123 3125/3125/3125 3126/3126/3126
f 3124/3124/3124 3126/3126/3126 3127/3127/3127
f 3125/3125/3125 3128/3128/3128 3126/3126/3126
f 3126/3126/3126 3129/3129/3129 3127/3127/3127
f 3126/3126/3126 3128/3128/3128 3129/3129/3129
f 3127/3127/3127 3129/3129/3129 3130/3130/3130
f 3128/3128/3128 3131/3131/3131 3129/3129/3129
f 3129/3129/3129 3132/3132/3132 3130/3130/3130
f 3129/3129/3129 3131/3131/3131 3132/3132/3132
f 3130/3130/3130 3132/3132/3132 3133/3133/3133
f 3131/3131/3131 3134/3134/3134 3132/3132/3132
f 3132/3132/3132 3135/3135/3135 3133/3133/3133
f 3132/3132/3132 3134/3134/3134 3135/3135/3135
f 3133/3133/3133 3135/3135/3135 3136/3136/3136
f 3134/3134/3134 3137/3137/3137 3135/3135/3135
f 3135/3135/3135 3138/3138/3138 3136/3136/3136
f 3135/3135/3135 3137/3137/3137 3138/3138/3138
f 3137/3137/3137 3139/3139/3139 3138/3138/3138
f 3142/3142/3142 3141/3141/3141 3140/3140/3140
f 3141/3141/3141 3143/3143/3143 3140/3140/3140
f 3143/3143/3143 3144/3144/3144 3140/3140/3140
f 3147/3147/3147 3146/3146/3146 3145/3145/3145
f 3148/3148/3148 3147/3147/3147 3145/3145/3145
f 3149/3149/3149 3147/3147/3147 3148/3148/3148
f 3150/3150/3150 3149/3149/3149 3148/3148/3148
f 3149/3149/3149 3150/3150/3150 3151/3151/3151
f 3150/3150/3150 3152/3152/3152 3151/3151/3151
f 3152/3152/3152 3153/3153/3153 3151/3151/3151
f 3153/3153/3153 3154/3154/3154 3151/3151/3151
f 3153/3153/3153 3155/3155/3155 3154/3154/3154
f 3155/3155/3155 3156/3156/3156 3154/3154/3154
f 3155/3155/3155 3157/3157/3157 3156/3156/3156
f 3157/3157/3157 3158/3158/3158 3156/3156/3156
f 3157/3157/3157 3159/3159/3159 3158/3158/3158
f 3159/3159/3159 3160/3160/3160 3158/3158/3158
f 3159/3159/3159 3161/3161/3161 3160/3160/3160
f 3161/3161/3161 3162/3162/3162 3160/3160/3160
f 3165/3165/3165 3164/3164/3164 3163/3163/3163
f 3164/3164/3164 3166/3166/3166 3163/3163/3163
f 3164/3164/3164 3167/3167/3167 3166/3166/3166
f 3167/3167/3167 3168/3168/3168 3166/3166/3166
f 3168/3168/3168 3167/3167/3167 3169/3169/3169
f 3170/3170/3170 3168/3168/3168 3169/3169/3169
f 3171/3171/3171 3170/3170/3170 3169/3169/3169
f 3172/3172/3172 3171/3171/3171 3169/3169/3169
f 3172/3172/3172 3173/3173/3173 3171/3171/3171
f 3173/3173/3173 3174/3174/3174 3171/3171/3171
f 3174/3174/3174 3173/3173/3173 3175/3175/3175
f 3173/3173/3173 3176/3176/3176 3175/3175/3175
f 3177/3177/3177 3175/3175/3175 3176/3176/3176
f 3178/3178/3178 3177/3177/3177 3176/3176/3176
f 3178/3178/3178 3179/3179/3179 3177/3177/3177
f 3179/3179/3179 3180/3180/3180 3177/3177/3177
f 3183/3183/3183 3182/3182/3182 3181/3181/3181
f 3182/3182/3182 3184/3184/3184 3181/3181/3181
f 3184/3184/3184 3185/3185/3185 3181/3181/3181
f 3188/3188/3188 3187/3187/3187 3186/3186/3186
f 3189/3189/3189 3188/3188/3188 3186/3186/3186
f 3190/3190/3190 3188/3188/3188 3189/3189/3189
f 3191/3191/3191 3190/3190/3190 3189/3189/3189
f 3192/3192/3192 3190/3190/3190 3191/3191/3191
f 3193/3193/3193 3192/3192/3192 3191/3191/3191
f 3194/3194/3194 3192/3192/3192 3193/3193/3193
f 3195/3195/3195 3194/3194/3194 3193/3193/3193
f 3196/3196/3196 3194/3194/3194 3195/3195/3195
f 3197/3197/3197 3196/3196/3196 3195/3195/3195
f 3199/3199/3199 3198/3198/3198 3197/3197/3197
f 3200/3200/3200 3199/3199/3199 3197/3197/3197
f 3186/3186/3186 3202/3202/3202 3201/3201/3201
f 3202/3202/3202 3203/3203/3203 3201/3201/3201
f 3205/3205/3205 3204/3204/3204 3200/3200/3200
f 3206/3206/3206 3205/3205/3205 3200/3200/3200
f 3207/3207/3207 3205/3205/3205 3206/3206/3206
f 3208/3208/3208 3207/3207/3207 3206/3206/3206
f 3209/3209/3209 3207/3207/3207 3208/3208/3208
f 3210/3210/3210 3209/3209/3209 3208/3208/3208
f 3211/3211/3211 3209/3209/3209 3210/3210/3210
f 3212/3212/3212 3211/3211/3211 3210/3210/3210
f 3201/3201/3201 3213/3213/3213 3212/3212/3212
f 3213/3213/3213 3211/3211/3211 3212/3212/3212
f 3216/3216/3216 3215/3215/3215 3214/3214/3214
f 3215/3215/3215 3217/3217/3217 3214/3214/3214
f 3214/3214/3214 3217/3217/3217 3218/3218/3218
f 3217/3217/3217 3219/3219/3219 3218/3218/3218
f 3218/3218/3218 3219/3219/3219 3220/3220/3220
f 3221/3221/3221 3218/3218/3218 3220/3220/3220
f 3222/3222/3222 3221/3221/3221 3220/3220/3220
f 3223/3223/3223 3222/3222/3222 3220/3220/3220
f 3223/3223/3223 3224/3224/3224 3222/3222/3222
f 3223/3223/3223 3225/3225/3225 3224/3224/3224
f 3225/3225/3225 3226/3226/3226 3224/3224/3224
f 3224/3224/3224 3227/3227/3227 3222/3222/3222
f 3227/3227/3227 3228/3228/3228 3222/3222/3222
f 3227/3227/3227 3229/3229/3229 3228/3228/3228
f 3224/3224/3224 3226/3226/3226 3230/3230/3230
f 3227/3227/3227 3224/3224/3224 3230/3230/3230
f 3226/3226/3226 3231/3231/3231 3230/3230/3230
f 3232/3232/3232 3227/3227/3227 3230/3230/3230
f 3231/3231/3231 3226/3226/3226 3233/3233/3233
f 3234/3234/3234 3231/3231/3231 3233/3233/3233
f 3227/3227/3227 3232/3232/3232 3235/3235/3235
f 3229/3229/3229 3227/3227/3227 3235/3235/3235
f 3236/3236/3236 3229/3229/3229 3235/3235/3235
f 3235/3235/3235 3237/3237/3237 3236/3236/3236
f 3233/3233/3233 3238/3238/3238 3234/3234/3234
f 3237/3237/3237 3239/3239/3239 3236/3236/3236
f 3237/3237/3237 3240/3240/3240 3239/3239/3239
f 3241/3241/3241 3234/3234/3234 3238/3238/3238
f 3240/3240/3240 3242/3242/3242 3239/3239/3239
f 3240/3240/3240 3241/3241/3241 3242/3242/3242
f 3243/3243/3243 3239/3239/3239 3242/3242/3242
f 3244/3244/3244 3243/3243/3243 3242/3242/3242
f 3245/3245/3245 3241/3241/3241 3238/3238/3238
f 3241/3241/3241 3245/3245/3245 3242/3242/3242
f 3245/3245/3245 3238/3238/3238 3246/3246/3246
f 3245/3245/3245 3246/3246/3246 3247/3247/3247
f 3245/3245/3245 3247/3247/3247 3242/3242/3242
f 3247/3247/3247 3244/3244/3244 3242/3242/3242
f 3244/3244/3244 3247/3247/3247 3248/3248/3248
f 3249/3249/3249 3244/3244/3244 3248/3248/3248
f 3250/3250/3250 3249/3249/3249 3248/3248/3248
f 3251/3251/3251 3250/3250/3250 3248/3248/3248
f 3254/3254/3254 3253/3253/3253 3252/3252/3252
f 3255/3255/3255 3254/3254/3254 3252/3252/3252
f 3252/3252/3252 3256/3256/3256 3255/3255/3255
f 3256/3256/3256 3257/3257/3257 3255/3255/3255
f 3256/3256/3256 3258/3258/3258 3257/3257/3257
f 3258/3258/3258 3259/3259/3259 3257/3257/3257
f 3260/3260/3260 3259/3259/3259 3258/3258/3258
f 3261/3261/3261 3260/3260/3260 3258/3258/3258
f 3261/3261/3261 3262/3262/3262 3260/3260/3260
f 3262/3262/3262 3263/3263/3263 3260/3260/3260
f 3264/3264/3264 3263/3263/3263 3262/3262/3262
f 3265/3265/3265 3264/3264/3264 3262/3262/3262
f 3265/3265/3265 3266/3266/3266 3264/3264/3264
f 3266/3266/3266 3267/3267/3267 3264/3264/3264
f 3267/3267/3267 3266/3266/3266 3268/3268/3268
f 3266/3266/3266 3269/3269/3269 3268/3268/3268
f 3272/3272/3272 3271/3271/3271 3270/3270/3270
f 3273/3273/3273 3270/3270/3270 3271/3271/3271
f 3271/3271/3271 3274/3274/3274 3273/3273/3273
f 3274/3274/3274 3275/3275/3275 3273/3273/3273
f 3274/3274/3274 3276/3276/3276 3275/3275/3275
f 3277/3277/3277 3275/3275/3275 3276/3276/3276
f 3276/3276/3276 3274/3274/3274 3278/3278/3278
f 3279/3279/3279 3277/3277/3277 3276/3276/3276
f 3279/3279/3279 3276/3276/3276 3278/3278/3278
f 3279/3279/3279 3278/3278/3278 3280/3280/3280
f 3278/3278/3278 3281/3281/3281 3280/3280/3280
f 3281/3281/3281 3282/3282/3282 3280/3280/3280
f 3281/3281/3281 3283/3283/3283 3282/3282/3282
f 3280/3280/3280 3282/3282/3282 3284/3284/3284
f 3282/3282/3282 3285/3285/3285 3284/3284/3284
f 3285/3285/3285 3282/3282/3282 3283/3283/3283
f 3285/3285/3285 3283/3283/3283 3286/3286/3286
f 3283/3283/3283 3287/3287/3287 3286/3286/3286
f 3287/3287/3287 3288/3288/3288 3286/3286/3286
f 3288/3288/3288 3287/3287/3287 3289/3289/3289
f 3279/3279/3279 3280/3280/3280 3290/3290/3290
f 3290/3290/3290 3280/3280/3280 3291/3291/3291
f 3280/3280/3280 3292/3292/3292 3291/3291/3291
f 3293/3293/3293 3279/3279/3279 3290/3290/3290
f 3293/3293/3293 3294/3294/3294 3279/3279/3279
f 3294/3294/3294 3295/3295/3295 3279/3279/3279
f 3293/3293/3293 3290/3290/3290 3296/3296/3296
f 3290/3290/3290 3297/3297/3297 3296/3296/3296
f 3297/3297/3297 3298/3298/3298 3296/3296/3296
f 3299/3299/3299 3293/3293/3293 3296/3296/3296
f 3299/3299/3299 3296/3296/3296 3300/3300/3300
f 3293/3293/3293 3299/3299/3299 3301/3301/3301
f 3299/3299/3299 3302/3302/3302 3301/3301/3301
f 3303/3303/3303 3299/3299/3299 3300/3300/3300
f 3304/3304/3304 3303/3303/3303 3300/3300/3300
f 3296/3296/3296 3305/3305/3305 3300/3300/3300
f 3296/3296/3296 3306/3306/3306 3305/3305/3305
f 3306/3306/3306 3307/3307/3307 3305/3305/3305
f 3305/3305/3305 3308/3308/3308 3300/3300/3300
f 3305/3305/3305 3309/3309/3309 3308/3308/3308
f 3309/3309/3309 3310/3310/3310 3308/3308/3308
f 3308/3308/3308 3311/3311/3311 3300/3300/3300
f 3311/3311/3311 3308/3308/3308 3312/3312/3312
f 3311/3311/3311 3313/3313/3313 3300/3300/3300
f 3313/3313/3313 3314/3314/3314 3300/3300/3300
f 3315/3315/3315 3311/3311/3311 3312/3312/3312
f 3316/3316/3316 3315/3315/3315 3312/3312/3312
f 3308/3308/3308 3317/3317/3317 3312/3312/3312
f 3308/3308/3308 3318/3318/3318 3317/3317/3317
f 3318/3318/3318 3319/3319/3319 3317/3317/3317
f 3312/3312/3312 3317/3317/3317 3320/3320/3320
f 3321/3321/3321 3312/3312/3312 3320/3320/3320
f 3317/3317/3317 3322/3322/3322 3320/3320/3320
f 3317/3317/3317 3323/3323/3323 3322/3322/3322
f 3323/3323/3323 3324/3324/3324 3322/3322/3322
f 3321/3321/3321 3325/3325/3325 3312/3312/3312
f 3312/3312/3312 3325/3325/3325 3326/3326/3326
f 3325/3325/3325 3327/3327/3327 3326/3326/3326
f 3330/3330/3330 3329/3329/3329 3328/3328/3328
f 3329/3329/3329 3331/3331/3331 3328/3328/3328
f 3328/3328/3328 3331/3331/3331 3332/3332/3332
f 3333/3333/3333 3328/3328/3328 3332/3332/3332
f 3333/3333/3333 3332/3332/3332 3334/3334/3334
f 3332/3332/3332 3335/3335/3335 3334/3334/3334
f 3334/3334/3334 3335/3335/3335 3336/3336/3336
f 3337/3337/3337 3334/3334/3334 3336/3336/3336
f 3337/3337/3337 3336/3336/3336 3338/3338/3338
f 3336/3336/3336 3339/3339/3339 3338/3338/3338
f 3339/3339/3339 3340/3340/3340 3338/3338/3338
f 3340/3340/3340 3341/3341/3341 3338/3338/3338
f 3341/3341/3341 3340/3340/3340 3342/3342/3342
f 3340/3340/3340 3343/3343/3343 3342/3342/3342
f 3342/3342/3342 3343/3343/3343 3344/3344/3344
f 3343/3343/3343 3345/3345/3345 3344/3344/3344
f 3348/3348/3348 3347/3347/3347 3346/3346/3346
f 3347/3347/3347 3349/3349/3349 3346/3346/3346
f 3346/3346/3346 3349/3349/3349 3350/3350/3350
f 3347/3347/3347 3351/3351/3351 3349/3349/3349
f 3349/3349/3349 3352/3352/3352 3350/3350/3350
f 3350/3350/3350 3352/3352/3352 3353/3353/3353
f 3351/3351/3351 3354/3354/3354 3349/3349/3349
f 3349/3349/3349 3354/3354/3354 3352/3352/3352
f 3351/3351/3351 3355/3355/3355 3354/3354/3354
f 3355/3355/3355 3356/3356/3356 3354/3354/3354
f 3354/3354/3354 3356/3356/3356 3357/3357/3357
f 3354/3354/3354 3357/3357/3357 3352/3352/3352
f 3356/3356/3356 3358/3358/3358 3357/3357/3357
f 3352/3352/3352 3359/3359/3359 3353/3353/3353
f 3352/3352/3352 3357/3357/3357 3359/3359/3359
f 3353/3353/3353 3359/3359/3359 3360/3360/3360
f 3357/3357/3357 3358/3358/3358 3361/3361/3361
f 3357/3357/3357 3361/3361/3361 3359/3359/3359
f 3358/3358/3358 3362/3362/3362 3361/3361/3361
f 3359/3359/3359 3363/3363/3363 3360/3360/3360
f 3359/3359/3359 3361/3361/3361 3363/3363/3363
f 3360/3360/3360 3363/3363/3363 3364/3364/3364
f 3361/3361/3361 3362/3362/3362 3365/3365/3365
f 3361/3361/3361 3365/3365/3365 3363/3363/3363
f 3362/3362/3362 3366/3366/3366 3365/3365/3365
f 3363/3363/3363 3367/3367/3367 3364/3364/3364
f 3363/3363/3363 3365/3365/3365 3367/3367/3367
f 3364/3364/3364 3367/3367/3367 3368/3368/3368
f 3365/3365/3365 3366/3366/3366 3369/3369/3369
f 3365/3365/3365 3369/3369/3369 3367/3367/3367
f 3366/3366/3366 3370/3370/3370 3369/3369/3369
f 3367/3367/3367 3371/3371/3371 3368/3368/3368
f 3367/3367/3367 3369/3369/3369 3371/3371/3371
f 3368/3368/3368 3371/3371/3371 3372/3372/3372
f 3369/3369/3369 3370/3370/3370 3373/3373/3373
f 3369/3369/3369 3373/3373/3373 3371/3371/3371
f 3370/3370/3370 3374/3374/3374 3373/3373/3373
f 3371/3371/3371 3375/3375/3375 3372/3372/3372
f 3371/3371/3371 3373/3373/3373 3375/3375/3375
f 3372/3372/3372 3375/3375/3375 3376/3376/3376
f 3373/3373/3373 3374/3374/3374 3377/3377/3377
f 3373/3373/3373 3377/3377/3377 3375/3375/3375
f 3374/3374/3374 3378/3378/3378 3377/3377/3377
f 3375/3375/3375 3379/3379/3379 3376/3376/3376
f 3375/3375/3375 3377/3377/3377 3379/3379/3379
f 3376/3376/3376 3379/3379/3379 3380/3380/3380
f 3377/3377/3377 3378/3378/3378 3381/3381/3381
f 3377/3377/3377 3381/3381/3381 3379/3379/3379
f 3378/3378/3378 3382/3382/3382 3381/3381/3381
f 3379/3379/3379 3383/3383/3383 3380/3380/3380
f 3379/3379/3379 3381/3381/3381 3383/3383/3383
f 3380/3380/3380 3383/3383/3383 3384/3384/3384
f 3381/3381/3381 3382/3382/3382 3385/3385/3385
f 3381/3381/3381 3385/3385/3385 3383/3383/3383
f 3382/3382/3382 3386/3386/3386 3385/3385/3385
f 3383/3383/3383 3387/3387/3387 3384/3384/3384
f 3383/3383/3383 3385/3385/3385 3387/3387/3387
f 3384/3384/3384 3387/3387/3387 3388/3388/3388
f 3385/3385/3385 3386/3386/3386 3389/3389/3389
f 3385/3385/3385 3389/3389/3389 3387/3387/3387
f 3386/3386/3386 3390/3390/3390 3389/3389/3389
f 3387/3387/3387 3391/3391/3391 3388/3388/3388
f 3387/3387/3387 3389/3389/3389 3391/3391/3391
f 3388/3388/3388 3391/3391/3391 3392/3392/3392
f 3391/3391/3391 3393/3393/3393 3392/3392/3392
f 3389/3389/3389 3390/3390/3390 3394/3394/3394
f 3389/3389/3389 3394/3394/3394 3391/3391/3391
f 3391/3391/3391 3394/3394/3394 3393/3393/3393
f 3390/3390/3390 3395/3395/3395 3394/3394/3394
f 3394/3394/3394 3396/3396/3396 3393/3393/3393
f 3394/3394/3394 3395/3395/3395 3396/3396/3396
f 3395/3395/3395 3397/3397/3397 3396/3396/3396
f 3400/3400/3400 3399/3399/3399 3398/3398/3398
f 3399/3399/3399 3401/3401/3401 3398/3398/3398
f 3399/3399/3399 3402/3402/3402 3401/3401/3401
f 3402/3402/3402 3403/3403/3403 3401/3401/3401
f 3402/3402/3402 3404/3404/3404 3403/3403/3403
f 3404/3404/3404 3405/3405/3405 3403/3403/3403
f 3404/3404/3404 3406/3406/3406 3405/3405/3405
f 3406/3406/3406 3407/3407/3407 3405/3405/3405
f 3406/3406/3406 3408/3408/3408 3407/3407/3407
f 3408/3408/3408 3409/3409/3409 3407/3407/3407
f 3411/3411/3411 3410/3410/3410 3409/3409/3409
f 3410/3410/3410 3412/3412/3412 3409/3409/3409
f 3414/3414/3414 3398/3398/3398 3413/3413/3413
f 3415/3415/3415 3414/3414/3414 3413/3413/3413
f 3417/3417/3417 3416/3416/3416 3412/3412/3412
f 3416/3416/3416 3418/3418/3418 3412/3412/3412
f 3416/3416/3416 3419/3419/3419 3418/3418/3418
f 3419/3419/3419 3420/3420/3420 3418/3418/3418
f 3419/3419/3419 3421/3421/3421 3420/3420/3420
f 3421/3421/3421 3422/3422/3422 3420/3420/3420
f 3421/3421/3421 3423/3423/3423 3422/3422/3422
f 3423/3423/3423 3424/3424/3424 3422/3422/3422
f 3425/3425/3425 3413/3413/3413 3424/3424/3424
f 3423/3423/3423 3425/3425/3425 3424/3424/3424
f 3428/3428/3428 3427/3427/3427 3426/3426/3426
f 3427/3427/3427 3429/3429/3429 3426/3426/3426
f 3427/3427/3427 3430/3430/3430 3429/3429/3429
f 3430/3430/3430 3431/3431/3431 3429/3429/3429
f 3432/3432/3432 3431/3431/3431 3430/3430/3430
f 3433/3433/3433 3432/3432/3432 3430/3430/3430
f 3434/3434/3434 3432/3432/3432 3433/3433/3433
f 3435/3435/3435 3434/3434/3434 3433/3433/3433
f 3436/3436/3436 3434/3434/3434 3435/3435/3435
f 3437/3437/3437 3436/3436/3436 3435/3435/3435
f 3438/3438/3438 3436/3436/3436 3437/3437/3437
f 3439/3439/3439 3438/3438/3438 3437/3437/3437
f 3438/3438/3438 3439/3439/3439 3440/3440/3440
f 3441/3441/3441 3438/3438/3438 3440/3440/3440
f 3441/3441/3441 3440/3440/3440 3442/3442/3442
f 3443/3443/3443 3441/3441/3441 3442/3442/3442
f 3443/3443/3443 3442/3442/3442 3444/3444/3444
f 3445/3445/3445 3443/3443/3443 3444/3444/3444
f 3445/3445/3445 3444/3444/3444 3446/3446/3446
f 3447/3447/3447 3445/3445/3445 3446/3446/3446
f 3447/3447/3447 3446/3446/3446 3448/3448/3448
f 3449/3449/3449 3447/3447/3447 3448/3448/3448
f 3450/3450/3450 3449/3449/3449 3448/3448/3448
f 3451/3451/3451 3450/3450/3450 3448/3448/3448
f 3454/3454/3454 3453/3453/3453 3452/3452/3452
f 3455/3455/3455 3454/3454/3454 3452/3452/3452
f 3455/3455/3455 3456/3456/3456 3454/3454/3454
f 3456/3456/3456 3457/3457/3457 3454/3454/3454
f 3458/3458/3458 3457/3457/3457 3456/3456/3456
f 3459/3459/3459 3458/3458/3458 3456/3456/3456
f 3460/3460/3460 3458/3458/3458 3459/3459/3459
f 3461/3461/3461 3458/3458/3458 3460/3460/3460
f 3462/3462/3462 3461/3461/3461 3460/3460/3460
f 3463/3463/3463 3461/3461/3461 3462/3462/3462
f 3464/3464/3464 3463/3463/3463 3462/3462/3462
f 3463/3463/3463 3464/3464/3464 3465/3465/3465
f 3466/3466/3466 3463/3463/3463 3465/3465/3465
f 3466/3466/3466 3465/3465/3465 3467/3467/3467
f 3468/3468/3468 3466/3466/3466 3467/3467/3467
f 3468/3468/3468 3467/3467/3467 3469/3469/3469
f 3468/3468/3468 3469/3469/3469 3470/3470/3470
f 3471/3471/3471 3468/3468/3468 3470/3470/3470
f 3471/3471/3471 3470/3470/3470 3472/3472/3472
f 3473/3473/3473 3471/3471/3471 3472/3472/3472
f 3473/3473/3473 3472/3472/3472 3474/3474/3474
f 3475/3475/3475 3473/3473/3473 3474/3474/3474
f 3478/3478/3478 3477/3477/3477 3476/3476/3476
f 3479/3479/3479 3478/3478/3478 3476/3476/3476
f 3476/3476/3476 3480/3480/3480 3479/3479/3479
f 3481/3481/3481 3478/3478/3478 3479/3479/3479
f 3480/3480/3480 3482/3482/3482 3479/3479/3479
f 3482/3482/3482 3480/3480/3480 3483/3483/3483
f 3484/3484/3484 3481/3481/3481 3479/3479/3479
f 3479/3479/3479 3482/3482/3482 3484/3484/3484
f 3485/3485/3485 3481/3481/3481 3484/3484/3484
f 3486/3486/3486 3485/3485/3485 3484/3484/3484
f 3487/3487/3487 3485/3485/3485 3486/3486/3486
f 3482/3482/3482 3488/3488/3488 3484/3484/3484
f 3484/3484/3484 3488/3488/3488 3486/3486/3486
f 3489/3489/3489 3482/3482/3482 3483/3483/3483
f 3488/3488/3488 3482/3482/3482 3489/3489/3489
f 3490/3490/3490 3487/3487/3487 3486/3486/3486
f 3491/3491/3491 3487/3487/3487 3490/3490/3490
f 3488/3488/3488 3492/3492/3492 3486/3486/3486
f 3486/3486/3486 3492/3492/3492 3490/3490/3490
f 3493/3493/3493 3491/3491/3491 3490/3490/3490
f 3494/3494/3494 3491/3491/3491 3493/3493/3493
f 3489/3489/3489 3483/3483/3483 3495/3495/3495
f 3483/3483/3483 3496/3496/3496 3495/3495/3495
f 3495/3495/3495 3496/3496/3496 3497/3497/3497
f 3498/3498/3498 3488/3488/3488 3489/3489/3489
f 3492/3492/3492 3488/3488/3488 3498/3498/3498
f 3492/3492/3492 3499/3499/3499 3490/3490/3490
f 3490/3490/3490 3499/3499/3499 3493/3493/3493
f 3500/3500/3500 3494/3494/3494 3493/3493/3493
f 3501/3501/3501 3494/3494/3494 3500/3500/3500
f 3502/3502/3502 3495/3495/3495 3497/3497/3497
f 3497/3497/3497 3503/3503/3503 3502/3502/3502
f 3503/3503/3503 3504/3504/3504 3502/3502/3502
f 3489/3489/3489 3495/3495/3495 3505/3505/3505
f 3505/3505/3505 3495/3495/3495 3502/3502/3502
f 3498/3498/3498 3489/3489/3489 3505/3505/3505
f 3502/3502/3502 3504/3504/3504 3506/3506/3506
f 3506/3506/3506 3505/3505/3505 3502/3502/3502
f 3504/3504/3504 3507/3507/3507 3506/3506/3506
f 3498/3498/3498 3505/3505/3505 3508/3508/3508
f 3508/3508/3508 3505/3505/3505 3506/3506/3506
f 3506/3506/3506 3507/3507/3507 3509/3509/3509
f 3509/3509/3509 3508/3508/3508 3506/3506/3506
f 3507/3507/3507 3510/3510/3510 3509/3509/3509
f 3511/3511/3511 3498/3498/3498 3508/3508/3508
f 3511/3511/3511 3492/3492/3492 3498/3498/3498
f 3499/3499/3499 3492/3492/3492 3511/3511/3511
f 3509/3509/3509 3510/3510/3510 3512/3512/3512
f 3510/3510/3510 3513/3513/3513 3512/3512/3512
f 3514/3514/3514 3508/3508/3508 3509/3509/3509
f 3511/3511/3511 3508/3508/3508 3514/3514/3514
f 3512/3512/3512 3514/3514/3514 3509/3509/3509
f 3515/3515/3515 3499/3499/3499 3511/3511/3511
f 3515/3515/3515 3511/3511/3511 3514/3514/3514
f 3512/3512/3512 3513/3513/3513 3516/3516/3516
f 3513/3513/3513 3517/3517/3517 3516/3516/3516
f 3518/3518/3518 3514/3514/3514 3512/3512/3512
f 3514/3514/3514 3518/3518/3518 3515/3515/3515
f 3516/3516/3516 3518/3518/3518 3512/3512/3512
f 3519/3519/3519 3499/3499/3499 3515/3515/3515
f 3499/3499/3499 3519/3519/3519 3493/3493/3493
f 3493/3493/3493 3519/3519/3519 3500/3500/3500
f 3516/3516/3516 3517/3517/3517 3520/3520/3520
f 3517/3517/3517 3521/3521/3521 3520/3520/3520
f 3518/3518/3518 3522/3522/3522 3515/3515/3515
f 3522/3522/3522 3519/3519/3519 3515/3515/3515
f 3523/3523/3523 3518/3518/3518 3516/3516/3516
f 3520/3520/3520 3523/3523/3523 3516/3516/3516
f 3522/3522/3522 3518/3518/3518 3524/3524/3524
f 3519/3519/3519 3522/3522/3522 3524/3524/3524
f 3518/3518/3518 3523/3523/3523 3524/3524/3524
f 3519/3519/3519 3525/3525/3525 3500/3500/3500
f 3525/3525/3525 3519/3519/3519 3524/3524/3524
f 3520/3520/3520 3521/3521/3521 3526/3526/3526
f 3521/3521/3521 3527/3527/3527 3526/3526/3526
f 3528/3528/3528 3524/3524/3524 3523/3523/3523
f 3525/3525/3525 3524/3524/3524 3528/3528/3528
f 3529/3529/3529 3523/3523/3523 3520/3520/3520
f 3526/3526/3526 3529/3529/3529 3520/3520/3520
f 3529/3529/3529 3528/3528/3528 3523/3523/3523
f 3500/3500/3500 3525/3525/3525 3530/3530/3530
f 3530/3530/3530 3501/3501/3501 3500/3500/3500
f 3531/3531/3531 3501/3501/3501 3530/3530/3530
f 3526/3526/3526 3527/3527/3527 3532/3532/3532
f 3527/3527/3527 3533/3533/3533 3532/3532/3532
f 3534/3534/3534 3525/3525/3525 3528/3528/3528
f 3525/3525/3525 3534/3534/3534 3530/3530/3530
f 3535/3535/3535 3531/3531/3531 3530/3530/3530
f 3530/3530/3530 3534/3534/3534 3535/3535/3535
f 3536/3536/3536 3531/3531/3531 3535/3535/3535
f 3528/3528/3528 3529/3529/3529 3537/3537/3537
f 3528/3528/3528 3537/3537/3537 3534/3534/3534
f 3538/3538/3538 3529/3529/3529 3526/3526/3526
f 3532/3532/3532 3538/3538/3538 3526/3526/3526
f 3529/3529/3529 3538/3538/3538 3537/3537/3537
f 3532/3532/3532 3533/3533/3533 3539/3539/3539
f 3533/3533/3533 3540/3540/3540 3539/3539/3539
f 3534/3534/3534 3541/3541/3541 3535/3535/3535
f 3537/3537/3537 3541/3541/3541 3534/3534/3534
f 3542/3542/3542 3536/3536/3536 3535/3535/3535
f 3535/3535/3535 3541/3541/3541 3542/3542/3542
f 3543/3543/3543 3536/3536/3536 3542/3542/3542
f 3537/3537/3537 3538/3538/3538 3544/3544/3544
f 3537/3537/3537 3544/3544/3544 3541/3541/3541
f 3545/3545/3545 3538/3538/3538 3532/3532/3532
f 3539/3539/3539 3545/3545/3545 3532/3532/3532
f 3538/3538/3538 3545/3545/3545 3544/3544/3544
f 3539/3539/3539 3540/3540/3540 3546/3546/3546
f 3540/3540/3540 3547/3547/3547 3546/3546/3546
f 3541/3541/3541 3548/3548/3548 3542/3542/3542
f 3544/3544/3544 3548/3548/3548 3541/3541/3541
f 3549/3549/3549 3543/3543/3543 3542/3542/3542
f 3542/3542/3542 3548/3548/3548 3549/3549/3549
f 3550/3550/3550 3543/3543/3543 3549/3549/3549
f 3544/3544/3544 3545/3545/3545 3551/3551/3551
f 3544/3544/3544 3551/3551/3551 3548/3548/3548
f 3552/3552/3552 3545/3545/3545 3539/3539/3539
f 3546/3546/3546 3552/3552/3552 3539/3539/3539
f 3545/3545/3545 3552/3552/3552 3551/3551/3551
f 3553/3553/3553 3551/3551/3551 3552/3552/3552
f 3551/3551/3551 3554/3554/3554 3548/3548/3548
f 3548/3548/3548 3554/3554/3554 3549/3549/3549
f 3554/3554/3554 3551/3551/3551 3553/3553/3553
f 3555/3555/3555 3550/3550/3550 3549/3549/3549
f 3549/3549/3549 3554/3554/3554 3555/3555/3555
f 3556/3556/3556 3550/3550/3550 3555/3555/3555
f 3557/3557/3557 3552/3552/3552 3546/3546/3546
f 3557/3557/3557 3553/3553/3553 3552/3552/3552
f 3554/3554/3554 3558/3558/3558 3555/3555/3555
f 3558/3558/3558 3554/3554/3554 3553/3553/3553
f 3559/3559/3559 3556/3556/3556 3555/3555/3555
f 3555/3555/3555 3558/3558/3558 3559/3559/3559
f 3560/3560/3560 3556/3556/3556 3559/3559/3559
f 3561/3561/3561 3557/3557/3557 3546/3546/3546
f 3546/3546/3546 3547/3547/3547 3561/3561/3561
f 3547/3547/3547 3562/3562/3562 3561/3561/3561
f 3558/3558/3558 3563/3563/3563 3559/3559/3559
f 3558/3558/3558 3553/3553/3553 3563/3563/3563
f 3564/3564/3564 3560/3560/3560 3559/3559/3559
f 3559/3559/3559 3563/3563/3563 3564/3564/3564
f 3565/3565/3565 3560/3560/3560 3564/3564/3564
f 3557/3557/3557 3566/3566/3566 3553/3553/3553
f 3566/3566/3566 3557/3557/3557 3561/3561/3561
f 3561/3561/3561 3562/3562/3562 3567/3567/3567
f 3567/3567/3567 3566/3566/3566 3561/3561/3561
f 3562/3562/3562 3568/3568/3568 3567/3567/3567
f 3553/3553/3553 3569/3569/3569 3563/3563/3563
f 3566/3566/3566 3569/3569/3569 3553/3553/3553
f 3563/3563/3563 3570/3570/3570 3564/3564/3564
f 3570/3570/3570 3563/3563/3563 3569/3569/3569
f 3567/3567/3567 3568/3568/3568 3571/3571/3571
f 3568/3568/3568 3572/3572/3572 3571/3571/3571
f 3573/3573/3573 3566/3566/3566 3567/3567/3567
f 3569/3569/3569 3566/3566/3566 3573/3573/3573
f 3571/3571/3571 3573/3573/3573 3567/3567/3567
f 3571/3571/3571 3572/3572/3572 3574/3574/3574
f 3572/3572/3572 3575/3575/3575 3574/3574/3574
f 3576/3576/3576 3569/3569/3569 3573/3573/3573
f 3576/3576/3576 3570/3570/3570 3569/3569/3569
f 3577/3577/3577 3573/3573/3573 3571/3571/3571
f 3574/3574/3574 3577/3577/3577 3571/3571/3571
f 3573/3573/3573 3577/3577/3577 3576/3576/3576
f 3564/3564/3564 3570/3570/3570 3578/3578/3578
f 3578/3578/3578 3565/3565/3565 3564/3564/3564
f 3570/3570/3570 3576/3576/3576 3579/3579/3579
f 3570/3570/3570 3579/3579/3579 3578/3578/3578
f 3577/3577/3577 3580/3580/3580 3576/3576/3576
f 3576/3576/3576 3580/3580/3580 3579/3579/3579
f 3581/3581/3581 3580/3580/3580 3577/3577/3577
f 3580/3580/3580 3581/3581/3581 3579/3579/3579
f 3582/3582/3582 3577/3577/3577 3574/3574/3574
f 3582/3582/3582 3581/3581/3581 3577/3577/3577
f 3574/3574/3574 3575/3575/3575 3583/3583/3583
f 3583/3583/3583 3582/3582/3582 3574/3574/3574
f 3578/3578/3578 3579/3579/3579 3584/3584/3584
f 3581/3581/3581 3585/3585/3585 3579/3579/3579
f 3579/3579/3579 3585/3585/3585 3584/3584/3584
f 3581/3581/3581 3582/3582/3582 3586/3586/3586
f 3581/3581/3581 3586/3586/3586 3585/3585/3585
f 3584/3584/3584 3587/3587/3587 3578/3578/3578
f 3587/3587/3587 3565/3565/3565 3578/3578/3578
f 3584/3584/3584 3585/3585/3585 3588/3588/3588
f 3588/3588/3588 3587/3587/3587 3584/3584/3584
f 3585/3585/3585 3589/3589/3589 3588/3588/3588
f 3586/3586/3586 3589/3589/3589 3585/3585/3585
f 3589/3589/3589 3586/3586/3586 3590/3590/3590
f 3582/3582/3582 3591/3591/3591 3586/3586/3586
f 3591/3591/3591 3582/3582/3582 3583/3583/3583
f 3592/3592/3592 3587/3587/3587 3588/3588/3588
f 3593/3593/3593 3592/3592/3592 3588/3588/3588
f 3594/3594/3594 3565/3565/3565 3587/3587/3587
f 3592/3592/3592 3594/3594/3594 3587/3587/3587
f 3586/3586/3586 3595/3595/3595 3590/3590/3590
f 3595/3595/3595 3586/3586/3586 3591/3591/3591
f 3595/3595/3595 3596/3596/3596 3590/3590/3590
f 3596/3596/3596 3597/3597/3597 3590/3590/3590
f 3598/3598/3598 3595/3595/3595 3591/3591/3591
f 3596/3596/3596 3595/3595/3595 3598/3598/3598
f 3599/3599/3599 3591/3591/3591 3583/3583/3583
f 3600/3600/3600 3596/3596/3596 3598/3598/3598
f 3592/3592/3592 3593/3593/3593 3601/3601/3601
f 3601/3601/3601 3593/3593/3593 3602/3602/3602
f 3583/3583/3583 3603/3603/3603 3599/3599/3599
f 3575/3575/3575 3603/3603/3603 3583/3583/3583
f 3599/3599/3599 3603/3603/3603 3604/3604/3604
f 3605/3605/3605 3599/3599/3599 3604/3604/3604
f 3603/3603/3603 3575/3575/3575 3606/3606/3606
f 3604/3604/3604 3603/3603/3603 3606/3606/3606
f 3605/3605/3605 3604/3604/3604 3607/3607/3607
f 3605/3605/3605 3607/3607/3607 3608/3608/3608
f 3596/3596/3596 3600/3600/3600 3609/3609/3609
f 3600/3600/3600 3610/3610/3610 3609/3609/3609
f 3606/3606/3606 3575/3575/3575 3611/3611/3611
f 3575/3575/3575 3612/3612/3612 3611/3611/3611
f 3612/3612/3612 3613/3613/3613 3611/3611/3611
f 3613/3613/3613 3614/3614/3614 3611/3611/3611
f 3614/3614/3614 3615/3615/3615 3611/3611/3611
f 3615/3615/3615 3606/3606/3606 3611/3611/3611
f 3604/3604/3604 3606/3606/3606 3616/3616/3616
f 3604/3604/3604 3616/3616/3616 3607/3607/3607
f 3606/3606/3606 3615/3615/3615 3617/3617/3617
f 3606/3606/3606 3617/3617/3617 3616/3616/3616
f 3615/3615/3615 3618/3618/3618 3617/3617/3617
f 3617/3617/3617 3618/3618/3618 3619/3619/3619
f 3620/3620/3620 3616/3616/3616 3617/3617/3617
f 3621/3621/3621 3617/3617/3617 3619/3619/3619
f 3621/3621/3621 3620/3620/3620 3617/3617/3617
f 3622/3622/3622 3607/3607/3607 3616/3616/3616
f 3620/3620/3620 3622/3622/3622 3616/3616/3616
f 3621/3621/3621 3619/3619/3619 3623/3623/3623
f 3619/3619/3619 3624/3624/3624 3623/3623/3623
f 3624/3624/3624 3625/3625/3625 3623/3623/3623
f 3625/3625/3625 3626/3626/3626 3623/3623/3623
f 3626/3626/3626 3627/3627/3627 3623/3623/3623
f 3627/3627/3627 3621/3621/3621 3623/3623/3623
f 3621/3621/3621 3627/3627/3627 3628/3628/3628
f 3620/3620/3620 3621/3621/3621 3628/3628/3628
f 3620/3620/3620 3628/3628/3628 3629/3629/3629
f 3622/3622/3622 3620/3620/3620 3629/3629/3629
f 3622/3622/3622 3629/3629/3629 3630/3630/3630
f 3631/3631/3631 3622/3622/3622 3630/3630/3630
f 3607/3607/3607 3622/3622/3622 3631/3631/3631
f 3630/3630/3630 3632/3632/3632 3631/3631/3631
f 3632/3632/3632 3633/3633/3633 3631/3631/3631
f 3634/3634/3634 3607/3607/3607 3631/3631/3631
f 3631/3631/3631 3633/3633/3633 3634/3634/3634
f 3607/3607/3607 3634/3634/3634 3608/3608/3608
f 3633/3633/3633 3635/3635/3635 3634/3634/3634
f 3608/3608/3608 3634/3634/3634 3636/3636/3636
f 3634/3634/3634 3635/3635/3635 3636/3636/3636
f 3610/3610/3610 3608/3608/3608 3636/3636/3636
f 3635/3635/3635 3637/3637/3637 3636/3636/3636
f 3638/3638/3638 3610/3610/3610 3636/3636/3636
f 3636/3636/3636 3637/3637/3637 3638/3638/3638
f 3637/3637/3637 3639/3639/3639 3638/3638/3638
f 3610/3610/3610 3638/3638/3638 3609/3609/3609
f 3638/3638/3638 3639/3639/3639 3609/3609/3609
f 3639/3639/3639 3640/3640/3640 3609/3609/3609
f 3641/3641/3641 3609/3609/3609 3640/3640/3640
f 3642/3642/3642 3641/3641/3641 3640/3640/3640
f 3641/3641/3641 3596/3596/3596 3609/3609/3609
f 3641/3641/3641 3642/3642/3642 3643/3643/3643
f 3596/3596/3596 3641/3641/3641 3644/3644/3644
f 3644/3644/3644 3641/3641/3641 3643/3643/3643
f 3597/3597/3597 3596/3596/3596 3644/3644/3644
f 3643/3643/3643 3645/3645/3645 3644/3644/3644
f 3646/3646/3646 3597/3597/3597 3644/3644/3644
f 3645/3645/3645 3647/3647/3647 3644/3644/3644
f 3647/3647/3647 3646/3646/3646 3644/3644/3644
f 3645/3645/3645 3648/3648/3648 3647/3647/3647
f 3646/3646/3646 3647/3647/3647 3649/3649/3649
f 3648/3648/3648 3649/3649/3649 3647/3647/3647
f 3602/3602/3602 3646/3646/3646 3649/3649/3649
f 3648/3648/3648 3650/3650/3650 3649/3649/3649
f 3651/3651/3651 3602/3602/3602 3649/3649/3649
f 3650/3650/3650 3651/3651/3651 3649/3649/3649
f 3650/3650/3650 3652/3652/3652 3651/3651/3651
f 3651/3651/3651 3601/3601/3601 3602/3602/3602
f 3652/3652/3652 3653/3653/3653 3651/3651/3651
f 3601/3601/3601 3651/3651/3651 3653/3653/3653
f 3652/3652/3652 3654/3654/3654 3653/3653/3653
f 3654/3654/3654 3655/3655/3655 3653/3653/3653
f 3653/3653/3653 3655/3655/3655 3656/3656/3656
f 3656/3656/3656 3601/3601/3601 3653/3653/3653
f 3655/3655/3655 3657/3657/3657 3656/3656/3656
f 3658/3658/3658 3601/3601/3601 3656/3656/3656
f 3658/3658/3658 3592/3592/3592 3601/3601/3601
f 3594/3594/3594 3592/3592/3592 3658/3658/3658
f 3656/3656/3656 3657/3657/3657 3659/3659/3659
f 3659/3659/3659 3658/3658/3658 3656/3656/3656
f 3657/3657/3657 3660/3660/3660 3659/3659/3659
f 3658/3658/3658 3659/3659/3659 3661/3661/3661
f 3661/3661/3661 3594/3594/3594 3658/3658/3658
f 3662/3662/3662 3659/3659/3659 3660/3660/3660
f 3659/3659/3659 3662/3662/3662 3661/3661/3661
f 3663/3663/3663 3662/3662/3662 3660/3660/3660
f 3662/3662/3662 3663/3663/3663 3664/3664/3664
f 3663/3663/3663 3665/3665/3665 3664/3664/3664
f 3664/3664/3664 3665/3665/3665 3666/3666/3666
f 3667/3667/3667 3664/3664/3664 3666/3666/3666
f 3667/3667/3667 3668/3668/3668 3664/3664/3664
f 3668/3668/3668 3662/3662/3662 3664/3664/3664
f 3662/3662/3662 3668/3668/3668 3661/3661/3661
f 3668/3668/3668 3669/3669/3669 3661/3661/3661
f 3661/3661/3661 3669/3669/3669 3670/3670/3670
f 3594/3594/3594 3661/3661/3661 3670/3670/3670
f 3594/3594/3594 3670/3670/3670 3671/3671/3671
f 3565/3565/3565 3594/3594/3594 3671/3671/3671
f 3670/3670/3670 3672/3672/3672 3671/3671/3671
f 3673/3673/3673 3565/3565/3565 3671/3671/3671
f 3671/3671/3671 3672/3672/3672 3674/3674/3674
f 3673/3673/3673 3671/3671/3671 3674/3674/3674
f 3677/3677/3677 3676/3676/3676 3675/3675/3675
f 3678/3678/3678 3677/3677/3677 3675/3675/3675
f 3675/3675/3675 3679/3679/3679 3678/3678/3678
f 3679/3679/3679 3680/3680/3680 3678/3678/3678
f 3680/3680/3680 3679/3679/3679 3681/3681/3681
f 3682/3682/3682 3680/3680/3680 3681/3681/3681
f 3682/3682/3682 3681/3681/3681 3683/3683/3683
f 3681/3681/3681 3684/3684/3684 3683/3683/3683
f 3683/3683/3683 3684/3684/3684 3685/3685/3685
f 3686/3686/3686 3683/3683/3683 3685/3685/3685
f 3685/3685/3685 3687/3687/3687 3686/3686/3686
f 3687/3687/3687 3688/3688/3688 3686/3686/3686
f 3691/3691/3691 3690/3690/3690 3689/3689/3689
f 3689/3689/3689 3692/3692/3692 3691/3691/3691
f 3692/3692/3692 3689/3689/3689 3693/3693/3693
f 3694/3694/3694 3692/3692/3692 3693/3693/3693
f 3694/3694/3694 3693/3693/3693 3695/3695/3695
f 3693/3693/3693 3696/3696/3696 3695/3695/3695
f 3697/3697/3697 3695/3695/3695 3696/3696/3696
f 3696/3696/3696 3698/3698/3698 3697/3697/3697
f 3701/3701/3701 3700/3700/3700 3699/3699/3699
f 3700/3700/3700 3702/3702/3702 3699/3699/3699
f 3699/3699/3699 3702/3702/3702 3703/3703/3703
f 3700/3700/3700 3704/3704/3704 3702/3702/3702
f 3702/3702/3702 3705/3705/3705 3703/3703/3703
f 3703/3703/3703 3705/3705/3705 3706/3706/3706
f 3704/3704/3704 3707/3707/3707 3702/3702/3702
f 3702/3702/3702 3707/3707/3707 3705/3705/3705
f 3704/3704/3704 3708/3708/3708 3707/3707/3707
f 3705/3705/3705 3709/3709/3709 3706/3706/3706
f 3706/3706/3706 3709/3709/3709 3710/3710/3710
f 3707/3707/3707 3711/3711/3711 3705/3705/3705
f 3705/3705/3705 3711/3711/3711 3709/3709/3709
f 3708/3708/3708 3712/3712/3712 3707/3707/3707
f 3707/3707/3707 3712/3712/3712 3711/3711/3711
f 3708/3708/3708 3713/3713/3713 3712/3712/3712
f 3713/3713/3713 3714/3714/3714 3712/3712/3712
f 3712/3712/3712 3714/3714/3714 3715/3715/3715
f 3712/3712/3712 3715/3715/3715 3711/3711/3711
f 3714/3714/3714 3716/3716/3716 3715/3715/3715
f 3709/3709/3709 3717/3717/3717 3710/3710/3710
f 3718/3718/3718 3710/3710/3710 3717/3717/3717
f 3711/3711/3711 3719/3719/3719 3709/3709/3709
f 3711/3711/3711 3715/3715/3715 3719/3719/3719
f 3709/3709/3709 3719/3719/3719 3717/3717/3717
f 3715/3715/3715 3716/3716/3716 3720/3720/3720
f 3715/3715/3715 3720/3720/3720 3719/3719/3719
f 3716/3716/3716 3721/3721/3721 3720/3720/3720
f 3719/3719/3719 3722/3722/3722 3717/3717/3717
f 3718/3718/3718 3717/3717/3717 3722/3722/3722
f 3719/3719/3719 3720/3720/3720 3722/3722/3722
f 3720/3720/3720 3721/3721/3721 3723/3723/3723
f 3720/3720/3720 3723/3723/3723 3722/3722/3722
f 3718/3718/3718 3722/3722/3722 3723/3723/3723
f 3721/3721/3721 3724/3724/3724 3723/3723/3723
f 3718/3718/3718 3723/3723/3723 3724/3724/3724
f 3727/3727/3727 3726/3726/3726 3725/3725/3725
f 3726/3726/3726 3728/3728/3728 3725/3725/3725
f 3725/3725/3725 3728/3728/3728 3729/3729/3729
f 3726/3726/3726 3730/3730/3730 3728/3728/3728
f 3728/3728/3728 3731/3731/3731 3729/3729/3729
f 3729/3729/3729 3731/3731/3731 3732/3732/3732
f 3730/3730/3730 3733/3733/3733 3728/3728/3728
f 3728/3728/3728 3733/3733/3733 3731/3731/3731
f 3730/3730/3730 3734/3734/3734 3733/3733/3733
f 3731/3731/3731 3735/3735/3735 3732/3732/3732
f 3732/3732/3732 3735/3735/3735 3736/3736/3736
f 3733/3733/3733 3737/3737/3737 3731/3731/3731
f 3731/3731/3731 3737/3737/3737 3735/3735/3735
f 3734/3734/3734 3738/3738/3738 3733/3733/3733
f 3733/3733/3733 3738/3738/3738 3737/3737/3737
f 3734/3734/3734 3739/3739/3739 3738/3738/3738
f 3739/3739/3739 3740/3740/3740 3738/3738/3738
f 3738/3738/3738 3740/3740/3740 3741/3741/3741
f 3738/3738/3738 3741/3741/3741 3737/3737/3737
f 3740/3740/3740 3742/3742/3742 3741/3741/3741
f 3735/3735/3735 3743/3743/3743 3736/3736/3736
f 3744/3744/3744 3736/3736/3736 3743/3743/3743
f 3737/3737/3737 3745/3745/3745 3735/3735/3735
f 3737/3737/3737 3741/3741/3741 3745/3745/3745
f 3735/3735/3735 3745/3745/3745 3743/3743/3743
f 3741/3741/3741 3742/3742/3742 3746/3746/3746
f 3741/3741/3741 3746/3746/3746 3745/3745/3745
f 3742/3742/3742 3747/3747/3747 3746/3746/3746
f 3745/3745/3745 3748/3748/3748 3743/3743/3743
f 3744/3744/3744 3743/3743/3743 3748/3748/3748
f 3745/3745/3745 3746/3746/3746 3748/3748/3748
f 3746/3746/3746 3747/3747/3747 3749/3749/3749
f 3746/3746/3746 3749/3749/3749 3748/3748/3748
f 3744/3744/3744 3748/3748/3748 3749/3749/3749
f 3747/3747/3747 3750/3750/3750 3749/3749/3749
f 3744/3744/3744 3749/3749/3749 3750/3750/3750
f 3753/3753/3753 3752/3752/3752 3751/3751/3751
f 3754/3754/3754 3753/3753/3753 3751/3751/3751
f 3757/3757/3757 3756/3756/3756 3755/3755/3755
f 3756/3756/3756 3758/3758/3758 3755/3755/3755
f 3759/3759/3759 3758/3758/3758 3756/3756/3756
f 3760/3760/3760 3759/3759/3759 3756/3756/3756
f 3760/3760/3760 3761/3761/3761 3759/3759/3759
f 3761/3761/3761 3762/3762/3762 3759/3759/3759
f 3762/3762/3762 3763/3763/3763 3759/3759/3759
f 3764/3764/3764 3755/3755/3755 3758/3758/3758
f 3765/3765/3765 3755/3755/3755 3764/3764/3764
f 3766/3766/3766 3764/3764/3764 3758/3758/3758
f 3766/3766/3766 3758/3758/3758 3759/3759/3759
f 3767/3767/3767 3765/3765/3765 3764/3764/3764
f 3763/3763/3763 3768/3768/3768 3759/3759/3759
f 3768/3768/3768 3766/3766/3766 3759/3759/3759
f 3763/3763/3763 3769/3769/3769 3768/3768/3768
f 3768/3768/3768 3770/3770/3770 3766/3766/3766
f 3769/3769/3769 3770/3770/3770 3768/3768/3768
f 3770/3770/3770 3771/3771/3771 3766/3766/3766
f 3767/3767/3767 3772/3772/3772 3765/3765/3765
f 3772/3772/3772 3773/3773/3773 3765/3765/3765
f 3773/3773/3773 3772/3772/3772 3774/3774/3774
f 3772/3772/3772 3775/3775/3775 3774/3774/3774
f 3775/3775/3775 3772/3772/3772 3767/3767/3767
f 3776/3776/3776 3775/3775/3775 3767/3767/3767
f 3770/3770/3770 3769/3769/3769 3777/3777/3777
f 3769/3769/3769 3778/3778/3778 3777/3777/3777
f 3777/3777/3777 3778/3778/3778 3779/3779/3779
f 3780/3780/3780 3771/3771/3771 3770/3770/3770
f 3777/3777/3777 3780/3780/3780 3770/3770/3770
f 3781/3781/3781 3777/3777/3777 3779/3779/3779
f 3777/3777/3777 3781/3781/3781 3780/3780/3780
f 3780/3780/3780 3782/3782/3782 3771/3771/3771
f 3782/3782/3782 3783/3783/3783 3771/3771/3771
f 3782/3782/3782 3784/3784/3784 3783/3783/3783
f 3784/3784/3784 3785/3785/3785 3783/3783/3783
f 3782/3782/3782 3780/3780/3780 3786/3786/3786
f 3784/3784/3784 3782/3782/3782 3786/3786/3786
f 3781/3781/3781 3779/3779/3779 3787/3787/3787
f 3779/3779/3779 3788/3788/3788 3787/3787/3787
f 3788/3788/3788 3789/3789/3789 3787/3787/3787
f 3781/3781/3781 3790/3790/3790 3780/3780/3780
f 3780/3780/3780 3790/3790/3790 3786/3786/3786
f 3789/3789/3789 3791/3791/3791 3787/3787/3787
f 3789/3789/3789 3792/3792/3792 3791/3791/3791
f 3792/3792/3792 3793/3793/3793 3791/3791/3791
f 3793/3793/3793 3794/3794/3794 3791/3791/3791
f 3787/3787/3787 3795/3795/3795 3781/3781/3781
f 3795/3795/3795 3790/3790/3790 3781/3781/3781
f 3787/3787/3787 3791/3791/3791 3795/3795/3795
f 3794/3794/3794 3796/3796/3796 3791/3791/3791
f 3791/3791/3791 3796/3796/3796 3795/3795/3795
f 3794/3794/3794 3797/3797/3797 3796/3796/3796
f 3795/3795/3795 3798/3798/3798 3790/3790/3790
f 3798/3798/3798 3786/3786/3786 3790/3790/3790
f 3795/3795/3795 3796/3796/3796 3798/3798/3798
f 3797/3797/3797 3799/3799/3799 3796/3796/3796
f 3796/3796/3796 3799/3799/3799 3798/3798/3798
f 3797/3797/3797 3800/3800/3800 3799/3799/3799
f 3786/3786/3786 3798/3798/3798 3801/3801/3801
f 3801/3801/3801 3784/3784/3784 3786/3786/3786
f 3798/3798/3798 3799/3799/3799 3802/3802/3802
f 3798/3798/3798 3803/3803/3803 3801/3801/3801
f 3799/3799/3799 3804/3804/3804 3802/3802/3802
f 3800/3800/3800 3804/3804/3804 3799/3799/3799
f 3802/3802/3802 3804/3804/3804 3805/3805/3805
f 3801/3801/3801 3803/3803/3803 3806/3806/3806
f 3801/3801/3801 3806/3806/3806 3784/3784/3784
f 3803/3803/3803 3807/3807/3807 3806/3806/3806
f 3808/3808/3808 3806/3806/3806 3807/3807/3807
f 3806/3806/3806 3808/3808/3808 3809/3809/3809
f 3804/3804/3804 3800/3800/3800 3810/3810/3810
f 3804/3804/3804 3810/3810/3810 3805/3805/3805
f 3800/3800/3800 3811/3811/3811 3810/3810/3810
f 3805/3805/3805 3810/3810/3810 3812/3812/3812
f 3810/3810/3810 3811/3811/3811 3812/3812/3812
f 3806/3806/3806 3813/3813/3813 3784/3784/3784
f 3813/3813/3813 3806/3806/3806 3809/3809/3809
f 3814/3814/3814 3813/3813/3813 3809/3809/3809
f 3784/3784/3784 3813/3813/3813 3785/3785/3785
f 3813/3813/3813 3815/3815/3815 3785/3785/3785
f 3818/3818/3818 3817/3817/3817 3816/3816/3816
f 3819/3819/3819 3818/3818/3818 3816/3816/3816
f 3822/3822/3822 3821/3821/3821 3820/3820/3820
f 3823/3823/3823 3822/3822/3822 3820/3820/3820
f 3826/3826/3826 3825/3825/3825 3824/3824/3824
f 3825/3825/3825 3827/3827/3827 3824/3824/3824
f 3824/3824/3824 3827/3827/3827 3828/3828/3828
f 3824/3824/3824 3828/3828/3828 3829/3829/3829
f 3827/3827/3827 3830/3830/3830 3828/3828/3828
f 3831/3831/3831 3824/3824/3824 3829/3829/3829
f 3832/3832/3832 3824/3824/3824 3831/3831/3831
f 3833/3833/3833 3832/3832/3832 3831/3831/3831
f 3834/3834/3834 3831/3831/3831 3829/3829/3829
f 3835/3835/3835 3831/3831/3831 3834/3834/3834
f 3836/3836/3836 3835/3835/3835 3834/3834/3834
f 3837/3837/3837 3834/3834/3834 3829/3829/3829
f 3838/3838/3838 3834/3834/3834 3837/3837/3837
f 3839/3839/3839 3834/3834/3834 3838/3838/3838
f 3840/3840/3840 3839/3839/3839 3838/3838/3838
f 3841/3841/3841 3838/3838/3838 3837/3837/3837
f 3842/3842/3842 3838/3838/3838 3841/3841/3841
f 3843/3843/3843 3842/3842/3842 3841/3841/3841
f 3844/3844/3844 3838/3838/3838 3842/3842/3842
f 3845/3845/3845 3844/3844/3844 3842/3842/3842
f 3847/3847/3847 3846/3846/3846 3827/3827/3827
f 3846/3846/3846 3848/3848/3848 3827/3827/3827
f 3827/3827/3827 3848/3848/3848 3830/3830/3830
f 3848/3848/3848 3849/3849/3849 3830/3830/3830
f 3848/3848/3848 3850/3850/3850 3849/3849/3849
f 3850/3850/3850 3851/3851/3851 3849/3849/3849
f 3851/3851/3851 3850/3850/3850 3852/3852/3852
f 3850/3850/3850 3853/3853/3853 3852/3852/3852
f 3850/3850/3850 3848/3848/3848 3854/3854/3854
f 3848/3848/3848 3855/3855/3855 3854/3854/3854
f 3850/3850/3850 3856/3856/3856 3853/3853/3853
f 3856/3856/3856 3857/3857/3857 3853/3853/3853
f 3860/3860/3860 3859/3859/3859 3858/3858/3858
f 3859/3859/3859 3861/3861/3861 3858/3858/3858
f 3859/3859/3859 3862/3862/3862 3861/3861/3861
f 3862/3862/3862 3863/3863/3863 3861/3861/3861
f 3862/3862/3862 3864/3864/3864 3863/3863/3863
f 3864/3864/3864 3865/3865/3865 3863/3863/3863
f 3864/3864/3864 3866/3866/3866 3865/3865/3865
f 3866/3866/3866 3867/3867/3867 3865/3865/3865
f 3866/3866/3866 3868/3868/3868 3867/3867/3867
f 3868/3868/3868 3869/3869/3869 3867/3867/3867
f 3868/3868/3868 3870/3870/3870 3869/3869/3869
f 3870/3870/3870 3871/3871/3871 3869/3869/3869
f 3870/3870/3870 3872/3872/3872 3871/3871/3871
f 3872/3872/3872 3873/3873/3873 3871/3871/3871
f 3872/3872/3872 3874/3874/3874 3873/3873/3873
f 3874/3874/3874 3875/3875/3875 3873/3873/3873
f 3878/3878/3878 3877/3877/3877 3876/3876/3876
f 3877/3877/3877 3879/3879/3879 3876/3876/3876
f 3876/3876/3876 3879/3879/3879 3880/3880/3880
f 3881/3881/3881 3876/3876/3876 3880/3880/3880
f 3881/3881/3881 3880/3880/3880 3882/3882/3882
f 3880/3880/3880 3883/3883/3883 3882/3882/3882
f 3886/3886/3886 3885/3885/3885 3884/3884/3884
f 3887/3887/3887 3886/3886/3886 3884/3884/3884
f 3884/3884/3884 3888/3888/3888 3887/3887/3887
f 3888/3888/3888 3889/3889/3889 3887/3887/3887
f 3889/3889/3889 3890/3890/3890 3887/3887/3887
f 3888/3888/3888 3891/3891/3891 3889/3889/3889
f 3892/3892/3892 3891/3891/3891 3888/3888/3888
f 3891/3891/3891 3893/3893/3893 3889/3889/3889
f 3894/3894/3894 3889/3889/3889 3893/3893/3893
f 3894/3894/3894 3893/3893/3893 3895/3895/3895
f 3889/3889/3889 3894/3894/3894 3896/3896/3896
f 3894/3894/3894 3895/3895/3895 3896/3896/3896
f 3899/3899/3899 3898/3898/3898 3897/3897/3897
f 3898/3898/3898 3900/3900/3900 3897/3897/3897
f 3901/3901/3901 3897/3897/3897 3900/3900/3900
f 3901/3901/3901 3900/3900/3900 3902/3902/3902
f 3900/3900/3900 3903/3903/3903 3902/3902/3902
f 3901/3901/3901 3902/3902/3902 3904/3904/3904
f 3905/3905/3905 3901/3901/3901 3904/3904/3904
f 3902/3902/3902 3906/3906/3906 3904/3904/3904
f 3907/3907/3907 3906/3906/3906 3902/3902/3902
f 3902/3902/3902 3908/3908/3908 3907/3907/3907
f 3909/3909/3909 3906/3906/3906 3907/3907/3907
f 3908/3908/3908 3909/3909/3909 3907/3907/3907
f 3912/3912/3912 3911/3911/3911 3910/3910/3910
f 3913/3913/3913 3912/3912/3912 3910/3910/3910
f 3916/3916/3916 3915/3915/3915 3914/3914/3914
f 3917/3917/3917 3916/3916/3916 3914/3914/3914
f 3920/3920/3920 3919/3919/3919 3918/3918/3918
f 3919/3919/3919 3921/3921/3921 3918/3918/3918
f 3922/3922/3922 3921/3921/3921 3919/3919/3919
f 3923/3923/3923 3922/3922/3922 3919/3919/3919
f 3924/3924/3924 3922/3922/3922 3923/3923/3923
f 3925/3925/3925 3924/3924/3924 3923/3923/3923
f 3928/3928/3928 3927/3927/3927 3926/3926/3926
f 3929/3929/3929 3928/3928/3928 3926/3926/3926
f 3930/3930/3930 3929/3929/3929 3926/3926/3926
f 3931/3931/3931 3929/3929/3929 3930/3930/3930
f 3934/3934/3934 3933/3933/3933 3932/3932/3932
f 3933/3933/3933 3935/3935/3935 3932/3932/3932
f 3936/3936/3936 3932/3932/3932 3935/3935/3935
f 3937/3937/3937 3936/3936/3936 3935/3935/3935
f 3936/3936/3936 3937/3937/3937 3938/3938/3938
f 3939/3939/3939 3936/3936/3936 3938/3938/3938
f 3942/3942/3942 3941/3941/3941 3940/3940/3940
f 3941/3941/3941 3943/3943/3943 3940/3940/3940
f 3944/3944/3944 3940/3940/3940 3943/3943/3943
f 3941/3941/3941 3945/3945/3945 3943/3943/3943
f 3946/3946/3946 3944/3944/3944 3943/3943/3943
f 3945/3945/3945 3947/3947/3947 3943/3943/3943
f 3945/3945/3945 3948/3948/3948 3947/3947/3947
f 3948/3948/3948 3949/3949/3949 3947/3947/3947
f 3950/3950/3950 3947/3947/3947 3949/3949/3949
f 3951/3951/3951 3946/3946/3946 3943/3943/3943
f 3951/3951/3951 3943/3943/3943 3947/3947/3947
f 3946/3946/3946 3951/3951/3951 3952/3952/3952
f 3953/3953/3953 3952/3952/3952 3951/3951/3951
f 3954/3954/3954 3947/3947/3947 3950/3950/3950
f 3954/3954/3954 3951/3951/3951 3947/3947/3947
f 3954/3954/3954 3953/3953/3953 3951/3951/3951
f 3955/3955/3955 3954/3954/3954 3950/3950/3950
f 3955/3955/3955 3953/3953/3953 3954/3954/3954
f 3958/3958/3958 3957/3957/3957 3956/3956/3956
f 3959/3959/3959 3958/3958/3958 3956/3956/3956
f 3958/3958/3958 3959/3959/3959 3960/3960/3960
f 3961/3961/3961 3958/3958/3958 3960/3960/3960
f 3961/3961/3961 3960/3960/3960 3962/3962/3962
f 3963/3963/3963 3961/3961/3961 3962/3962/3962
f 3963/3963/3963 3962/3962/3962 3964/3964/3964
f 3965/3965/3965 3963/3963/3963 3964/3964/3964
f 3965/3965/3965 3964/3964/3964 3966/3966/3966
f 3964/3964/3964 3967/3967/3967 3966/3966/3966
f 3970/3970/3970 3969/3969/3969 3968/3968/3968
f 3969/3969/3969 3971/3971/3971 3968/3968/3968
f 3969/3969/3969 3972/3972/3972 3971/3971/3971
f 3972/3972/3972 3973/3973/3973 3971/3971/3971
f 3972/3972/3972 3974/3974/3974 3973/3973/3973
f 3974/3974/3974 3975/3975/3975 3973/3973/3973
f 3978/3978/3978 3977/3977/3977 3976/3976/3976
f 3979/3979/3979 3978/3978/3978 3976/3976/3976
f 3979/3979/3979 3976/3976/3976 3980/3980/3980
f 3981/3981/3981 3978/3978/3978 3979/3979/3979
f 3982/3982/3982 3979/3979/3979 3980/3980/3980
f 3982/3982/3982 3980/3980/3980 3983/3983/3983
f 3984/3984/3984 3981/3981/3981 3979/3979/3979
f 3984/3984/3984 3979/3979/3979 3982/3982/3982
f 3985/3985/3985 3981/3981/3981 3984/3984/3984
f 3986/3986/3986 3982/3982/3982 3983/3983/3983
f 3986/3986/3986 3983/3983/3983 3987/3987/3987
f 3988/3988/3988 3984/3984/3984 3982/3982/3982
f 3988/3988/3988 3982/3982/3982 3986/3986/3986
f 3989/3989/3989 3986/3986/3986 3987/3987/3987
f 3989/3989/3989 3987/3987/3987 3990/3990/3990
f 3991/3991/3991 3988/3988/3988 3986/3986/3986
f 3991/3991/3991 3986/3986/3986 3989/3989/3989
f 3992/3992/3992 3989/3989/3989 3990/3990/3990
f 3992/3992/3992 3990/3990/3990 3993/3993/3993
f 3994/3994/3994 3991/3991/3991 3989/3989/3989
f 3994/3994/3994 3989/3989/3989 3992/3992/3992
f 3995/3995/3995 3992/3992/3992 3993/3993/3993
f 3995/3995/3995 3993/3993/3993 3996/3996/3996
f 3997/3997/3997 3995/3995/3995 3996/3996/3996
f 3998/3998/3998 3992/3992/3992 3995/3995/3995
f 3998/3998/3998 3994/3994/3994 3992/3992/3992
f 3999/3999/3999 3995/3995/3995 3997/3997/3997
f 3999/3999/3999 3998/3998/3998 3995/3995/3995
f 4000/4000/4000 3999/3999/3999 3997/3997/3997
f 3999/3999/3999 4000/4000/4000 4001/4001/4001
f 3994/3994/3994 3998/3998/3998 4002/4002/4002
f 4002/4002/4002 3998/3998/3998 3999/3999/3999
f 3991/3991/3991 3994/3994/3994 4003/4003/4003
f 4003/4003/4003 3994/3994/3994 4002/4002/4002
f 4004/4004/4004 3999/3999/3999 4001/4001/4001
f 4004/4004/4004 4002/4002/4002 3999/3999/3999
f 4005/4005/4005 3991/3991/3991 4003/4003/4003
f 3988/3988/3988 3991/3991/3991 4005/4005/4005
f 4006/4006/4006 4004/4004/4004 4001/4001/4001
f 4007/4007/4007 4006/4006/4006 4001/4001/4001
f 4007/4007/4007 4008/4008/4008 4006/4006/4006
f 4008/4008/4008 4003/4003/4003 4002/4002/4002
f 4005/4005/4005 4003/4003/4003 4009/4009/4009
f 4010/4010/4010 4002/4002/4002 4004/4004/4004
f 4006/4006/4006 4010/4010/4010 4004/4004/4004
f 4010/4010/4010 4008/4008/4008 4002/4002/4002
f 4008/4008/4008 4010/4010/4010 4006/4006/4006
f 4011/4011/4011 4005/4005/4005 4009/4009/4009
f 4011/4011/4011 4009/4009/4009 4012/4012/4012
f 4013/4013/4013 4011/4011/4011 4012/4012/4012
f 4013/4013/4013 4012/4012/4012 4014/4014/4014
f 4015/4015/4015 4013/4013/4013 4014/4014/4014
f 4014/4014/4014 4016/4016/4016 4015/4015/4015
f 4016/4016/4016 4017/4017/4017 4015/4015/4015
f 4017/4017/4017 4016/4016/4016 4018/4018/4018
f 4016/4016/4016 4019/4019/4019 4018/4018/4018
f 4018/4018/4018 4019/4019/4019 4020/4020/4020
f 4019/4019/4019 4021/4021/4021 4020/4020/4020
f 4022/4022/4022 3988/3988/3988 4005/4005/4005
f 3984/3984/3984 3988/3988/3988 4022/4022/4022
f 4022/4022/4022 4005/4005/4005 4023/4023/4023
f 4024/4024/4024 3984/3984/3984 4022/4022/4022
f 4024/4024/4024 3985/3985/3985 3984/3984/3984
f 4025/4025/4025 4022/4022/4022 4023/4023/4023
f 4024/4024/4024 4022/4022/4022 4025/4025/4025
f 3985/3985/3985 4024/4024/4024 4026/4026/4026
f 4026/4026/4026 4024/4024/4024 4025/4025/4025
f 4026/4026/4026 4025/4025/4025 4023/4023/4023
f 4027/4027/4027 3985/3985/3985 4026/4026/4026
f 4027/4027/4027 4026/4026/4026 4023/4023/4023
f 4030/4030/4030 4029/4029/4029 4028/4028/4028
f 4029/4029/4029 4031/4031/4031 4028/4028/4028
f 4029/4029/4029 4032/4032/4032 4031/4031/4031
f 4032/4032/4032 4033/4033/4033 4031/4031/4031
f 4033/4033/4033 4032/4032/4032 4034/4034/4034
f 4035/4035/4035 4033/4033/4033 4034/4034/4034
f 4033/4033/4033 4035/4035/4035 4036/4036/4036
f 4037/4037/4037 4033/4033/4033 4036/4036/4036
f 4038/4038/4038 4035/4035/4035 4034/4034/4034
f 4039/4039/4039 4038/4038/4038 4034/4034/4034
f 4039/4039/4039 4034/4034/4034 4040/4040/4040
f 4041/4041/4041 4039/4039/4039 4040/4040/4040
f 4038/4038/4038 4041/4041/4041 4035/4035/4035
f 4041/4041/4041 4040/4040/4040 4042/4042/4042
f 4041/4041/4041 4042/4042/4042 4035/4035/4035
f 4036/4036/4036 4035/4035/4035 4043/4043/4043
f 4044/4044/4044 4037/4037/4037 4036/4036/4036
f 4043/4043/4043 4044/4044/4044 4036/4036/4036
f 4037/4037/4037 4044/4044/4044 4045/4045/4045
f 4046/4046/4046 4037/4037/4037 4045/4045/4045
f 4045/4045/4045 4044/4044/4044 4047/4047/4047
f 4044/4044/4044 4043/4043/4043 4047/4047/4047
f 4048/4048/4048 4047/4047/4047 4043/4043/4043
f 4051/4051/4051 4050/4050/4050 4049/4049/4049
f 4050/4050/4050 4052/4052/4052 4049/4049/4049
f 4049/4049/4049 4052/4052/4052 4053/4053/4053
f 4052/4052/4052 4050/4050/4050 4054/4054/4054
f 4050/4050/4050 4055/4055/4055 4054/4054/4054
f 4055/4055/4055 4032/4032/4032 4054/4054/4054
f 4052/4052/4052 4056/4056/4056 4053/4053/4053
f 4056/4056/4056 4052/4052/4052 4054/4054/4054
f 4057/4057/4057 4053/4053/4053 4056/4056/4056
f 4054/4054/4054 4057/4057/4057 4056/4056/4056
f 4060/4060/4060 4059/4059/4059 4058/4058/4058
f 4061/4061/4061 4060/4060/4060 4058/4058/4058
f 4064/4064/4064 4063/4063/4063 4062/4062/4062
f 4065/4065/4065 4064/4064/4064 4062/4062/4062
f 4068/4068/4068 4067/4067/4067 4066/4066/4066
f 4069/4069/4069 4068/4068/4068 4066/4066/4066
f 4072/4072/4072 4071/4071/4071 4070/4070/4070
f 4071/4071/4071 4073/4073/4073 4070/4070/4070
f 4071/4071/4071 4074/4074/4074 4073/4073/4073
f 4074/4074/4074 4075/4075/4075 4073/4073/4073
f 4075/4075/4075 4074/4074/4074 4076/4076/4076
f 4077/4077/4077 4075/4075/4075 4076/4076/4076
f 4075/4075/4075 4077/4077/4077 4078/4078/4078
f 4079/4079/4079 4075/4075/4075 4078/4078/4078
f 4080/4080/4080 4077/4077/4077 4076/4076/4076
f 4081/4081/4081 4080/4080/4080 4076/4076/4076
f 4081/4081/4081 4076/4076/4076 4082/4082/4082
f 4083/4083/4083 4081/4081/4081 4082/4082/4082
f 4080/4080/4080 4083/4083/4083 4077/4077/4077
f 4083/4083/4083 4082/4082/4082 4084/4084/4084
f 4083/4083/4083 4084/4084/4084 4077/4077/4077
f 4078/4078/4078 4077/4077/4077 4085/4085/4085
f 4086/4086/4086 4079/4079/4079 4078/4078/4078
f 4085/4085/4085 4086/4086/4086 4078/4078/4078
f 4079/4079/4079 4086/4086/4086 4087/4087/4087
f 4088/4088/4088 4079/4079/4079 4087/4087/4087
f 4087/4087/4087 4086/4086/4086 4089/4089/4089
f 4086/4086/4086 4085/4085/4085 4089/4089/4089
f 4090/4090/4090 4089/4089/4089 4085/4085/4085
f 4093/4093/4093 4092/4092/4092 4091/4091/4091
f 4092/4092/4092 4094/4094/4094 4091/4091/4091
f 4091/4091/4091 4094/4094/4094 4095/4095/4095
f 4094/4094/4094 4092/4092/4092 4096/4096/4096
f 4092/4092/4092 4097/4097/4097 4096/4096/4096
f 4097/4097/4097 4074/4074/4074 4096/4096/4096
f 4094/4094/4094 4098/4098/4098 4095/4095/4095
f 4098/4098/4098 4094/4094/4094 4096/4096/4096
f 4099/4099/4099 4095/4095/4095 4098/4098/4098
f 4096/4096/4096 4099/4099/4099 4098/4098/4098
f 4102/4102/4102 4101/4101/4101 4100/4100/4100
f 4103/4103/4103 4102/4102/4102 4100/4100/4100
f 4106/4106/4106 4105/4105/4105 4104/4104/4104
f 4107/4107/4107 4106/4106/4106 4104/4104/4104
f 4110/4110/4110 4109/4109/4109 4108/4108/4108
f 4111/4111/4111 4110/4110/4110 4108/4108/4108
f 4114/4114/4114 4113/4113/4113 4112/4112/4112
f 4115/4115/4115 4114/4114/4114 4112/4112/4112
f 4118/4118/4118 4117/4117/4117 4116/4116/4116
f 4119/4119/4119 4118/4118/4118 4116/4116/4116
f 4122/4122/4122 4121/4121/4121 4120/4120/4120
f 4123/4123/4123 4122/4122/4122 4120/4120/4120
f 4126/4126/4126 4125/4125/4125 4124/4124/4124
f 4127/4127/4127 4126/4126/4126 4124/4124/4124
f 4124/4124/4124 4128/4128/4128 4127/4127/4127
f 4128/4128/4128 4129/4129/4129 4127/4127/4127
f 4130/4130/4130 4129/4129/4129 4128/4128/4128
f 4131/4131/4131 4130/4130/4130 4128/4128/4128
f 4131/4131/4131 4132/4132/4132 4130/4130/4130
f 4132/4132/4132 4133/4133/4133 4130/4130/4130
f 4132/4132/4132 4134/4134/4134 4133/4133/4133
f 4134/4134/4134 4135/4135/4135 4133/4133/4133
f 4133/4133/4133 4135/4135/4135 4136/4136/4136
f 4137/4137/4137 4133/4133/4133 4136/4136/4136
f 4138/4138/4138 4134/4134/4134 4132/4132/4132
f 4139/4139/4139 4138/4138/4138 4132/4132/4132
f 4139/4139/4139 4132/4132/4132 4140/4140/4140
f 4138/4138/4138 4141/4141/4141 4134/4134/4134
f 4141/4141/4141 4138/4138/4138 4139/4139/4139
f 4141/4141/4141 4142/4142/4142 4134/4134/4134
f 4143/4143/4143 4142/4142/4142 4141/4141/4141
f 4144/4144/4144 4143/4143/4143 4141/4141/4141
f 4144/4144/4144 4141/4141/4141 4139/4139/4139
f 4143/4143/4143 4144/4144/4144 4145/4145/4145
f 4145/4145/4145 4144/4144/4144 4139/4139/4139
f 4146/4146/4146 4143/4143/4143 4145/4145/4145
f 4140/4140/4140 4146/4146/4146 4145/4145/4145
f 4147/4147/4147 4139/4139/4139 4140/4140/4140
f 4147/4147/4147 4140/4140/4140 4145/4145/4145
f 4147/4147/4147 4145/4145/4145 4139/4139/4139
f 4135/4135/4135 4134/4134/4134 4148/4148/4148
f 4148/4148/4148 4134/4134/4134 4149/4149/4149
f 4150/4150/4150 4148/4148/4148 4149/4149/4149
f 4150/4150/4150 4149/4149/4149 4151/4151/4151
f 4150/4150/4150 4151/4151/4151 4152/4152/4152
f 4151/4151/4151 4135/4135/4135 4152/4152/4152
f 4152/4152/4152 4135/4135/4135 4148/4148/4148
f 4135/4135/4135 4154/4154/4154 4153/4153/4153
f 4153/4153/4153 4154/4154/4154 4155/4155/4155
f 4156/4156/4156 4135/4135/4135 4153/4153/4153
f 4135/4135/4135 4156/4156/4156 4136/4136/4136
f 4136/4136/4136 4156/4156/4156 4153/4153/4153
f 4157/4157/4157 4153/4153/4153 4155/4155/4155
f 4157/4157/4157 4136/4136/4136 4153/4153/4153
f 4158/4158/4158 4157/4157/4157 4155/4155/4155
f 4159/4159/4159 4158/4158/4158 4155/4155/4155
f 4159/4159/4159 4137/4137/4137 4158/4158/4158
f 4160/4160/4160 4137/4137/4137 4136/4136/4136
f 4160/4160/4160 4136/4136/4136 4157/4157/4157
f 4137/4137/4137 4160/4160/4160 4158/4158/4158
f 4158/4158/4158 4160/4160/4160 4157/4157/4157
f 4163/4163/4163 4162/4162/4162 4161/4161/4161
f 4164/4164/4164 4163/4163/4163 4161/4161/4161
f 4167/4167/4167 4166/4166/4166 4165/4165/4165
f 4168/4168/4168 4167/4167/4167 4165/4165/4165
f 4171/4171/4171 4170/4170/4170 4169/4169/4169
f 4172/4172/4172 4171/4171/4171 4169/4169/4169
f 4175/4175/4175 4174/4174/4174 4173/4173/4173
f 4176/4176/4176 4175/4175/4175 4173/4173/4173
f 4173/4173/4173 4177/4177/4177 4176/4176/4176
f 4177/4177/4177 4178/4178/4178 4176/4176/4176
f 4178/4178/4178 4177/4177/4177 4179/4179/4179
f 4177/4177/4177 4180/4180/4180 4179/4179/4179
f 4180/4180/4180 4181/4181/4181 4179/4179/4179
f 4181/4181/4181 4182/4182/4182 4179/4179/4179
f 4181/4181/4181 4183/4183/4183 4182/4182/4182
f 4183/4183/4183 4184/4184/4184 4182/4182/4182
f 4182/4182/4182 4184/4184/4184 4185/4185/4185
f 4186/4186/4186 4182/4182/4182 4185/4185/4185
f 4187/4187/4187 4183/4183/4183 4181/4181/4181
f 4188/4188/4188 4187/4187/4187 4181/4181/4181
f 4188/4188/4188 4181/4181/4181 4189/4189/4189
f 4187/4187/4187 4190/4190/4190 4183/4183/4183
f 4190/4190/4190 4187/4187/4187 4188/4188/4188
f 4190/4190/4190 4191/4191/4191 4183/4183/4183
f 4192/4192/4192 4191/4191/4191 4190/4190/4190
f 4193/4193/4193 4192/4192/4192 4190/4190/4190
f 4193/4193/4193 4190/4190/4190 4188/4188/4188
f 4192/4192/4192 4193/4193/4193 4194/4194/4194
f 4194/4194/4194 4193/4193/4193 4188/4188/4188
f 4195/4195/4195 4192/4192/4192 4194/4194/4194
f 4196/4196/4196 4188/4188/4188 4189/4189/4189
f 4196/4196/4196 4194/4194/4194 4188/4188/4188
f 4196/4196/4196 4189/4189/4189 4195/4195/4195
f 4194/4194/4194 4196/4196/4196 4195/4195/4195
f 4184/4184/4184 4183/4183/4183 4197/4197/4197
f 4197/4197/4197 4183/4183/4183 4198/4198/4198
f 4199/4199/4199 4197/4197/4197 4198/4198/4198
f 4199/4199/4199 4198/4198/4198 4200/4200/4200
f 4199/4199/4199 4200/4200/4200 4201/4201/4201
f 4201/4201/4201 4184/4184/4184 4197/4197/4197
f 4200/4200/4200 4184/4184/4184 4201/4201/4201
f 4184/4184/4184 4203/4203/4203 4202/4202/4202
f 4184/4184/4184 4202/4202/4202 4185/4185/4185
f 4203/4203/4203 4204/4204/4204 4202/4202/4202
f 4185/4185/4185 4202/4202/4202 4204/4204/4204
f 4204/4204/4204 4203/4203/4203 4205/4205/4205
f 4206/4206/4206 4185/4185/4185 4204/4204/4204
f 4206/4206/4206 4204/4204/4204 4205/4205/4205
f 4207/4207/4207 4185/4185/4185 4206/4206/4206
f 4207/4207/4207 4186/4186/4186 4185/4185/4185
f 4208/4208/4208 4206/4206/4206 4205/4205/4205
f 4208/4208/4208 4207/4207/4207 4206/4206/4206
f 4207/4207/4207 4208/4208/4208 4186/4186/4186
f 4209/4209/4209 4208/4208/4208 4205/4205/4205
f 4208/4208/4208 4209/4209/4209 4186/4186/4186
f 4212/4212/4212 4211/4211/4211 4210/4210/4210
f 4211/4211/4211 4213/4213/4213 4210/4210/4210
f 4211/4211/4211 4214/4214/4214 4213/4213/4213
f 4214/4214/4214 4215/4215/4215 4213/4213/4213
f 4215/4215/4215 4214/4214/4214 4216/4216/4216
f 4217/4217/4217 4215/4215/4215 4216/4216/4216
f 4215/4215/4215 4217/4217/4217 4218/4218/4218
f 4219/4219/4219 4215/4215/4215 4218/4218/4218
f 4220/4220/4220 4217/4217/4217 4216/4216/4216
f 4221/4221/4221 4220/4220/4220 4216/4216/4216
f 4221/4221/4221 4216/4216/4216 4222/4222/4222
f 4223/4223/4223 4221/4221/4221 4222/4222/4222
f 4220/4220/4220 4223/4223/4223 4217/4217/4217
f 4223/4223/4223 4222/4222/4222 4224/4224/4224
f 4223/4223/4223 4224/4224/4224 4217/4217/4217
f 4218/4218/4218 4217/4217/4217 4225/4225/4225
f 4226/4226/4226 4219/4219/4219 4218/4218/4218
f 4225/4225/4225 4226/4226/4226 4218/4218/4218
f 4219/4219/4219 4226/4226/4226 4227/4227/4227
f 4228/4228/4228 4219/4219/4219 4227/4227/4227
f 4227/4227/4227 4226/4226/4226 4229/4229/4229
f 4226/4226/4226 4225/4225/4225 4229/4229/4229
f 4230/4230/4230 4229/4229/4229 4225/4225/4225
f 4233/4233/4233 4232/4232/4232 4231/4231/4231
f 4232/4232/4232 4234/4234/4234 4231/4231/4231
f 4231/4231/4231 4234/4234/4234 4235/4235/4235
f 4234/4234/4234 4232/4232/4232 4236/4236/4236
f 4232/4232/4232 4237/4237/4237 4236/4236/4236
f 4237/4237/4237 4214/4214/4214 4236/4236/4236
f 4234/4234/4234 4238/4238/4238 4235/4235/4235
f 4238/4238/4238 4234/4234/4234 4236/4236/4236
f 4239/4239/4239 4235/4235/4235 4238/4238/4238
f 4236/4236/4236 4239/4239/4239 4238/4238/4238
f 4242/4242/4242 4241/4241/4241 4240/4240/4240
f 4243/4243/4243 4242/4242/4242 4240/4240/4240
f 4246/4246/4246 4245/4245/4245 4244/4244/4244
f 4247/4247/4247 4246/4246/4246 4244/4244/4244
f 4250/4250/4250 4249/4249/4249 4248/4248/4248
f 4251/4251/4251 4250/4250/4250 4248/4248/4248
f 4254/4254/4254 4253/4253/4253 4252/4252/4252
f 4255/4255/4255 4254/4254/4254 4252/4252/4252
f 4258/4258/4258 4257/4257/4257 4256/4256/4256
f 4259/4259/4259 4258/4258/4258 4256/4256/4256
f 4262/4262/4262 4261/4261/4261 4260/4260/4260
f 4263/4263/4263 4262/4262/4262 4260/4260/4260
f 4266/4266/4266 4265/4265/4265 4264/4264/4264
f 4267/4267/4267 4266/4266/4266 4264/4264/4264
f 4264/4264/4264 4268/4268/4268 4267/4267/4267
f 4268/4268/4268 4269/4269/4269 4267/4267/4267
f 4270/4270/4270 4269/4269/4269 4268/4268/4268
f 4271/4271/4271 4270/4270/4270 4268/4268/4268
f 4271/4271/4271 4272/4272/4272 4270/4270/4270
f 4272/4272/4272 4273/4273/4273 4270/4270/4270
f 4272/4272/4272 4274/4274/4274 4273/4273/4273
f 4274/4274/4274 4275/4275/4275 4273/4273/4273
f 4273/4273/4273 4275/4275/4275 4276/4276/4276
f 4277/4277/4277 4273/4273/4273 4276/4276/4276
f 4278/4278/4278 4274/4274/4274 4272/4272/4272
f 4279/4279/4279 4278/4278/4278 4272/4272/4272
f 4279/4279/4279 4272/4272/4272 4280/4280/4280
f 4278/4278/4278 4281/4281/4281 4274/4274/4274
f 4281/4281/4281 4278/4278/4278 4279/4279/4279
f 4281/4281/4281 4282/4282/4282 4274/4274/4274
f 4283/4283/4283 4282/4282/4282 4281/4281/4281
f 4284/4284/4284 4283/4283/4283 4281/4281/4281
f 4284/4284/4284 4281/4281/4281 4279/4279/4279
f 4283/4283/4283 4284/4284/4284 4285/4285/4285
f 4285/4285/4285 4284/4284/4284 4279/4279/4279
f 4286/4286/4286 4283/4283/4283 4285/4285/4285
f 4280/4280/4280 4286/4286/4286 4285/4285/4285
f 4287/4287/4287 4279/4279/4279 4280/4280/4280
f 4287/4287/4287 4280/4280/4280 4285/4285/4285
f 4287/4287/4287 4285/4285/4285 4279/4279/4279
f 4275/4275/4275 4274/4274/4274 4288/4288/4288
f 4288/4288/4288 4274/4274/4274 4289/4289/4289
f 4290/4290/4290 4288/4288/4288 4289/4289/4289
f 4290/4290/4290 4289/4289/4289 4291/4291/4291
f 4290/4290/4290 4291/4291/4291 4292/4292/4292
f 4291/4291/4291 4275/4275/4275 4292/4292/4292
f 4292/4292/4292 4275/4275/4275 4288/4288/4288
f 4275/4275/4275 4294/4294/4294 4293/4293/4293
f 4293/4293/4293 4294/4294/4294 4295/4295/4295
f 4296/4296/4296 4275/4275/4275 4293/4293/4293
f 4275/4275/4275 4296/4296/4296 4276/4276/4276
f 4276/4276/4276 4296/4296/4296 4293/4293/4293
f 4297/4297/4297 4293/4293/4293 4295/4295/4295
f 4297/4297/4297 4276/4276/4276 4293/4293/4293
f 4298/4298/4298 4297/4297/4297 4295/4295/4295
f 4299/4299/4299 4298/4298/4298 4295/4295/4295
f 4299/4299/4299 4277/4277/4277 4298/4298/4298
f 4300/4300/4300 4277/4277/4277 4276/4276/4276
f 4300/4300/4300 4276/4276/4276 4297/4297/4297
f 4277/4277/4277 4300/4300/4300 4298/4298/4298
f 4298/4298/4298 4300/4300/4300 4297/4297/4297
f 4303/4303/4303 4302/4302/4302 4301/4301/4301
f 4304/4304/4304 4303/4303/4303 4301/4301/4301
f 4307/4307/4307 4306/4306/4306 4305/4305/4305
f 4308/4308/4308 4307/4307/4307 4305/4305/4305
f 4311/4311/4311 4310/4310/4310 4309/4309/4309
f 4312/4312/4312 4311/4311/4311 4309/4309/4309
f 4315/4315/4315 4314/4314/4314 4313/4313/4313
f 4316/4316/4316 4315/4315/4315 4313/4313/4313
f 4313/4313/4313 4317/4317/4317 4316/4316/4316
f 4317/4317/4317 4318/4318/4318 4316/4316/4316
f 4318/4318/4318 4317/4317/4317 4319/4319/4319
f 4317/4317/4317 4320/4320/4320 4319/4319/4319
f 4320/4320/4320 4321/4321/4321 4319/4319/4319
f 4321/4321/4321 4322/4322/4322 4319/4319/4319
f 4321/4321/4321 4323/4323/4323 4322/4322/4322
f 4323/4323/4323 4324/4324/4324 4322/4322/4322
f 4322/4322/4322 4324/4324/4324 4325/4325/4325
f 4326/4326/4326 4322/4322/4322 4325/4325/4325
f 4327/4327/4327 4323/4323/4323 4321/4321/4321
f 4328/4328/4328 4327/4327/4327 4321/4321/4321
f 4328/4328/4328 4321/4321/4321 4329/4329/4329
f 4327/4327/4327 4330/4330/4330 4323/4323/4323
f 4330/4330/4330 4327/4327/4327 4328/4328/4328
f 4330/4330/4330 4331/4331/4331 4323/4323/4323
f 4332/4332/4332 4331/4331/4331 4330/4330/4330
f 4333/4333/4333 4332/4332/4332 4330/4330/4330
f 4333/4333/4333 4330/4330/4330 4328/4328/4328
f 4332/4332/4332 4333/4333/4333 4334/4334/4334
f 4334/4334/4334 4333/4333/4333 4328/4328/4328
f 4335/4335/4335 4332/4332/4332 4334/4334/4334
f 4336/4336/4336 4328/4328/4328 4329/4329/4329
f 4336/4336/4336 4334/4334/4334 4328/4328/4328
f 4336/4336/4336 4329/4329/4329 4335/4335/4335
f 4334/4334/4334 4336/4336/4336 4335/4335/4335
f 4324/4324/4324 4323/4323/4323 4337/4337/4337
f 4337/4337/4337 4323/4323/4323 4338/4338/4338
f 4339/4339/4339 4337/4337/4337 4338/4338/4338
f 4339/4339/4339 4338/4338/4338 4340/4340/4340
f 4339/4339/4339 4340/4340/4340 4341/4341/4341
f 4341/4341/4341 4324/4324/4324 4337/4337/4337
f 4340/4340/4340 4324/4324/4324 4341/4341/4341
f 4324/4324/4324 4343/4343/4343 4342/4342/4342
f 4324/4324/4324 4342/4342/4342 4325/4325/4325
f 4343/4343/4343 4344/4344/4344 4342/4342/4342
f 4325/4325/4325 4342/4342/4342 4344/4344/4344
f 4344/4344/4344 4343/4343/4343 4345/4345/4345
f 4346/4346/4346 4325/4325/4325 4344/4344/4344
f 4346/4346/4346 4344/4344/4344 4345/4345/4345
f 4347/4347/4347 4325/4325/4325 4346/4346/4346
f 4347/4347/4347 4326/4326/4326 4325/4325/4325
f 4348/4348/4348 4346/4346/4346 4345/4345/4345
f 4348/4348/4348 4347/4347/4347 4346/4346/4346
f 4347/4347/4347 4348/4348/4348 4326/4326/4326
f 4349/4349/4349 4348/4348/4348 4345/4345/4345
f 4348/4348/4348 4349/4349/4349 4326/4326/4326
f 4352/4352/4352 4351/4351/4351 4350/4350/4350
f 4351/4351/4351 4353/4353/4353 4350/4350/4350
f 4351/4351/4351 4354/4354/4354 4353/4353/4353
f 4354/4354/4354 4355/4355/4355 4353/4353/4353
f 4355/4355/4355 4354/4354/4354 4356/4356/4356
f 4357/4357/4357 4355/4355/4355 4356/4356/4356
f 4355/4355/4355 4357/4357/4357 4358/4358/4358
f 4359/4359/4359 4355/4355/4355 4358/4358/4358
f 4360/4360/4360 4357/4357/4357 4356/4356/4356
f 4361/4361/4361 4360/4360/4360 4356/4356/4356
f 4361/4361/4361 4356/4356/4356 4362/4362/4362
f 4363/4363/4363 4361/4361/4361 4362/4362/4362
f 4360/4360/4360 4363/4363/4363 4357/4357/4357
f 4363/4363/4363 4362/4362/4362 4364/4364/4364
f 4363/4363/4363 4364/4364/4364 4357/4357/4357
f 4358/4358/4358 4357/4357/4357 4365/4365/4365
f 4366/4366/4366 4359/4359/4359 4358/4358/4358
f 4365/4365/4365 4366/4366/4366 4358/4358/4358
f 4359/4359/4359 4366/4366/4366 4367/4367/4367
f 4368/4368/4368 4359/4359/4359 4367/4367/4367
f 4367/4367/4367 4366/4366/4366 4369/4369/4369
f 4366/4366/4366 4365/4365/4365 4369/4369/4369
f 4370/4370/4370 4369/4369/4369 4365/4365/4365
f 4373/4373/4373 4372/4372/4372 4371/4371/4371
f 4372/4372/4372 4374/4374/4374 4371/4371/4371
f 4371/4371/4371 4374/4374/4374 4375/4375/4375
f 4374/4374/4374 4372/4372/4372 4376/4376/4376
f 4372/4372/4372 4377/4377/4377 4376/4376/4376
f 4377/4377/4377 4354/4354/4354 4376/4376/4376
f 4374/4374/4374 4378/4378/4378 4375/4375/4375
f 4378/4378/4378 4374/4374/4374 4376/4376/4376
f 4379/4379/4379 4375/4375/4375 4378/4378/4378
f 4376/4376/4376 4379/4379/4379 4378/4378/4378
f 4382/4382/4382 4381/4381/4381 4380/4380/4380
f 4383/4383/4383 4382/4382/4382 4380/4380/4380
f 4386/4386/4386 4385/4385/4385 4384/4384/4384
f 4387/4387/4387 4386/4386/4386 4384/4384/4384
f 4390/4390/4390 4389/4389/4389 4388/4388/4388
f 4391/4391/4391 4390/4390/4390 4388/4388/4388
f 4394/4394/4394 4393/4393/4393 4392/4392/4392
f 4395/4395/4395 4394/4394/4394 4392/4392/4392
f 4398/4398/4398 4397/4397/4397 4396/4396/4396
f 4399/4399/4399 4398/4398/4398 4396/4396/4396
f 4402/4402/4402 4401/4401/4401 4400/4400/4400
f 4403/4403/4403 4402/4402/4402 4400/4400/4400
f 4406/4406/4406 4405/4405/4405 4404/4404/4404
f 4407/4407/4407 4406/4406/4406 4404/4404/4404
f 4404/4404/4404 4408/4408/4408 4407/4407/4407
f 4408/4408/4408 4409/4409/4409 4407/4407/4407
f 4410/4410/4410 4409/4409/4409 4408/4408/4408
f 4411/4411/4411 4410/4410/4410 4408/4408/4408
f 4411/4411/4411 4412/4412/4412 4410/4410/4410
f 4412/4412/4412 4413/4413/4413 4410/4410/4410
f 4412/4412/4412 4414/4414/4414 4413/4413/4413
f 4414/4414/4414 4415/4415/4415 4413/4413/4413
f 4413/4413/4413 4415/4415/4415 4416/4416/4416
f 4417/4417/4417 4413/4413/4413 4416/4416/4416
f 4418/4418/4418 4414/4414/4414 4412/4412/4412
f 4419/4419/4419 4418/4418/4418 4412/4412/4412
f 4419/4419/4419 4412/4412/4412 4420/4420/4420
f 4418/4418/4418 4421/4421/4421 4414/4414/4414
f 4421/4421/4421 4418/4418/4418 4419/4419/4419
f 4421/4421/4421 4422/4422/4422 4414/4414/4414
f 4423/4423/4423 4422/4422/4422 4421/4421/4421
f 4424/4424/4424 4423/4423/4423 4421/4421/4421
f 4424/4424/4424 4421/4421/4421 4419/4419/4419
f 4423/4423/4423 4424/4424/4424 4425/4425/4425
f 4425/4425/4425 4424/4424/4424 4419/4419/4419
f 4426/4426/4426 4423/4423/4423 4425/4425/4425
f 4420/4420/4420 4426/4426/4426 4425/4425/4425
f 4427/4427/4427 4419/4419/4419 4420/4420/4420
f 4427/4427/4427 4420/4420/4420 4425/4425/4425
f 4427/4427/4427 4425/4425/4425 4419/4419/4419
f 4415/4415/4415 4414/4414/4414 4428/4428/4428
f 4428/4428/4428 4414/4414/4414 4429/4429/4429
f 4430/4430/4430 4428/4428/4428 4429/4429/4429
f 4430/4430/4430 4429/4429/4429 4431/4431/4431
f 4430/4430/4430 4431/4431/4431 4432/4432/4432
f 4431/4431/4431 4415/4415/4415 4432/4432/4432
f 4432/4432/4432 4415/4415/4415 4428/4428/4428
f 4415/4415/4415 4434/4434/4434 4433/4433/4433
f 4433/4433/4433 4434/4434/4434 4435/4435/4435
f 4436/4436/4436 4415/4415/4415 4433/4433/4433
f 4415/4415/4415 4436/4436/4436 4416/4416/4416
f 4416/4416/4416 4436/4436/4436 4433/4433/4433
f 4437/4437/4437 4433/4433/4433 4435/4435/4435
f 4437/4437/4437 4416/4416/4416 4433/4433/4433
f 4438/4438/4438 4437/4437/4437 4435/4435/4435
f 4439/4439/4439 4438/4438/4438 4435/4435/4435
f 4439/4439/4439 4417/4417/4417 4438/4438/4438
f 4440/4440/4440 4417/4417/4417 4416/4416/4416
f 4440/4440/4440 4416/4416/4416 4437/4437/4437
f 4417/4417/4417 4440/4440/4440 4438/4438/4438
f 4438/4438/4438 4440/4440/4440 4437/4437/4437
f 4443/4443/4443 4442/4442/4442 4441/4441/4441
f 4444/4444/4444 4443/4443/4443 4441/4441/4441
f 4447/4447/4447 4446/4446/4446 4445/4445/4445
f 4448/4448/4448 4447/4447/4447 4445/4445/4445
f 4451/4451/4451 4450/4450/4450 4449/4449/4449
f 4452/4452/4452 4451/4451/4451 4449/4449/4449
f 4455/4455/4455 4454/4454/4454 4453/4453/4453
f 4456/4456/4456 4455/4455/4455 4453/4453/4453
f 4453/4453/4453 4457/4457/4457 4456/4456/4456
f 4457/4457/4457 4458/4458/4458 4456/4456/4456
f 4458/4458/4458 4457/4457/4457 4459/4459/4459
f 4457/4457/4457 4460/4460/4460 4459/4459/4459
f 4460/4460/4460 4461/4461/4461 4459/4459/4459
f 4461/4461/4461 4462/4462/4462 4459/4459/4459
f 4461/4461/4461 4463/4463/4463 4462/4462/4462
f 4463/4463/4463 4464/4464/4464 4462/4462/4462
f 4462/4462/4462 4464/4464/4464 4465/4465/4465
f 4466/4466/4466 4462/4462/4462 4465/4465/4465
f 4467/4467/4467 4463/4463/4463 4461/4461/4461
f 4468/4468/4468 4467/4467/4467 4461/4461/4461
f 4468/4468/4468 4461/4461/4461 4469/4469/4469
f 4467/4467/4467 4470/4470/4470 4463/4463/4463
f 4470/4470/4470 4467/4467/4467 4468/4468/4468
f 4470/4470/4470 4471/4471/4471 4463/4463/4463
f 4472/4472/4472 4471/4471/4471 4470/4470/4470
f 4473/4473/4473 4472/4472/4472 4470/4470/4470
f 4473/4473/4473 4470/4470/4470 4468/4468/4468
f 4472/4472/4472 4473/4473/4473 4474/4474/4474
f 4474/4474/4474 4473/4473/4473 4468/4468/4468
f 4475/4475/4475 4472/4472/4472 4474/4474/4474
f 4476/4476/4476 4468/4468/4468 4469/4469/4469
f 4476/4476/4476 4474/4474/4474 4468/4468/4468
f 4476/4476/4476 4469/4469/4469 4475/4475/4475
f 4474/4474/4474 4476/4476/4476 4475/4475/4475
f 4464/4464/4464 4463/4463/4463 4477/4477/4477
f 4477/4477/4477 4463/4463/4463 4478/4478/4478
f 4479/4479/4479 4477/4477/4477 4478/4478/4478
f 4479/4479/4479 4478/4478/4478 4480/4480/4480
f 4479/4479/4479 4480/4480/4480 4481/4481/4481
f 4481/4481/4481 4464/4464/4464 4477/4477/4477
f 4480/4480/4480 4464/4464/4464 4481/4481/4481
f 4464/4464/4464 4483/4483/4483 4482/4482/4482
f 4464/4464/4464 4482/4482/4482 4465/4465/4465
f 4483/4483/4483 4484/4484/4484 4482/4482/4482
f 4465/4465/4465 4482/4482/4482 4484/4484/4484
f 4484/4484/4484 4483/4483/4483 4485/4485/4485
f 4486/4486/4486 4465/4465/4465 4484/4484/4484
f 4486/4486/4486 4484/4484/4484 4485/4485/4485
f 4487/4487/4487 4465/4465/4465 4486/4486/4486
f 4487/4487/4487 4466/4466/4466 4465/4465/4465
f 4488/4488/4488 4486/4486/4486 4485/4485/4485
f 4488/4488/4488 4487/4487/4487 4486/4486/4486
f 4487/4487/4487 4488/4488/4488 4466/4466/4466
f 4489/4489/4489 4488/4488/4488 4485/4485/4485
f 4488/4488/4488 4489/4489/4489 4466/4466/4466
f 4492/4492/4492 4491/4491/4491 4490/4490/4490
f 4491/4491/4491 4493/4493/4493 4490/4490/4490
f 4491/4491/4491 4494/4494/4494 4493/4493/4493
f 4494/4494/4494 4495/4495/4495 4493/4493/4493
f 4495/4495/4495 4494/4494/4494 4496/4496/4496
f 4497/4497/4497 4495/4495/4495 4496/4496/4496
f 4495/4495/4495 4497/4497/4497 4498/4498/4498
f 4499/4499/4499 4495/4495/4495 4498/4498/4498
f 4500/4500/4500 4497/4497/4497 4496/4496/4496
f 4501/4501/4501 4500/4500/4500 4496/4496/4496
f 4501/4501/4501 4496/4496/4496 4502/4502/4502
f 4503/4503/4503 4501/4501/4501 4502/4502/4502
f 4500/4500/4500 4503/4503/4503 4497/4497/4497
f 4503/4503/4503 4502/4502/4502 4504/4504/4504
f 4503/4503/4503 4504/4504/4504 4497/4497/4497
f 4498/4498/4498 4497/4497/4497 4505/4505/4505
f 4506/4506/4506 4499/4499/4499 4498/4498/4498
f 4505/4505/4505 4506/4506/4506 4498/4498/4498
f 4499/4499/4499 4506/4506/4506 4507/4507/4507
f 4508/4508/4508 4499/4499/4499 4507/4507/4507
f 4507/4507/4507 4506/4506/4506 4509/4509/4509
f 4506/4506/4506 4505/4505/4505 4509/4509/4509
f 4510/4510/4510 4509/4509/4509 4505/4505/4505
f 4513/4513/4513 4512/4512/4512 4511/4511/4511
f 4512/4512/4512 4514/4514/4514 4511/4511/4511
f 4511/4511/4511 4514/4514/4514 4515/4515/4515
f 4514/4514/4514 4512/4512/4512 4516/4516/4516
f 4512/4512/4512 4517/4517/4517 4516/4516/4516
f 4517/4517/4517 4494/4494/4494 4516/4516/4516
f 4514/4514/4514 4518/4518/4518 4515/4515/4515
f 4518/4518/4518 4514/4514/4514 4516/4516/4516
f 4519/4519/4519 4515/4515/4515 4518/4518/4518
f 4516/4516/4516 4519/4519/4519 4518/4518/4518
f 4522/4522/4522 4521/4521/4521 4520/4520/4520
f 4523/4523/4523 4522/4522/4522 4520/4520/4520
f 4526/4526/4526 4525/4525/4525 4524/4524/4524
f 4527/4527/4527 4526/4526/4526 4524/4524/4524
f 4530/4530/4530 4529/4529/4529 4528/4528/4528
f 4531/4531/4531 4530/4530/4530 4528/4528/4528
f 4534/4534/4534 4533/4533/4533 4532/4532/4532
f 4535/4535/4535 4534/4534/4534 4532/4532/4532
f 4538/4538/4538 4537/4537/4537 4536/4536/4536
f 4539/4539/4539 4538/4538/4538 4536/4536/4536
f 4542/4542/4542 4541/4541/4541 4540/4540/4540
f 4543/4543/4543 4542/4542/4542 4540/4540/4540
f 4546/4546/4546 4545/4545/4545 4544/4544/4544
f 4547/4547/4547 4546/4546/4546 4544/4544/4544
f 4544/4544/4544 4548/4548/4548 4547/4547/4547
f 4548/4548/4548 4549/4549/4549 4547/4547/4547
f 4550/4550/4550 4549/4549/4549 4548/4548/4548
f 4551/4551/4551 4550/4550/4550 4548/4548/4548
f 4551/4551/4551 4552/4552/4552 4550/4550/4550
f 4552/4552/4552 4553/4553/4553 4550/4550/4550
f 4552/4552/4552 4554/4554/4554 4553/4553/4553
f 4554/4554/4554 4555/4555/4555 4553/4553/4553
f 4553/4553/4553 4555/4555/4555 4556/4556/4556
f 4557/4557/4557 4553/4553/4553 4556/4556/4556
f 4558/4558/4558 4554/4554/4554 4552/4552/4552
f 4559/4559/4559 4558/4558/4558 4552/4552/4552
f 4559/4559/4559 4552/4552/4552 4560/4560/4560
f 4558/4558/4558 4561/4561/4561 4554/4554/4554
f 4561/4561/4561 4558/4558/4558 4559/4559/4559
f 4561/4561/4561 4562/4562/4562 4554/4554/4554
f 4563/4563/4563 4562/4562/4562 4561/4561/4561
f 4564/4564/4564 4563/4563/4563 4561/4561/4561
f 4564/4564/4564 4561/4561/4561 4559/4559/4559
f 4563/4563/4563 4564/4564/4564 4565/4565/4565
f 4565/4565/4565 4564/4564/4564 4559/4559/4559
f 4566/4566/4566 4563/4563/4563 4565/4565/4565
f 4560/4560/4560 4566/4566/4566 4565/4565/4565
f 4567/4567/4567 4559/4559/4559 4560/4560/4560
f 4567/4567/4567 4560/4560/4560 4565/4565/4565
f 4567/4567/4567 4565/4565/4565 4559/4559/4559
f 4555/4555/4555 4554/4554/4554 4568/4568/4568
f 4568/4568/4568 4554/4554/4554 4569/4569/4569
f 4570/4570/4570 4568/4568/4568 4569/4569/4569
f 4570/4570/4570 4569/4569/4569 4571/4571/4571
f 4570/4570/4570 4571/4571/4571 4572/4572/4572
f 4571/4571/4571 4555/4555/4555 4572/4572/4572
f 4572/4572/4572 4555/4555/4555 4568/4568/4568
f 4555/4555/4555 4574/4574/4574 4573/4573/4573
f 4573/4573/4573 4574/4574/4574 4575/4575/4575
f 4576/4576/4576 4555/4555/4555 4573/4573/4573
f 4555/4555/4555 4576/4576/4576 4556/4556/4556
f 4556/4556/4556 4576/4576/4576 4573/4573/4573
f 4577/4577/4577 4573/4573/4573 4575/4575/4575
f 4577/4577/4577 4556/4556/4556 4573/4573/4573
f 4578/4578/4578 4577/4577/4577 4575/4575/4575
f 4579/4579/4579 4578/4578/4578 4575/4575/4575
f 4579/4579/4579 4557/4557/4557 4578/4578/4578
f 4580/4580/4580 4557/4557/4557 4556/4556/4556
f 4580/4580/4580 4556/4556/4556 4577/4577/4577
f 4557/4557/4557 4580/4580/4580 4578/4578/4578
f 4578/4578/4578 4580/4580/4580 4577/4577/4577
f 4583/4583/4583 4582/4582/4582 4581/4581/4581
f 4584/4584/4584 4583/4583/4583 4581/4581/4581
f 4587/4587/4587 4586/4586/4586 4585/4585/4585
f 4588/4588/4588 4587/4587/4587 4585/4585/4585
f 4591/4591/4591 4590/4590/4590 4589/4589/4589
f 4592/4592/4592 4591/4591/4591 4589/4589/4589
f 4595/4595/4595 4594/4594/4594 4593/4593/4593
f 4596/4596/4596 4595/4595/4595 4593/4593/4593
f 4593/4593/4593 4597/4597/4597 4596/4596/4596
f 4597/4597/4597 4598/4598/4598 4596/4596/4596
f 4598/4598/4598 4597/4597/4597 4599/4599/4599
f 4597/4597/4597 4600/4600/4600 4599/4599/4599
f 4600/4600/4600 4601/4601/4601 4599/4599/4599
f 4601/4601/4601 4602/4602/4602 4599/4599/4599
f 4601/4601/4601 4603/4603/4603 4602/4602/4602
f 4603/4603/4603 4604/4604/4604 4602/4602/4602
f 4602/4602/4602 4604/4604/4604 4605/4605/4605
f 4606/4606/4606 4602/4602/4602 4605/4605/4605
f 4607/4607/4607 4603/4603/4603 4601/4601/4601
f 4608/4608/4608 4607/4607/4607 4601/4601/4601
f 4608/4608/4608 4601/4601/4601 4609/4609/4609
f 4607/4607/4607 4610/4610/4610 4603/4603/4603
f 4610/4610/4610 4607/4607/4607 4608/4608/4608
f 4610/4610/4610 4611/4611/4611 4603/4603/4603
f 4612/4612/4612 4611/4611/4611 4610/4610/4610
f 4613/4613/4613 4612/4612/4612 4610/4610/4610
f 4613/4613/4613 4610/4610/4610 4608/4608/4608
f 4612/4612/4612 4613/4613/4613 4614/4614/4614
f 4614/4614/4614 4613/4613/4613 4608/4608/4608
f 4615/4615/4615 4612/4612/4612 4614/4614/4614
f 4616/4616/4616 4608/4608/4608 4609/4609/4609
f 4616/4616/4616 4614/4614/4614 4608/4608/4608
f 4616/4616/4616 4609/4609/4609 4615/4615/4615
f 4614/4614/4614 4616/4616/4616 4615/4615/4615
f 4604/4604/4604 4603/4603/4603 4617/4617/4617
f 4617/4617/4617 4603/4603/4603 4618/4618/4618
f 4619/4619/4619 4617/4617/4617 4618/4618/4618
f 4619/4619/4619 4618/4618/4618 4620/4620/4620
f 4619/4619/4619 4620/4620/4620 4621/4621/4621
f 4621/4621/4621 4604/4604/4604 4617/4617/4617
f 4620/4620/4620 4604/4604/4604 4621/4621/4621
f 4604/4604/4604 4623/4623/4623 4622/4622/4622
f 4604/4604/4604 4622/4622/4622 4605/4605/4605
f 4623/4623/4623 4624/4624/4624 4622/4622/4622
f 4605/4605/4605 4622/4622/4622 4624/4624/4624
f 4624/4624/4624 4623/4623/4623 4625/4625/4625
f 4626/4626/4626 4605/4605/4605 4624/4624/4624
f 4626/4626/4626 4624/4624/4624 4625/4625/4625
f 4627/4627/4627 4605/4605/4605 4626/4626/4626
f 4627/4627/4627 4606/4606/4606 4605/4605/4605
f 4628/4628/4628 4626/4626/4626 4625/4625/4625
f 4628/4628/4628 4627/4627/4627 4626/4626/4626
f 4627/4627/4627 4628/4628/4628 4606/4606/4606
f 4629/4629/4629 4628/4628/4628 4625/4625/4625
f 4628/4628/4628 4629/4629/4629 4606/4606/4606
f 4632/4632/4632 4631/4631/4631 4630/4630/4630
f 4633/4633/4633 4632/4632/4632 4630/4630/4630
f 4632/4632/4632 4633/4633/4633 4634/4634/4634
f 4635/4635/4635 4632/4632/4632 4634/4634/4634
f 4635/4635/4635 4634/4634/4634 4636/4636/4636
f 4637/4637/4637 4636/4636/4636 4634/4634/4634
f 4638/4638/4638 4636/4636/4636 4637/4637/4637
f 4639/4639/4639 4635/4635/4635 4636/4636/4636
f 4640/4640/4640 4635/4635/4635 4639/4639/4639
f 4641/4641/4641 4640/4640/4640 4639/4639/4639
f 4641/4641/4641 4639/4639/4639 4642/4642/4642
f 4641/4641/4641 4642/4642/4642 4643/4643/4643
f 4639/4639/4639 4644/4644/4644 4642/4642/4642
f 4639/4639/4639 4636/4636/4636 4644/4644/4644
f 4636/4636/4636 4645/4645/4645 4644/4644/4644
f 4645/4645/4645 4636/4636/4636 4638/4638/4638
f 4646/4646/4646 4645/4645/4645 4638/4638/4638
f 4638/4638/4638 4647/4647/4647 4646/4646/4646
f 4648/4648/4648 4646/4646/4646 4647/4647/4647
f 4642/4642/4642 4649/4649/4649 4643/4643/4643
f 4650/4650/4650 4648/4648/4648 4647/4647/4647
f 4651/4651/4651 4643/4643/4643 4649/4649/4649
f 4648/4648/4648 4650/4650/4650 4652/4652/4652
f 4653/4653/4653 4651/4651/4651 4649/4649/4649
f 4654/4654/4654 4653/4653/4653 4649/4649/4649
f 4653/4653/4653 4654/4654/4654 4652/4652/4652
f 4651/4651/4651 4653/4653/4653 4655/4655/4655
f 4655/4655/4655 4653/4653/4653 4656/4656/4656
f 4650/4650/4650 4657/4657/4657 4652/4652/4652
f 4657/4657/4657 4653/4653/4653 4652/4652/4652
f 4653/4653/4653 4657/4657/4657 4656/4656/4656
f 4650/4650/4650 4658/4658/4658 4657/4657/4657
f 4658/4658/4658 4659/4659/4659 4657/4657/4657
f 4657/4657/4657 4659/4659/4659 4656/4656/4656
f 4656/4656/4656 4659/4659/4659 4660/4660/4660
f 4661/4661/4661 4656/4656/4656 4660/4660/4660
f 4662/4662/4662 4661/4661/4661 4660/4660/4660
f 4663/4663/4663 4662/4662/4662 4660/4660/4660
f 4663/4663/4663 4664/4664/4664 4662/4662/4662
f 4664/4664/4664 4665/4665/4665 4662/4662/4662
f 4664/4664/4664 4666/4666/4666 4665/4665/4665
f 4666/4666/4666 4667/4667/4667 4665/4665/4665
f 4670/4670/4670 4669/4669/4669 4668/4668/4668
f 4669/4669/4669 4671/4671/4671 4668/4668/4668
f 4672/4672/4672 4668/4668/4668 4671/4671/4671
f 4673/4673/4673 4672/4672/4672 4671/4671/4671
f 4674/4674/4674 4672/4672/4672 4673/4673/4673
f 4675/4675/4675 4674/4674/4674 4673/4673/4673
f 4675/4675/4675 4676/4676/4676 4674/4674/4674
f 4676/4676/4676 4677/4677/4677 4674/4674/4674
f 4678/4678/4678 4677/4677/4677 4676/4676/4676
f 4679/4679/4679 4678/4678/4678 4676/4676/4676
f 4679/4679/4679 4680/4680/4680 4678/4678/4678
f 4680/4680/4680 4681/4681/4681 4678/4678/4678
f 4682/4682/4682 4681/4681/4681 4680/4680/4680
f 4683/4683/4683 4682/4682/4682 4680/4680/4680
f 4682/4682/4682 4683/4683/4683 4684/4684/4684
f 4685/4685/4685 4682/4682/4682 4684/4684/4684
f 4688/4688/4688 4687/4687/4687 4686/4686/4686
f 4686/4686/4686 4689/4689/4689 4688/4688/4688
f 4690/4690/4690 4688/4688/4688 4689/4689/4689
f 4691/4691/4691 4690/4690/4690 4689/4689/4689
f 4692/4692/4692 4690/4690/4690 4691/4691/4691
f 4691/4691/4691 4693/4693/4693 4692/4692/4692
f 4690/4690/4690 4692/4692/4692 4694/4694/4694
f 4693/4693/4693 4695/4695/4695 4692/4692/4692
f 4692/4692/4692 4695/4695/4695 4694/4694/4694
f 4694/4694/4694 4695/4695/4695 4696/4696/4696
f 4697/4697/4697 4694/4694/4694 4696/4696/4696
f 4698/4698/4698 4697/4697/4697 4696/4696/4696
f 4699/4699/4699 4697/4697/4697 4698/4698/4698
f 4698/4698/4698 4696/4696/4696 4700/4700/4700
f 4701/4701/4701 4698/4698/4698 4700/4700/4700
f 4698/4698/4698 4701/4701/4701 4699/4699/4699
f 4699/4699/4699 4701/4701/4701 4702/4702/4702
f 4703/4703/4703 4699/4699/4699 4702/4702/4702
f 4704/4704/4704 4703/4703/4703 4702/4702/4702
f 4703/4703/4703 4704/4704/4704 4705/4705/4705
f 4696/4696/4696 4695/4695/4695 4706/4706/4706
f 4696/4696/4696 4706/4706/4706 4707/4707/4707
f 4708/4708/4708 4696/4696/4696 4707/4707/4707
f 4695/4695/4695 4709/4709/4709 4706/4706/4706
f 4710/4710/4710 4709/4709/4709 4695/4695/4695
f 4711/4711/4711 4710/4710/4710 4695/4695/4695
f 4706/4706/4706 4709/4709/4709 4712/4712/4712
f 4713/4713/4713 4706/4706/4706 4712/4712/4712
f 4714/4714/4714 4713/4713/4713 4712/4712/4712
f 4709/4709/4709 4715/4715/4715 4712/4712/4712
f 4712/4712/4712 4715/4715/4715 4716/4716/4716
f 4715/4715/4715 4709/4709/4709 4717/4717/4717
f 4718/4718/4718 4715/4715/4715 4717/4717/4717
f 4715/4715/4715 4719/4719/4719 4716/4716/4716
f 4719/4719/4719 4720/4720/4720 4716/4716/4716
f 4721/4721/4721 4712/4712/4712 4716/4716/4716
f 4722/4722/4722 4712/4712/4712 4721/4721/4721
f 4723/4723/4723 4722/4722/4722 4721/4721/4721
f 4724/4724/4724 4721/4721/4721 4716/4716/4716
f 4725/4725/4725 4721/4721/4721 4724/4724/4724
f 4726/4726/4726 4725/4725/4725 4724/4724/4724
f 4727/4727/4727 4724/4724/4724 4716/4716/4716
f 4724/4724/4724 4727/4727/4727 4728/4728/4728
f 4729/4729/4729 4727/4727/4727 4716/4716/4716
f 4730/4730/4730 4729/4729/4729 4716/4716/4716
f 4727/4727/4727 4731/4731/4731 4728/4728/4728
f 4731/4731/4731 4732/4732/4732 4728/4728/4728
f 4733/4733/4733 4724/4724/4724 4728/4728/4728
f 4734/4734/4734 4724/4724/4724 4733/4733/4733
f 4735/4735/4735 4734/4734/4734 4733/4733/4733
f 4733/4733/4733 4728/4728/4728 4736/4736/4736
f 4728/4728/4728 4737/4737/4737 4736/4736/4736
f 4738/4738/4738 4733/4733/4733 4736/4736/4736
f 4739/4739/4739 4733/4733/4733 4738/4738/4738
f 4740/4740/4740 4739/4739/4739 4738/4738/4738
f 4741/4741/4741 4737/4737/4737 4728/4728/4728
f 4741/4741/4741 4728/4728/4728 4742/4742/4742
f 4743/4743/4743 4741/4741/4741 4742/4742/4742
f 4746/4746/4746 4745/4745/4745 4744/4744/4744
f 4747/4747/4747 4746/4746/4746 4744/4744/4744
f 4747/4747/4747 4744/4744/4744 4748/4748/4748
f 4744/4744/4744 4749/4749/4749 4748/4748/4748
f 4748/4748/4748 4749/4749/4749 4750/4750/4750
f 4751/4751/4751 4748/4748/4748 4750/4750/4750
f 4751/4751/4751 4750/4750/4750 4752/4752/4752
f 4750/4750/4750 4753/4753/4753 4752/4752/4752
f 4752/4752/4752 4753/4753/4753 4754/4754/4754
f 4755/4755/4755 4752/4752/4752 4754/4754/4754
f 4756/4756/4756 4755/4755/4755 4754/4754/4754
f 4757/4757/4757 4756/4756/4756 4754/4754/4754
f 4756/4756/4756 4757/4757/4757 4758/4758/4758
f 4759/4759/4759 4756/4756/4756 4758/4758/4758
f 4759/4759/4759 4758/4758/4758 4760/4760/4760
f 4761/4761/4761 4759/4759/4759 4760/4760/4760
f 4764/4764/4764 4763/4763/4763 4762/4762/4762
f 4765/4765/4765 4764/4764/4764 4762/4762/4762
f 4765/4765/4765 4762/4762/4762 4766/4766/4766
f 4767/4767/4767 4764/4764/4764 4765/4765/4765
f 4768/4768/4768 4765/4765/4765 4766/4766/4766
f 4768/4768/4768 4766/4766/4766 4769/4769/4769
f 4770/4770/4770 4767/4767/4767 4765/4765/4765
f 4770/4770/4770 4765/4765/4765 4768/4768/4768
f 4771/4771/4771 4767/4767/4767 4770/4770/4770
f 4772/4772/4772 4771/4771/4771 4770/4770/4770
f 4772/4772/4772 4770/4770/4770 4773/4773/4773
f 4773/4773/4773 4770/4770/4770 4768/4768/4768
f 4774/4774/4774 4772/4772/4772 4773/4773/4773
f 4775/4775/4775 4768/4768/4768 4769/4769/4769
f 4773/4773/4773 4768/4768/4768 4775/4775/4775
f 4775/4775/4775 4769/4769/4769 4776/4776/4776
f 4774/4774/4774 4773/4773/4773 4777/4777/4777
f 4777/4777/4777 4773/4773/4773 4775/4775/4775
f 4778/4778/4778 4774/4774/4774 4777/4777/4777
f 4779/4779/4779 4775/4775/4775 4776/4776/4776
f 4777/4777/4777 4775/4775/4775 4779/4779/4779
f 4779/4779/4779 4776/4776/4776 4780/4780/4780
f 4778/4778/4778 4777/4777/4777 4781/4781/4781
f 4781/4781/4781 4777/4777/4777 4779/4779/4779
f 4782/4782/4782 4778/4778/4778 4781/4781/4781
f 4783/4783/4783 4779/4779/4779 4780/4780/4780
f 4781/4781/4781 4779/4779/4779 4783/4783/4783
f 4783/4783/4783 4780/4780/4780 4784/4784/4784
f 4782/4782/4782 4781/4781/4781 4785/4785/4785
f 4785/4785/4785 4781/4781/4781 4783/4783/4783
f 4786/4786/4786 4782/4782/4782 4785/4785/4785
f 4787/4787/4787 4783/4783/4783 4784/4784/4784
f 4785/4785/4785 4783/4783/4783 4787/4787/4787
f 4787/4787/4787 4784/4784/4784 4788/4788/4788
f 4786/4786/4786 4785/4785/4785 4789/4789/4789
f 4789/4789/4789 4785/4785/4785 4787/4787/4787
f 4790/4790/4790 4786/4786/4786 4789/4789/4789
f 4791/4791/4791 4787/4787/4787 4788/4788/4788
f 4789/4789/4789 4787/4787/4787 4791/4791/4791
f 4791/4791/4791 4788/4788/4788 4792/4792/4792
f 4790/4790/4790 4789/4789/4789 4793/4793/4793
f 4793/4793/4793 4789/4789/4789 4791/4791/4791
f 4794/4794/4794 4790/4790/4790 4793/4793/4793
f 4795/4795/4795 4791/4791/4791 4792/4792/4792
f 4793/4793/4793 4791/4791/4791 4795/4795/4795
f 4795/4795/4795 4792/4792/4792 4796/4796/4796
f 4794/4794/4794 4793/4793/4793 4797/4797/4797
f 4797/4797/4797 4793/4793/4793 4795/4795/4795
f 4798/4798/4798 4794/4794/4794 4797/4797/4797
f 4799/4799/4799 4795/4795/4795 4796/4796/4796
f 4797/4797/4797 4795/4795/4795 4799/4799/4799
f 4799/4799/4799 4796/4796/4796 4800/4800/4800
f 4798/4798/4798 4797/4797/4797 4801/4801/4801
f 4801/4801/4801 4797/4797/4797 4799/4799/4799
f 4802/4802/4802 4798/4798/4798 4801/4801/4801
f 4803/4803/4803 4799/4799/4799 4800/4800/4800
f 4801/4801/4801 4799/4799/4799 4803/4803/4803
f 4803/4803/4803 4800/4800/4800 4804/4804/4804
f 4802/4802/4802 4801/4801/4801 4805/4805/4805
f 4805/4805/4805 4801/4801/4801 4803/4803/4803
f 4806/4806/4806 4802/4802/4802 4805/4805/4805
f 4807/4807/4807 4803/4803/4803 4804/4804/4804
f 4805/4805/4805 4803/4803/4803 4807/4807/4807
f 4807/4807/4807 4804/4804/4804 4808/4808/4808
f 4809/4809/4809 4807/4807/4807 4808/4808/4808
f 4806/4806/4806 4805/4805/4805 4810/4810/4810
f 4810/4810/4810 4805/4805/4805 4807/4807/4807
f 4810/4810/4810 4807/4807/4807 4809/4809/4809
f 4811/4811/4811 4806/4806/4806 4810/4810/4810
f 4812/4812/4812 4810/4810/4810 4809/4809/4809
f 4811/4811/4811 4810/4810/4810 4812/4812/4812
f 4813/4813/4813 4811/4811/4811 4812/4812/4812
f 2374/2374/2374 2370/2370/2370 4814/4814/4814
f 4815/4815/4815 2374/2374/2374 4814/4814/4814
f 4814/4814/4814 2370/2370/2370 4816/4816/4816
f 2370/2370/2370 2361/2361/2361 4816/4816/4816
f 4816/4816/4816 2361/2361/2361 2357/2357/2357
f 4817/4817/4817 4815/4815/4815 4814/4814/4814
f 4814/4814/4814 4816/4816/4816 4817/4817/4817
f 4817/4817/4817 4818/4818/4818 4815/4815/4815
f 4818/4818/4818 4817/4817/4817 4819/4819/4819
f 4817/4817/4817 4820/4820/4820 4819/4819/4819
f 4816/4816/4816 4820/4820/4820 4817/4817/4817
f 4819/4819/4819 4820/4820/4820 4821/4821/4821
f 4820/4820/4820 4816/4816/4816 4822/4822/4822
f 4820/4820/4820 4822/4822/4822 4821/4821/4821
f 4816/4816/4816 2357/2357/2357 4822/4822/4822
f 4821/4821/4821 4822/4822/4822 4823/4823/4823
f 4822/4822/4822 2357/2357/2357 4824/4824/4824
f 4822/4822/4822 4824/4824/4824 4823/4823/4823
f 2357/2357/2357 2356/2356/2356 4824/4824/4824
f 4823/4823/4823 4824/4824/4824 4825/4825/4825
f 4824/4824/4824 2356/2356/2356 4826/4826/4826
f 4824/4824/4824 4826/4826/4826 4825/4825/4825
f 4825/4825/4825 4826/4826/4826 4827/4827/4827
f 2356/2356/2356 2358/2358/2358 4826/4826/4826
f 4826/4826/4826 4828/4828/4828 4827/4827/4827
f 4826/4826/4826 2358/2358/2358 4828/4828/4828
f 4827/4827/4827 4828/4828/4828 4829/4829/4829
f 2358/2358/2358 4830/4830/4830 4828/4828/4828
f 2334/2334/2334 4830/4830/4830 2358/2358/2358
f 4831/4831/4831 4830/4830/4830 2334/2334/2334
f 4832/4832/4832 4831/4831/4831 2334/2334/2334
f 4831/4831/4831 4832/4832/4832 4833/4833/4833
f 4833/4833/4833 4834/4834/4834 4831/4831/4831
f 4828/4828/4828 4830/4830/4830 4835/4835/4835
f 4828/4828/4828 4835/4835/4835 4829/4829/4829
f 4830/4830/4830 4831/4831/4831 4835/4835/4835
f 4829/4829/4829 4835/4835/4835 4836/4836/4836
f 4835/4835/4835 4831/4831/4831 4836/4836/4836
f 4837/4837/4837 4829/4829/4829 4836/4836/4836
f 4838/4838/4838 4837/4837/4837 4836/4836/4836
f 4834/4834/4834 4839/4839/4839 4831/4831/4831
f 4831/4831/4831 4839/4839/4839 4836/4836/4836
f 4834/4834/4834 4840/4840/4840 4839/4839/4839
f 4841/4841/4841 4838/4838/4838 4836/4836/4836
f 4841/4841/4841 4836/4836/4836 4839/4839/4839
f 4842/4842/4842 4838/4838/4838 4841/4841/4841
f 4843/4843/4843 4842/4842/4842 4841/4841/4841
f 4843/4843/4843 4841/4841/4841 4844/4844/4844
f 4844/4844/4844 4841/4841/4841 4839/4839/4839
f 4845/4845/4845 4843/4843/4843 4844/4844/4844
f 4845/4845/4845 4844/4844/4844 4846/4846/4846
f 4840/4840/4840 4847/4847/4847 4839/4839/4839
f 4844/4844/4844 4839/4839/4839 4847/4847/4847
f 4844/4844/4844 4847/4847/4847 4846/4846/4846
f 4840/4840/4840 4848/4848/4848 4847/4847/4847
f 4848/4848/4848 4846/4846/4846 4847/4847/4847
f 2193/2193/2193 4850/4850/4850 4849/4849/4849
f 2189/2189/2189 2193/2193/2193 4849/4849/4849
f 4850/4850/4850 4851/4851/4851 4849/4849/4849
f 4852/4852/4852 4851/4851/4851 4850/4850/4850
f 4851/4851/4851 4852/4852/4852 4853/4853/4853
f 2189/2189/2189 4849/4849/4849 4854/4854/4854
f 4854/4854/4854 4849/4849/4849 4851/4851/4851
f 2180/2180/2180 2189/2189/2189 4854/4854/4854
f 2180/2180/2180 4854/4854/4854 2176/2176/2176
f 4855/4855/4855 4851/4851/4851 4853/4853/4853
f 4855/4855/4855 4854/4854/4854 4851/4851/4851
f 4855/4855/4855 4853/4853/4853 4856/4856/4856
f 4854/4854/4854 4855/4855/4855 4857/4857/4857
f 4857/4857/4857 4855/4855/4855 4856/4856/4856
f 2176/2176/2176 4854/4854/4854 4857/4857/4857
f 4857/4857/4857 4856/4856/4856 4858/4858/4858
f 2176/2176/2176 4857/4857/4857 4859/4859/4859
f 4859/4859/4859 4857/4857/4857 4858/4858/4858
f 2175/2175/2175 2176/2176/2176 4859/4859/4859
f 4859/4859/4859 4858/4858/4858 4860/4860/4860
f 2175/2175/2175 4859/4859/4859 4861/4861/4861
f 4861/4861/4861 4859/4859/4859 4860/4860/4860
f 4861/4861/4861 4860/4860/4860 4862/4862/4862
f 2177/2177/2177 2175/2175/2175 4861/4861/4861
f 4863/4863/4863 4861/4861/4861 4862/4862/4862
f 2177/2177/2177 4861/4861/4861 4863/4863/4863
f 4863/4863/4863 4862/4862/4862 4864/4864/4864
f 4865/4865/4865 2177/2177/2177 4863/4863/4863
f 4865/4865/4865 2153/2153/2153 2177/2177/2177
f 4865/4865/4865 4866/4866/4866 2153/2153/2153
f 4866/4866/4866 4867/4867/4867 2153/2153/2153
f 4867/4867/4867 4866/4866/4866 4868/4868/4868
f 4869/4869/4869 4868/4868/4868 4866/4866/4866
f 4865/4865/4865 4863/4863/4863 4870/4870/4870
f 4870/4870/4870 4863/4863/4863 4864/4864/4864
f 4866/4866/4866 4865/4865/4865 4870/4870/4870
f 4870/4870/4870 4864/4864/4864 4871/4871/4871
f 4866/4866/4866 4870/4870/4870 4871/4871/4871
f 4864/4864/4864 4872/4872/4872 4871/4871/4871
f 4872/4872/4872 4873/4873/4873 4871/4871/4871
f 4874/4874/4874 4869/4869/4869 4866/4866/4866
f 4874/4874/4874 4866/4866/4866 4871/4871/4871
f 4875/4875/4875 4869/4869/4869 4874/4874/4874
f 4873/4873/4873 4876/4876/4876 4871/4871/4871
f 4871/4871/4871 4876/4876/4876 4874/4874/4874
f 4873/4873/4873 4877/4877/4877 4876/4876/4876
f 4877/4877/4877 4878/4878/4878 4876/4876/4876
f 4876/4876/4876 4878/4878/4878 4879/4879/4879
f 4876/4876/4876 4879/4879/4879 4874/4874/4874
f 4878/4878/4878 4880/4880/4880 4879/4879/4879
f 4879/4879/4879 4880/4880/4880 4881/4881/4881
f 4882/4882/4882 4875/4875/4875 4874/4874/4874
f 4874/4874/4874 4879/4879/4879 4882/4882/4882
f 4882/4882/4882 4879/4879/4879 4881/4881/4881
f 4883/4883/4883 4875/4875/4875 4882/4882/4882
f 4881/4881/4881 4883/4883/4883 4882/4882/4882
f 4886/4886/4886 4885/4885/4885 4884/4884/4884
f 4885/4885/4885 4886/4886/4886 4887/4887/4887
f 4885/4885/4885 4888/4888/4888 4884/4884/4884
f 4884/4884/4884 4888/4888/4888 4889/4889/4889
f 4890/4890/4890 4885/4885/4885 4887/4887/4887
f 4885/4885/4885 4890/4890/4890 4888/4888/4888
f 4888/4888/4888 4891/4891/4891 4889/4889/4889
f 4890/4890/4890 4891/4891/4891 4888/4888/4888
f 4889/4889/4889 4891/4891/4891 4892/4892/4892
f 4891/4891/4891 4893/4893/4893 4892/4892/4892
f 4893/4893/4893 4891/4891/4891 4890/4890/4890
f 4892/4892/4892 4893/4893/4893 4894/4894/4894
f 4895/4895/4895 4890/4890/4890 4887/4887/4887
f 4894/4894/4894 4895/4895/4895 4887/4887/4887
f 4895/4895/4895 4893/4893/4893 4890/4890/4890
f 4893/4893/4893 4895/4895/4895 4894/4894/4894
f 4898/4898/4898 4897/4897/4897 4896/4896/4896
f 4897/4897/4897 4898/4898/4898 4899/4899/4899
f 4900/4900/4900 4898/4898/4898 4896/4896/4896
f 4900/4900/4900 4896/4896/4896 4901/4901/4901
f 4898/4898/4898 4902/4902/4902 4899/4899/4899
f 4902/4902/4902 4898/4898/4898 4900/4900/4900
f 4903/4903/4903 4900/4900/4900 4901/4901/4901
f 4903/4903/4903 4902/4902/4902 4900/4900/4900
f 4903/4903/4903 4901/4901/4901 4904/4904/4904
f 4905/4905/4905 4903/4903/4903 4904/4904/4904
f 4903/4903/4903 4905/4905/4905 4902/4902/4902
f 4905/4905/4905 4904/4904/4904 4906/4906/4906
f 4907/4907/4907 4906/4906/4906 4899/4899/4899
f 4902/4902/4902 4907/4907/4907 4899/4899/4899
f 4905/4905/4905 4907/4907/4907 4902/4902/4902
f 4907/4907/4907 4905/4905/4905 4906/4906/4906
f 4910/4910/4910 4909/4909/4909 4908/4908/4908
f 4908/4908/4908 4909/4909/4909 4911/4911/4911
f 4912/4912/4912 4909/4909/4909 4910/4910/4910
f 4911/4911/4911 4909/4909/4909 4913/4913/4913
f 4914/4914/4914 4909/4909/4909 4912/4912/4912
f 4913/4913/4913 4909/4909/4909 4915/4915/4915
f 4916/4916/4916 4909/4909/4909 4914/4914/4914
f 4915/4915/4915 4909/4909/4909 4917/4917/4917
f 4918/4918/4918 4909/4909/4909 4916/4916/4916
f 4917/4917/4917 4909/4909/4909 4919/4919/4919
f 4920/4920/4920 4909/4909/4909 4918/4918/4918
f 4919/4919/4919 4909/4909/4909 4920/4920/4920
f 4923/4923/4923 4922/4922/4922 4921/4921/4921
f 4921/4921/4921 4922/4922/4922 4924/4924/4924
f 4925/4925/4925 4922/4922/4922 4923/4923/4923
f 4924/4924/4924 4922/4922/4922 4926/4926/4926
f 4927/4927/4927 4922/4922/4922 4925/4925/4925
f 4926/4926/4926 4922/4922/4922 4928/4928/4928
f 4929/4929/4929 4922/4922/4922 4927/4927/4927
f 4928/4928/4928 4922/4922/4922 4930/4930/4930
f 4931/4931/4931 4922/4922/4922 4929/4929/4929
f 4930/4930/4930 4922/4922/4922 4932/4932/4932
f 4933/4933/4933 4922/4922/4922 4931/4931/4931
f 4932/4932/4932 4922/4922/4922 4933/4933/4933
f 4936/4936/4936 4935/4935/4935 4934/4934/4934
f 4937/4937/4937 4936/4936/4936 4934/4934/4934
f 4935/4935/4935 4938/4938/4938 4934/4934/4934
f 4939/4939/4939 4937/4937/4937 4934/4934/4934
f 4939/4939/4939 4934/4934/4934 4938/4938/4938
f 4937/4937/4937 4939/4939/4939 4940/4940/4940
f 4940/4940/4940 4939/4939/4939 4938/4938/4938
f 4941/4941/4941 4937/4937/4937 4940/4940/4940
f 4942/4942/4942 4938/4938/4938 4935/4935/4935
f 4940/4940/4940 4938/4938/4938 4942/4942/4942
f 4943/4943/4943 4942/4942/4942 4935/4935/4935
f 4943/4943/4943 4944/4944/4944 4942/4942/4942
f 4941/4941/4941 4940/4940/4940 4945/4945/4945
f 4945/4945/4945 4940/4940/4940 4942/4942/4942
f 4946/4946/4946 4941/4941/4941 4945/4945/4945
f 4944/4944/4944 4947/4947/4947 4942/4942/4942
f 4945/4945/4945 4942/4942/4942 4947/4947/4947
f 4946/4946/4946 4945/4945/4945 4948/4948/4948
f 4948/4948/4948 4945/4945/4945 4947/4947/4947
f 4948/4948/4948 4947/4947/4947 4944/4944/4944
f 4949/4949/4949 4946/4946/4946 4948/4948/4948
f 4949/4949/4949 4948/4948/4948 4944/4944/4944
f 4952/4952/4952 4951/4951/4951 4950/4950/4950
f 4950/4950/4950 4951/4951/4951 4953/4953/4953
f 4954/4954/4954 4952/4952/4952 4950/4950/4950
f 4955/4955/4955 4950/4950/4950 4953/4953/4953
f 4954/4954/4954 4956/4956/4956 4952/4952/4952
f 4955/4955/4955 4953/4953/4953 4957/4957/4957
f 4956/4956/4956 4958/4958/4958 4952/4952/4952
f 4959/4959/4959 4955/4955/4955 4957/4957/4957
f 4958/4958/4958 4956/4956/4956 4960/4960/4960
f 4961/4961/4961 4958/4958/4958 4960/4960/4960
f 4959/4959/4959 4957/4957/4957 4962/4962/4962
f 4963/4963/4963 4959/4959/4959 4962/4962/4962
f 4960/4960/4960 4964/4964/4964 4961/4961/4961
f 4964/4964/4964 4963/4963/4963 4962/4962/4962
f 4964/4964/4964 4965/4965/4965 4961/4961/4961
f 4965/4965/4965 4964/4964/4964 4962/4962/4962
f 4968/4968/4968 4967/4967/4967 4966/4966/4966
f 4968/4968/4968 4966/4966/4966 4969/4969/4969
f 4968/4968/4968 4970/4970/4970 4967/4967/4967
f 4968/4968/4968 4969/4969/4969 4971/4971/4971
f 4968/4968/4968 4972/4972/4972 4970/4970/4970
f 4968/4968/4968 4971/4971/4971 4973/4973/4973
f 4968/4968/4968 4974/4974/4974 4972/4972/4972
f 4968/4968/4968 4973/4973/4973 4975/4975/4975
f 4968/4968/4968 4976/4976/4976 4974/4974/4974
f 4968/4968/4968 4975/4975/4975 4977/4977/4977
f 4968/4968/4968 4978/4978/4978 4976/4976/4976
f 4968/4968/4968 4977/4977/4977 4978/4978/4978
f 4981/4981/4981 4980/4980/4980 4979/4979/4979
f 4981/4981/4981 4979/4979/4979 4982/4982/4982
f 4981/4981/4981 4983/4983/4983 4980/4980/4980
f 4981/4981/4981 4982/4982/4982 4984/4984/4984
f 4981/4981/4981 4985/4985/4985 4983/4983/4983
f 4981/4981/4981 4984/4984/4984 4986/4986/4986
f 4981/4981/4981 4987/4987/4987 4985/4985/4985
f 4981/4981/4981 4986/4986/4986 4988/4988/4988
f 4981/4981/4981 4989/4989/4989 4987/4987/4987
f 4981/4981/4981 4988/4988/4988 4990/4990/4990
f 4981/4981/4981 4991/4991/4991 4989/4989/4989
f 4981/4981/4981 4990/4990/4990 4991/4991/4991
f 4994/4994/4994 4993/4993/4993 4992/4992/4992
f 4994/4994/4994 4992/4992/4992 4995/4995/4995
f 4993/4993/4993 4996/4996/4996 4992/4992/4992
f 4992/4992/4992 4997/4997/4997 4995/4995/4995
f 4998/4998/4998 4995/4995/4995 4997/4997/4997
f 4998/4998/4998 4997/4997/4997 4999/4999/4999
f 4997/4997/4997 5000/5000/5000 4999/4999/4999
f 5001/5001/5001 4999/4999/4999 5000/5000/5000
f 4996/4996/4996 5002/5002/5002 4992/4992/4992
f 5001/5001/5001 5000/5000/5000 5002/5002/5002
f 4996/4996/4996 5003/5003/5003 5002/5002/5002
f 5003/5003/5003 5001/5001/5001 5002/5002/5002
f 5006/5006/5006 5005/5005/5005 5004/5004/5004
f 5005/5005/5005 5007/5007/5007 5004/5004/5004
f 5008/5008/5008 5006/5006/5006 5004/5004/5004
f 5007/5007/5007 5009/5009/5009 5004/5004/5004
f 5004/5004/5004 5009/5009/5009 5008/5008/5008
f 5009/5009/5009 5007/5007/5007 5010/5010/5010
f 5009/5009/5009 5010/5010/5010 5008/5008/5008
f 5007/5007/5007 5011/5011/5011 5010/5010/5010
f 5008/5008/5008 5012/5012/5012 5006/5006/5006
f 5008/5008/5008 5010/5010/5010 5012/5012/5012
f 5012/5012/5012 5013/5013/5013 5006/5006/5006
f 5014/5014/5014 5013/5013/5013 5012/5012/5012
f 5010/5010/5010 5011/5011/5011 5015/5015/5015
f 5010/5010/5010 5015/5015/5015 5012/5012/5012
f 5011/5011/5011 5016/5016/5016 5015/5015/5015
f 5017/5017/5017 5014/5014/5014 5012/5012/5012
f 5012/5012/5012 5015/5015/5015 5017/5017/5017
f 5015/5015/5015 5016/5016/5016 5018/5018/5018
f 5015/5015/5015 5018/5018/5018 5017/5017/5017
f 5017/5017/5017 5018/5018/5018 5014/5014/5014
f 5016/5016/5016 5019/5019/5019 5018/5018/5018
f 5018/5018/5018 5019/5019/5019 5014/5014/5014
f 5022/5022/5022 5021/5021/5021 5020/5020/5020
f 5022/5022/5022 5020/5020/5020 5023/5023/5023
f 5021/5021/5021 5024/5024/5024 5020/5020/5020
f 5020/5020/5020 5025/5025/5025 5023/5023/5023
f 5026/5026/5026 5024/5024/5024 5021/5021/5021
f 5023/5023/5023 5025/5025/5025 5027/5027/5027
f 5028/5028/5028 5026/5026/5026 5021/5021/5021
f 5025/5025/5025 5029/5029/5029 5027/5027/5027
f 5026/5026/5026 5028/5028/5028 5030/5030/5030
f 5028/5028/5028 5031/5031/5031 5030/5030/5030
f 5027/5027/5027 5029/5029/5029 5032/5032/5032
f 5029/5029/5029 5033/5033/5033 5032/5032/5032
f 5034/5034/5034 5030/5030/5030 5031/5031/5031
f 5033/5033/5033 5034/5034/5034 5032/5032/5032
f 5035/5035/5035 5034/5034/5034 5031/5031/5031
f 5034/5034/5034 5035/5035/5035 5032/5032/5032
f 5038/5038/5038 5037/5037/5037 5036/5036/5036
f 5037/5037/5037 5039/5039/5039 5036/5036/5036
f 5040/5040/5040 5038/5038/5038 5036/5036/5036
f 5041/5041/5041 5038/5038/5038 5040/5040/5040
f 5039/5039/5039 5042/5042/5042 5036/5036/5036
f 5039/5039/5039 5043/5043/5043 5042/5042/5042
f 5044/5044/5044 5041/5041/5041 5040/5040/5040
f 5045/5045/5045 5041/5041/5041 5044/5044/5044
f 5046/5046/5046 5040/5040/5040 5036/5036/5036
f 5047/5047/5047 5046/5046/5046 5036/5036/5036
f 5047/5047/5047 5036/5036/5036 5042/5042/5042
f 5046/5046/5046 5048/5048/5048 5040/5040/5040
f 5048/5048/5048 5044/5044/5044 5040/5040/5040
f 5049/5049/5049 5047/5047/5047 5042/5042/5042
f 5048/5048/5048 5050/5050/5050 5044/5044/5044
f 5049/5049/5049 5042/5042/5042 5051/5051/5051
f 5043/5043/5043 5051/5051/5051 5042/5042/5042
f 5052/5052/5052 5049/5049/5049 5051/5051/5051
f 5050/5050/5050 5053/5053/5053 5044/5044/5044
f 5053/5053/5053 5045/5045/5045 5044/5044/5044
f 5050/5050/5050 5054/5054/5054 5053/5053/5053
f 5051/5051/5051 5043/5043/5043 5055/5055/5055
f 5052/5052/5052 5051/5051/5051 5055/5055/5055
f 5043/5043/5043 5056/5056/5056 5055/5055/5055
f 5057/5057/5057 5052/5052/5052 5055/5055/5055
f 5053/5053/5053 5058/5058/5058 5045/5045/5045
f 5054/5054/5054 5058/5058/5058 5053/5053/5053
f 5054/5054/5054 5057/5057/5057 5058/5058/5058
f 5057/5057/5057 5055/5055/5055 5058/5058/5058
f 5055/5055/5055 5056/5056/5056 5058/5058/5058
f 5058/5058/5058 5059/5059/5059 5045/5045/5045
f 5056/5056/5056 5059/5059/5059 5058/5058/5058
f 5062/5062/5062 5061/5061/5061 5060/5060/5060
f 5063/5063/5063 5062/5062/5062 5060/5060/5060
f 5061/5061/5061 5064/5064/5064 5060/5060/5060
f 5061/5061/5061 5065/5065/5065 5064/5064/5064
f 5066/5066/5066 5063/5063/5063 5060/5060/5060
f 5067/5067/5067 5063/5063/5063 5066/5066/5066
f 5065/5065/5065 5068/5068/5068 5064/5064/5064
f 5065/5065/5065 5069/5069/5069 5068/5068/5068
f 5064/5064/5064 5070/5070/5070 5060/5060/5060
f 5070/5070/5070 5071/5071/5071 5060/5060/5060
f 5060/5060/5060 5071/5071/5071 5066/5066/5066
f 5072/5072/5072 5070/5070/5070 5064/5064/5064
f 5068/5068/5068 5072/5072/5072 5064/5064/5064
f 5071/5071/5071 5073/5073/5073 5066/5066/5066
f 5074/5074/5074 5072/5072/5072 5068/5068/5068
f 5066/5066/5066 5073/5073/5073 5075/5075/5075
f 5075/5075/5075 5067/5067/5067 5066/5066/5066
f 5073/5073/5073 5076/5076/5076 5075/5075/5075
f 5077/5077/5077 5074/5074/5074 5068/5068/5068
f 5069/5069/5069 5077/5077/5077 5068/5068/5068
f 5078/5078/5078 5074/5074/5074 5077/5077/5077
f 5067/5067/5067 5075/5075/5075 5079/5079/5079
f 5075/5075/5075 5076/5076/5076 5079/5079/5079
f 5080/5080/5080 5067/5067/5067 5079/5079/5079
f 5076/5076/5076 5081/5081/5081 5079/5079/5079
f 5082/5082/5082 5077/5077/5077 5069/5069/5069
f 5082/5082/5082 5078/5078/5078 5077/5077/5077
f 5081/5081/5081 5078/5078/5078 5082/5082/5082
f 5079/5079/5079 5081/5081/5081 5082/5082/5082
f 5080/5080/5080 5079/5079/5079 5082/5082/5082
f 5083/5083/5083 5082/5082/5082 5069/5069/5069
f 5083/5083/5083 5080/5080/5080 5082/5082/5082
f 5086/5086/5086 5085/5085/5085 5084/5084/5084
f 5086/5086/5086 5087/5087/5087 5085/5085/5085
f 5084/5084/5084 5085/5085/5085 5088/5088/5088
f 5089/5089/5089 5084/5084/5084 5088/5088/5088
f 5089/5089/5089 5088/5088/5088 5090/5090/5090
f 5091/5091/5091 5089/5089/5089 5090/5090/5090
f 5091/5091/5091 5090/5090/5090 5092/5092/5092
f 5093/5093/5093 5091/5091/5091 5092/5092/5092
f 5093/5093/5093 5092/5092/5092 5094/5094/5094
f 5095/5095/5095 5093/5093/5093 5094/5094/5094
f 5095/5095/5095 5094/5094/5094 5096/5096/5096
f 5097/5097/5097 5095/5095/5095 5096/5096/5096
f 5097/5097/5097 5096/5096/5096 5098/5098/5098
f 5099/5099/5099 5097/5097/5097 5098/5098/5098
f 5099/5099/5099 5098/5098/5098 5100/5100/5100
f 5101/5101/5101 5099/5099/5099 5100/5100/5100
f 5101/5101/5101 5100/5100/5100 5102/5102/5102
f 5103/5103/5103 5101/5101/5101 5102/5102/5102
f 5103/5103/5103 5102/5102/5102 5104/5104/5104
f 5105/5105/5105 5103/5103/5103 5104/5104/5104
f 5106/5106/5106 5105/5105/5105 5104/5104/5104
f 5106/5106/5106 5104/5104/5104 5107/5107/5107
f 5108/5108/5108 5106/5106/5106 5107/5107/5107
f 5108/5108/5108 5107/5107/5107 5109/5109/5109
f 5107/5107/5107 5110/5110/5110 5109/5109/5109
f 5110/5110/5110 5111/5111/5111 5109/5109/5109
f 5110/5110/5110 5112/5112/5112 5111/5111/5111
f 5112/5112/5112 5113/5113/5113 5111/5111/5111
f 5112/5112/5112 5114/5114/5114 5113/5113/5113
f 5114/5114/5114 5115/5115/5115 5113/5113/5113
f 5114/5114/5114 5116/5116/5116 5115/5115/5115
f 5116/5116/5116 5117/5117/5117 5115/5115/5115
f 5116/5116/5116 5118/5118/5118 5117/5117/5117
f 5118/5118/5118 5119/5119/5119 5117/5117/5117
f 5118/5118/5118 5120/5120/5120 5119/5119/5119
f 5120/5120/5120 5121/5121/5121 5119/5119/5119
f 5120/5120/5120 5122/5122/5122 5121/5121/5121
f 5122/5122/5122 5123/5123/5123 5121/5121/5121
f 5122/5122/5122 5124/5124/5124 5123/5123/5123
f 5124/5124/5124 5125/5125/5125 5123/5123/5123
f 5124/5124/5124 5126/5126/5126 5125/5125/5125
f 5126/5126/5126 5127/5127/5127 5125/5125/5125
f 5087/5087/5087 5127/5127/5127 5126/5126/5126
f 5087/5087/5087 5126/5126/5126 5085/5085/5085
f 5130/5130/5130 5129/5129/5129 5128/5128/5128
f 5131/5131/5131 5130/5130/5130 5128/5128/5128
f 5130/5130/5130 5132/5132/5132 5129/5129/5129
f 5130/5130/5130 5131/5131/5131 5133/5133/5133
f 5130/5130/5130 5134/5134/5134 5132/5132/5132
f 5130/5130/5130 5133/5133/5133 5135/5135/5135
f 5130/5130/5130 5136/5136/5136 5134/5134/5134
f 5130/5130/5130 5135/5135/5135 5137/5137/5137
f 5130/5130/5130 5138/5138/5138 5136/5136/5136
f 5130/5130/5130 5137/5137/5137 5138/5138/5138
f 5141/5141/5141 5140/5140/5140 5139/5139/5139
f 5141/5141/5141 5139/5139/5139 5142/5142/5142
f 5140/5140/5140 5141/5141/5141 5143/5143/5143
f 5141/5141/5141 5142/5142/5142 5144/5144/5144
f 5141/5141/5141 5145/5145/5145 5143/5143/5143
f 5141/5141/5141 5144/5144/5144 5146/5146/5146
f 5141/5141/5141 5147/5147/5147 5145/5145/5145
f 5141/5141/5141 5146/5146/5146 5148/5148/5148
f 5141/5141/5141 5149/5149/5149 5147/5147/5147
f 5141/5141/5141 5148/5148/5148 5149/5149/5149
f 5152/5152/5152 5151/5151/5151 5150/5150/5150
f 5153/5153/5153 5151/5151/5151 5152/5152/5152
f 5152/5152/5152 5150/5150/5150 5154/5154/5154
f 5150/5150/5150 5155/5155/5155 5154/5154/5154
f 5154/5154/5154 5155/5155/5155 5156/5156/5156
f 5155/5155/5155 5157/5157/5157 5156/5156/5156
f 5156/5156/5156 5157/5157/5157 5158/5158/5158
f 5157/5157/5157 5159/5159/5159 5158/5158/5158
f 5158/5158/5158 5159/5159/5159 5160/5160/5160
f 5159/5159/5159 5161/5161/5161 5160/5160/5160
f 5160/5160/5160 5161/5161/5161 5162/5162/5162
f 5161/5161/5161 5163/5163/5163 5162/5162/5162
f 5162/5162/5162 5163/5163/5163 5164/5164/5164
f 5163/5163/5163 5165/5165/5165 5164/5164/5164
f 5164/5164/5164 5165/5165/5165 5166/5166/5166
f 5165/5165/5165 5167/5167/5167 5166/5166/5166
f 5166/5166/5166 5167/5167/5167 5168/5168/5168
f 5167/5167/5167 5169/5169/5169 5168/5168/5168
f 5168/5168/5168 5169/5169/5169 5170/5170/5170
f 5169/5169/5169 5171/5171/5171 5170/5170/5170
f 5171/5171/5171 5172/5172/5172 5170/5170/5170
f 5170/5170/5170 5172/5172/5172 5173/5173/5173
f 5172/5172/5172 5174/5174/5174 5173/5173/5173
f 5173/5173/5173 5174/5174/5174 5175/5175/5175
f 5176/5176/5176 5173/5173/5173 5175/5175/5175
f 5177/5177/5177 5176/5176/5176 5175/5175/5175
f 5178/5178/5178 5176/5176/5176 5177/5177/5177
f 5179/5179/5179 5178/5178/5178 5177/5177/5177
f 5180/5180/5180 5178/5178/5178 5179/5179/5179
f 5181/5181/5181 5180/5180/5180 5179/5179/5179
f 5182/5182/5182 5180/5180/5180 5181/5181/5181
f 5183/5183/5183 5182/5182/5182 5181/5181/5181
f 5184/5184/5184 5182/5182/5182 5183/5183/5183
f 5185/5185/5185 5184/5184/5184 5183/5183/5183
f 5186/5186/5186 5184/5184/5184 5185/5185/5185
f 5187/5187/5187 5186/5186/5186 5185/5185/5185
f 5188/5188/5188 5186/5186/5186 5187/5187/5187
f 5189/5189/5189 5188/5188/5188 5187/5187/5187
f 5190/5190/5190 5188/5188/5188 5189/5189/5189
f 5191/5191/5191 5190/5190/5190 5189/5189/5189
f 5192/5192/5192 5190/5190/5190 5191/5191/5191
f 5193/5193/5193 5192/5192/5192 5191/5191/5191
f 5193/5193/5193 5153/5153/5153 5192/5192/5192
f 5192/5192/5192 5153/5153/5153 5152/5152/5152
f 5196/5196/5196 5195/5195/5195 5194/5194/5194
f 5195/5195/5195 5197/5197/5197 5194/5194/5194
f 5198/5198/5198 5195/5195/5195 5196/5196/5196
f 5197/5197/5197 5195/5195/5195 5199/5199/5199
f 5200/5200/5200 5195/5195/5195 5198/5198/5198
f 5199/5199/5199 5195/5195/5195 5201/5201/5201
f 5202/5202/5202 5195/5195/5195 5200/5200/5200
f 5201/5201/5201 5195/5195/5195 5203/5203/5203
f 5204/5204/5204 5195/5195/5195 5202/5202/5202
f 5203/5203/5203 5195/5195/5195 5204/5204/5204
f 5207/5207/5207 5206/5206/5206 5205/5205/5205
f 5205/5205/5205 5206/5206/5206 5208/5208/5208
f 5206/5206/5206 5207/5207/5207 5209/5209/5209
f 5208/5208/5208 5206/5206/5206 5210/5210/5210
f 5211/5211/5211 5206/5206/5206 5209/5209/5209
f 5210/5210/5210 5206/5206/5206 5212/5212/5212
f 5213/5213/5213 5206/5206/5206 5211/5211/5211
f 5212/5212/5212 5206/5206/5206 5214/5214/5214
f 5215/5215/5215 5206/5206/5206 5213/5213/5213
f 5214/5214/5214 5206/5206/5206 5215/5215/5215
f 5218/5218/5218 5217/5217/5217 5216/5216/5216
f 5217/5217/5217 5219/5219/5219 5216/5216/5216
f 5218/5218/5218 5216/5216/5216 5220/5220/5220
f 5221/5221/5221 5218/5218/5218 5220/5220/5220
f 5222/5222/5222 5221/5221/5221 5220/5220/5220
f 5219/5219/5219 5223/5223/5223 5216/5216/5216
f 5219/5219/5219 5224/5224/5224 5223/5223/5223
f 5224/5224/5224 5225/5225/5225 5223/5223/5223
f 5222/5222/5222 5220/5220/5220 5226/5226/5226
f 5225/5225/5225 5226/5226/5226 5223/5223/5223
f 5227/5227/5227 5222/5222/5222 5226/5226/5226
f 5225/5225/5225 5227/5227/5227 5226/5226/5226
f 5230/5230/5230 5229/5229/5229 5228/5228/5228
f 5230/5230/5230 5231/5231/5231 5229/5229/5229
f 5229/5229/5229 5232/5232/5232 5228/5228/5228
f 5233/5233/5233 5228/5228/5228 5232/5232/5232
f 5234/5234/5234 5233/5233/5233 5232/5232/5232
f 5233/5233/5233 5234/5234/5234 5235/5235/5235
f 5234/5234/5234 5236/5236/5236 5235/5235/5235
f 5235/5235/5235 5236/5236/5236 5237/5237/5237
f 5238/5238/5238 5237/5237/5237 5236/5236/5236
f 5239/5239/5239 5237/5237/5237 5238/5238/5238
f 5240/5240/5240 5229/5229/5229 5231/5231/5231
f 5241/5241/5241 5240/5240/5240 5231/5231/5231
f 5239/5239/5239 5238/5238/5238 5242/5242/5242
f 5243/5243/5243 5239/5239/5239 5242/5242/5242
f 5241/5241/5241 5244/5244/5244 5240/5240/5240
f 5244/5244/5244 5243/5243/5243 5242/5242/5242
f 5244/5244/5244 5245/5245/5245 5240/5240/5240
f 5245/5245/5245 5244/5244/5244 5242/5242/5242
f 5248/5248/5248 5247/5247/5247 5246/5246/5246
f 5248/5248/5248 5249/5249/5249 5247/5247/5247
f 5249/5249/5249 5250/5250/5250 5247/5247/5247
f 5249/5249/5249 5251/5251/5251 5250/5250/5250
f 5247/5247/5247 5252/5252/5252 5246/5246/5246
f 5252/5252/5252 5253/5253/5253 5246/5246/5246
f 5254/5254/5254 5250/5250/5250 5251/5251/5251
f 5255/5255/5255 5254/5254/5254 5251/5251/5251
f 5255/5255/5255 5256/5256/5256 5254/5254/5254
f 5256/5256/5256 5257/5257/5257 5254/5254/5254
f 5253/5253/5253 5252/5252/5252 5258/5258/5258
f 5256/5256/5256 5258/5258/5258 5257/5257/5257
f 5252/5252/5252 5259/5259/5259 5258/5258/5258
f 5258/5258/5258 5259/5259/5259 5257/5257/5257
f 5262/5262/5262 5261/5261/5261 5260/5260/5260
f 5263/5263/5263 5262/5262/5262 5260/5260/5260
f 5260/5260/5260 5261/5261/5261 5264/5264/5264
f 5261/5261/5261 5265/5265/5265 5264/5264/5264
f 5265/5265/5265 5266/5266/5266 5264/5264/5264
f 5267/5267/5267 5263/5263/5263 5260/5260/5260
f 5268/5268/5268 5263/5263/5263 5267/5267/5267
f 5269/5269/5269 5268/5268/5268 5267/5267/5267
f 5264/5264/5264 5266/5266/5266 5270/5270/5270
f 5270/5270/5270 5269/5269/5269 5267/5267/5267
f 5266/5266/5266 5271/5271/5271 5270/5270/5270
f 5271/5271/5271 5269/5269/5269 5270/5270/5270
f 5274/5274/5274 5273/5273/5273 5272/5272/5272
f 5275/5275/5275 5273/5273/5273 5274/5274/5274
f 5276/5276/5276 5274/5274/5274 5272/5272/5272
f 5272/5272/5272 5277/5277/5277 5276/5276/5276
f 5277/5277/5277 5278/5278/5278 5276/5276/5276
f 5278/5278/5278 5277/5277/5277 5279/5279/5279
f 5280/5280/5280 5278/5278/5278 5279/5279/5279
f 5280/5280/5280 5279/5279/5279 5281/5281/5281
f 5281/5281/5281 5282/5282/5282 5280/5280/5280
f 5281/5281/5281 5283/5283/5283 5282/5282/5282
f 5274/5274/5274 5284/5284/5284 5275/5275/5275
f 5284/5284/5284 5285/5285/5285 5275/5275/5275
f 5282/5282/5282 5283/5283/5283 5286/5286/5286
f 5283/5283/5283 5287/5287/5287 5286/5286/5286
f 5288/5288/5288 5285/5285/5285 5284/5284/5284
f 5287/5287/5287 5288/5288/5288 5286/5286/5286
f 5289/5289/5289 5288/5288/5288 5284/5284/5284
f 5288/5288/5288 5289/5289/5289 5286/5286/5286
f 5292/5292/5292 5291/5291/5291 5290/5290/5290
f 5293/5293/5293 5291/5291/5291 5292/5292/5292
f 5294/5294/5294 5293/5293/5293 5292/5292/5292
f 5295/5295/5295 5293/5293/5293 5294/5294/5294
f 5296/5296/5296 5292/5292/5292 5290/5290/5290
f 5297/5297/5297 5296/5296/5296 5290/5290/5290
f 5294/5294/5294 5298/5298/5298 5295/5295/5295
f 5298/5298/5298 5299/5299/5299 5295/5295/5295
f 5300/5300/5300 5299/5299/5299 5298/5298/5298
f 5301/5301/5301 5300/5300/5300 5298/5298/5298
f 5296/5296/5296 5297/5297/5297 5302/5302/5302
f 5302/5302/5302 5300/5300/5300 5301/5301/5301
f 5303/5303/5303 5296/5296/5296 5302/5302/5302
f 5303/5303/5303 5302/5302/5302 5301/5301/5301
f 5306/5306/5306 5305/5305/5305 5304/5304/5304
f 5304/5304/5304 5305/5305/5305 5307/5307/5307
f 5308/5308/5308 5306/5306/5306 5304/5304/5304
f 5309/5309/5309 5304/5304/5304 5307/5307/5307
f 5307/5307/5307 5310/5310/5310 5309/5309/5309
f 5309/5309/5309 5310/5310/5310 5311/5311/5311
f 5312/5312/5312 5309/5309/5309 5311/5311/5311
f 5311/5311/5311 5313/5313/5313 5312/5312/5312
f 5314/5314/5314 5308/5308/5308 5304/5304/5304
f 5312/5312/5312 5313/5313/5313 5314/5314/5314
f 5315/5315/5315 5308/5308/5308 5314/5314/5314
f 5313/5313/5313 5315/5315/5315 5314/5314/5314
f 5318/5318/5318 5317/5317/5317 5316/5316/5316
f 5317/5317/5317 5319/5319/5319 5316/5316/5316
f 5318/5318/5318 5316/5316/5316 5320/5320/5320
f 5319/5319/5319 5321/5321/5321 5316/5316/5316
f 5322/5322/5322 5318/5318/5318 5320/5320/5320
f 5319/5319/5319 5323/5323/5323 5321/5321/5321
f 5323/5323/5323 5324/5324/5324 5321/5321/5321
f 5323/5323/5323 5325/5325/5325 5324/5324/5324
f 5322/5322/5322 5320/5320/5320 5326/5326/5326
f 5327/5327/5327 5322/5322/5322 5326/5326/5326
f 5328/5328/5328 5327/5327/5327 5326/5326/5326
f 5325/5325/5325 5329/5329/5329 5324/5324/5324
f 5330/5330/5330 5329/5329/5329 5325/5325/5325
f 5330/5330/5330 5331/5331/5331 5329/5329/5329
f 5331/5331/5331 5332/5332/5332 5329/5329/5329
f 5331/5331/5331 5333/5333/5333 5332/5332/5332
f 5328/5328/5328 5326/5326/5326 5334/5334/5334
f 5333/5333/5333 5334/5334/5334 5332/5332/5332
f 5335/5335/5335 5328/5328/5328 5334/5334/5334
f 5335/5335/5335 5334/5334/5334 5333/5333/5333
f 5338/5338/5338 5337/5337/5337 5336/5336/5336
f 5339/5339/5339 5336/5336/5336 5337/5337/5337
f 5338/5338/5338 5340/5340/5340 5337/5337/5337
f 5341/5341/5341 5339/5339/5339 5337/5337/5337
f 5342/5342/5342 5339/5339/5339 5341/5341/5341
f 5343/5343/5343 5342/5342/5342 5341/5341/5341
f 5340/5340/5340 5344/5344/5344 5337/5337/5337
f 5341/5341/5341 5337/5337/5337 5344/5344/5344
f 5340/5340/5340 5345/5345/5345 5344/5344/5344
f 5346/5346/5346 5343/5343/5343 5341/5341/5341
f 5346/5346/5346 5341/5341/5341 5344/5344/5344
f 5343/5343/5343 5346/5346/5346 5347/5347/5347
f 5345/5345/5345 5348/5348/5348 5344/5344/5344
f 5346/5346/5346 5344/5344/5344 5348/5348/5348
f 5346/5346/5346 5349/5349/5349 5347/5347/5347
f 5349/5349/5349 5346/5346/5346 5348/5348/5348
f 5347/5347/5347 5349/5349/5349 5350/5350/5350
f 5349/5349/5349 5348/5348/5348 5350/5350/5350
f 5351/5351/5351 5347/5347/5347 5350/5350/5350
f 5351/5351/5351 5350/5350/5350 5352/5352/5352
f 5352/5352/5352 5350/5350/5350 5353/5353/5353
f 5354/5354/5354 5348/5348/5348 5345/5345/5345
f 5348/5348/5348 5354/5354/5354 5350/5350/5350
f 5350/5350/5350 5354/5354/5354 5353/5353/5353
f 5355/5355/5355 5354/5354/5354 5345/5345/5345
f 5355/5355/5355 5353/5353/5353 5354/5354/5354
f 5358/5358/5358 5357/5357/5357 5356/5356/5356
f 5358/5358/5358 5359/5359/5359 5357/5357/5357
f 5357/5357/5357 5360/5360/5360 5356/5356/5356
f 5361/5361/5361 5356/5356/5356 5360/5360/5360
f 5361/5361/5361 5360/5360/5360 5362/5362/5362
f 5362/5362/5362 5360/5360/5360 5357/5357/5357
f 5363/5363/5363 5361/5361/5361 5362/5362/5362
f 5364/5364/5364 5363/5363/5363 5362/5362/5362
f 5364/5364/5364 5362/5362/5362 5365/5365/5365
f 5366/5366/5366 5357/5357/5357 5359/5359/5359
f 5366/5366/5366 5362/5362/5362 5357/5357/5357
f 5362/5362/5362 5366/5366/5366 5365/5365/5365
f 5367/5367/5367 5366/5366/5366 5359/5359/5359
f 5367/5367/5367 5365/5365/5365 5366/5366/5366
f 5370/5370/5370 5369/5369/5369 5368/5368/5368
f 5371/5371/5371 5370/5370/5370 5368/5368/5368
f 5368/5368/5368 5369/5369/5369 5372/5372/5372
f 5373/5373/5373 5371/5371/5371 5368/5368/5368
f 5369/5369/5369 5374/5374/5374 5372/5372/5372
f 5375/5375/5375 5371/5371/5371 5373/5373/5373
f 5376/5376/5376 5375/5375/5375 5373/5373/5373
f 5377/5377/5377 5375/5375/5375 5376/5376/5376
f 5372/5372/5372 5374/5374/5374 5378/5378/5378
f 5374/5374/5374 5379/5379/5379 5378/5378/5378
f 5379/5379/5379 5380/5380/5380 5378/5378/5378
f 5381/5381/5381 5377/5377/5377 5376/5376/5376
f 5381/5381/5381 5382/5382/5382 5377/5377/5377
f 5383/5383/5383 5382/5382/5382 5381/5381/5381
f 5384/5384/5384 5383/5383/5383 5381/5381/5381
f 5385/5385/5385 5383/5383/5383 5384/5384/5384
f 5378/5378/5378 5380/5380/5380 5386/5386/5386
f 5386/5386/5386 5385/5385/5385 5384/5384/5384
f 5380/5380/5380 5387/5387/5387 5386/5386/5386
f 5386/5386/5386 5387/5387/5387 5385/5385/5385
f 5390/5390/5390 5389/5389/5389 5388/5388/5388
f 5390/5390/5390 5388/5388/5388 5391/5391/5391
f 5390/5390/5390 5392/5392/5392 5389/5389/5389
f 5390/5390/5390 5391/5391/5391 5393/5393/5393
f 5390/5390/5390 5394/5394/5394 5392/5392/5392
f 5390/5390/5390 5393/5393/5393 5395/5395/5395
f 5390/5390/5390 5396/5396/5396 5394/5394/5394
f 5390/5390/5390 5395/5395/5395 5396/5396/5396
f 5399/5399/5399 5398/5398/5398 5397/5397/5397
f 5397/5397/5397 5398/5398/5398 5400/5400/5400
f 5401/5401/5401 5398/5398/5398 5399/5399/5399
f 5400/5400/5400 5398/5398/5398 5402/5402/5402
f 5403/5403/5403 5398/5398/5398 5401/5401/5401
f 5402/5402/5402 5398/5398/5398 5404/5404/5404
f 5405/5405/5405 5398/5398/5398 5403/5403/5403
f 5404/5404/5404 5398/5398/5398 5405/5405/5405
f 5408/5408/5408 5407/5407/5407 5406/5406/5406
f 5408/5408/5408 5409/5409/5409 5407/5407/5407
f 5407/5407/5407 5410/5410/5410 5406/5406/5406
f 5411/5411/5411 5406/5406/5406 5410/5410/5410
f 5411/5411/5411 5410/5410/5410 5412/5412/5412
f 5413/5413/5413 5407/5407/5407 5409/5409/5409
f 5407/5407/5407 5413/5413/5413 5410/5410/5410
f 5414/5414/5414 5413/5413/5413 5409/5409/5409
f 5414/5414/5414 5415/5415/5415 5413/5413/5413
f 5415/5415/5415 5416/5416/5416 5413/5413/5413
f 5410/5410/5410 5417/5417/5417 5412/5412/5412
f 5413/5413/5413 5417/5417/5417 5410/5410/5410
f 5416/5416/5416 5417/5417/5417 5413/5413/5413
f 5416/5416/5416 5412/5412/5412 5417/5417/5417
f 5420/5420/5420 5419/5419/5419 5418/5418/5418
f 5419/5419/5419 5421/5421/5421 5418/5418/5418
f 5420/5420/5420 5418/5418/5418 5422/5422/5422
f 5423/5423/5423 5420/5420/5420 5422/5422/5422
f 5422/5422/5422 5424/5424/5424 5423/5423/5423
f 5425/5425/5425 5424/5424/5424 5422/5422/5422
f 5426/5426/5426 5425/5425/5425 5422/5422/5422
f 5422/5422/5422 5418/5418/5418 5426/5426/5426
f 5427/5427/5427 5425/5425/5425 5426/5426/5426
f 5421/5421/5421 5428/5428/5428 5418/5418/5418
f 5418/5418/5418 5428/5428/5428 5426/5426/5426
f 5428/5428/5428 5421/5421/5421 5429/5429/5429
f 5430/5430/5430 5427/5427/5427 5426/5426/5426
f 5426/5426/5426 5428/5428/5428 5430/5430/5430
f 5431/5431/5431 5428/5428/5428 5429/5429/5429
f 5428/5428/5428 5431/5431/5431 5430/5430/5430
f 5431/5431/5431 5429/5429/5429 5432/5432/5432
f 5430/5430/5430 5431/5431/5431 5432/5432/5432
f 5429/5429/5429 5433/5433/5433 5432/5432/5432
f 5432/5432/5432 5433/5433/5433 5434/5434/5434
f 5432/5432/5432 5434/5434/5434 5435/5435/5435
f 5430/5430/5430 5436/5436/5436 5427/5427/5427
f 5436/5436/5436 5430/5430/5430 5432/5432/5432
f 5436/5436/5436 5432/5432/5432 5435/5435/5435
f 5436/5436/5436 5437/5437/5437 5427/5427/5427
f 5435/5435/5435 5437/5437/5437 5436/5436/5436
f 5440/5440/5440 5439/5439/5439 5438/5438/5438
f 5441/5441/5441 5439/5439/5439 5440/5440/5440
f 5442/5442/5442 5440/5440/5440 5438/5438/5438
f 5438/5438/5438 5443/5443/5443 5442/5442/5442
f 5442/5442/5442 5443/5443/5443 5444/5444/5444
f 5440/5440/5440 5445/5445/5445 5441/5441/5441
f 5445/5445/5445 5440/5440/5440 5442/5442/5442
f 5445/5445/5445 5446/5446/5446 5441/5441/5441
f 5447/5447/5447 5446/5446/5446 5445/5445/5445
f 5448/5448/5448 5447/5447/5447 5445/5445/5445
f 5449/5449/5449 5442/5442/5442 5444/5444/5444
f 5449/5449/5449 5445/5445/5445 5442/5442/5442
f 5449/5449/5449 5448/5448/5448 5445/5445/5445
f 5444/5444/5444 5448/5448/5448 5449/5449/5449
f 5452/5452/5452 5451/5451/5451 5450/5450/5450
f 5453/5453/5453 5451/5451/5451 5452/5452/5452
f 5454/5454/5454 5452/5452/5452 5450/5450/5450
f 5450/5450/5450 5455/5455/5455 5454/5454/5454
f 5454/5454/5454 5455/5455/5455 5456/5456/5456
f 5452/5452/5452 5457/5457/5457 5453/5453/5453
f 5457/5457/5457 5452/5452/5452 5454/5454/5454
f 5457/5457/5457 5458/5458/5458 5453/5453/5453
f 5459/5459/5459 5458/5458/5458 5457/5457/5457
f 5460/5460/5460 5459/5459/5459 5457/5457/5457
f 5461/5461/5461 5454/5454/5454 5456/5456/5456
f 5461/5461/5461 5457/5457/5457 5454/5454/5454
f 5461/5461/5461 5460/5460/5460 5457/5457/5457
f 5456/5456/5456 5460/5460/5460 5461/5461/5461
f 5464/5464/5464 5463/5463/5463 5462/5462/5462
f 5465/5465/5465 5464/5464/5464 5462/5462/5462
f 5464/5464/5464 5466/5466/5466 5463/5463/5463
f 5465/5465/5465 5462/5462/5462 5467/5467/5467
f 5466/5466/5466 5468/5468/5468 5463/5463/5463
f 5469/5469/5469 5465/5465/5465 5467/5467/5467
f 5468/5468/5468 5466/5466/5466 5470/5470/5470
f 5469/5469/5469 5467/5467/5467 5471/5471/5471
f 5472/5472/5472 5468/5468/5468 5470/5470/5470
f 5473/5473/5473 5469/5469/5469 5471/5471/5471
f 5470/5470/5470 5474/5474/5474 5472/5472/5472
f 5473/5473/5473 5471/5471/5471 5475/5475/5475
f 5474/5474/5474 5476/5476/5476 5472/5472/5472
f 5477/5477/5477 5473/5473/5473 5475/5475/5475
f 5477/5477/5477 5475/5475/5475 5476/5476/5476
f 5474/5474/5474 5477/5477/5477 5476/5476/5476
f 5480/5480/5480 5479/5479/5479 5478/5478/5478
f 5481/5481/5481 5480/5480/5480 5478/5478/5478
f 5480/5480/5480 5482/5482/5482 5479/5479/5479
f 5481/5481/5481 5478/5478/5478 5483/5483/5483
f 5482/5482/5482 5484/5484/5484 5479/5479/5479
f 5485/5485/5485 5481/5481/5481 5483/5483/5483
f 5482/5482/5482 5486/5486/5486 5484/5484/5484
f 5485/5485/5485 5483/5483/5483 5487/5487/5487
f 5486/5486/5486 5488/5488/5488 5484/5484/5484
f 5489/5489/5489 5485/5485/5485 5487/5487/5487
f 5486/5486/5486 5490/5490/5490 5488/5488/5488
f 5489/5489/5489 5487/5487/5487 5491/5491/5491
f 5490/5490/5490 5492/5492/5492 5488/5488/5488
f 5493/5493/5493 5489/5489/5489 5491/5491/5491
f 5493/5493/5493 5491/5491/5491 5492/5492/5492
f 5490/5490/5490 5493/5493/5493 5492/5492/5492
f 5496/5496/5496 5495/5495/5495 5494/5494/5494
f 5497/5497/5497 5496/5496/5496 5494/5494/5494
f 5494/5494/5494 5495/5495/5495 5498/5498/5498
f 5499/5499/5499 5496/5496/5496 5497/5497/5497
f 5495/5495/5495 5500/5500/5500 5498/5498/5498
f 5501/5501/5501 5499/5499/5499 5497/5497/5497
f 5498/5498/5498 5500/5500/5500 5502/5502/5502
f 5503/5503/5503 5499/5499/5499 5501/5501/5501
f 5500/5500/5500 5504/5504/5504 5502/5502/5502
f 5505/5505/5505 5503/5503/5503 5501/5501/5501
f 5502/5502/5502 5504/5504/5504 5506/5506/5506
f 5507/5507/5507 5503/5503/5503 5505/5505/5505
f 5504/5504/5504 5508/5508/5508 5506/5506/5506
f 5509/5509/5509 5507/5507/5507 5505/5505/5505
f 5506/5506/5506 5508/5508/5508 5510/5510/5510
f 5511/5511/5511 5507/5507/5507 5509/5509/5509
f 5508/5508/5508 5512/5512/5512 5510/5510/5510
f 5513/5513/5513 5511/5511/5511 5509/5509/5509
f 5510/5510/5510 5512/5512/5512 5514/5514/5514
f 5515/5515/5515 5511/5511/5511 5513/5513/5513
f 5512/5512/5512 5516/5516/5516 5514/5514/5514
f 5517/5517/5517 5515/5515/5515 5513/5513/5513
f 5514/5514/5514 5516/5516/5516 5517/5517/5517
f 5516/5516/5516 5515/5515/5515 5517/5517/5517
f 5520/5520/5520 5519/5519/5519 5518/5518/5518
f 5521/5521/5521 5520/5520/5520 5518/5518/5518
f 5520/5520/5520 5522/5522/5522 5519/5519/5519
f 5521/5521/5521 5518/5518/5518 5523/5523/5523
f 5522/5522/5522 5524/5524/5524 5519/5519/5519
f 5525/5525/5525 5521/5521/5521 5523/5523/5523
f 5522/5522/5522 5526/5526/5526 5524/5524/5524
f 5525/5525/5525 5523/5523/5523 5527/5527/5527
f 5526/5526/5526 5528/5528/5528 5524/5524/5524
f 5529/5529/5529 5525/5525/5525 5527/5527/5527
f 5526/5526/5526 5530/5530/5530 5528/5528/5528
f 5529/5529/5529 5527/5527/5527 5531/5531/5531
f 5530/5530/5530 5532/5532/5532 5528/5528/5528
f 5533/5533/5533 5529/5529/5529 5531/5531/5531
f 5530/5530/5530 5534/5534/5534 5532/5532/5532
f 5533/5533/5533 5531/5531/5531 5535/5535/5535
f 5534/5534/5534 5536/5536/5536 5532/5532/5532
f 5537/5537/5537 5533/5533/5533 5535/5535/5535
f 5534/5534/5534 5538/5538/5538 5536/5536/5536
f 5537/5537/5537 5535/5535/5535 5539/5539/5539
f 5538/5538/5538 5540/5540/5540 5536/5536/5536
f 5541/5541/5541 5537/5537/5537 5539/5539/5539
f 5541/5541/5541 5539/5539/5539 5540/5540/5540
f 5538/5538/5538 5541/5541/5541 5540/5540/5540
f 5544/5544/5544 5543/5543/5543 5542/5542/5542
f 5545/5545/5545 5544/5544/5544 5542/5542/5542
f 5542/5542/5542 5543/5543/5543 5546/5546/5546
f 5547/5547/5547 5544/5544/5544 5545/5545/5545
f 5543/5543/5543 5548/5548/5548 5546/5546/5546
f 5549/5549/5549 5547/5547/5547 5545/5545/5545
f 5546/5546/5546 5548/5548/5548 5550/5550/5550
f 5551/5551/5551 5547/5547/5547 5549/5549/5549
f 5548/5548/5548 5552/5552/5552 5550/5550/5550
f 5553/5553/5553 5551/5551/5551 5549/5549/5549
f 5550/5550/5550 5552/5552/5552 5554/5554/5554
f 5555/5555/5555 5551/5551/5551 5553/5553/5553
f 5552/5552/5552 5556/5556/5556 5554/5554/5554
f 5557/5557/5557 5555/5555/5555 5553/5553/5553
f 5554/5554/5554 5556/5556/5556 5558/5558/5558
f 5559/5559/5559 5555/5555/5555 5557/5557/5557
f 5556/5556/5556 5560/5560/5560 5558/5558/5558
f 5561/5561/5561 5559/5559/5559 5557/5557/5557
f 5558/5558/5558 5560/5560/5560 5562/5562/5562
f 5563/5563/5563 5559/5559/5559 5561/5561/5561
f 5560/5560/5560 5564/5564/5564 5562/5562/5562
f 5565/5565/5565 5563/5563/5563 5561/5561/5561
f 5562/5562/5562 5564/5564/5564 5565/5565/5565
f 5564/5564/5564 5563/5563/5563 5565/5565/5565
f 5568/5568/5568 5567/5567/5567 5566/5566/5566
f 5567/5567/5567 5569/5569/5569 5566/5566/5566
f 5570/5570/5570 5567/5567/5567 5568/5568/5568
f 5566/5566/5566 5569/5569/5569 5571/5571/5571
f 5572/5572/5572 5570/5570/5570 5568/5568/5568
f 5569/5569/5569 5573/5573/5573 5571/5571/5571
f 5574/5574/5574 5570/5570/5570 5572/5572/5572
f 5571/5571/5571 5573/5573/5573 5575/5575/5575
f 5576/5576/5576 5574/5574/5574 5572/5572/5572
f 5573/5573/5573 5577/5577/5577 5575/5575/5575
f 5578/5578/5578 5574/5574/5574 5576/5576/5576
f 5575/5575/5575 5577/5577/5577 5579/5579/5579
f 5580/5580/5580 5578/5578/5578 5576/5576/5576
f 5577/5577/5577 5581/5581/5581 5579/5579/5579
f 5582/5582/5582 5578/5578/5578 5580/5580/5580
f 5579/5579/5579 5581/5581/5581 5583/5583/5583
f 5584/5584/5584 5582/5582/5582 5580/5580/5580
f 5581/5581/5581 5585/5585/5585 5583/5583/5583
f 5586/5586/5586 5582/5582/5582 5584/5584/5584
f 5583/5583/5583 5585/5585/5585 5587/5587/5587
f 5588/5588/5588 5586/5586/5586 5584/5584/5584
f 5585/5585/5585 5589/5589/5589 5587/5587/5587
f 5589/5589/5589 5586/5586/5586 5588/5588/5588
f 5587/5587/5587 5589/5589/5589 5588/5588/5588
f 5592/5592/5592 5591/5591/5591 5590/5590/5590
f 5593/5593/5593 5592/5592/5592 5590/5590/5590
f 5593/5593/5593 5590/5590/5590 5594/5594/5594
f 5592/5592/5592 5595/5595/5595 5591/5591/5591
f 5592/5592/5592 5593/5593/5593 5595/5595/5595
f 5595/5595/5595 5596/5596/5596 5591/5591/5591
f 5595/5595/5595 5597/5597/5597 5596/5596/5596
f 5593/5593/5593 5597/5597/5597 5595/5595/5595
f 5597/5597/5597 5598/5598/5598 5596/5596/5596
f 5597/5597/5597 5599/5599/5599 5598/5598/5598
f 5599/5599/5599 5597/5597/5597 5593/5593/5593
f 5599/5599/5599 5600/5600/5600 5598/5598/5598
f 5601/5601/5601 5594/5594/5594 5600/5600/5600
f 5601/5601/5601 5593/5593/5593 5594/5594/5594
f 5601/5601/5601 5599/5599/5599 5593/5593/5593
f 5599/5599/5599 5601/5601/5601 5600/5600/5600
f 5604/5604/5604 5603/5603/5603 5602/5602/5602
f 5605/5605/5605 5604/5604/5604 5602/5602/5602
f 5605/5605/5605 5602/5602/5602 5606/5606/5606
f 5604/5604/5604 5607/5607/5607 5603/5603/5603
f 5607/5607/5607 5604/5604/5604 5605/5605/5605
f 5607/5607/5607 5608/5608/5608 5603/5603/5603
f 5609/5609/5609 5605/5605/5605 5606/5606/5606
f 5609/5609/5609 5607/5607/5607 5605/5605/5605
f 5609/5609/5609 5606/5606/5606 5610/5610/5610
f 5611/5611/5611 5609/5609/5609 5610/5610/5610
f 5609/5609/5609 5611/5611/5611 5607/5607/5607
f 5611/5611/5611 5610/5610/5610 5612/5612/5612
f 5613/5613/5613 5612/5612/5612 5608/5608/5608
f 5607/5607/5607 5613/5613/5613 5608/5608/5608
f 5611/5611/5611 5613/5613/5613 5607/5607/5607
f 5613/5613/5613 5611/5611/5611 5612/5612/5612
f 5616/5616/5616 5615/5615/5615 5614/5614/5614
f 5615/5615/5615 5617/5617/5617 5614/5614/5614
f 5614/5614/5614 5617/5617/5617 5618/5618/5618
f 5619/5619/5619 5615/5615/5615 5616/5616/5616
f 5617/5617/5617 5615/5615/5615 5619/5619/5619
f 5620/5620/5620 5619/5619/5619 5616/5616/5616
f 5621/5621/5621 5619/5619/5619 5620/5620/5620
f 5621/5621/5621 5617/5617/5617 5619/5619/5619
f 5622/5622/5622 5621/5621/5621 5620/5620/5620
f 5623/5623/5623 5621/5621/5621 5622/5622/5622
f 5621/5621/5621 5623/5623/5623 5617/5617/5617
f 5624/5624/5624 5623/5623/5623 5622/5622/5622
f 5618/5618/5618 5625/5625/5625 5624/5624/5624
f 5617/5617/5617 5625/5625/5625 5618/5618/5618
f 5623/5623/5623 5625/5625/5625 5617/5617/5617
f 5625/5625/5625 5623/5623/5623 5624/5624/5624
f 5628/5628/5628 5627/5627/5627 5626/5626/5626
f 5627/5627/5627 5629/5629/5629 5626/5626/5626
f 5626/5626/5626 5629/5629/5629 5630/5630/5630
f 5631/5631/5631 5627/5627/5627 5628/5628/5628
f 5627/5627/5627 5631/5631/5631 5629/5629/5629
f 5632/5632/5632 5631/5631/5631 5628/5628/5628
f 5629/5629/5629 5633/5633/5633 5630/5630/5630
f 5631/5631/5631 5633/5633/5633 5629/5629/5629
f 5630/5630/5630 5633/5633/5633 5634/5634/5634
f 5633/5633/5633 5635/5635/5635 5634/5634/5634
f 5635/5635/5635 5633/5633/5633 5631/5631/5631
f 5634/5634/5634 5635/5635/5635 5636/5636/5636
f 5637/5637/5637 5631/5631/5631 5632/5632/5632
f 5636/5636/5636 5637/5637/5637 5632/5632/5632
f 5637/5637/5637 5635/5635/5635 5631/5631/5631
f 5635/5635/5635 5637/5637/5637 5636/5636/5636
f 5640/5640/5640 5639/5639/5639 5638/5638/5638
f 5638/5638/5638 5639/5639/5639 5641/5641/5641
f 5642/5642/5642 5640/5640/5640 5638/5638/5638
f 5639/5639/5639 5643/5643/5643 5641/5641/5641
f 5644/5644/5644 5640/5640/5640 5642/5642/5642
f 5641/5641/5641 5643/5643/5643 5645/5645/5645
f 5646/5646/5646 5644/5644/5644 5642/5642/5642
f 5643/5643/5643 5647/5647/5647 5645/5645/5645
f 5644/5644/5644 5646/5646/5646 5648/5648/5648
f 5645/5645/5645 5647/5647/5647 5649/5649/5649
f 5646/5646/5646 5650/5650/5650 5648/5648/5648
f 5647/5647/5647 5651/5651/5651 5649/5649/5649
f 5652/5652/5652 5648/5648/5648 5650/5650/5650
f 5649/5649/5649 5651/5651/5651 5653/5653/5653
f 5653/5653/5653 5652/5652/5652 5650/5650/5650
f 5651/5651/5651 5652/5652/5652 5653/5653/5653
f 5656/5656/5656 5655/5655/5655 5654/5654/5654
f 5655/5655/5655 5657/5657/5657 5654/5654/5654
f 5658/5658/5658 5655/5655/5655 5656/5656/5656
f 5654/5654/5654 5657/5657/5657 5659/5659/5659
f 5660/5660/5660 5658/5658/5658 5656/5656/5656
f 5657/5657/5657 5661/5661/5661 5659/5659/5659
f 5662/5662/5662 5658/5658/5658 5660/5660/5660
f 5659/5659/5659 5661/5661/5661 5663/5663/5663
f 5664/5664/5664 5662/5662/5662 5660/5660/5660
f 5661/5661/5661 5665/5665/5665 5663/5663/5663
f 5666/5666/5666 5662/5662/5662 5664/5664/5664
f 5663/5663/5663 5665/5665/5665 5667/5667/5667
f 5668/5668/5668 5666/5666/5666 5664/5664/5664
f 5665/5665/5665 5669/5669/5669 5667/5667/5667
f 5669/5669/5669 5666/5666/5666 5668/5668/5668
f 5667/5667/5667 5669/5669/5669 5668/5668/5668
f 5672/5672/5672 5671/5671/5671 5670/5670/5670
f 5673/5673/5673 5672/5672/5672 5670/5670/5670
f 5672/5672/5672 5674/5674/5674 5671/5671/5671
f 5673/5673/5673 5670/5670/5670 5675/5675/5675
f 5674/5674/5674 5676/5676/5676 5671/5671/5671
f 5677/5677/5677 5673/5673/5673 5675/5675/5675
f 5674/5674/5674 5678/5678/5678 5676/5676/5676
f 5677/5677/5677 5675/5675/5675 5679/5679/5679
f 5678/5678/5678 5680/5680/5680 5676/5676/5676
f 5681/5681/5681 5677/5677/5677 5679/5679/5679
f 5678/5678/5678 5682/5682/5682 5680/5680/5680
f 5681/5681/5681 5679/5679/5679 5683/5683/5683
f 5682/5682/5682 5684/5684/5684 5680/5680/5680
f 5685/5685/5685 5681/5681/5681 5683/5683/5683
f 5685/5685/5685 5683/5683/5683 5684/5684/5684
f 5682/5682/5682 5685/5685/5685 5684/5684/5684
f 5688/5688/5688 5687/5687/5687 5686/5686/5686
f 5687/5687/5687 5689/5689/5689 5686/5686/5686
f 5690/5690/5690 5687/5687/5687 5688/5688/5688
f 5686/5686/5686 5689/5689/5689 5691/5691/5691
f 5692/5692/5692 5690/5690/5690 5688/5688/5688
f 5689/5689/5689 5693/5693/5693 5691/5691/5691
f 5694/5694/5694 5690/5690/5690 5692/5692/5692
f 5691/5691/5691 5693/5693/5693 5695/5695/5695
f 5696/5696/5696 5694/5694/5694 5692/5692/5692
f 5693/5693/5693 5697/5697/5697 5695/5695/5695
f 5698/5698/5698 5694/5694/5694 5696/5696/5696
f 5695/5695/5695 5697/5697/5697 5699/5699/5699
f 5700/5700/5700 5698/5698/5698 5696/5696/5696
f 5697/5697/5697 5701/5701/5701 5699/5699/5699
f 5701/5701/5701 5698/5698/5698 5700/5700/5700
f 5699/5699/5699 5701/5701/5701 5700/5700/5700
